tree
version=v4
num_class=1
num_tree_per_iteration=1
label_index=0
max_feature_idx=29
objective=binary sigmoid:1
feature_names=Column_0 Column_1 Column_2 Column_3 Column_4 Column_5 Column_6 Column_7 Column_8 Column_9 Column_10 Column_11 Column_12 Column_13 Column_14 Column_15 Column_16 Column_17 Column_18 Column_19 Column_20 Column_21 Column_22 Column_23 Column_24 Column_25 Column_26 Column_27 Column_28 Column_29
feature_infos=[0:1] [0:1] [0:1] [0:1] [0:1] [0:1] [0:9] [0:59] [0.052631579339504242:1] [0:1] [0:1] [0:1] [0:1] [0:7] [0:1] [0:1] [0:1] [0:1] [0:1] [0:1] [0:1] [0:1] [0:1] [0:1] [-1:1] [-1:1] [0:1] [0:1] [0.14634145796298981:1] none
tree_sizes=3358 3428 3422 3438 3440 3432 3444 3462 3450 3468 3445 3466 3451 3445 3445 3467 3470 3463 3459 3448 3463 3461 3457 3466 3456 3452 3481 3469 3442 3472 3457 3448 3466 3469 3460 3477 3468 3476 3452 3477 3466 3470 3457 3477 3460 3456 3486 3481 3475 3466 3450 3473 3466 3471 3465 3479 3472 3486 3461 3469 3487 3482 3468 3477 3481 3462 3489 3484 3488 3469 3450 3474 3468 3487 3474 3466 3480 3481 3468 3487 3499 3486 3467 3482 3497 3466 3470 3463 3489 3475 3479 3475 3483 3477 3461 3482 3458 3482 3474 3454 3480 3498 3500 3469 3484 3477 3492 3503 3490 3517 3496 3486 3474 3483 3452 3473 3458 3460 3468 3484 3474 3454 3510 3496 3489 3495 3475 3488 3497 3486 3494 3473 3495 3476 3499 3474 3489 3472 3485 3490 3520 3479 3488 3475 3494 3500 3470 3512 3475 3474 3504 3478 3485 3485 3483 3490 3475 3502 3507 3493 3493 3493 3517 3499 3487 3510 3511 3494 3485 3514 3481 3523 3480 3498 3503 3502 3493 3497 3508 3502 3500 3499 3507 3496 3490 3496 3532 3510 3522 3472 3514 3511 3511 3522 3503 3508 3511 3508 3499 3498 3502 3491 3492 3507 3513 3510 3512 3484 3523 3515 3521 3504 3523 3475 3501 3515 3508 3510 3533 3513

Tree=0
num_leaves=31
num_cat=0
split_feature=12 28 3 12 27 12 22 18 12 27 12 3 22 2 1 12 26 18 27 19 28 3 3 28 22 11 26 12 17 11
split_gain=91512.8 7130.32 3106.89 3056.47 2641.55 2277.9 842.925 711.825 1080.36 835.149 336.455 960.183 585.961 187.952 131.208 164.596 126.543 95.4657 93.6932 279.357 71.808 77.5477 57.3141 56.6644 48.3343 37.9646 29.7645 28.5692 28.294 35.5527
threshold=0.41421568393707281 0.87533783912658703 0.61938297748565685 0.13423423469066623 0.21521919220685962 0.57518798112869274 0.56980520486831676 0.92000734806060802 0.16441441327333453 0.3257120549678803 0.2788888961076737 0.77694860100746166 0.65545505285263073 0.21778655797243121 0.54261502623558056 0.78019323945045482 0.10818713530898096 0.76305484771728527 0.37549999356269842 0.77500000596046459 0.76220238208770763 0.69028213620185863 0.97332859039306652 0.87106668949127208 0.46265329420566564 0.75066137313842785 0.73863637447357189 0.10435571894049646 1.0000000180025095e-35 0.65633013844490062
decision_type=2 2 2 2 2 2 2 2 2 2 2 2 2 2 2 2 2 2 2 2 2 2 2 2 2 2 2 2 2 2
left_child=1 7 5 4 -3 6 23 10 9 22 18 12 -12 -7 15 -15 -6 -13 19 -1 21 -4 -9 24 -2 -20 -25 -18 29 -10
right_child=2 3 20 -5 16 13 -8 8 28 -11 11 17 -14 14 -16 -17 27 -19 25 -21 -22 -23 -24 26 -26 -27 -28 -29 -30 -31
leaf_value=-1.8982925074816595 -1.8875686694658964 -1.3188911705171076 -1.6615257872114295 -1.2616689563457717 -1.9161773743655464 -1.2636176342462369 -1.2724772680504195 -1.5801842510703146 -1.6767626743848372 -1.9163850527744495 -1.8935664462348019 -1.7022756017449616 -1.2585101214747958 -1.7262273515854649 -1.2501298335294215 -1.3194839406635532 -1.6970785239493806 -1.3203311985168495 -1.9196340911757603 -1.5971723460908016 -1.2523760693508401 -1.3167800768376612 -1.3151708742994903 -1.465622952124759 -1.6332287110322437 -1.6849988296137062 -1.8132851834585699 -1.3415511565698679 -1.2639529889032346 -1.2501298335294218
leaf_weight=704.39107086509466 104.2923591285944 69.80667058378458 5.2504162490367916 138.65872003138065 164.55281835049391 100.83185750991106 17.899146303534508 7.7562967315316209 2.6252081245183971 134.36292491853237 358.69889192283154 5.1310886070132282 9.546211361885069 16.467214599251751 11.932764202356337 10.381504856050013 3.2218463346362105 22.791579626500607 11232.310943678021 20.285699144005775 1531.4509577304125 20.405026786029339 15.989904031157494 3.3411739766597739 5.0117609649896613 4.4151227548718444 2.9831910505890846 2.6252081245183945 23.149562552571297 2.3865528404712677
leaf_count=5903 874 585 44 1162 1379 845 150 65 22 1126 3006 43 80 138 100 87 27 191 94130 170 12834 171 134 28 42 37 25 22 194 20
internal_value=-1.82769 -1.90267 -1.29825 -1.56074 -1.73338 -1.54712 -1.78335 -1.913 -1.75778 -1.83909 -1.91534 -1.84281 -1.8771 -1.32118 -1.47085 -1.56895 -1.90318 -1.39052 -1.91774 -1.88986 -1.2546 -1.38733 -1.40173 -1.86244 -1.87591 -1.91954 -1.62961 -1.53745 -1.30126 -1.4736
internal_weight=14753 12922.7 1830.25 378.865 240.207 273.141 133.528 12543.8 186.27 158.109 12357.6 396.168 368.245 139.613 38.7815 26.8487 170.4 27.9227 11961.4 724.677 1557.11 25.6554 23.7462 115.628 109.304 11236.7 6.32437 5.84705 28.1613 5.01176
internal_count=123634 108296 15338 3175 2013 2289 1119 105121 1561 1325 103560 3320 3086 1170 325 225 1428 234 100240 6073 13049 215 199 969 916 94167 53 49 236 42
is_linear=0
shrinkage=1


Tree=1
num_leaves=31
num_cat=0
split_feature=10 18 28 25 25 10 0 18 2 12 10 1 10 18 1 25 27 19 9 5 2 10 27 25 23 7 13 25 0 12
split_gain=59177.4 3287.57 2302.35 1450.9 821.465 709.749 379.303 244.779 224.851 509.904 177.678 546.295 155.927 150.641 161.798 106.568 105.978 93.356 87.6936 356.665 85.3208 77.6925 481.839 64.5288 105.882 63.7174 50.5503 30.4165 28.5941 25.903
threshold=0.79262280464172374 0.93338736891746532 0.78611555695533764 -1.0000000180025095e-35 -1.0000000180025095e-35 0.56939375400543224 0.91024166345596325 0.76305484771728527 0.51022112369537365 0.55902779102325451 0.70632463693618786 0.7897985875606538 0.55395013093948375 0.77988386154174816 0.20550528168678286 1.0000000180025095e-35 0.41202270984649664 0.63333335518836986 1.0000000180025095e-35 0.47727273404598242 0.70299971103668224 0.56533119082450878 0.35946278274059301 -1.0000000180025095e-35 1.0000000180025095e-35 9.5000000000000018 1.5000000000000002 -1.0000000180025095e-35 0.18808962404727939 0.11651583760976793
decision_type=2 2 2 2 2 2 2 2 2 2 2 2 2 2 2 2 2 2 2 2 2 2 2 2 2 2 2 2 2 2
left_child=1 6 4 5 7 29 10 26 9 15 18 20 16 14 25 28 -8 -16 19 -1 -12 22 -5 24 -11 -6 -2 -13 -4 -3
right_child=2 3 8 21 13 -7 12 -9 -10 23 11 27 -14 -15 17 -17 -18 -19 -20 -21 -22 -23 -24 -25 -26 -27 -28 -29 -30 -31
leaf_value=-0.087409824378640394 -0.056311359013016815 -0.088065983531704611 0.10350549088875631 0.33416149288329378 0.32804928795607896 0.34204022709002407 0.29634852044545101 0.27645507597669988 0.3589972397041794 0.093186618166197943 -0.067138509254405204 0.20131424688948077 0.35580004857783581 0.39022536547049841 0.035455044677131668 0.3086489889938886 -0.091925433287279382 0.44509089746011099 -0.090639598284441153 0.11644068978529745 0.23934180798682619 0.3634234763699154 -0.059804979930302447 0.35415303102517931 0.34793197278510529 0.03920400722710278 0.18885241021365215 0.38338952497919826 -0.061547736781618172 0.13510393243840821
leaf_weight=311.37826436758041 134.05861558020115 149.42683185636997 8.8247056007385236 106.04000645875931 45.117581851780415 30.078489050269127 6.4541619867086437 16.83366521447897 2296.8786265775561 17.562115594744682 264.98941201716661 8.8698034882545489 16.060964971780777 39.927752122282982 34.024854548275471 7.4978693053126326 14.852176293730734 3.9767867922782889 10895.441076435149 66.697159588336945 5.9437907934188834 72.965038642287254 24.4494783654809 168.12663535028696 25.756674878299236 5.4815658405423155 5.6077436134219161 17.37395952641964 28.132269226014614 3.404414288699626
leaf_count=2742 1152 1334 67 643 304 179 41 114 13314 121 2324 67 94 251 280 55 132 28 97572 527 43 426 213 996 151 48 42 112 240 22
internal_value=-0.00152674 -0.0792528 0.326994 0.150319 0.111346 -0.0131836 -0.0868939 -0.0117331 0.351072 0.27994 -0.0877157 -0.0266568 0.167576 0.26121 0.203069 0.0336552 0.0256914 0.0783225 -0.0893252 -0.0514481 -0.0604149 0.297312 0.260345 0.33172 0.244654 0.296758 -0.0464678 0.321852 -0.0221358 -0.0830947
internal_weight=14832.2 11994.4 2837.81 386.364 285.029 182.91 11608.1 156.5 2552.78 255.9 11570.7 297.177 37.3673 128.529 88.6008 44.4548 21.3063 38.0016 11273.5 378.075 270.933 203.455 130.489 211.445 43.3188 50.5991 139.666 26.2438 36.957 152.831
internal_count=123634 106471 17163 2817 2219 1535 103654 1308 14944 1630 103387 2546 267 911 660 362 173 308 100841 3269 2367 1282 856 1268 272 352 1194 179 307 1356
is_linear=0
shrinkage=0.08


Tree=2
num_leaves=31
num_cat=0
split_feature=10 18 28 27 10 18 22 0 19 3 12 3 27 10 10 15 10 3 10 22 0 13 13 16 3 12 10 6 12 5
split_gain=44322.2 2412.09 1818.41 642.653 1106.93 560.489 763.202 249.817 136.578 123.972 278.452 118.619 232.171 250.044 74.1444 82.5062 72.6685 213.303 72.014 67.976 56.6876 43.6706 33.2827 28.98 44.3376 29.2092 28.932 27.1928 15.2929 10.7037
threshold=0.7729182541370393 0.93338736891746532 0.78964132070541393 0.44310989975929266 0.5432812273502351 0.76305484771728527 0.62316370010375988 0.91715687513351452 0.63333335518836986 0.5604878067970277 0.57518798112869274 0.99350649118423473 0.35946278274059301 0.6072751283645631 0.55395013093948375 1.0000000180025095e-35 0.6959742307662965 0.79388421773910534 0.96315687894821178 0.60120484232902538 0.25176055729389196 1.0000000180025095e-35 1.0000000180025095e-35 1.0000000180025095e-35 0.78830561041831981 0.47493734955787664 1.0000000180025095e-35 1.5000000000000002 0.16441441327333453 0.73214286565780651
decision_type=2 2 2 2 2 2 2 2 2 2 2 2 2 2 2 2 2 2 2 2 2 2 2 2 2 2 2 2 2 2
left_child=1 7 5 29 -5 6 8 11 18 10 19 16 27 -14 15 -9 26 -18 -2 22 -12 -22 -4 -7 25 -25 -1 -13 -6 -3
right_child=2 3 9 4 28 23 -8 14 -10 -11 20 12 13 -15 -16 -17 17 -19 -20 -21 21 -23 -24 24 -26 -27 -28 -29 -30 -31
leaf_value=-0.066219029905877719 -0.052309938843761027 0.22246245823630381 -0.058279202821456613 -0.087469621677383882 0.1184622424302194 0.29757626157730527 0.3096597550963151 -0.079741520696191365 0.31351957573390904 0.27452923447078248 0.27280508093458333 0.013847465777524569 -0.087835015102293149 0.30785510049670073 0.26947451981485643 0.27589170217807929 -0.065263892153679295 0.22977260472814678 0.18625288165214973 0.2924124598043692 -0.013512922789013077 0.20885249595574462 0.10101174788188674 -0.045246374459319283 0.27067535632049644 0.23991147723675973 -0.089844493165512088 0.25235873169947576 0.27188134822519933 0.26896708574036082
leaf_weight=343.12181085348129 218.73810534924269 48.153473764657974 25.613886021077633 159.09889210760593 4.3721352815628043 55.156525373458862 50.692760065197945 13.565994195640089 7.0720430985093108 2813.3396335318685 171.45972742140293 3.6280668824911144 134.68507880717516 11.060166172683237 14.260980471968649 6.0312054455280295 244.47016808390617 16.757928922772408 8.4095975756645185 5.6008737832307807 7.4677997082471874 23.25197046995163 12.487785696983336 6.1802735701203364 18.666545122861862 3.6606290191411972 10001.12800309062 19.513193517923355 85.000932037830353 92.563158497214317
leaf_count=3137 1916 258 222 1507 29 296 284 126 42 13688 848 26 1288 67 70 31 2255 101 59 30 50 126 90 45 94 19 95916 123 417 474
internal_value=-0.002167 -0.0792216 0.249543 0.116449 0.039086 0.0816745 0.0282152 -0.0862674 -0.0326985 0.269768 0.215294 -0.0869492 -0.0204313 -0.0578073 0.130697 0.0297076 -0.0880085 -0.0463371 -0.0434777 0.0321817 0.254875 0.154797 -0.00607175 0.263727 0.198235 0.0608269 -0.0890608 0.214965 0.264376 0.253053
internal_weight=14625.2 11197.4 3427.8 389.189 248.472 368.576 284.913 10808.2 234.22 3059.22 245.882 10774.4 168.887 145.745 33.8582 19.5972 10605.5 261.228 227.148 43.7025 202.179 30.7198 38.1017 83.664 28.5074 9.8409 10344.2 23.1413 89.3731 140.717
internal_count=123634 105825 17809 2685 1953 2755 2301 103140 2017 15054 1366 102913 1504 1355 227 157 101409 2356 1975 342 1024 176 312 454 158 64 99053 149 446 732
is_linear=0
shrinkage=0.08


Tree=3
num_leaves=31
num_cat=0
split_feature=10 18 28 25 25 12 5 25 3 22 3 12 22 2 10 25 10 3 22 25 9 5 25 22 22 10 27 27 10 0
split_gain=35531.4 1993.3 1420.94 721.06 535.604 324.767 213.45 185.011 173.638 154.737 124.721 283.115 86.1069 232.509 71.72 66.9945 64.0634 266.934 223.822 57.9734 47.9799 180.067 38.9134 83.7269 35.0371 34.8623 106.204 29.6336 234.955 23.9326
threshold=0.76220238208770763 0.93338736891746532 0.77448415756225597 -1.0000000180025095e-35 -1.0000000180025095e-35 0.11651583760976793 0.61250001192092907 -1.0000000180025095e-35 0.76028168201446544 0.66287881135940563 0.64899963140487682 0.5419580638408662 0.58499062061309826 0.51316702365875255 0.53993865847587597 1.0000000180025095e-35 0.64541527628898632 0.78319624066352855 0.68457102775573742 -1.0000000180025095e-35 1.0000000180025095e-35 0.47727273404598242 -1.0000000180025095e-35 0.47320574522018438 0.64747309684753429 0.5855005979537965 0.28162176907062536 0.41202270984649664 0.51768878102302562 0.24068965017795566
decision_type=2 2 2 2 2 2 2 2 2 2 2 2 2 2 2 2 2 2 2 2 2 2 2 2 2 2 2 2 2 2
left_child=1 6 4 5 8 -3 16 14 9 -2 11 15 13 29 -8 24 20 18 -18 -19 21 -1 23 -13 -4 26 -9 -5 -29 -6
right_child=2 3 10 27 12 -7 7 25 -10 -11 -12 22 -14 -15 -16 -17 17 19 -20 -21 -22 -23 -24 -25 -26 -27 -28 28 -30 -31
leaf_value=-0.085163612945206441 -0.070348194544209583 -0.08411775327587627 -0.055410717690537688 0.21234979148184469 0.063863271092149052 0.20054299905835973 -0.086356853273669321 0.20903701985165232 0.18948191845369602 0.27899648787413917 0.2279157564035697 0.044700920026324677 0.25254019728953586 0.23109424683439797 0.15842060396243074 0.20982360952199874 -0.08002687651426868 0.027120628935937197 0.49760929634753459 0.25912442848510397 -0.089226314505740645 0.070086878683040754 0.22405006822658061 0.23344577242060371 0.26164743266682389 0.25705041928385719 -0.083878888197874757 -0.086299179275885929 0.23002303428054979 -0.046433751361490069
leaf_weight=277.52179290354252 174.36441572755575 132.68041098117828 40.263278409838676 146.2407551407814 22.048517927527428 31.797854319214821 66.530748248100281 21.701490879058838 20.868888273835182 8.5106213539838773 3107.087983302772 26.518993258476257 50.157685644924641 61.879166811704636 8.65777789801359 8.3611237257719022 395.8073425963521 10.845422044396402 4.340197190642356 18.915594078600407 9186.7178271561861 57.76538822054863 214.37381335347891 34.754374518990517 2.3614758849143973 12.765353702008722 12.476478241384028 19.948437377810478 60.929105877876282 29.350911892950535
leaf_count=2742 1626 1340 352 672 170 148 679 118 117 49 13681 160 242 316 54 49 3940 83 40 111 94450 442 971 156 12 60 126 198 273 257
internal_value=-0.00251937 -0.078604 0.206977 0.0984784 0.0573954 -0.0290856 -0.0854876 0.0196298 -0.029142 -0.0540904 0.222972 0.175948 0.165275 0.126636 -0.0581713 0.00276975 -0.0867776 -0.0565699 -0.0737616 0.174578 -0.0881414 -0.0584161 0.20798 0.151757 -0.0378452 0.144243 0.10211 0.19086 0.152002 0.000879728
internal_weight=14266.5 10465.6 3800.9 391.597 367.18 164.478 10074 122.132 203.744 182.875 3433.72 326.633 163.436 113.279 75.1885 50.9859 9951.91 429.909 400.148 29.761 9522.01 335.287 275.647 61.2734 42.6248 46.9433 34.178 227.118 80.8775 51.3994
internal_count=123634 105476 18158 2631 2777 1488 102845 1037 1792 1675 15381 1700 985 743 733 413 101808 4174 3980 194 97634 3184 1287 316 364 304 244 1143 471 427
is_linear=0
shrinkage=0.08


Tree=4
num_leaves=31
num_cat=0
split_feature=10 18 28 25 25 12 5 3 25 22 3 12 22 2 25 10 5 18 10 9 22 27 10 10 22 27 10 8 22 25
split_gain=29537.5 1677.62 1206.66 568.504 472.683 247.737 179.702 146.181 143.5 127.606 94.8407 215.834 68.3854 186.431 63.763 56.5203 53.7458 48.0272 157.015 143.591 39.4486 25.8331 75.8602 23.7874 122.327 23.7527 170.508 23.61 22.0431 47.7116
threshold=0.75281468033790599 0.93338736891746532 0.77448415756225597 -1.0000000180025095e-35 -1.0000000180025095e-35 0.11651583760976793 0.61250001192092907 0.8216732144355775 -1.0000000180025095e-35 0.66287881135940563 0.64899963140487682 0.55902779102325451 0.58643677830696117 0.51316702365875255 1.0000000180025095e-35 0.53993865847587597 0.47727273404598242 0.89465475082397472 0.62534916400909435 1.0000000180025095e-35 0.50944742560386669 0.48290473222732549 0.5855005979537965 0.63925975561141979 0.68457102775573742 0.51010203361511242 0.51768878102302562 0.3357843160629273 0.54653680324554454 -1.0000000180025095e-35
decision_type=2 2 2 2 2 2 2 2 2 2 2 2 2 2 2 2 2 2 2 2 2 2 2 2 2 2 2 2 2 2
left_child=1 6 4 5 7 -3 17 9 15 16 11 14 13 27 20 -8 -2 23 19 -19 -4 -10 -23 -1 -25 -5 -27 -6 29 -13
right_child=2 3 10 25 12 -7 8 -9 21 -11 -12 28 -14 -15 -16 -17 -18 18 -20 -21 -22 22 -24 24 -26 26 -28 -29 -30 -31
leaf_value=-0.087889628602973183 -0.071377323004970197 -0.083511523582264588 -0.05298062222579579 0.18189646772095061 0.17689828862005544 0.17184205071071176 -0.085280635046478426 0.21720531192974876 0.17307485960109975 0.2283387696534403 0.19760153480835285 0.061142757354345545 0.21701438186973002 0.19568630507035487 0.17178984652611801 0.1308659911549811 0.18173357963660874 0.11915636296816243 0.22743337857129373 -0.085880247055113421 0.18211615802045272 -0.089144384529454057 0.22417139477709414 -0.073147300321434794 0.30520997892130508 -0.089393054705739175 0.1973953326687444 -0.015577191780790122 0.20213376209650771 0.18312441352697306
leaf_weight=8602.8693783655763 188.15022940933704 124.0517190694809 42.028917282819748 160.14296056330204 4.4342079311609259 30.243853226304054 62.159180603921413 14.033473648130892 26.939974173903465 10.04083415865898 3304.264565654099 26.095095008611679 54.784680634737015 71.110134787857533 13.149595990777014 8.8442608192563039 5.5268355533480635 24.210947304964066 12.246755033731459 225.09502517431974 5.1249231472611418 10.902809739112856 9.0517620667815191 391.54939179867506 5.5463392585515967 17.63619290292263 53.566027641296387 50.877501890063286 161.05848355591297 96.085721671581268
leaf_count=94663 1846 1339 378 695 37 133 679 67 135 51 13749 144 245 337 68 52 33 178 73 2472 27 119 40 4105 38 188 226 428 674 415
internal_value=-0.00273824 -0.0780509 0.178995 0.0854785 0.0469018 -0.033459 -0.0847745 -0.0325343 0.01337 -0.0497381 0.193442 0.153437 0.142358 0.110006 0.016012 -0.0583572 -0.0641545 -0.0860239 -0.0522304 -0.0659684 -0.0274291 0.121973 0.0529814 -0.087006 -0.0678627 0.164804 0.12636 -0.000146891 0.182695 0.157072
internal_weight=13811.8 9765.06 4046.77 385.641 398.958 154.296 9379.42 217.751 117.898 203.718 3647.81 343.543 181.207 126.422 60.3034 71.0034 193.677 9261.52 261.553 249.306 47.1538 46.8945 19.9546 8999.97 397.096 231.345 71.2022 55.3117 283.239 122.181
internal_count=123634 105135 18499 2581 3044 1472 102554 1997 1025 1930 15455 1706 1047 802 473 731 1879 101529 2723 2650 405 294 159 98806 4143 1109 414 465 1233 559
is_linear=0
shrinkage=0.08


Tree=5
num_leaves=31
num_cat=0
split_feature=10 18 3 12 25 22 12 0 5 9 5 0 1 25 3 10 3 25 27 10 10 10 22 16 3 10 5 5 26 19
split_gain=25108.2 1413.4 902.69 710.245 615.399 408.38 198.208 111.249 96.9754 54.8638 179.603 44.9141 84.4834 44.3563 43.6855 41.4413 161.983 39.9112 33.7292 178.715 31.987 37.9976 27.7689 22.7347 19.0237 57.6863 67.5174 28.35 14.9213 13.9345
threshold=0.74399384856224071 0.92000734806060802 0.65419578552246105 0.5313725769519807 -1.0000000180025095e-35 0.55217784643173229 0.11651583760976793 0.91024166345596325 0.38750000298023229 1.0000000180025095e-35 0.47727273404598242 0.25176055729389196 0.54261502623558056 1.0000000180025095e-35 0.81302964687347423 0.62534916400909435 0.78086888790130626 1.0000000180025095e-35 0.48290473222732549 0.51768878102302562 0.55395013093948375 0.2779617458581925 0.66287881135940563 1.0000000180025095e-35 0.78629976511001598 0.85127449035644542 0.47727273404598242 0.10555555671453477 0.074175827205181136 0.77500000596046459
decision_type=2 2 2 2 2 2 2 2 2 2 2 2 2 2 2 2 2 2 2 2 2 2 2 2 2 2 2 2 2 2
left_child=1 7 3 5 6 8 28 9 17 10 -1 -5 13 -13 -12 -11 -17 -2 -6 -20 21 -9 23 -7 25 26 27 -4 -3 -30
right_child=2 4 24 11 18 22 -8 20 -10 15 14 12 -14 -15 -16 16 -18 -19 19 -21 -22 -23 -24 -25 -26 -27 -28 -29 29 -31
leaf_value=-0.083455285057638731 -0.077178247253638449 -0.087406877455300777 0.18688687026156403 0.1745221484020949 0.16048672823199969 0.23586401911996674 0.14138372533713514 0.16189138538704179 0.21668325077537748 -0.087710944607248362 -0.014881092340506899 -0.044961271080577341 0.18620780402521522 0.10724550973889292 0.12024011916167354 -0.075576611585413137 0.11885451576923459 0.0067397798945868529 -0.088523841546982465 0.17877374666796775 0.18579067564408749 -0.088631653056803372 0.20046213825173834 0.041816997909195401 0.17689675754980119 0.17012460455118031 0.18461344927346254 -0.064907338182681393 -0.063443806305458775 0.21104329442065936
leaf_weight=242.34776417911053 212.2109551653266 155.68598929047585 3.3737762421369579 238.4162569642067 181.8530981913209 5.121541105210782 29.850319743156433 6.2852950096130433 8.1981082782149297 7899.8891701623797 25.249120183289051 22.888972252607346 47.30734683573246 26.372183822095394 38.914798818528652 390.42537439614534 29.494959279894829 43.749002076685429 23.087365306913853 52.210589617490768 10.599628463387488 10.102905370295046 46.733873456716537 15.739463031291962 3259.2452538758516 228.65162246674299 17.13600267469883 18.858874067664146 2.7313481196761122 2.088923804461956
leaf_count=2737 2202 1811 19 996 772 33 136 29 45 93548 205 160 198 124 259 4414 208 361 266 215 44 116 203 117 13191 949 76 153 29 18
internal_value=-0.00287477 -0.0775077 0.159076 0.0737094 0.0611274 -0.00926075 -0.0479107 -0.0846773 -0.0541601 -0.0851846 -0.0519452 0.155879 0.109851 0.0365233 0.0670686 -0.0864092 -0.0619199 -0.0628349 0.141843 0.0968167 0.0774946 0.00745036 0.166204 0.0894571 0.175212 0.154724 0.0652796 -0.0266979 -0.0831149 0.0555085
internal_weight=13294.8 9100.82 4194 666.738 447.508 331.753 190.357 8653.31 264.158 8626.32 306.512 334.985 96.5685 49.2612 64.1639 8319.81 419.92 255.96 257.151 75.298 26.9878 16.3882 67.5949 20.861 3527.27 268.02 39.3687 22.2327 160.506 4.82027
internal_count=123634 104807 18827 4439 3247 2961 1994 101560 2608 101371 3201 1478 482 284 464 98170 4622 2563 1253 481 189 145 353 150 14388 1197 248 172 1858 47
is_linear=0
shrinkage=0.08


Tree=6
num_leaves=31
num_cat=0
split_feature=10 18 28 27 12 18 22 0 3 0 19 9 5 12 10 5 10 20 10 16 12 10 10 13 22 10 13 16 2 28
split_gain=21675.4 1292.96 881.78 396.479 460.398 232.306 391.711 101.542 64.161 140.57 59.9127 55.0797 160.062 52.4948 43.4077 148.23 34.7359 34.0902 33.16 23.5469 30.6164 22.2059 34.4813 20.5123 18.7995 15.9975 16.3061 15.0302 10.9225 10.8725
threshold=0.74399384856224071 0.92000734806060802 0.77448415756225597 0.45198893547058111 0.12310606241226198 0.76305484771728527 0.55217784643173229 0.91715687513351452 0.5604878067970277 0.28035087883472448 0.63333335518836986 1.0000000180025095e-35 0.47727273404598242 0.61721614003181469 0.62534916400909435 0.47727273404598242 0.92017701268196117 1.0000000180025095e-35 0.85127449035644542 1.0000000180025095e-35 0.35504202544689184 0.55395013093948375 0.2779617458581925 1.0000000180025095e-35 0.64174234867095958 0.57739216089248668 1.0000000180025095e-35 1.0000000180025095e-35 0.79431909322738659 0.89498746395111095
decision_type=2 2 2 2 2 2 2 2 2 2 2 2 2 2 2 2 2 2 2 2 2 2 2 2 2 2 2 2 2 2
left_child=1 7 5 -3 -5 6 10 11 9 18 16 12 28 29 -13 -16 -2 -14 -4 -7 -21 22 -9 -15 27 26 -6 -8 -1 -11
right_child=2 3 8 4 25 19 24 21 -10 13 -12 14 17 23 15 -17 -18 -19 -20 20 -22 -23 -24 -25 -26 -27 -28 -29 -30 -31
leaf_value=-0.084110568307200206 -0.065494325142377421 0.14221101493405711 -0.029226016872111966 -0.085921404243272811 -0.049138375103728982 0.17340860918310835 0.2033263837256632 0.15912374813216984 0.16037022154779909 -0.076466854635045656 0.18299110118677608 -0.086983255149884281 -0.018519687611767057 -0.039834459246681296 -0.071122542084982407 0.15179048211545146 0.041626493201908546 0.10083094056623176 0.15310540166946385 -0.041243119021519191 0.13643499843651319 0.16646722581300438 -0.087927383721783561 0.12697078230975956 0.17262538198710062 0.16030532309493442 0.16645338941403928 0.045217126627598664 0.096645088053364053 0.095920814933066548
leaf_weight=224.33919806033373 212.76965729147196 194.51639325916767 6.5555409565567961 167.29288817942142 5.0085683539509755 63.363129027187824 5.1275217309594163 6.1516310945153263 3497.2761951237917 27.990827158093456 6.9269842430949202 7351.7722408995032 23.747392594814301 6.0475467294454601 379.11258311569691 20.104202471673489 21.314359538257122 43.142240583896637 243.52284939587116 8.4704547077417391 23.225182667374611 10.337592497467993 8.7707714885473234 21.463975295424461 64.003045983612537 70.841260716319084 4.0695671364665031 15.419495180249214 2.1601293310523024 2.5552708283066741
leaf_count=2712 2250 827 58 2082 32 274 31 27 14020 265 33 93557 172 37 4479 145 173 293 1034 59 106 42 108 92 269 287 19 113 25 13
internal_value=-0.00296627 -0.0765023 0.145138 0.0567675 -0.0104628 0.0352219 0.00309604 -0.0837974 0.157287 0.122291 -0.048879 -0.0843003 -0.0502754 0.0101473 -0.0855882 -0.0598968 -0.0557405 0.0584587 0.148326 0.145248 0.0889517 0.076348 0.0139173 0.0903039 0.151252 0.147492 0.0475076 0.0846734 -0.0823867 -0.0620461
internal_weight=12737.4 8511.37 4226.03 441.729 247.212 420.62 325.561 8069.64 3805.41 308.136 241.011 8044.38 293.389 58.0576 7750.99 399.217 234.084 66.8896 250.078 95.0588 31.6956 25.26 14.9224 27.5115 84.5501 79.9194 9.07814 20.547 226.499 30.5461
internal_count=123634 104807 18827 3247 2420 3308 2869 101560 15519 1499 2456 101383 3202 407 98181 4624 2423 465 1092 439 165 177 135 129 413 338 51 144 2737 278
is_linear=0
shrinkage=0.08


Tree=7
num_leaves=31
num_cat=0
split_feature=10 18 28 25 25 12 5 5 22 25 1 12 25 18 22 10 5 22 16 10 5 18 22 0 10 7 27 10 26 1
split_gain=18910.9 1185.14 737.401 434.396 308.004 152.059 96.1153 85.8422 80.0987 69.7883 55.5879 120.764 72.771 39.4182 102.23 38.098 109.862 99.0787 37.3881 34.9078 96.1603 28.8939 27.6132 25.9973 23.4928 22.0483 17.7241 132.497 13.7927 13.0844
threshold=0.74399384856224071 0.92000734806060802 0.77448415756225597 -1.0000000180025095e-35 -1.0000000180025095e-35 0.11651583760976793 0.61250001192092907 0.47727273404598242 0.54950982332229625 -1.0000000180025095e-35 0.61348485946655285 0.61721614003181469 -1.0000000180025095e-35 0.77988386154174816 0.55941176414489757 0.64541527628898632 0.47727273404598242 0.68457102775573742 1.0000000180025095e-35 1.0000000180025095e-35 0.47727273404598242 0.7680487632751466 0.60120484232902538 0.68133461475372326 0.53993865847587597 5.5000000000000009 0.41202270984649664 0.51768878102302562 0.074175827205181136 0.91734972596168529
decision_type=2 2 2 2 2 2 2 2 2 2 2 2 2 2 2 2 2 2 2 2 2 2 2 2 2 2 2 2 2 2
left_child=1 6 4 5 7 28 15 8 21 24 11 12 22 14 23 19 17 -17 -18 20 -1 -2 -4 -6 -8 -10 -5 -28 -3 -7
right_child=2 3 10 26 13 29 9 -9 25 -11 -12 -13 -14 -15 -16 16 18 -19 -20 -21 -22 -23 -24 -25 -26 -27 27 -29 -30 -31
leaf_value=-0.08135986424601542 -0.076798712121336155 -0.085996078206005952 -0.038793093193752425 0.13131495765623571 0.0023455039384581411 -0.0035495701623565897 -0.084994121366165132 0.14386088782245321 0.13237334086565133 0.091587026682991832 0.14876060752362677 0.14147519848816778 0.11670085847453543 0.15563094648270315 0.15391643292915827 -0.073961156676280032 0.24675334573919686 0.28820433867436207 0.0038203004401639617 -0.086174762644399813 0.036646459863432547 0.036420217410473375 0.15306412763218966 0.21734928220689015 0.073689241318877954 -0.05510467346917361 -0.083912659626786429 0.15107153247137098 0.050685248304148736 0.13739168097178212
leaf_weight=211.64441923052073 159.49038022011518 135.60945656150579 49.832105442881584 185.38582098484039 67.14618968963623 5.032468035817149 38.240538164973259 16.134271033108234 18.229557223618034 33.867080859839916 3356.9494420215487 333.35940986871719 45.103351548314095 65.037656776607037 62.963692620396614 279.52832075208426 9.5825153142213839 4.9195217192172995 7.0283279269933692 6874.3712649047375 55.858123444020748 15.86068371683359 5.3129780590534201 3.8031395971775046 7.0759403109550467 5.1485837921500197 21.299200221896172 55.046073451638222 4.8956837579607955 25.969803415238857
leaf_count=2737 1862 1811 422 753 570 26 516 72 110 211 13504 1362 209 271 268 3484 56 30 51 94031 403 98 22 18 41 39 276 224 47 110
internal_value=-0.00302544 -0.0755532 0.134209 0.0531093 0.0328085 -0.0458497 -0.0829636 -0.0336051 -0.0480131 0.00471038 0.145279 0.118323 0.0413342 0.104534 0.0797178 -0.0838963 -0.0560191 -0.0676975 0.143964 -0.0850715 -0.0567186 -0.0665579 -0.0203085 0.0138705 -0.0602165 0.0910849 0.117955 0.0855144 -0.0812336 0.114513
internal_weight=12159.7 7955.35 4204.37 433.239 413.814 171.507 7522.12 214.863 198.729 79.1836 3790.56 433.608 100.248 198.951 133.913 7442.93 301.059 284.448 16.6108 7141.87 267.503 175.351 55.1451 70.9493 45.3165 23.3781 261.731 76.3453 140.505 31.0023
internal_count=123634 104807 18827 3247 3308 1994 101560 2181 2109 768 15519 2015 653 1127 856 100792 3621 3514 107 97171 3140 1960 444 588 557 149 1253 500 1858 136
is_linear=0
shrinkage=0.08


Tree=8
num_leaves=31
num_cat=0
split_feature=10 18 28 25 25 10 5 5 25 18 12 25 10 18 25 0 9 5 18 0 13 10 10 18 27 1 0 10 27 0
split_gain=16632.6 1087.8 630.794 370.082 261.141 135.047 91.6551 73.1749 59.3729 52.6919 117.564 50.852 38.6028 106.196 67.0813 37.4118 36.2547 88.8931 33.747 56.0287 32.7454 24.8481 21.28 19.9168 18.0399 16.1677 15.2534 15.2143 66.4443 13.855
threshold=0.74399384856224071 0.92000734806060802 0.77448415756225597 -1.0000000180025095e-35 -1.0000000180025095e-35 0.53993865847587597 0.61250001192092907 0.47727273404598242 -1.0000000180025095e-35 0.66691887378692638 0.61721614003181469 -1.0000000180025095e-35 0.62534916400909435 0.84889179468154918 -1.0000000180025095e-35 0.81302964687347423 1.0000000180025095e-35 0.47727273404598242 0.77988386154174816 0.21132376790046695 1.5000000000000002 0.85127449035644542 0.53993865847587597 0.7680487632751466 0.40075758099555975 0.18350168317556384 0.91331186890602123 0.57207792997360241 0.35946278274059301 0.13873296231031421
decision_type=2 2 2 2 2 2 2 2 2 2 2 2 2 2 2 2 2 2 2 2 2 2 2 2 2 2 2 2 2 2
left_child=1 6 4 5 7 24 12 20 22 10 11 25 16 15 -15 -14 17 -1 19 29 23 -21 -8 -2 -3 -4 27 28 -5 -6
right_child=2 3 9 26 18 -7 8 -9 -10 -11 -12 -13 13 14 -16 -17 -18 -19 -20 21 -22 -23 -24 -25 -26 -27 -28 -29 -30 -31
leaf_value=-0.080355434936250886 -0.061311258640537984 0.081731600310963798 0.043969225094692588 0.10230873589989356 0.10487513632668971 0.1099057191006763 -0.084262792306895207 0.12922971492694038 0.081793671724782302 0.13889007393670544 0.13067086615966195 0.097223315976700753 -0.073121865768846092 -0.016418457822169174 0.2272210748421318 0.22245197346805171 -0.085723342664573612 0.032903623302679902 0.1433804553973736 -0.036018608453937756 0.11875281781273798 0.072166600987408611 0.0662263433540662 0.031403441235124119 -0.084591969071667494 -0.060589985498671992 0.12507056149532825 0.1464879615014538 -0.088249088326824487 0.21425602596061491
leaf_weight=197.71587067097425 166.39799013733864 4.3136840239167205 13.088071748614309 69.786465838551521 70.759355507791042 29.550082392990589 35.59442225843668 16.50653749704361 34.844123318791389 3358.3500983938575 296.27100984752178 33.475364126265049 324.67083571106195 16.920722022652626 12.63162859529257 2.7640000507235518 6319.6309979632497 57.176440112292767 64.945755183696747 31.063509091734886 7.3873991817235938 24.15147502720356 7.2362583428621283 16.279399640858173 128.48771616816521 34.186750888824463 155.30617573112249 20.991254135966301 14.072149582207201 8.2785492539405805
leaf_count=2737 1957 34 78 286 357 134 516 72 211 13727 1221 157 4341 183 73 14 93041 403 271 293 53 157 41 99 1826 336 692 86 189 49
internal_value=-0.00306379 -0.0746561 0.125416 0.0500071 0.0306829 -0.0447716 -0.0821707 -0.0323396 0.00424815 0.135707 0.107349 0.0217793 -0.0831391 -0.0575184 0.0877209 -0.0706268 -0.0845303 -0.0549496 0.096038 0.0731358 -0.0463714 0.0113025 -0.0588376 -0.0530489 -0.0791894 -0.0316427 0.109154 0.0855783 0.0703316 0.116332
internal_weight=11572.8 7431.69 4141.14 422.508 405.77 162.351 7009.19 206.571 77.6748 3735.37 377.021 80.7502 6931.51 356.987 29.5524 327.435 6574.52 254.892 199.199 134.253 190.065 55.215 42.8307 182.677 132.801 47.2748 260.156 104.85 83.8586 79.0379
internal_count=123634 104807 18827 3247 3308 1994 101560 2181 768 15519 1792 571 100792 4611 256 4355 96181 3140 1127 856 2109 450 557 2056 1860 414 1253 561 475 406
is_linear=0
shrinkage=0.08


Tree=9
num_leaves=31
num_cat=0
split_feature=10 18 28 25 25 12 3 19 27 10 3 3 12 3 0 20 25 10 3 16 5 13 27 5 7 5 3 12 27 26
split_gain=14713.2 1000.07 555.952 316.513 240.26 122.221 104.722 88.5196 109.279 77.7682 45.5074 37.6418 69.1976 37.1564 60.3073 41.3633 35.8456 32.6147 88.2838 39.0308 34.0772 25.5962 20.7669 46.3996 17.8587 16.4738 14.423 13.9137 101.676 12.7555
threshold=0.74399384856224071 0.92000734806060802 0.78964132070541393 -1.0000000180025095e-35 -1.0000000180025095e-35 0.11651583760976793 0.76028168201446544 0.77500000596046459 0.46781592071056372 0.58113884925842296 0.13423423469066623 0.65261757373809826 0.61721614003181469 0.65648320317268383 0.21132376790046695 1.0000000180025095e-35 -1.0000000180025095e-35 0.62534916400909435 0.79388421773910534 1.0000000180025095e-35 0.47727273404598242 1.0000000180025095e-35 0.28162176907062536 0.47727273404598242 6.5000000000000009 0.47727273404598242 0.18393234908580783 0.12973351776599887 0.35946278274059301 0.074175827205181136
decision_type=2 2 2 2 2 2 2 2 2 2 2 2 2 2 2 2 2 2 2 2 2 2 2 2 2 2 2 2 2 2
left_child=1 7 4 5 6 29 10 17 -9 -10 21 12 16 14 24 -16 26 22 20 -20 -19 -2 23 -1 -6 -12 -4 28 -5 -3
right_child=2 3 11 27 13 -7 -8 8 9 -11 25 -13 -14 -15 15 -17 -18 18 19 -21 -22 -23 -24 -25 -26 -27 -28 -29 -30 -31
leaf_value=-0.079226576576743604 -0.020489279304531493 -0.084775202443831785 0.078753553798765474 0.11119809909023719 0.122620179571204 0.098465417956841148 0.10559931021129275 0.086283123067833603 -0.084029724389138472 0.1068949257019543 -0.068354083434152169 0.13115701714343447 0.12163343503461567 0.1291537487995463 -0.037677736019690176 0.16395043991581199 0.092240860987383808 -0.073664527125973975 0.1975604556195166 -0.020754755432920317 0.091416434731632162 0.15788042683969733 -0.085348340584102469 0.0017931537254480036 0.025802237158285876 0.072489448637750642 -0.047435517336432365 0.13590448012515727 -0.072382396880008998 0.045823004769087829
leaf_weight=229.46111902594566 11.105738721787931 117.86827176064253 7.2240184098482123 178.45150807499886 68.368753634393215 30.923731043934822 32.765843883156776 42.608471624553204 114.74653887748718 15.498089596629141 158.88846721500158 3266.8258688151836 266.24311861395836 95.823639258742332 41.720414124429226 7.7159675136208525 33.282050177454948 303.89823693782091 11.663403920829296 9.5181369930505753 8.2194008454680425 9.5993736684322339 5736.8860915750265 56.348243676126003 14.839765787124632 5.4989095479249945 29.342418909072876 57.768941089510918 21.650876477360725 4.9889100044965735
leaf_count=3443 109 1811 37 726 316 136 153 253 1769 76 1966 13676 1113 418 381 36 150 4367 75 75 68 66 90943 491 102 26 278 241 286 47
internal_value=-0.00308664 -0.0737902 0.118101 0.0471481 0.0338796 -0.0436906 -0.0262281 -0.0814155 -0.024929 -0.0613112 -0.0495647 0.128534 0.103041 0.0911958 0.0637747 -0.00620787 0.0321698 -0.0829517 -0.0585914 0.0994583 -0.0693172 0.0622071 -0.0842998 -0.0632533 0.105353 -0.0636427 -0.0225058 0.101319 0.0913349 -0.0794719
internal_weight=10989.7 6940.5 4049.24 411.652 446.327 153.781 217.858 6528.85 172.853 130.245 185.092 3602.92 336.092 228.469 132.645 49.4364 69.8485 6355.99 333.299 21.1815 312.118 20.7051 6022.7 285.809 83.2085 164.387 36.5664 257.871 200.102 122.857
internal_count=123634 104807 18827 3247 3573 1994 2320 101560 2098 1845 2167 15254 1578 1253 835 417 465 99462 4585 150 4435 175 94877 3934 418 1992 315 1253 1012 1858
is_linear=0
shrinkage=0.08


Tree=10
num_leaves=31
num_cat=0
split_feature=28 12 12 27 25 27 12 18 1 22 12 18 17 22 11 22 2 2 0 2 22 1 25 22 2 1 1 9 22 26
split_gain=12721.2 917.051 739.102 480.265 162.028 143.663 191.312 119.084 78.6163 84.6741 41.0324 96.3314 65.9029 58.7907 39.8888 38.0837 46.9746 34.2337 74.4008 27.7659 25.3044 20.912 36.1757 46.2977 29.8151 19.8347 16.305 15.2949 11.8281 11.0967
threshold=0.81266710162162792 0.3514705896377564 0.15075758099555972 0.34335896372795111 -1.0000000180025095e-35 0.45992700755596166 0.17752101272344592 0.88393977284431469 0.70320320129394542 0.53144779801368724 0.21240601688623431 0.8332648277282716 1.0000000180025095e-35 0.65240275859832775 0.58351215720176708 0.6789083480834962 0.57932874560356151 0.51113310456275951 0.21132376790046695 0.64899963140487682 0.81892696022987377 0.53410854935646068 -1.0000000180025095e-35 0.51113310456275951 0.5388936996459962 0.84292763471603405 0.94185259938240062 1.0000000180025095e-35 0.33568075299263006 0.097619049251079573
decision_type=2 2 2 2 2 2 2 2 2 2 2 2 2 2 2 2 2 2 2 2 2 2 2 2 2 2 2 2 2 2
left_child=1 5 3 26 8 6 7 20 9 19 -7 13 -13 -12 29 16 -8 18 -6 -3 -1 22 23 24 -4 -9 27 -2 -20 -5
right_child=2 4 21 14 17 10 15 25 -10 -11 11 12 -14 -15 -16 -17 -18 -19 28 -21 -22 -23 -24 -25 -26 -27 -28 -29 -30 -31
leaf_value=-0.073093468791633087 0.078069474043738624 -0.075034821666228282 -0.027836354325221448 -0.085252570707896283 0.11606648981861485 -0.084969622322714378 -0.013068464315180618 -0.016110321129926886 0.10625759518692057 0.14344351449600187 -0.076619570533579012 -0.043660129263412006 0.15418926900619601 0.1563090758775382 0.1918109127919741 0.18524879932225941 0.13214745547555487 0.12477237891771931 -0.042312422290322359 0.12464982663684686 0.11909708426631738 0.12491306024285712 0.11898148703713746 0.12766204406257514 0.13027685096203256 0.079851426887224145 0.11194169924550881 -0.048638437867178003 0.13989706534979157 -0.0091265417927457806
leaf_weight=511.45847953483462 33.416042491793633 99.691677946597338 36.731330260634422 192.01347168534994 58.65777313709259 5097.1030872762203 34.535826455801725 21.04441724345088 28.7018141746521 13.996071130037306 349.92686917632818 21.693532358855009 21.408135168254375 7.0751620382070533 3.5042570047080508 16.246283799409866 24.279060047119856 120.29959800094366 33.615796931087971 4.665138565003871 4.42232896760106 3176.6240971460938 242.64053470641375 34.252370774745941 9.6348468959331495 39.962014943361282 150.15576888620853 7.457770597189664 2.4460107237100592 13.090261265635489
leaf_count=7979 163 1300 267 3175 288 86814 351 225 130 74 5278 224 117 41 17 73 129 531 315 21 60 13754 1036 146 41 223 629 90 11 132
internal_value=-0.00310044 -0.0715368 0.111171 0.00810178 0.0521901 -0.0788221 -0.0433146 -0.0589467 -0.0125219 -0.0413272 -0.0830332 -0.0583638 0.0546095 -0.0720033 -0.0758214 0.0768265 0.0468773 0.0964476 0.0604735 -0.0661082 -0.0714459 0.12294 0.103555 0.0571265 0.00501942 0.046749 0.0997475 0.0549506 -0.0299535 -0.080394
internal_weight=10410.7 6511.23 3899.52 399.638 362.074 6149.16 651.948 576.887 147.055 118.353 5497.21 400.104 43.1017 357.002 208.608 75.0612 58.8149 215.019 94.7196 104.357 515.881 3499.88 323.259 80.6185 46.3662 61.0064 191.03 40.8738 36.0618 205.104
internal_count=123634 104184 19450 4206 2670 101514 9040 8487 1525 1395 92474 5660 341 5319 3324 553 480 1145 614 1321 8039 15244 1490 454 308 448 882 253 326 3307
is_linear=0
shrinkage=0.08


Tree=11
num_leaves=31
num_cat=0
split_feature=10 18 28 25 25 10 1 25 3 22 3 12 26 10 22 3 22 18 25 10 27 3 19 1 22 25 7 10 27 27
split_gain=11695.9 849.405 437.163 299.091 165.423 97.8826 71.9407 69.4536 64.5165 64.5463 49.4886 79.1885 34.3659 31.9654 86.7987 75.5579 30.069 72.236 28.572 22.7032 20.639 31.2349 19.7056 18.2965 17.5187 26.5008 16.648 15.1908 97.3103 14.741
threshold=0.74399384856224071 0.91289132833480846 0.77448415756225597 -1.0000000180025095e-35 -1.0000000180025095e-35 0.56939375400543224 0.95538970828056347 -1.0000000180025095e-35 0.8216732144355775 0.53144779801368724 0.65261757373809826 0.57518798112869274 0.097619049251079573 0.62534916400909435 0.70801281929016124 0.86391696333885204 0.62575301527977001 0.66801637411117565 1.0000000180025095e-35 0.94491803646087658 0.28162176907062536 0.81016731262207042 0.63333335518836986 0.70659971237182628 0.45664159953594213 -1.0000000180025095e-35 5.5000000000000009 0.51768878102302562 0.43348082900047308 0.44310989975929266
decision_type=2 2 2 2 2 2 2 2 2 2 2 2 2 2 2 2 2 2 2 2 2 2 2 2 2 2 2 2 2 2
left_child=1 6 4 5 8 29 13 12 9 22 11 18 -8 20 15 -15 17 19 23 -6 21 -1 -2 -4 25 -13 -11 28 -5 -3
right_child=2 3 10 27 16 -7 7 -9 -10 26 -12 24 -14 14 -16 -17 -18 -19 -20 -21 -22 -23 -24 -25 -26 -27 -28 -29 -30 -31
leaf_value=-0.074284846359707155 -0.071992218430766364 0.041479407245692088 -0.038011803332966568 0.097625371898959451 -0.023747756318926935 0.092629877195651161 -0.082824278996919395 0.057032014634039403 0.12157037067117257 0.10762436041536409 0.11922409060728301 0.011874386083034266 0.11750318514912791 -0.069215228718077088 0.2493657291031344 0.18083350169887136 0.12947692008238931 0.11139454634674779 0.086285540089655527 0.098620222849043454 -0.084406168364054152 -0.0019525365608398376 0.051571750665030204 0.20231998718975611 0.12309482583070887 0.10344880471382079 -0.052938878534603447 0.12502287618931293 -0.085775377545895357 -0.081844289916782081
leaf_weight=210.75584781914949 134.12134075537324 6.5152642205357543 43.448722153902054 183.06045357137918 55.443200118839741 26.311368763446808 69.74186522141099 46.634949296712875 16.640389278531075 20.003694988787178 3076.5883101224899 26.453563272953033 5.9479983747005454 284.96793236583471 5.8278957046568385 7.9498714655637732 51.371938213706017 76.358678631484509 20.837461441755295 11.762144498527048 4942.994263805449 46.668684404343367 8.8022062405943853 2.1265564560890189 160.14438037574291 85.899597734212875 5.209082379937171 59.506351239979267 20.599014133214951 129.50003283843398
leaf_count=3385 1895 59 419 781 478 117 1239 355 71 125 13797 127 49 4503 34 46 225 360 90 64 90835 541 44 10 704 372 46 265 337 2261
internal_value=-0.00310622 -0.0721954 0.106975 0.0367874 0.0255433 -0.0486141 -0.0804444 -0.0197648 -0.0286922 -0.0435636 0.116028 0.087014 -0.0670818 -0.0817942 -0.0563464 -0.0624288 0.0769522 0.0581571 0.00868286 -0.00233116 -0.083256 -0.0611717 -0.0643823 -0.0267978 0.106105 0.0818876 0.0744512 0.0894649 0.0790754 -0.075937
internal_weight=9842.19 6046.98 3795.21 425.492 379.713 162.327 5621.49 122.325 184.777 168.136 3415.5 338.91 75.6899 5499.16 298.746 292.918 194.936 143.564 66.4127 67.2053 5200.42 257.425 142.924 45.5753 272.498 112.353 25.2128 263.166 203.659 136.015
internal_count=123634 104807 18827 3820 3308 2437 100987 1643 2181 2110 15519 1722 1288 99344 4583 4549 1127 902 519 542 94761 3926 1939 429 1203 499 171 1383 1118 2320
is_linear=0
shrinkage=0.08


Tree=12
num_leaves=31
num_cat=0
split_feature=10 0 28 25 25 3 27 10 3 22 10 3 12 10 18 22 25 9 5 3 22 5 22 5 12 5 18 22 10 10
split_gain=10477.5 785.797 396.286 166.969 154.954 123.515 105.137 98.8037 73.3222 66.6425 62.754 35.2222 52.0237 33.3886 68.5234 70.9953 42.1278 29.9511 47.7492 27.6284 54.5195 37.8959 23.8096 26.5874 15.3227 14.113 11.811 11.0093 16.5404 10.8773
threshold=0.74399384856224071 0.85847797989845287 0.78964132070541393 -1.0000000180025095e-35 -1.0000000180025095e-35 0.9607692062854768 0.41202270984649664 0.53993865847587597 0.76028168201446544 0.53144779801368724 0.5432812273502351 0.65261757373809826 0.61721614003181469 0.63925975561141979 0.83040830492973339 0.68457102775573742 1.0000000180025095e-35 1.0000000180025095e-35 0.47727273404598242 0.78501400351524364 0.58643677830696117 0.47727273404598242 0.59417229890823375 0.30384616553783422 0.2788888961076737 0.47727273404598242 0.86341637372970592 0.45664159953594213 0.95038393139839183 0.56533119082450878
decision_type=2 2 2 2 2 2 2 2 2 2 2 2 2 2 2 2 2 2 2 2 2 2 2 2 2 2 2 2 2 2
left_child=1 5 4 7 8 13 26 -3 9 25 -8 12 22 17 15 -15 -16 18 -1 20 21 -6 23 -4 -11 -2 -7 28 -14 -5
right_child=2 3 11 29 19 6 10 -9 -10 24 -12 -13 27 14 16 -17 -18 -19 -20 -21 -22 -23 -24 -25 -26 -27 -28 -29 -30 -31
leaf_value=-0.075463801347941437 -0.073404210389718491 -0.075893744165963173 -0.02100984789189202 0.079409900661700686 -0.0022567422487574052 -0.019752174818893815 -0.083801764280981295 0.099741133710668353 0.086924018636919675 -0.0074726163450595283 0.093265836332492441 0.11468260175705303 0.020113787848946942 -0.075669675035701017 0.003653590830093644 0.19318752693559429 0.21833350129886087 -0.083620679777754892 0.011421410058748279 0.12029888084142507 0.11918582666665031 0.12562687662463673 0.12167253545421383 0.14120284475677408 0.117826657209107 0.055728633471429471 0.1021893516357297 0.11772699023717145 0.09990570295926246 0.12134327889423958
leaf_weight=154.48177747428417 129.65873790532351 81.712356362491846 47.189818076789379 165.82602222263813 80.988098964095116 5.7458480820059767 79.697245102375746 27.363592777401209 32.198905602097511 10.032257754355671 15.263086926192043 2923.284918949008 21.001273036003113 211.06117399781942 21.379032261669636 6.4788332581520072 8.0540450066328066 4714.3413527794182 54.856092035770416 61.644480481743813 57.299036540091038 18.154343381524086 12.999179929494856 7.4936756789684287 16.551447346806526 5.6527552455663672 44.10045113787055 144.56447900831699 79.821679398417473 52.005410309880972
leaf_count=2732 1967 1503 376 922 632 47 1524 130 153 78 87 13676 97 3614 227 32 42 93120 384 281 260 80 56 33 96 26 203 663 353 240
internal_value=-0.00310595 -0.0714215 0.102542 0.0489636 0.0286635 -0.0788253 -0.00595374 -0.0318327 -0.0233309 -0.0452592 -0.0553415 0.111951 0.0864487 -0.0808661 -0.0521625 -0.0676625 0.0623984 -0.0823059 -0.0526959 0.0749379 0.0570637 0.0211605 0.0243537 0.00121933 0.0705408 -0.0680096 0.088133 0.103576 0.0832852 0.0894211
internal_weight=9290.9 5642.37 3648.54 326.907 412.18 5315.46 144.807 109.076 194.094 161.895 94.9603 3236.36 313.07 5170.65 246.973 217.54 29.4331 4923.68 209.338 218.086 156.441 99.1424 67.6827 54.6835 26.5837 135.311 49.8463 245.387 100.823 217.831
internal_count=123634 104807 18827 2795 3573 102012 1861 1633 2320 2167 1611 15254 1578 100151 3915 3646 269 96236 3116 1253 972 712 465 409 174 1993 250 1113 450 1162
is_linear=0
shrinkage=0.08


Tree=13
num_leaves=31
num_cat=0
split_feature=28 12 12 27 27 12 25 5 3 20 12 3 3 11 2 0 3 7 27 3 0 25 7 3 12 5 5 16 20 8
split_gain=9170.87 716.273 515.015 345.872 138.922 137.443 108.777 100.201 59.4456 51.8043 40.0002 104.478 35.738 31.5358 25.7453 59.0895 24.3261 30.8123 24.08 23.1907 61.188 22.2486 19.868 17.5341 15.9993 15.0984 13.1896 13.084 10.9647 10.5901
threshold=0.81266710162162792 0.34057971835136419 0.15075758099555972 0.38918128609657293 0.45992700755596166 0.17752101272344592 -1.0000000180025095e-35 0.47727273404598242 0.72046512365341198 1.0000000180025095e-35 0.21240601688623431 0.8216732144355775 0.21164613962173465 0.58351215720176708 0.51113310456275951 0.21132376790046695 0.79388421773910534 5.5000000000000009 0.54694178700447094 0.55036231875419628 0.25176055729389196 1.0000000180025095e-35 7.5000000000000009 0.81892696022987377 0.10762548446655275 0.30384616553783422 0.069047622382640853 1.0000000180025095e-35 1.0000000180025095e-35 0.90098038315773021
decision_type=2 2 2 2 2 2 2 2 2 2 2 2 2 2 2 2 2 2 2 2 2 2 2 2 2 2 2 2 2 2
left_child=1 4 3 23 5 7 8 24 12 -9 -6 18 22 -5 15 -8 17 -7 -12 20 -4 26 -3 -2 -1 -14 -22 -13 29 -25
right_child=2 6 19 13 10 16 14 9 -10 -11 11 27 25 -15 -16 -17 -18 -19 -20 -21 21 -23 -24 28 -26 -27 -28 -29 -30 -31
leaf_value=-0.079741474375503552 -0.020321637802974878 0.087341246224607261 0.1053984564217274 -0.081532686369989713 -0.083688317654007846 0.0818716670619037 0.10179158833335056 -0.065487980754658906 0.086036302709845316 0.051665722051152677 0.013199124454303442 0.14491429980896001 -0.075404271174103463 0.16067152202424598 0.10794579252567861 -0.031198864036037933 0.1438309332646274 -0.043051544656784665 -0.073589648741585106 0.11078579245114557 -0.076567024490464874 0.057906799881687086 -0.091738886817445867 0.095937548397410949 -0.027528683183603395 0.082250632289526532 0.085678530160299818 0.020317910048355384 0.094549580691044924 -0.027499989989758205
leaf_weight=337.83678306639194 10.146711200475691 17.574573632329706 187.40166437625885 164.07745688036084 4075.3977648690343 34.972645606845617 55.162394858896732 36.05825075879693 30.509871654212475 73.185759451240301 22.009712979197502 16.469301298260689 73.950052756816149 3.5141808092594138 109.80473884567618 34.916356887668371 18.047745458781719 19.784879226237535 290.61039076000452 2863.8089301139116 20.012564413249496 24.58375295996666 5.1200945973396292 8.149532515555622 42.258233677595854 4.1034652180969706 3.8186437338590613 8.0209695883095282 158.23426841571927 9.7940019257366639
leaf_count=6728 85 123 905 3246 86814 240 290 513 149 541 273 85 1172 17 532 332 85 227 5213 14041 169 106 70 53 705 29 23 63 712 93
internal_value=-0.00310076 -0.0691422 0.098361 0.00693455 -0.0767259 -0.0392707 0.0447853 -0.0545289 -0.0117967 0.0129967 -0.0814976 -0.055014 -0.0414237 -0.076454 0.0819411 0.0502418 0.0632828 0.0367347 -0.0674794 0.1088 0.0846857 0.00451182 0.0469394 0.0819393 -0.0739366 -0.067116 -0.0505693 0.104107 0.0878289 0.0285624
internal_weight=8759.34 5305.79 3453.54 353.916 4974.65 562.144 331.142 489.339 131.258 109.244 4412.51 337.11 100.748 167.592 199.883 90.0788 72.8053 54.7575 312.62 3099.63 235.817 48.415 22.6947 186.325 380.095 78.0535 23.8312 24.4903 176.178 17.9435
internal_count=123634 104184 19450 4206 101487 9039 2697 8487 1543 1054 92448 5634 1394 3263 1154 622 552 467 5486 15244 1203 298 193 943 7433 1201 192 148 858 146
is_linear=0
shrinkage=0.08


Tree=14
num_leaves=31
num_cat=0
split_feature=10 18 28 25 25 10 5 5 27 5 10 18 10 18 0 13 10 18 1 10 26 18 2 10 27 27 10 1 26 27
split_gain=8475.41 675.844 334.804 204.023 161.615 71.4069 66.1165 60.0888 44.222 65.9183 38.0396 69.01 32.9531 31.1051 30.1198 28.348 22.4874 20.4093 19.2617 28.7456 28.7837 16.5223 13.0294 12.9767 70.7334 12.7119 14.6292 11.1969 10.8006 17.9484
threshold=0.74399384856224071 0.91289132833480846 0.81705284118652355 -1.0000000180025095e-35 -1.0000000180025095e-35 0.53993865847587597 0.73214286565780651 0.47727273404598242 0.34335896372795111 0.47727273404598242 0.62534916400909435 0.72719964385032665 0.43359737098217016 0.76305484771728527 0.21132376790046695 1.5000000000000002 0.90976935625076305 0.42300890386104589 0.53410854935646068 0.93492376804351818 0.93303570151329052 0.80167940258979808 0.13873296231031421 0.51768878102302562 0.43348082900047308 0.40075758099555975 0.33249582350254064 0.18350168317556384 0.10818713530898096 0.37549999356269842
decision_type=2 2 2 2 2 2 2 2 2 2 2 2 2 2 2 2 2 2 2 2 2 2 2 2 2 2 2 2 2 2
left_child=1 6 4 5 7 25 8 15 9 17 -10 -12 -11 14 22 21 -16 -1 19 20 27 -2 -6 24 -5 26 -3 -4 29 -8
right_child=2 3 18 23 13 -7 28 -9 10 12 11 -13 -14 -15 16 -17 -18 -19 -20 -21 -22 -23 -24 -25 -26 -27 -28 -29 -30 -31
leaf_value=0.039929712464960888 -0.053472891371958334 -0.090367800728697795 0.10563537670809575 0.08234336258572364 0.069465924544690791 0.06731410387800027 0.10207320732615294 0.086384262138542847 -0.083214347851376186 0.0025898171352930588 -0.070431305905298058 0.039907919387227715 0.27000874101335137 0.10600798930283199 -0.018755417011864454 0.0928043412341156 0.081273731705158989 -0.078064707511787318 0.10775786627770857 0.098969211316212752 -0.072055349370533359 0.03119049046942788 0.1580022555277083 0.11147945007040483 -0.084996702554287498 -0.081624248828017359 0.17864563645166326 0.027277473385504011 0.13855163086738714 -0.067568524721247858
leaf_weight=9.8433179222047311 151.52390519529581 2.5363684967160216 22.452787406742573 172.83940149843693 75.345336757600307 28.291012156754732 8.2514321431517619 29.218794941902161 3967.6006262823939 76.807733509689569 207.15339189395308 43.978704482316971 3.0668753944337359 113.03928877413273 48.037685111165047 10.094576600939034 20.530973576009274 200.08200083673 2583.2466291710734 219.14206951856613 12.431715764105318 16.343507207930088 12.386944301426409 52.885945949703455 17.834147930145264 102.80784766748548 2.6407530568540096 24.304864436388016 7.1063172258436671 7.7316042669117442
leaf_count=180 2214 27 110 781 402 145 38 135 91229 696 4031 451 27 563 416 68 111 4163 13303 1079 96 102 65 265 337 2248 17 163 36 136
internal_value=-0.00309366 -0.0699434 0.0952646 0.0325598 0.033178 -0.0458237 -0.078535 -0.0199429 -0.0792266 -0.0489969 -0.0813032 -0.0511085 0.0128577 0.0740395 0.0509195 -0.0374003 0.0111955 -0.072532 0.105603 0.0856078 0.0361385 -0.0452301 0.0819664 0.0764168 0.0666917 -0.0754648 0.0468509 0.0649045 0.0564948 0.020011
internal_weight=8249.56 4911.46 3338.1 379.835 476.521 136.276 4531.62 207.181 4508.53 289.8 4218.73 251.132 79.8746 269.34 156.301 177.962 68.5687 209.925 2861.58 278.331 59.1894 167.867 87.7323 243.559 190.674 107.985 5.17712 46.7577 23.0894 15.983
internal_count=123634 104807 18827 3820 4076 2437 100987 2519 100777 5066 95711 4482 723 1557 994 2384 527 4343 14751 1448 369 2316 467 1383 1118 2292 44 273 210 174
is_linear=0
shrinkage=0.08


Tree=15
num_leaves=31
num_cat=0
split_feature=28 9 26 25 27 18 26 22 18 25 3 0 27 9 3 25 13 22 3 1 27 1 9 22 0 26 11 3 5 25
split_gain=7446.62 424.878 370.409 219.642 174.319 160.031 120.255 113.03 82.1591 67.1553 41.8799 36.7378 32.1292 64.6342 28.1806 27.4098 25.5741 24.5289 23.9303 52.4395 19.5375 18.9203 18.1929 15.5858 15.2534 13.5249 13.4906 10.2663 10.0082 8.8955
threshold=0.81266710162162792 0.64468246698379528 0.097619049251079573 -1.0000000180025095e-35 0.47532868385314947 0.76305484771728527 0.085144929587841048 0.62020397186279308 0.86629208922386181 -1.0000000180025095e-35 0.81016731262207042 0.64899963140487682 0.21521919220685962 0.47699365019798284 0.79388421773910534 1.0000000180025095e-35 1.5000000000000002 0.64326766133308422 0.5604878067970277 0.27639257907867437 0.58189269900321972 0.58380147814750682 0.58240139484405529 0.8452991545200349 0.32305502891540533 0.13809524476528171 0.62529620528221141 0.80810147523880016 0.47727273404598242 -1.0000000180025095e-35
decision_type=2 2 2 2 2 2 2 2 2 2 2 2 2 2 2 2 2 2 2 2 2 2 2 2 2 2 2 2 2 2
left_child=1 4 3 22 6 7 8 11 28 14 -10 15 27 -14 -8 -3 23 -11 19 29 -18 24 -2 26 -21 -25 -6 -5 -1 -4
right_child=2 5 18 12 16 -7 9 -9 10 17 -12 -13 13 -15 -16 -17 20 -19 -20 21 -22 -23 -24 25 -26 -27 -28 -29 -30 -31
leaf_value=-0.080024711172867843 -0.078907785201305536 -0.067406328685352096 0.064170425412923532 -0.026654955104441224 -0.082089657355434317 0.093714572096371643 -0.049678746760689292 0.11564439237066328 -0.05351149915964707 0.047402849426170741 0.063272039272365591 0.10163849376598848 -0.069118366507664522 0.10769126377825616 0.10499193876263059 0.0085096540952180073 0.11964628624583211 0.14335242526581884 0.10389309983470278 0.037031178141297798 -0.04320921442948681 0.12005350663866417 0.091201456825069749 -0.083500662398576592 -0.068713145117300423 0.16542667177979187 -0.045531041860341938 0.083603812422200038 -0.040431017543266154 0.10557607482120952
leaf_weight=277.10678712278605 117.52694573998451 150.08351036533713 43.875036917626858 5.6018856614828101 3623.1385237984359 116.92062882706523 63.719999726861715 33.168657951056957 33.166631326079369 64.437879230827093 48.232863623648882 10.515783961862324 30.261093564331532 23.514073152095079 8.5506827905774099 38.181794349104166 6.5854812525212791 23.18792824074626 2574.1285656392574 14.698177739977835 16.595252256840467 6.7565123289823523 4.1663453429937354 2.5706357955932608 21.502146232873201 3.0594669580459595 65.772845882922411 153.51036176458001 47.925078239291906 136.57417997717857
leaf_count=6469 2718 2539 239 32 88897 645 1111 169 522 601 331 60 576 128 68 326 69 118 14035 91 345 32 20 64 155 16 1148 722 686 702
internal_value=-0.00308196 -0.0674973 0.0921991 0.0126474 -0.0744109 0.0173992 -0.0330643 -0.0210696 -0.0561867 0.0257092 0.015688 -0.0438817 0.0616542 0.00819454 -0.0313789 -0.0520099 -0.0807093 0.0727935 0.101713 0.0765977 0.00305687 -0.00284114 -0.0730838 -0.0812348 -0.0257785 0.0517695 -0.0814378 0.0797219 -0.0741867 0.0955086
internal_weight=7765.04 4632.92 3132.12 334.581 4284.05 348.87 566.328 231.95 406.431 159.896 81.3995 198.781 212.887 53.7752 72.2707 188.265 3717.72 87.6258 2797.53 223.406 23.1807 42.9568 121.693 3694.54 36.2003 5.6301 3688.91 159.112 325.032 180.449
internal_count=123634 104184 19450 4196 100445 3739 9906 3094 8008 1898 853 2925 1458 704 1179 2865 90539 719 15254 1219 414 278 2738 90125 246 80 90045 754 7155 941
is_linear=0
shrinkage=0.08


Tree=16
num_leaves=31
num_cat=0
split_feature=10 18 28 25 25 1 10 3 22 25 10 22 3 3 22 5 27 5 26 5 3 0 25 3 13 10 27 27 5 10
split_gain=6914.74 578.715 286.203 160.166 124.335 62.9982 58.1327 57.7082 57.4103 44.8113 35.5528 54.9435 60.1602 31.183 49.235 32.1539 25.8861 35.9503 24.4007 23.019 22.8916 46.4596 15.7783 13.3036 12.375 12.1777 55.2918 11.7042 10.4648 10.4357
threshold=0.74399384856224071 0.91289132833480846 0.81705284118652355 -1.0000000180025095e-35 -1.0000000180025095e-35 0.95538970828056347 0.53993865847587597 0.8216732144355775 0.53144779801368724 -1.0000000180025095e-35 0.62534916400909435 0.68457102775573742 0.77694860100746166 0.74133810400962841 0.58643677830696117 0.30384616553783422 0.28162176907062536 0.47727273404598242 0.097619049251079573 0.47727273404598242 0.55036231875419628 0.25176055729389196 1.0000000180025095e-35 0.93127068877220165 1.0000000180025095e-35 0.51768878102302562 0.43348082900047308 0.40075758099555975 0.069047622382640853 0.35192592442035681
decision_type=2 2 2 2 2 2 2 2 2 2 2 2 2 2 2 2 2 2 2 2 2 2 2 2 2 2 2 2 2 2
left_child=1 5 4 6 7 10 27 8 19 18 16 12 -12 14 15 -6 17 -1 -7 -2 21 -4 28 -8 -10 26 -5 29 -23 -3
right_child=2 3 20 25 13 9 23 -9 24 -11 11 -13 -14 -15 -16 -17 -18 -19 -20 -21 -22 22 -24 -25 -26 -27 -28 -29 -30 -31
leaf_value=-0.073703270333851045 -0.067529668576476937 -0.060978195556828388 0.09399417573108941 0.073530111005647394 -0.012194787127277245 -0.080547189505127112 -0.039619651146936358 0.086054776595510807 0.0073995142698936546 0.046244303400282211 -0.069908420520006204 0.16493970311367154 0.064938991508883825 0.1022308430193168 0.10414609065674864 0.098566992659125108 -0.082523423614380087 0.0026900077030203359 0.093468686754826433 0.055646840989251878 0.10197700885868732 -0.073793662303887467 0.047740346630684674 0.090537250838652716 0.11400977602253243 0.10515007329406291 -0.084318229358181507 -0.080643765288364214 0.07231162886417003 0.16961938706116744
leaf_weight=143.99514459073544 125.11354306340218 2.7481398656964293 163.46149905771017 164.75421616435051 79.286456130445004 49.161429673433304 6.6491884998977211 29.015550658106804 12.40454136580229 43.727967612445354 200.33443580940366 7.4669370315968981 23.676491893827915 99.028846442699432 57.307815574109554 21.274779438972473 3400.6616996340454 54.289039824157953 5.7614814527332774 10.526758611202238 2369.4854220971465 17.58538926765323 22.970535457134247 20.586682990193367 15.900547225028275 48.312085196375847 15.54215571284294 89.208815239369869 3.8187941685318938 2.3132481351494789
leaf_count=3431 2142 31 885 781 618 1239 39 141 93 355 4368 37 178 535 297 107 90835 495 49 48 13587 152 104 106 95 265 337 2248 23 13
internal_value=-0.00306416 -0.0685226 0.0894672 0.0300331 0.030589 -0.0773048 -0.0441864 -0.0179392 -0.0363444 -0.0141826 -0.0789304 -0.04854 -0.0556559 0.0670395 0.0449644 0.011238 -0.0808851 -0.0527872 -0.0622927 -0.0579702 0.0997441 0.0742869 0.00169183 0.0587616 0.0672884 0.0694809 0.0599231 -0.0739294 -0.0477265 0.0444137
internal_weight=7306.37 4279.19 3027.18 350.115 449.859 3929.07 121.506 192.961 163.945 98.6509 3830.42 231.478 224.011 256.898 157.869 100.561 3598.95 198.284 54.9229 135.64 2577.32 207.836 44.3747 27.2359 28.3051 228.608 180.296 94.2702 21.4042 5.06139
internal_count=123634 104807 18827 3820 4076 100987 2437 2519 2378 1643 99344 4583 4546 1557 1022 725 94761 3926 1288 2190 14751 1164 279 145 188 1383 1118 2292 175 44
is_linear=0
shrinkage=0.08


Tree=17
num_leaves=31
num_cat=0
split_feature=10 0 28 25 25 27 5 10 3 22 22 10 3 22 20 3 22 5 3 0 2 16 8 1 10 10 12 7 2 5
split_gain=6251.87 531.587 267.396 116.74 109.037 81.7713 83.0134 60.4627 51.4696 57.4664 44.8583 39.7151 60.4775 37.3647 31.4058 29.2831 45.1641 25.6639 23.4004 42.7868 23.0377 19.2808 16.9265 20.8434 15.4997 50.5185 15.2467 15.2164 11.5372 10.5697
threshold=0.74399384856224071 0.83438816666603099 0.81705284118652355 -1.0000000180025095e-35 -1.0000000180025095e-35 0.35946278274059301 0.47727273404598242 0.53993865847587597 0.76028168201446544 0.47690120339393621 0.836786448955536 0.63925975561141979 0.78086888790130626 0.68457102775573742 1.0000000180025095e-35 0.74133810400962841 0.62575301527977001 0.30384616553783422 0.55036231875419628 0.22756041586399081 0.77849927544593822 1.0000000180025095e-35 0.52679425477981578 0.48050633072853094 0.56533119082450878 1.0000000180025095e-35 0.089572194963693633 5.5000000000000009 0.79431909322738659 0.47727273404598242
decision_type=2 2 2 2 2 2 2 2 2 2 2 2 2 2 2 2 2 2 2 2 2 2 2 2 2 2 2 2 2 2
left_child=1 5 4 7 8 6 10 -3 9 29 28 -7 13 -13 -8 16 17 -6 19 -4 -16 -14 -21 -24 25 -5 -27 -11 -1 -2
right_child=2 3 18 24 15 11 14 -9 -10 27 -12 12 21 -15 20 -17 -18 -19 -20 22 -22 -23 23 -25 -26 26 -28 -29 -30 -31
leaf_value=-0.073213185876262271 -0.071530975944925093 -0.072549106529826241 0.092710831008559508 0.073512479313478457 -0.0066122416712250552 -0.08197385558839608 -0.049959440172289538 0.064194579416352607 0.063836415861344253 0.085208206604080725 0.42590314177341249 -0.069486547507253665 0.11662711349480968 0.16218589971144753 0.084960303375845994 0.098873247264705033 0.10598541408612155 0.092338329634698887 0.099623655413755577 0.063341054885155096 -0.0077071413175002473 -0.022273361104735722 -0.06490881813927403 0.097532746954036589 0.10758863466476157 -0.084761318828614735 0.062806434790810023 -0.051172376643951571 0.056334106322217137 0.031286420710412585
leaf_weight=181.75599059835076 107.85256534814835 78.593199905008078 149.13937427103519 139.80275858566165 84.859069600701332 3197.5142214298248 27.443093948066235 28.091106384992599 39.457329750061035 24.896392751485113 1.1744193844497193 156.81961917877197 17.363641433417797 4.585753306746482 45.979329947382212 94.391473799943924 48.801556318998337 20.908380627632141 2236.8495499491692 20.826446667313576 27.402586534619331 10.12557712569833 23.795123849064115 6.4191601648926726 45.417628671973944 19.076947633177046 5.856640361249446 6.6301895305514327 4.508866097778081 6.8025394231081
leaf_count=4574 2043 2044 846 691 646 91944 351 157 206 168 16 3623 90 20 289 535 269 107 13587 115 172 77 167 36 262 386 53 71 58 31
internal_value=-0.00305029 -0.0678136 0.0869695 0.0316122 0.0291614 -0.0763863 -0.0354833 -0.036543 -0.0172435 -0.0391286 -0.0669697 -0.0798681 -0.0442234 -0.0629044 0.0230516 0.0637635 0.0423228 0.0129486 0.0972785 0.0710738 0.050356 0.0654635 0.00785126 -0.0303974 0.0662111 0.0548033 -0.0500992 0.0565267 -0.0700773 -0.0654308
internal_weight=6863.14 3991.51 2871.63 316.838 434.599 3674.67 288.264 106.684 185.639 146.182 187.439 3386.41 188.895 161.405 100.825 248.96 154.569 105.767 2437.03 200.18 73.3819 27.4892 51.0407 30.2143 210.154 164.736 24.9336 31.5266 186.265 114.655
internal_count=123634 104807 18827 3593 4076 101214 5460 2201 2519 2313 4648 95754 3810 3643 812 1557 1022 753 14751 1164 461 167 318 203 1392 1130 439 239 4632 2074
is_linear=0
shrinkage=0.08


Tree=18
num_leaves=31
num_cat=0
split_feature=10 18 28 25 25 5 10 9 10 3 22 22 16 3 22 1 3 10 5 22 5 5 3 1 10 2 25 10 27 16
split_gain=5657.23 499.266 251.258 124.803 95.7587 62.8276 95.3177 94.8171 48.815 45.8316 45.4005 37.9706 32.9387 27.5678 41.6321 26.067 24.3473 31.4898 23.0584 22.6133 20.8752 19.6915 16.2158 15.983 15.0581 42.669 14.8239 11.2507 43.6044 10.8879
threshold=0.74399384856224071 0.91289132833480846 0.81705284118652355 -1.0000000180025095e-35 -1.0000000180025095e-35 0.47727273404598242 0.57207792997360241 1.0000000180025095e-35 0.49896265566349035 0.8216732144355775 0.47690120339393621 0.82574188709259044 1.0000000180025095e-35 0.74133810400962841 0.62575301527977001 0.81872946023941051 0.65261757373809826 0.93492376804351818 0.47727273404598242 0.47690120339393621 0.080128207802772536 0.47727273404598242 0.81302964687347423 0.59675306081771862 0.61302095651626598 0.73375529050827037 -1.0000000180025095e-35 0.51768878102302562 0.43348082900047308 1.0000000180025095e-35
decision_type=2 2 2 2 2 2 2 2 2 2 2 2 2 2 2 2 2 2 2 2 2 2 2 2 2 2 2 2 2 2
left_child=1 5 4 8 9 11 7 22 -3 10 21 24 15 14 18 -8 17 19 -6 23 -13 -2 -7 -4 -1 -26 -14 28 -5 -10
right_child=2 3 16 27 13 6 12 -9 29 -11 -12 20 26 -15 -16 -17 -18 -19 -20 -21 -22 -23 -24 -25 25 -27 -28 -29 -30 -31
leaf_value=-0.082028272138108496 -0.066833359527006309 -0.076517320640811723 -0.042002802736946628 0.066138302337152177 -0.0026275268495669015 -0.025194067511677062 0.38092615790780421 -0.078645922433324134 0.076462537799324992 0.078411681984716528 0.049925264456507107 0.19354086923845887 -0.066532131125151328 0.095779669588289706 0.10306765915513089 0.11273804586966021 0.097772036791818201 0.086483444482127983 0.10798563251815604 0.09170956963488143 -0.052001734732830547 0.04812863080453262 0.055243715771669331 0.11520583388294427 -0.067414608504252849 0.1122410096119969 0.12918339457277644 0.099834681741285555 -0.083723817248720814 -0.021208875530330171
leaf_weight=2798.3052179887891 108.46894445642829 76.472263474017382 30.562792126089334 156.77028008550406 91.205659203231335 25.229360528290272 2.6750851348042515 278.57014783099294 20.384752158075571 27.519150480628014 32.532776676118374 4.9827790930867177 9.5066075846552831 89.83289473503828 46.272161051630974 17.449145697057247 2073.591633990407 174.4253603592515 13.89945565164089 16.93721367418766 3.9906645230948925 10.454729244112967 44.036356307566166 4.7872011065483084 204.78525258228183 8.8254225179553014 3.3494490645825854 43.5292714163661 13.495550394058226 11.383543990552427
leaf_count=86699 2087 2198 231 781 681 198 34 8250 123 141 243 52 134 535 269 103 13392 1006 72 97 108 48 249 25 5058 75 27 265 337 116
internal_value=-0.00303485 -0.0671027 0.0846597 0.0281029 0.0277746 -0.0761157 -0.0454942 -0.0578184 -0.0418902 -0.0165617 -0.0338181 -0.0799759 0.0844866 0.0606717 0.0398373 0.148388 0.0950506 0.0701593 0.0120003 0.0157036 0.0843433 -0.0567269 0.025945 -0.0207131 -0.0804654 -0.0599921 -0.0155414 0.0635391 0.05426 0.0414639
internal_weight=6444.23 3723.74 2720.49 322.036 420.186 3401.71 380.816 347.836 108.241 178.976 151.456 3020.89 32.9803 241.21 151.377 20.1242 2300.3 226.713 105.105 52.2872 8.97344 118.924 69.2657 35.35 3011.92 213.611 12.8561 213.795 170.266 31.7683
internal_count=123634 104807 18827 3820 4076 100987 8995 8697 2437 2519 2378 91992 298 1557 1022 137 14751 1359 753 353 160 2135 447 256 91832 5133 161 1383 1118 239
is_linear=0
shrinkage=0.08


Tree=19
num_leaves=31
num_cat=0
split_feature=10 18 28 25 25 10 27 5 10 2 5 3 22 22 22 3 3 22 3 22 25 1 5 10 10 10 27 27 10 7
split_gain=5124.44 462.858 237.015 138.206 84.14 54.1808 50.0093 48.1238 41.8796 55.8273 53.0082 40.5511 45.8504 38.345 36.2968 34.3175 26.489 35.8298 25.0692 29.3438 30.0797 24.5522 24.4769 16.9142 16.8614 14.1441 40.7151 13.6718 18.7284 12.4862
threshold=0.74399384856224071 0.90327954292297374 0.81705284118652355 -1.0000000180025095e-35 -1.0000000180025095e-35 0.57739216089248668 0.35946278274059301 0.47727273404598242 0.62534916400909435 0.56562754511833202 0.10555555671453477 0.76028168201446544 0.47690120339393621 0.78629976511001598 0.68457102775573742 0.13423423469066623 0.78319624066352855 0.64174234867095958 0.65261757373809826 0.47690120339393621 1.0000000180025095e-35 0.59675306081771862 0.47727273404598242 0.43359737098217016 1.0000000180025095e-35 0.56533119082450878 0.48290473222732549 0.44310989975929266 0.427709311246872 5.5000000000000009
decision_type=2 2 2 2 2 2 2 2 2 2 2 2 2 2 2 2 2 2 2 2 2 2 2 2 2 2 2 2 2 2
left_child=1 6 4 5 11 27 7 13 -8 14 -11 12 -2 -1 -10 -15 17 22 19 20 21 -4 -6 24 -9 26 -5 28 -3 -14
right_child=2 3 18 25 16 -7 8 23 9 10 -12 -13 29 15 -16 -17 -18 -19 -20 -21 -22 -23 -24 -25 -26 -27 -28 -29 -30 -31
leaf_value=-0.072853441385279896 -0.06254668928129091 -0.070953801714802034 -0.039044814028779809 0.061970295313185354 0.00051334182284291897 0.068275236564692948 -0.081654253351138545 0.019181852347218895 -0.075123462726991413 0.28042321574014645 0.0030478912226656186 0.05732905812977309 0.072091404135817341 0.47269549809536143 0.14684967278805761 -0.00020898383306641879 0.096970955869341749 0.10282950348294084 0.095925581399161117 0.097457519073169505 0.073285877457332088 0.11165936676647441 0.10029370639535276 0.17209164577819222 -0.078494253464512914 0.10153305001237449 -0.065715123965830513 -0.078572620175777222 0.18282360302967449 -0.051114704306833521
leaf_weight=155.33620648831129 102.6327243745327 4.5815092008560887 37.308070413768291 163.48295840807259 98.099583655595779 21.889247180894017 2690.8004021141678 62.04470756649971 143.02326628938317 4.9059657007455817 43.57173427939415 37.828223422169685 25.636809807270765 1.5368711948394764 4.8753367215394965 2.7205749899148941 74.935583665966988 41.790055900812149 1949.4975187927485 106.04079066216946 65.98649737238884 8.4937746077775937 18.739929497241974 3.9055123254656783 13.832649677991865 40.975300393998623 17.714667893946171 95.478787867352366 3.1343882381916046 6.6247344724833956
leaf_count=4547 2074 67 269 857 716 123 90286 409 3855 35 558 206 168 16 22 47 476 260 13392 673 371 46 105 31 313 264 433 2928 16 71
internal_value=-0.00301956 -0.066406 0.0825381 0.021217 0.0264654 -0.0460456 -0.076138 -0.0409999 -0.0790513 -0.0433856 0.0311184 -0.01587 -0.0363971 -0.0663615 -0.0678063 0.170502 0.0577727 0.0392556 0.0930495 0.06731 0.0387125 -0.0110973 0.0165171 0.0097321 0.00137523 0.059086 0.0494872 -0.0702948 0.0321369 0.0467917
internal_weight=6047.42 3473.81 2573.61 347.257 406.288 125.084 3126.55 239.377 2887.18 196.376 48.4777 172.722 134.894 159.594 147.899 4.25745 233.565 158.63 2167.33 217.829 111.788 45.8018 116.84 79.7829 75.8774 222.173 181.198 103.195 7.7159 32.2615
internal_count=123634 104807 18827 4688 4076 3134 100119 5363 94756 4470 593 2519 2313 4610 3877 63 1557 1081 14751 1359 686 315 821 753 722 1554 1290 3011 83 239
is_linear=0
shrinkage=0.08


Tree=20
num_leaves=31
num_cat=0
split_feature=10 0 28 27 22 3 3 25 3 22 25 10 5 5 22 13 22 1 12 3 22 16 12 25 25 5 0 3 27 27
split_gain=4648.69 370.852 314.962 96.6392 72.5168 75.4484 67.5849 66.0323 52.0519 49.56 45.5358 34.0271 33.547 37.036 27.2389 26.7569 25.8088 25.3867 24.4565 62.4028 36.0663 30.7582 20.5803 18.5116 13.958 10.7627 8.38267 8.36127 7.87548 6.8539
threshold=0.70632463693618786 0.85847797989845287 0.75803235173225414 0.34335896372795111 0.64326766133308422 0.65648320317268383 0.81016731262207042 -1.0000000180025095e-35 0.65261757373809826 0.54950982332229625 1.0000000180025095e-35 0.51038074493408214 0.10555555671453477 0.47727273404598242 0.47690120339393621 1.5000000000000002 0.78629976511001598 0.68457102775573742 0.17519181966781619 0.79388421773910534 0.65240275859832775 1.0000000180025095e-35 0.10435571894049646 1.0000000180025095e-35 -1.0000000180025095e-35 0.47727273404598242 0.91715687513351452 0.98076212406158458 0.85307607054710399 0.37549999356269842
decision_type=2 2 2 2 2 2 2 2 2 2 2 2 2 2 2 2 2 2 2 2 2 2 2 2 2 2 2 2 2 2
left_child=1 3 4 6 5 14 16 11 9 10 17 29 -7 -14 23 -16 25 -4 -5 20 -20 -21 -18 -2 -8 -1 -9 -26 -13 -3
right_child=2 7 8 18 -6 12 24 26 -10 -11 -12 28 13 -15 15 -17 22 -19 19 21 -22 -23 -24 -25 27 -27 -28 -29 -30 -31
leaf_value=-0.075303648990902292 -0.071652729471276794 0.042484581144400027 -0.036965164406198514 -0.08182755224039806 0.098985598784291862 0.14323138950199518 -0.073491703936914843 0.034016033419438305 0.093625904656524525 0.096824294964338017 0.068541808843223001 0.084569408311704675 -0.029687721383029744 0.091502368314684487 -0.0045885734266754843 0.19621425150077693 -0.037646618775009175 0.10718063334791043 -0.074175204221251831 0.13335055193348641 0.16781840610542975 -0.040002039379229151 0.3613870268637927 -0.0087394565282472754 0.012019737141268748 -0.02419391390305382 0.073797135900875568 0.06175853749157751 -0.033415477244022329 -0.081041644957142223
leaf_weight=123.51852589286864 110.42136219888926 3.0830010492354623 64.343034896999598 2450.4047077465802 44.305149283260107 19.56145191192627 8.3578056339174491 49.997416108846664 1932.4933664910495 107.76147592812777 77.441727675497532 14.220375187695028 36.544629450887442 28.902615264058113 33.159621465951204 4.8707760088145724 1.6585075967013829 8.9013471156358701 207.08974409662187 15.471475381404161 4.0180943682789794 11.3606619220227 1.6503215953707693 41.063295811414719 47.362700991332531 33.526474479585886 105.29784535244107 39.812313564121723 4.8576552160084239 42.557783782482147
leaf_count=3914 2567 43 689 88572 267 114 191 402 14053 723 448 83 351 171 285 26 36 50 6692 111 49 164 10 424 518 339 674 195 44 1429
internal_value=-0.00300155 -0.0674915 0.0783055 -0.0749782 0.00401411 -0.0113133 -0.0279997 0.0326966 0.0891165 0.0553982 0.0257728 -0.0351936 0.051307 0.0238319 -0.0394022 0.0211294 -0.0597339 -0.0194472 -0.0794498 -0.0549632 -0.0695692 0.0599535 0.161377 -0.0545987 0.0252668 -0.0643926 0.0609896 0.0347352 0.0545281 -0.0726975
internal_weight=5674.02 3164.25 2509.77 2944.23 318.829 274.524 255.887 220.014 2190.94 258.448 150.686 64.7188 85.0087 65.4472 189.515 38.0304 160.354 73.2444 2688.34 237.94 211.108 26.8321 3.30883 151.485 95.5328 157.045 155.295 87.175 19.078 45.6408
internal_count=123634 103466 20168 100791 4205 3938 5203 2675 15963 1910 1187 1599 636 522 3302 311 4299 739 95588 7016 6741 275 46 2991 904 4253 1076 713 127 1472
is_linear=0
shrinkage=0.08


Tree=21
num_leaves=31
num_cat=0
split_feature=10 18 28 25 27 25 3 3 12 12 7 10 3 16 18 3 3 27 20 12 16 12 16 10 26 27 8 12 12 13
split_gain=4216.7 350.615 292.283 90.134 62.5195 59.1993 51.4534 48.691 43.9466 29.8097 24.0692 23.7168 49.2472 22.5754 21.6909 22.4416 20.0212 19.7675 19.4316 18.5365 18.4725 18.1576 15.646 20.6597 16.4124 14.7931 14.7181 14.6362 14.2042 12.6546
threshold=0.70632463693618786 0.91289132833480846 0.75803235173225414 -1.0000000180025095e-35 0.37549999356269842 -1.0000000180025095e-35 0.65261757373809826 0.81016731262207042 0.68990385532379161 0.18019481003284457 5.5000000000000009 0.59026268124580394 0.78319624066352855 1.0000000180025095e-35 0.86227062344551098 0.13423423469066623 0.15504807978868487 0.71068483591079723 1.0000000180025095e-35 0.51190477609634411 1.0000000180025095e-35 0.13100686669349673 1.0000000180025095e-35 0.96884703636169445 0.42261904478073126 0.45198893547058111 0.71563342213630687 0.089572194963693633 0.5313725769519807 1.0000000180025095e-35
decision_type=2 2 2 2 2 2 2 2 2 2 2 2 2 2 2 2 2 2 2 2 2 2 2 2 2 2 2 2 2 2
left_child=1 4 5 9 7 14 8 16 10 25 28 -6 -13 -14 15 29 20 -12 21 -17 -1 -9 -7 24 -24 27 -20 -3 -4 -2
right_child=2 3 6 -5 11 22 -8 18 -10 -11 17 12 13 -15 -16 19 -18 -19 26 -21 -22 -23 23 -25 -26 -27 -28 -29 -30 -31
leaf_value=0.25486004989944128 -0.020106249260124612 -0.064685276665706157 -0.0072399152036183943 0.052265927948821719 -0.08154293143291165 0.066075313121223014 0.092025202308142748 -0.02928375373772682 0.083602363800982724 0.066929836086793731 0.15537959776932439 -0.068005507210284699 0.11599971695562152 -0.040268063378439412 0.068997737231464171 -0.05886288361844038 -0.065473811960503905 -0.038186888533301738 0.015533913468906257 0.10972967539398214 -0.02675874776274197 0.24425082540612505 0.033332564779620835 0.095136781060627881 -0.04552853780771892 -0.079090556980108376 0.12545488118109668 0.156923026201986 0.076371471979447214 0.11549080077129727
leaf_weight=2.3924821261316529 9.3856623619794863 4.1018795259296885 18.949328973889351 182.32560678943992 2264.1690564248711 71.349609930068254 1813.6760990470648 37.994142113253474 136.66696997731924 12.497282885015009 3.6347226761281481 157.18788820318878 14.813117116689682 9.8515987861901522 12.575490865856407 117.80093660205603 160.42313012294471 47.533066835254431 16.921532019972805 4.3270990103483191 3.954736964777112 1.6193496510386456 35.253276251256466 16.602869689464569 32.424515184015036 65.429527102038264 14.456094212830065 3.5652096420526505 41.443351268768311 8.3002486601471883
leaf_count=29 115 55 197 1291 88645 571 14053 585 925 72 29 5125 105 129 78 2624 4777 490 147 45 101 11 303 105 292 2258 117 19 269 72
internal_value=-0.00298252 -0.066792 0.0764912 0.0204731 -0.0755036 0.00380207 0.0873499 -0.0363399 0.0531899 -0.0472497 0.0159332 -0.0793104 -0.0515144 0.0535831 -0.0316408 -0.0406926 -0.0599602 -0.0244368 0.0191483 -0.0528895 0.0793929 -0.018102 0.0385069 0.0151682 -0.00444989 -0.0667709 0.066176 0.038363 0.0501368 0.0435314
internal_weight=5321.63 2951.7 2369.92 267.92 2683.78 308.02 2061.9 237.761 248.227 85.5939 111.56 2446.02 181.853 24.6647 152.389 139.814 166.77 51.1678 70.9911 122.128 6.34722 39.6135 155.63 84.2807 67.6778 73.0966 31.3776 7.66709 60.3927 17.6859
internal_count=123634 103466 20168 3695 99771 4205 15963 5767 1910 2404 985 94004 5359 234 2934 2856 4907 519 860 2669 130 596 1271 700 595 2332 264 74 466 187
is_linear=0
shrinkage=0.08


Tree=22
num_leaves=31
num_cat=0
split_feature=12 18 3 22 27 12 27 5 25 12 5 22 2 16 12 22 3 12 11 27 26 12 9 3 25 7 5 7 5 2
split_gain=3719.13 392.794 235.467 153.067 95.4238 94.1534 93.2891 79.9832 58.7528 45.9136 44.3185 34.005 33.3147 28.8622 20.8554 31.0618 33.1835 17.664 17.0434 15.3687 15.197 13.8441 21.2037 11.2995 23.0238 22.0278 12.469 11.1397 9.13703 8.77069
threshold=0.2788888961076737 0.90327954292297374 0.65419578552246105 0.47690120339393621 0.51010203361511242 0.18019481003284457 0.42382092773914343 0.30384616553783422 1.0000000180025095e-35 0.10435571894049646 0.47727273404598242 0.6789083480834962 0.28759399056434637 1.0000000180025095e-35 0.1863425895571709 0.65240275859832775 0.82807883620262157 0.80476191639900219 0.58351215720176708 0.21521919220685962 0.13809524476528171 0.089572194963693633 1.0000000180025095e-35 0.79205974936485302 -1.0000000180025095e-35 5.5000000000000009 0.10555555671453477 8.5000000000000018 0.73214286565780651 0.80982521176338207
decision_type=2 2 2 2 2 2 2 2 2 2 2 2 2 2 2 2 2 2 2 2 2 2 2 2 2 2 2 2 2 2
left_child=1 6 3 7 21 18 9 8 17 10 29 13 -10 -11 -8 16 -16 -2 -6 -12 -13 22 28 24 25 -4 -27 -5 -3 -1
right_child=2 4 23 27 5 -7 14 -9 12 11 19 20 -14 -15 15 -17 -18 -19 -20 -21 -22 -23 -24 -25 -26 26 -28 -29 -30 -31
leaf_value=-0.076402389716094657 -0.066223562539731495 0.033785261354122499 0.057293907561799105 0.089138716695291983 -0.08178456705636597 0.078723055483519086 -0.081350061180096786 0.098807205141986931 0.063990437635238248 0.038281589640568353 0.016219816333384408 0.2562203831344837 -0.040291534413304755 -0.078991496287600868 -0.069839572711157732 0.11984011297324575 0.05483195832651825 0.13396194369449863 0.098008534672462955 -0.07031400219547583 0.078077750912335056 0.10151123414400487 -0.062460936905338507 0.091746347309774615 0.087287769551050956 0.061737843162271329 -0.11635894730311781 -0.070305434104777881 0.073793643648446469 0.10876749831584878
leaf_weight=152.39859527722001 142.74077977053821 71.917503338307142 28.412267891690135 150.09973075427115 89.37570096552372 35.152090797200799 2039.5539860874414 34.576119892299175 49.228479320183396 37.911380117759109 64.657070212066174 4.5121227856725445 32.583450859412551 20.800113618373871 166.08734890446067 6.3933232817798844 14.888521205633877 2.8778815120458594 3.5067387651652089 16.484303448349237 9.5546247512102109 35.430539367720485 10.718998093158005 1567.9172233864665 119.23712841235101 3.4306232482194892 9.4363442640751583 2.8577604219317427 74.251034662127495 1.6548680178821076
leaf_count=5589 3165 379 237 1105 3276 259 86052 243 369 533 470 34 333 358 5513 50 130 13 21 476 49 256 164 12962 940 27 123 34 434 40
internal_value=-0.00295988 -0.0627479 0.0766845 0.0225687 0.0207194 -0.0327926 -0.0732962 -0.0145553 -0.0317898 -0.0320275 -0.0492101 0.0235012 0.0224578 -0.00326553 -0.0790035 -0.0534609 -0.0595831 -0.0622673 -0.0749966 -0.00135999 0.13522 0.0563446 0.0461444 0.0896767 0.0694608 0.0179666 -0.0688743 0.0861598 0.0541088 -0.0744133
internal_weight=4998.65 2855.25 2143.4 414.964 320.353 128.035 2534.9 262.007 227.431 307.973 235.195 72.7782 81.8119 58.7115 2226.92 187.369 180.976 145.619 92.8824 81.1414 14.0667 192.318 156.888 1728.43 160.516 41.2792 12.867 152.957 146.169 154.053
internal_count=123634 104083 19551 5262 4789 3556 99294 4123 3880 7549 6575 974 702 891 91745 5693 5643 3178 3297 946 83 1233 977 14289 1327 387 150 1139 813 5629
is_linear=0
shrinkage=0.08


Tree=23
num_leaves=31
num_cat=0
split_feature=28 25 26 25 5 18 22 3 26 9 11 16 3 22 9 22 28 1 18 2 26 2 27 28 2 3 11 3 11 11
split_gain=3408.12 238.777 187.288 94.642 86.5211 86.062 85.6321 70.8766 65.6421 74.9285 42.8553 29.5038 25.8891 26.4384 25.4312 23.6525 22.2064 21.8665 21.7064 19.6334 17.2777 16.4458 14.9997 14.9772 14.1834 12.943 11.87 11.2588 10.0592 9.74449
threshold=0.81266710162162792 1.0000000180025095e-35 0.097619049251079573 -1.0000000180025095e-35 0.47727273404598242 0.8397163748741151 0.58204832673072826 0.13423423469066623 0.085144929587841048 1.0000000180025095e-35 0.58960863947868358 1.0000000180025095e-35 0.65261757373809826 0.45664159953594213 0.67986929416656505 0.78007438778877269 0.95108005404472362 0.54653680324554454 0.7680487632751466 0.78611555695533764 0.24264705926179889 0.62767899036407482 0.53711354732513439 0.91683137416839611 0.85053193569183361 0.80810147523880016 0.64767315983772289 0.58578637242317211 0.57212206721305858 0.58351215720176708
decision_type=2 2 2 2 2 2 2 2 2 2 2 2 2 2 2 2 2 2 2 2 2 2 2 2 2 2 2 2 2 2
left_child=1 4 3 29 7 6 10 15 9 19 22 21 13 16 24 20 17 -4 -16 -6 -1 -10 -3 25 -9 -5 -13 -12 -11 -2
right_child=2 5 12 23 8 -7 -8 14 11 28 27 26 -14 -15 18 -17 -18 -19 -20 -21 -22 -23 -24 -25 -26 -27 -28 -29 -30 -31
leaf_value=-0.074577878821706287 -0.074081029938635995 -0.020219974840438401 -0.019670072988644358 -0.084642424769043573 0.044962768748125839 0.095239011502953566 0.095614747210711115 -0.079451609455615635 0.21318597656752136 -0.079937670603534072 0.0011200605550399612 -0.051562389471995686 0.089120601526770302 0.090005595940514951 -0.054423346212110868 0.11592551472303059 0.084360156737657926 0.090031026397844854 0.04713637590084991 -0.046956330687569256 0.028829855695713068 0.070067033891566516 -0.077326464014633264 0.065053116554217374 0.10197587836922478 0.027481413022176774 0.067737425904177778 0.084134053149162488 0.18271845166112155 0.074683928649496925
leaf_weight=17.223523177206516 67.55674584582448 42.992589145898819 53.74868692830205 7.2963948622345915 53.056522056460381 58.285582346841693 37.745822122320533 1989.9716384131461 6.403107611462473 157.97018817998469 30.259473145008087 18.130368033424023 1559.7955100741237 87.124122574925423 71.145785011351109 11.663117503747342 32.482569687068462 14.839512502774594 16.613891877233982 20.663990952074528 25.877853251993656 26.019424540922046 93.361174849793315 89.33416561037302 2.7615751661360255 67.961670922115445 7.564724287018179 15.976956054568289 0.93872975744306941 2.9406414553523055
leaf_count=721 2719 890 385 145 327 542 332 87126 64 6812 361 425 13848 694 1580 112 220 107 111 127 370 272 3782 640 42 673 53 122 13 19
internal_value=-0.00293931 -0.0613489 0.0767226 0.00968358 -0.0694044 0.00879192 -0.014076 -0.0749793 -0.028462 -0.0474617 -0.0367517 0.0475884 0.0857388 0.0577097 -0.077344 0.0148566 0.0298703 0.00406449 -0.035197 0.0191977 -0.0124924 0.0983315 -0.0593207 0.0429034 -0.0792002 0.0166108 -0.0164401 0.0298055 -0.0783861 -0.0678756
internal_weight=4687.71 2704.63 1983.08 235.09 2426 278.622 220.336 2135.26 290.747 232.629 182.59 58.1176 1747.99 188.195 2080.49 54.7645 101.071 68.5882 87.7597 73.7205 43.1014 32.4225 136.354 164.592 1992.73 75.2581 25.6951 46.2364 158.909 70.4974
internal_count=123634 104184 19450 4196 98155 6029 5487 90062 8093 7279 5155 814 15254 1406 88859 1203 712 492 1691 454 1091 336 4672 1458 87168 818 478 483 6825 2738
is_linear=0
shrinkage=0.08


Tree=24
num_leaves=31
num_cat=0
split_feature=10 1 28 25 3 7 9 10 10 3 10 25 18 3 25 26 12 26 10 8 8 0 3 18 2 0 9 2 3 7
split_gain=3163.79 288.462 245.319 72.1523 66.7975 60.9159 52.6061 36.5736 36.452 33.0806 28.0196 36.2707 30.5111 25.7615 24.8986 23.9793 22.8413 16.189 18.5348 14.1763 13.3714 12.5726 13.3746 10.5275 13.5805 11.7737 8.95297 7.35504 15.0516 7.25188
threshold=0.70632463693618786 0.92907443642616283 0.81705284118652355 -1.0000000180025095e-35 0.83096903562545787 5.5000000000000009 1.0000000180025095e-35 0.8582010567188264 0.53993865847587597 0.80810147523880016 0.57739216089248668 -1.0000000180025095e-35 0.7307361662387849 0.65261757373809826 1.0000000180025095e-35 0.34523810446262365 0.71825397014617931 0.93303570151329052 0.96647939085960399 0.81322672963142406 0.37965516746044164 0.91715687513351452 0.92907443642616283 0.85392048954963695 0.81375637650489818 0.82009246945381176 0.43765547871589666 0.3144462406635285 0.52419984340667736 2.5000000000000004
decision_type=2 2 2 2 2 2 2 2 2 2 2 2 2 2 2 2 2 2 2 2 2 2 2 2 2 2 2 2 2 2
left_child=1 6 4 8 5 7 9 15 -3 29 -8 26 -13 16 -7 -2 17 -4 -19 -9 -16 22 -5 25 -25 -11 -12 -18 -29 -1
right_child=2 3 13 21 -6 14 10 19 -10 23 11 12 -14 -15 20 -17 27 18 -20 -21 -22 -23 -24 24 -26 -27 -28 28 -30 -31
leaf_value=-0.021440444668639588 0.044927792607967358 -0.072541342471734632 0.045047856821184958 -0.061763016116759994 0.082258151015441192 -0.063803390085134137 -0.080509512742169692 0.16077167619631622 0.060645878414535316 -0.054296879319503097 0.0081432371403192417 -0.026817476488875679 0.12233528163396644 0.08908842378285689 0.10657626338808017 -0.035436827215292878 0.092056073840391356 -0.083494401633407045 0.10185055394518219 0.057628277097070718 -0.010965107450167672 0.065319805551040652 0.03416710994361824 0.10535948515050919 0.0048712815705166798 0.12665782190482155 -0.072459490073169125 -0.063069125242768448 0.087485869058527538 -0.072544602329848273
leaf_weight=25.312357956543565 40.070269180461764 66.814684700220823 56.283143859356642 10.580034816637633 76.152513325214386 95.25608865916729 1827.5378835871816 9.7192202284932119 16.374667039141059 15.107198314741256 9.4497990403324348 29.49444692581892 12.496615102514623 1424.9738990068436 7.4662027396261683 58.385899009183049 81.606757529079914 14.710307218134405 4.5123009011149398 69.59710400365293 36.353530755266547 88.607195757329464 76.967115521430969 15.294942073523996 19.685227759182453 2.7147181779146186 132.2439999487251 6.4045869112014797 12.631736397743223 59.65088251978159
leaf_count=646 432 2919 407 165 586 2212 89245 68 120 240 244 1026 133 13532 52 1012 670 119 30 576 339 644 675 134 103 16 5126 34 99 2030
internal_value=-0.0029105 -0.0646217 0.071619 0.0150778 0.0149827 -0.00118659 -0.07424 0.0298392 -0.0463253 -0.0264154 -0.0775159 -0.0477316 0.0175707 0.0855206 -0.0408451 -0.00272956 0.0566586 0.0233994 -0.0399867 0.0702672 0.00906212 0.0440755 0.022574 0.0233121 0.0488094 -0.026733 -0.067084 0.0816108 0.0368331 -0.0573196
internal_weight=4402.46 2408.33 1994.12 259.344 393.001 316.848 2148.99 177.772 83.1894 137.765 2011.22 183.685 41.9911 1601.12 139.076 98.4562 176.149 75.5058 19.2226 79.3163 43.8197 176.154 87.5472 52.8021 34.9802 17.8219 141.694 100.643 19.0363 84.9632
internal_count=123634 103466 20168 4523 5277 4691 98943 2088 3039 3169 95774 6529 1159 14891 2603 1444 1359 556 149 644 391 1484 840 493 237 256 5370 803 133 2676
is_linear=0
shrinkage=0.08


Tree=25
num_leaves=31
num_cat=0
split_feature=28 12 12 27 25 27 22 3 5 3 22 5 3 22 22 2 25 13 5 1 11 2 16 16 0 7 3 12 9 1
split_gain=2802.19 334.341 184.178 105.73 100.56 89.309 36.7349 40.497 36.4166 33.6223 36.1534 29.8496 26.3445 24.7172 23.8965 21.2519 18.5568 15.916 14.7923 14.4019 13.9231 11.7339 9.54023 8.9498 8.6867 8.66174 8.24231 7.90191 18.9587 14.918
threshold=0.81705284118652355 0.21240601688623431 0.18019481003284457 0.50170066952705394 -1.0000000180025095e-35 0.35946278274059301 0.6442561447620393 0.76253134012222301 0.47727273404598242 0.78319624066352855 0.58499062061309826 0.47727273404598242 0.65261757373809826 0.78007438778877269 0.53144779801368724 0.78611555695533764 1.0000000180025095e-35 1.5000000000000002 0.73214286565780651 0.59675306081771862 0.58351215720176708 0.77849927544593822 1.0000000180025095e-35 1.0000000180025095e-35 0.11189358308911325 7.5000000000000009 0.80810147523880016 0.17519181966781619 0.34930197894573217 0.99462366104125988
decision_type=2 2 2 2 2 2 2 2 2 2 2 2 2 2 2 2 2 2 2 2 2 2 2 2 2 2 2 2 2 2
left_child=1 5 3 18 6 8 7 17 13 10 11 -6 14 21 16 23 19 -3 26 -4 -5 -1 -9 -10 -15 -17 -2 -7 -29 -30
right_child=2 4 12 20 9 27 -8 22 15 -11 -12 -13 -14 24 -16 25 -18 -19 -20 -21 -22 -23 -24 -25 -26 -27 -28 28 29 -31
leaf_value=-0.065543203700591843 -0.07772914867682805 -0.063266336695996531 -0.029556414404018447 -0.080408957080127422 -0.015487994258044441 -0.080858571839948046 0.098866379350253039 0.064859149393402871 0.066421076743187216 0.089859322793975696 0.089387162401595111 0.10334394441701171 0.087875552558853973 0.17116543700304424 0.089936202429294454 -0.069150801344524684 0.059675011474469207 0.052119563346508697 0.068390392389979307 0.09997285576953796 0.083818591913895873 0.058632740138334041 -0.014231352623321366 0.0059649366967711517 -0.042998858450328914 0.047810896018222908 0.025648661176393472 0.31228077943213645 -0.064416102040785891 0.17256055587035424
leaf_weight=116.59235985763371 5.3652974832803002 171.05006893910468 36.861705157905817 69.809456998482347 104.98558134026825 1642.0151520688087 12.550674196332691 22.826037716120481 34.595196597278118 64.28223972953856 37.922344882041216 15.529773475602267 1353.7936981096864 4.1202918477356425 70.556911297142506 21.127743948251013 55.287943154573441 8.0090369246900064 79.521518701687455 6.4558332003653041 3.467999003827571 5.0824993550777426 17.053239729255438 28.649929760023952 1.7173020504415033 5.0139269754290572 61.687951793894172 0.88951647467911144 76.452430333942175 1.7387850917875756
leaf_count=4603 105 5675 282 2926 1604 86973 73 156 290 543 303 116 13709 29 646 212 385 131 542 47 21 81 179 228 42 28 519 18 3155 13
internal_value=-0.0028818 -0.0590934 0.0742751 0.00582691 0.00268459 -0.0735724 -0.0342377 -0.0418679 -0.0251959 0.0410606 0.0212618 -0.000175148 0.0841562 -0.0526413 0.0543906 0.0139558 0.028956 -0.0581053 0.0450533 -0.010252 -0.0726366 -0.0603562 0.0310383 0.0390346 0.108163 -0.0467178 0.0173768 -0.079669 -0.0549684 -0.0591463
internal_weight=4135.01 2392.2 1742.81 219.852 454.209 1938 231.489 218.938 216.899 222.72 158.438 120.515 1522.96 127.512 169.162 89.3868 98.6055 179.059 146.575 43.3175 73.2775 121.675 39.8793 63.2451 5.83759 26.1417 67.0532 1721.1 79.0807 78.1912
internal_count=123634 104452 19182 4113 8780 95672 6214 6141 5513 2566 2023 1720 15069 4755 1360 758 714 5806 1166 329 2947 4684 335 518 71 240 624 90159 3186 3168
is_linear=0
shrinkage=0.08


Tree=26
num_leaves=31
num_cat=0
split_feature=10 18 3 22 25 10 5 25 12 5 11 13 1 22 12 0 3 12 5 16 10 13 26 16 10 12 11 12 22 12
split_gain=2611.15 251.436 212.059 108.385 62.0641 61.2645 47.8391 41.3022 31.0063 27.6075 26.2894 25.3565 24.5866 22.8005 25.2614 20.332 19.2769 30.2818 26.0916 22.3305 16.8902 22.3164 12.2862 10.9884 18.329 10.1294 26.2241 9.84131 9.00494 9.48425
threshold=0.70632463693618786 0.90327954292297374 0.65419578552246105 0.56980520486831676 -1.0000000180025095e-35 0.9388999640941621 0.47727273404598242 -1.0000000180025095e-35 0.10435571894049646 0.30384616553783422 0.21800179779529574 1.0000000180025095e-35 0.78319624066352855 0.80901724100112926 0.10435571894049646 0.21132376790046695 0.83096903562545787 0.41421568393707281 0.10555555671453477 1.0000000180025095e-35 0.51038074493408214 1.0000000180025095e-35 0.074175827205181136 1.0000000180025095e-35 0.97158998250961315 0.12973351776599887 0.20067114382982257 0.45804196596145635 0.64326766133308422 0.53589746356010448
decision_type=2 2 2 2 2 2 2 2 2 2 2 2 2 2 2 2 2 2 2 2 2 2 2 2 2 2 2 2 2 2
left_child=1 6 3 5 11 9 13 20 10 15 -9 22 -10 27 -15 -2 17 18 -4 -20 -8 -22 -3 -7 -25 26 -6 -1 29 -5
right_child=2 4 16 28 25 23 7 8 12 -11 -12 -13 -14 14 -16 -17 -18 -19 19 -21 21 -23 -24 24 -26 -27 -28 -29 -30 -31
leaf_value=-0.07884835352321011 -0.0061178265403361255 -0.078538392232579274 0.17054072267784853 0.006697322129526906 0.044693250937198406 0.081214759448900317 -0.080168939936472464 0.01322240226637935 0.49666464156763468 0.065580474748039047 -0.081849976068194427 0.091971960004022246 0.090230819881230995 -0.067248038348408715 0.20836678961201346 -0.064585327690722019 0.087435151173141185 0.078524896421676704 0.032492811421939501 -0.08308704573361568 -0.044728777119652563 0.16987671342810579 0.0055691632570645487 -0.050424308352423119 0.056927536466899832 0.092896656389197571 -0.055409903781053559 0.23213413378335454 0.090038957564152006 0.099619070078380778
leaf_weight=1618.3659721463919 56.367642166092992 56.458015324547887 5.5409231688827267 19.515028558671478 133.01168432831764 34.315534818917513 111.86285010352731 62.614639708772302 1.0666379556059826 15.575989892706273 26.489520581439137 7.5859003309160462 8.9075832236558181 4.949958495795725 3.733619462698698 117.23438069224358 1175.6176527887583 151.11495838686824 26.875540612265468 17.773283125832677 13.65942087583244 4.0120166968554249 13.84029954113066 15.21676911972463 30.74496366456151 19.815065650269389 19.161663049831986 0.65153197944164176 96.454128105193377 10.988123923540114
leaf_count=90216 872 2860 42 143 819 245 6114 434 22 121 1321 77 142 214 22 2792 12681 1529 250 195 359 65 163 117 217 171 464 3 865 99
internal_value=-0.00285241 -0.0630756 0.0686745 0.0171156 0.0122638 -0.0115979 -0.0732168 -0.0389484 -6.81357e-05 -0.0364471 -0.0150414 -0.0469845 0.133695 -0.0780298 0.0512562 -0.0456012 0.0835182 0.0606433 0.00680389 -0.0135159 -0.0686872 0.00399396 -0.0619793 0.0469606 0.0213861 0.0390941 0.0320883 -0.0787232 0.0780574 0.0401704
internal_weight=3879.52 2106.19 1773.33 396.413 249.873 269.455 1856.31 228.613 99.0784 189.178 89.1042 77.8842 9.97422 1627.7 8.68358 173.602 1376.92 201.305 50.1897 44.6488 129.534 17.6714 70.2983 80.2773 45.9617 171.988 152.173 1619.02 126.957 30.5032
internal_count=123634 103466 20168 5471 4554 4364 98912 8457 1919 3785 1755 3100 164 90455 236 3664 14697 2016 487 445 6538 424 3023 579 334 1454 1283 90219 1107 242
is_linear=0
shrinkage=0.08


Tree=27
num_leaves=31
num_cat=0
split_feature=10 1 3 10 5 13 25 10 25 12 10 2 25 11 7 18 17 10 1 10 9 2 0 13 8 7 20 5 7 8
split_gain=2370.01 278.954 153.688 88.0447 50.8979 44.5996 44.502 43.4425 40.9485 30.4986 24.8506 24.5047 24.4039 23.6528 19.8375 17.6329 16.1852 16.1681 22.5915 12.2585 24.9783 10.6131 12.593 10.4648 10.1515 9.50441 9.47048 8.56089 8.09291 9.76871
threshold=0.75281468033790599 0.92907443642616283 0.78629976511001598 0.9388999640941621 0.47727273404598242 1.0000000180025095e-35 -1.0000000180025095e-35 0.53993865847587597 -1.0000000180025095e-35 0.10435571894049646 0.62534916400909435 0.62767899036407482 -1.0000000180025095e-35 0.21800179779529574 6.5000000000000009 0.82000502943992626 1.0000000180025095e-35 0.58113884925842296 0.78319624066352855 0.56533119082450878 1.0000000180025095e-35 0.82807883620262157 0.66312056779861461 1.0000000180025095e-35 0.44151847064495092 4.5000000000000009 1.0000000180025095e-35 0.4083333313465119 5.5000000000000009 0.57259953022003185
decision_type=2 2 2 2 2 2 2 2 2 2 2 2 2 2 2 2 2 2 2 2 2 2 2 2 2 2 2 2 2 2
left_child=1 4 3 5 10 16 7 -3 17 13 21 -11 -12 -10 26 -14 25 -6 -19 20 -8 -1 -23 -22 -16 -2 -7 -18 -5 -30
right_child=2 6 -4 28 8 14 19 -9 9 11 12 -13 15 -15 24 -17 27 18 -20 -21 23 22 -24 -25 -26 -27 -28 -29 29 -31
leaf_value=-0.07956985003355424 -0.025768060981910743 -0.070056012061610523 0.086113624569362945 0.081135668490987745 -0.077117906408186318 0.03787718053492635 0.045533432097802175 0.062431967437616094 0.010524754949426099 0.36808691231424229 -0.065218478009893888 0.069128629672402936 -0.020479463098330378 -0.084039183461324204 0.045761250085666547 0.1040335478118585 -0.012364870572474703 0.24410708397509048 -0.029873607112737025 0.086673904020397027 -0.072885464365415445 0.31142289181774113 -0.022267254094552422 0.077746214318463805 -0.037234270922513447 -0.082539064320761302 0.099247517291536802 0.084638792288496051 0.070993167821889774 0.0033843785786815011
leaf_weight=1426.2633332274854 33.338318603113294 54.570093546062708 1135.1212451308966 142.828688044101 107.26958304829895 75.716370698064566 121.77913561835885 22.317367354407907 65.996865652501583 2.1225351095199576 96.13054945319891 10.125959554687141 30.860480299219489 22.768322139978409 13.301778415217994 9.5259325262159091 31.52771258726716 2.2684775162488213 12.762752257287501 31.441068110987544 17.923009591177109 0.79073017835616966 8.5517240613698942 3.5336908102035514 32.419786848127842 43.499226994812489 20.436539500951767 7.1416275501251212 36.723739564418793 21.795180566608906
leaf_count=87175 462 2919 13119 1438 6181 743 761 177 453 27 3845 147 829 1229 137 70 586 26 157 307 503 22 259 48 459 872 168 59 267 189
internal_value=-0.002826 -0.0597805 0.0703214 0.0312436 -0.0708349 0.000244581 0.019116 -0.0316 -0.0350962 0.00259807 -0.0759115 0.120935 -0.0432948 -0.013731 0.0302928 0.00888939 -0.036663 -0.0662295 0.0114749 0.0414396 0.0315105 -0.0790131 0.00597574 -0.048078 -0.0130884 -0.0579072 0.050921 0.0055502 0.0708695 0.0458125
internal_weight=3640.85 2047 1593.85 458.729 1795.44 257.381 251.564 76.8875 223.314 101.014 1572.12 12.2485 136.517 88.7652 141.874 40.3864 115.507 122.301 15.0312 174.677 143.236 1435.61 9.34245 21.4567 45.7216 76.8375 96.1529 38.6693 201.348 58.5189
internal_count=123634 105135 18499 5380 100420 3486 4715 3096 8220 1856 92200 174 4744 1682 1507 899 1979 6364 183 1619 1312 87456 281 551 596 1334 911 645 1894 456
is_linear=0
shrinkage=0.08


Tree=28
num_leaves=31
num_cat=0
split_feature=10 27 28 3 10 3 18 22 13 13 3 1 10 20 22 16 22 5 12 5 16 11 11 12 27 3 12 6 1 0
split_gain=2146.63 236.265 203.52 85.5879 53.4185 67.7905 51.644 64.9557 30.2523 24.8119 23.7 32.3788 21.3542 21.0779 16.0717 13.8294 12.902 14.1354 11.9598 11.5416 11.3258 14.3784 10.9499 10.8463 10.8253 10.0169 9.39529 8.75195 8.50993 9.6126
threshold=0.70632463693618786 0.41202270984649664 0.82554244995117199 0.81754159927368175 0.58113884925842296 0.81754159927368175 0.80167940258979808 0.64174234867095958 1.5000000000000002 1.5000000000000002 0.55036231875419628 0.27639257907867437 0.87340134382247936 1.0000000180025095e-35 0.78629976511001598 1.0000000180025095e-35 0.60120484232902538 0.47727273404598242 0.13100686669349673 0.47727273404598242 1.0000000180025095e-35 0.64767315983772289 0.30996833741664892 0.050641026347875602 0.58189269900321972 0.77694860100746166 0.26794873178005224 2.5000000000000004 0.56691542267799389 0.32305502891540533
decision_type=2 2 2 2 2 2 2 2 2 2 2 2 2 2 2 2 2 2 2 2 2 2 2 2 2 2 2 2 2 2
left_child=1 3 6 8 -3 16 7 9 14 12 11 -4 -2 18 19 -7 17 -6 -5 -1 -8 25 27 -16 -11 -22 -17 -15 29 -13
right_child=2 4 10 13 5 15 20 -9 -10 24 -12 28 -14 22 23 26 -18 -19 -20 -21 21 -23 -24 -25 -26 -27 -28 -29 -30 -31
leaf_value=-0.069518512865934509 -0.048952816484787026 -0.079904751590071391 0.070460475281974036 -0.029901882467913945 -0.072934398660781191 0.095947017204959267 0.082483236348624006 0.085040382252878396 0.59626559017153491 0.15528843496239014 0.085086323863841046 0.01333305855582813 0.0078786260568783299 0.020995810103482223 -0.084191089846143222 -0.070411592673984932 0.073777929277147727 0.034877555877398013 0.15970995749876937 -0.018196339202716946 -0.1044392589545077 0.064220215745464451 0.15331223123026683 0.18533501053080623 0.024746088391169156 0.035610213795546859 0.08238828299306597 0.060590603307918864 0.099194013278201973 -0.086418949903361478
leaf_weight=96.050313397310674 138.84485545754433 1357.1171701271087 94.106737475842237 35.617039549164474 106.12806846853346 26.022085951641202 63.237263463437557 42.382635936141014 0.46563167124986549 5.6824358776211765 1094.1975608095527 11.018434457480913 60.862411765381694 62.188945339992642 1.395489215850829 6.6789579372853023 4.4523018803447476 8.3991037383675557 2.2643394321203223 39.608122412115335 7.1391737684607488 23.353520145639777 6.0801712106913319 3.0311645064502954 14.287681024521588 6.0285422652959824 4.1917179450392723 83.968431683257222 3.0345958545804015 14.0875141993165
leaf_count=5338 3343 89617 890 675 5584 227 594 357 13 40 13614 83 637 448 53 88 92 131 16 500 73 223 49 22 123 48 35 578 23 120
internal_value=-0.00279692 -0.061422 0.0656863 -0.000162923 -0.0748103 -0.0304554 0.0130113 -0.00563656 -0.0474993 -0.023131 0.0813539 0.0479463 -0.031633 0.0348318 -0.0496391 0.0642894 -0.0598336 -0.0650278 -0.0185679 -0.054534 0.0619982 0.026528 0.0481193 0.100368 0.0618915 -0.0403208 -0.0114922 0.0437433 -0.0273451 -0.04264
internal_weight=3421.92 1843.66 1578.26 330.67 1512.99 155.872 361.819 262.06 140.551 219.677 1216.44 122.247 199.707 190.119 140.085 36.8928 118.979 114.527 37.8814 135.658 99.7585 36.5212 152.238 4.42665 19.9701 13.1677 10.8707 146.157 28.1405 25.1059
internal_count=123634 103466 20168 7692 95774 6157 5438 4500 5926 4143 14730 1116 3980 1766 5913 350 5807 5715 691 5838 938 344 1075 75 163 121 123 1026 226 203
is_linear=0
shrinkage=0.08


Tree=29
num_leaves=31
num_cat=0
split_feature=10 5 3 25 10 10 22 12 27 16 2 22 13 13 20 10 26 12 5 2 1 6 16 8 12 26 9 0 12 28
split_gain=1947.68 247.162 148.097 91.6139 74.6398 48.6559 44.3282 33.8983 45.8454 31.7364 27.4315 27.41 20.8708 16.9802 16.7397 16.2353 22.6538 15.785 15.1491 10.8941 10.4628 10.3592 10.1031 6.56917 6.55827 8.66425 5.9101 5.59569 5.17419 5.09641
threshold=0.75281468033790599 0.47727273404598242 0.78629976511001598 -1.0000000180025095e-35 0.9388999640941621 0.51038074493408214 0.64174234867095958 0.13840996474027636 0.44310989975929266 1.0000000180025095e-35 0.82807883620262157 0.80901724100112926 1.0000000180025095e-35 1.0000000180025095e-35 1.0000000180025095e-35 0.61920124292373668 0.13809524476528171 0.10435571894049646 0.30384616553783422 0.62432795763015758 0.81872946023941051 1.5000000000000002 1.0000000180025095e-35 0.79795917868614208 0.80476191639900219 0.93303570151329052 0.53363502025604259 0.72377106547355663 0.13423423469066623 0.73192510008811962
decision_type=2 2 2 2 2 2 2 2 2 2 2 2 2 2 2 2 2 2 2 2 2 2 2 2 2 2 2 2 2 2
left_child=1 10 4 5 6 -3 9 8 14 18 11 15 22 -11 -5 -1 -17 -13 -2 -9 -14 -12 -7 24 25 -6 -10 -23 -4 -30
right_child=2 3 28 7 23 12 -8 19 26 13 21 17 20 -15 -16 16 -18 -19 -20 -21 -22 27 -24 -25 -26 -27 -28 -29 29 -31
leaf_value=-0.079465393198684925 -0.0013786651347389481 -0.075669980714151153 -0.030390197522730176 -0.025807770905170696 0.047299044942779062 0.033100121478242858 0.081799294764488106 0.25474200169388406 -0.082613080670811925 -0.07030252477268048 0.10226648494104965 -0.061577757547745408 0.29913262077523539 -0.0090239082559775731 0.039092275092272276 0.10074698547013224 -0.05693057861175535 0.1554477210118855 0.068651536777430938 0.084662370941274032 0.082606735068963016 0.19744399853981287 -0.058023911960822877 0.077519011352628259 0.077381936008559415 -0.040178892295338289 0.093489672179724329 -0.059336591907741591 0.045231286605638001 0.085507397815613659
leaf_weight=1224.1939349062741 64.490833058953285 125.58837989345193 2.5077643021941176 30.349825547076762 27.787426112219691 15.84463354293257 35.572271451354027 2.5940857138484708 30.360693422146145 63.890849687159061 7.3616918725892884 3.6823976309970003 1.6577842254191626 52.904188537970185 157.08124194853008 6.132524609565734 118.80513305217028 5.1370281483978033 28.508964626118541 34.014727957546711 10.315935796126722 0.59753408003598441 15.312246484681964 121.18296525627375 24.96498990803957 9.8025042824447137 1.2707190662622441 5.9661999866366386 20.534771844744682 965.38939298689365
leaf_count=87177 985 8319 20 302 211 196 312 22 1631 1278 119 190 19 645 1041 168 4876 29 266 369 107 9 346 1370 246 67 14 201 156 12943
internal_value=-0.00276715 -0.0580921 0.0673392 -0.00473768 0.028094 -0.0504936 -0.000778551 0.0254569 0.0135487 -0.0147802 -0.0745973 -0.0757428 0.0228155 -0.0425454 0.0285833 -0.0766618 -0.049191 0.0648325 0.020089 0.0967141 0.112585 0.0371134 -0.0116834 0.0666509 0.0455968 0.024487 -0.0755386 -0.0359604 0.0843766 0.0846685
internal_weight=3213.8 1796.27 1417.54 424.39 429.105 168.719 245.367 255.671 219.062 209.795 1371.88 1357.95 43.1306 116.795 187.431 1349.13 124.938 8.81943 92.9998 36.6088 11.9737 13.9254 31.1569 183.738 62.5549 37.5899 31.6314 6.56373 988.432 985.924
internal_count=123634 105135 18499 12366 5380 8987 3486 3379 2988 3174 92769 92440 668 1923 1343 92221 5044 219 1251 391 126 329 542 1894 524 278 1645 210 13119 13099
is_linear=0
shrinkage=0.08


Tree=30
num_leaves=31
num_cat=0
split_feature=10 10 28 10 3 3 18 22 22 3 0 13 10 5 26 8 13 20 13 16 7 28 18 18 13 26 5 8 0 8
split_gain=1765.54 203.056 184.563 69.3152 58.938 48.5918 42.8849 52.1807 27.1646 24.6505 28.1621 20.4165 19.5414 18.2182 15.8379 13.1866 11.6102 11.503 9.84786 11.5486 9.57475 27.175 12.2886 9.25371 21.0544 10.6842 8.84153 8.75867 8.12681 8.04838
threshold=0.70632463693618786 1.0000000180025095e-35 0.82554244995117199 0.57739216089248668 0.8216732144355775 0.80810147523880016 0.80167940258979808 0.64326766133308422 0.65240275859832775 0.55036231875419628 0.22756041586399081 1.5000000000000002 0.81375637650489818 0.47727273404598242 0.42261904478073126 0.52679425477981578 1.0000000180025095e-35 1.0000000180025095e-35 1.0000000180025095e-35 1.0000000180025095e-35 2.5000000000000004 0.34930197894573217 0.84331795573234569 0.92415231466293346 1.0000000180025095e-35 0.074175827205181136 0.10555555671453477 0.89871793985366832 0.49332858622074133 0.84698995947837841
decision_type=2 2 2 2 2 2 2 2 2 2 2 2 2 2 2 2 2 2 2 2 2 2 2 2 2 2 2 2 2 2
left_child=1 5 6 23 8 20 7 11 13 10 -4 12 -2 -5 -13 -12 -6 -7 19 -8 21 -1 -23 -3 25 -25 -21 -10 -17 -19
right_child=2 3 9 4 16 17 18 -9 27 -11 15 14 -14 -15 -16 28 -18 29 -20 26 -22 22 -24 24 -26 -27 -28 -29 -30 -31
leaf_value=1.1501765166817826 -0.057798940643545425 -0.079133698002665773 0.071966467348810723 -0.06870580742267729 0.017118431375764333 -0.015423664027835461 0.069802266088253129 0.080463351727076277 -0.0089751762992261799 0.083459551036690824 0.044463727445816045 0.14982378000021576 -0.006309492346996624 0.040938793758318916 0.0015260393026524178 -0.068886663328012368 0.10335424101712837 0.021159831500640113 0.080411963003402254 0.11916712089313966 -0.06744854325276993 -0.083965121114650168 0.038147912994559018 -0.080454661074290057 0.10192938883484212 0.032460695480821367 -0.041554733456357316 0.18870004038977364 0.089236567167401526 0.060468479670902062
leaf_weight=0.12992078065872448 84.988512802869081 1179.7582854554057 75.867101863026619 104.29315013997257 19.120685671456158 25.356273462995887 19.479163920506835 38.160147719085217 2.296800651587545 951.24557853490114 15.207237228751181 7.2916237879544523 106.02191554941237 10.69303555972874 12.527744639664887 19.817818159237508 20.92814367916435 59.225162090733647 53.789571460336447 2.5493486672639873 45.910929728299379 8.7349502146244067 13.312373891472815 34.298767188563943 5.6567026264965525 6.3571569994091979 15.56553667783737 3.821197122335434 2.324178732931613 76.260474611073732
leaf_count=8 2551 90728 822 6162 183 286 179 354 33 13614 109 59 1432 151 104 166 206 404 593 20 2043 412 232 1913 52 69 146 39 19 545
internal_value=-0.00273415 -0.0597539 0.0628626 -0.0712734 -0.0219482 0.0100497 0.011584 -0.00561919 -0.0497699 0.0792596 0.0439714 -0.0212001 -0.0292193 -0.0585095 0.0560854 -0.0128948 0.0621823 0.0340301 0.0584568 0.0270433 -0.0465982 -0.00343415 -0.0102322 -0.0777567 -0.0426785 -0.0627987 -0.018936 0.114489 -0.0522889 0.0432854
internal_weight=3020.99 1616.15 1404.84 1387.22 161.153 228.93 340.374 248.99 121.104 1064.46 113.216 210.83 191.01 114.986 19.8194 37.3492 40.0488 160.842 91.3836 37.594 68.0882 22.1772 22.0473 1226.07 46.3126 40.6559 18.1149 6.118 22.142 135.486
internal_count=123634 103466 20168 99536 6774 3930 5438 4500 6385 14730 1116 4146 3983 6313 163 294 389 1235 938 345 2695 652 644 92762 2034 1982 166 72 185 949
is_linear=0
shrinkage=0.08


Tree=31
num_leaves=31
num_cat=0
split_feature=10 5 3 25 10 10 10 10 27 26 16 7 13 2 8 5 2 18 5 2 1 20 2 3 9 27 9 7 8 7
split_gain=1600.51 267.879 93.1858 77.679 54.5428 42.429 41.2568 39.1411 38.491 29.5643 25.9226 21.2329 18.5707 16.6451 16.4558 16.0387 15.6689 13.8579 13.6364 12.9845 12.5578 12.4556 11.0079 10.2247 9.28719 8.93197 21.7005 8.53577 8.91231 6.52419
threshold=0.80145984888076793 0.47727273404598242 0.78629976511001598 -1.0000000180025095e-35 0.49896265566349035 0.61302095651626598 0.9388999640941621 0.48700156807899481 0.44310989975929266 0.25833334028720861 1.0000000180025095e-35 6.5000000000000009 1.5000000000000002 0.59317129850387584 0.69732204079628002 0.095454547554254546 0.71834936738014232 0.89465475082397472 0.73214286565780651 0.88067796826362621 0.92031747102737438 1.0000000180025095e-35 0.12599206715822223 0.11215933039784433 0.85783973336219799 0.41202270984649664 0.41943350434303289 5.5000000000000009 0.57259953022003185 8.5000000000000018
decision_type=2 2 2 2 2 2 2 2 2 2 2 2 2 2 2 2 2 2 2 2 2 2 2 2 2 2 2 2 2 2
left_child=1 5 6 4 -3 19 11 8 18 12 13 14 16 -6 -2 22 -7 23 -5 25 -12 -16 -13 -11 -17 26 -1 -8 -29 -30
right_child=2 3 -4 7 10 9 27 -9 -10 17 20 15 -14 -15 21 24 -18 -19 -20 -21 -22 -23 -24 -25 -26 -27 -28 28 29 -31
leaf_value=-0.0592040925871445 0.218733808615243 -0.075643668792231999 0.083911168216117091 0.0088621821403053365 0.26191787103974606 -0.019056005403217727 0.07502302886768758 0.08547541293239963 -0.08158575058669465 0.069446755072778019 -0.087393978761813179 -0.077410315666628385 0.18491460772391052 0.051195623527716443 0.010401516885051048 -0.077171535154613849 0.099748721002345345 0.083855069880251348 0.0552003056164369 0.079404750913027844 0.027629130374323456 0.07868038077202287 0.011805407582665921 -0.066972274057340506 -0.25737548793987403 -0.080530215014327874 0.26013510391538625 0.061769887013096492 0.02789009899367768 -0.068001864383307922
leaf_weight=90.110887518152595 2.8346107099205247 106.16956571675837 820.92057420313358 118.86542919930071 2.6077592419460407 45.819276679307222 115.16657317057252 59.680658154189587 24.797055407427251 3.624543134123086 14.780197371728718 11.422359181568025 3.6868760455399743 29.981330960988998 89.019419139251113 11.658951345831154 8.4086591629311425 4.2629759460687628 61.764097571372986 3.3532450515776864 10.313629240728915 21.164347235113382 39.320899879559875 117.68959512282163 2.1712186038494101 966.2871037023142 1.3827970586717118 32.659325679764152 12.755604628473522 7.0510122291743746
leaf_count=5621 25 8199 12625 862 29 1658 1438 784 1586 64 394 164 46 373 1059 152 75 47 472 51 132 214 658 4765 18 81603 64 267 119 70
internal_value=-0.00270369 -0.0528378 0.0692459 0.001681 -0.041622 -0.0716277 0.034373 0.0284449 0.0118763 -0.0361072 0.0209973 0.00750381 0.0111781 0.0680575 0.0284129 -0.0290919 -0.000633979 -0.0579147 0.0247069 -0.0777699 -0.0401192 0.0235167 -0.00827714 -0.0628964 -0.105462 -0.0782681 -0.0543777 0.0628385 0.0360927 -0.00624675
internal_weight=2839.73 1673.59 1166.14 428.96 163.852 1244.63 345.224 265.107 205.427 183.492 57.6829 177.592 57.9148 32.5891 113.018 64.5734 54.2279 125.577 180.63 1061.13 25.0938 110.184 50.7433 121.314 13.8302 1057.78 91.4937 167.633 52.4659 19.8066
internal_count=123634 106825 16809 12831 9127 93994 4184 3704 2920 6655 928 2290 1779 402 1298 992 1733 4876 1334 87339 526 1273 822 4829 170 87288 5685 1894 456 189
is_linear=0
shrinkage=0.08


Tree=32
num_leaves=31
num_cat=0
split_feature=10 27 3 10 3 12 18 22 16 13 12 22 22 5 25 5 20 11 7 8 12 7 20 7 5 5 19 12 3 16
split_gain=1449.29 199.932 170.15 67.704 55.7958 48.4853 50.1252 39.8542 30.4703 24.8934 21.8144 21.1084 18.675 18.5053 16.487 13.0607 12.5135 11.0765 10.5136 8.91494 8.80777 8.73611 12.4632 8.3322 8.03305 8.01886 7.65595 7.46264 13.1719 8.03113
threshold=0.70632463693618786 0.41202270984649664 0.78629976511001598 0.9388999640941621 0.81754159927368175 0.18019481003284457 0.75367295742034923 0.66287881135940563 1.0000000180025095e-35 1.0000000180025095e-35 0.10435571894049646 0.6789083480834962 0.65240275859832775 0.30384616553783422 1.0000000180025095e-35 0.47727273404598242 1.0000000180025095e-35 0.30996833741664892 1.5000000000000002 0.97100839018821727 0.13100686669349673 4.5000000000000009 1.0000000180025095e-35 5.5000000000000009 0.095454547554254546 0.38750000298023229 0.88194444775581371 0.40454545617103582 0.88047617673873912 1.0000000180025095e-35
decision_type=2 2 2 2 2 2 2 2 2 2 2 2 2 2 2 2 2 2 2 2 2 2 2 2 2 2 2 2 2 2
left_child=1 4 3 7 10 -3 12 8 13 18 21 19 15 -2 -10 -7 20 -18 -8 -12 26 22 -1 -5 -25 -26 -6 28 29 -4
right_child=2 5 27 23 16 6 9 -9 14 -11 11 -13 -14 -15 -16 -17 17 -19 -20 -21 -22 -23 -24 24 25 -27 -28 -29 -30 -31
leaf_value=-0.077608369451229273 -0.0054633745065674234 -0.07934615051308104 0.042040340919468067 0.072927254933039976 -0.042973475293012722 -0.074637237674471918 0.06997614727417055 0.078880086429824789 -0.060207102310649852 0.10506494154994579 -0.038168852454539888 0.21843063766220241 0.13290125207081474 0.068565201658489339 0.0019771753291507651 0.11298629771937367 0.035703409675020732 0.15175584180465382 -0.050138150839704458 0.20079527882069262 0.14177810911938049 -0.076069384151966027 0.003197069482491433 0.045362579136482284 -0.13213105698410027 0.05522301845154428 0.053701216561072941 0.08424477926734851 0.077951446259758209 -0.05323580997524345
leaf_weight=20.662819715216756 76.497683398425579 995.23299345746636 18.422272436320782 109.24374155327678 26.225326346233487 83.290257272310555 6.5401590103283551 31.877432759851217 93.459543025121093 20.990546897985041 8.0091154212132079 3.6840719468891612 3.0268594743683925 30.120232008397579 38.539800921455026 2.4441730054095379 134.57377484627068 5.4777295878157011 16.256016061641276 1.1415688162669528 2.1980063356459132 54.209618824534118 29.882770293392241 45.483888393267989 3.4682479910552493 2.5275822505354881 6.5526053439825764 718.2764505520463 77.993604857474566 8.1748431026935595
leaf_count=1244 1530 88897 195 1438 627 6003 112 299 2380 262 395 27 38 308 383 38 1026 49 424 31 16 3339 890 392 29 35 48 11966 1144 69
internal_value=-0.00266838 -0.0580042 0.0600059 0.0192999 0.000919334 -0.0732926 -0.0278401 -0.00513492 -0.0163587 0.0422041 -0.0417002 0.0567395 -0.0623935 0.0154502 -0.0420512 -0.0692883 0.0295527 0.0402425 -0.0156777 -0.00835753 -0.0132514 -0.0537612 -0.0298358 0.0604232 0.0338888 -0.0531507 -0.0236473 0.0813376 0.0613725 0.0127564
internal_weight=2674.48 1420.4 1254.09 431.218 292.617 1127.78 132.548 270.495 238.617 43.7867 117.59 12.8348 88.7613 106.618 131.999 85.7344 175.027 140.052 22.7962 9.15068 34.9759 104.755 50.5456 160.723 51.4797 5.99583 32.7779 822.867 104.591 26.5971
internal_count=123634 103466 20168 6794 7692 95774 6877 4900 4601 798 5926 453 6079 1838 2763 6041 1766 1075 536 426 691 5473 2134 1894 456 64 675 13374 1408 264
is_linear=0
shrinkage=0.08


Tree=33
num_leaves=31
num_cat=0
split_feature=12 27 3 22 3 11 5 22 2 28 12 25 12 20 12 28 16 5 20 5 12 2 6 19 12 3 12 19 11 7
split_gain=1314.41 222.129 124.622 71.3088 69.9571 48.3387 36.3995 30.0483 28.0436 22.3622 22.1976 20.9799 17.56 19.7302 14.5314 14.2675 13.8918 12.9121 25.0824 11.4302 11.3017 10.0902 9.97369 9.85889 9.25625 16.0443 8.50014 7.62255 7.61033 7.48895
threshold=0.29520697891712194 0.50170066952705394 0.65419578552246105 0.47690120339393621 0.81892696022987377 0.70740002393722545 0.30384616553783422 0.77232852578163158 0.30848532915115362 0.88019138574600231 0.18019481003284457 1.0000000180025095e-35 0.13423423469066623 1.0000000180025095e-35 0.10762548446655275 0.8207041621208192 1.0000000180025095e-35 0.10555555671453477 1.0000000180025095e-35 0.47727273404598242 0.5419580638408662 0.59317129850387584 2.5000000000000004 0.46428571641445165 0.17519181966781619 0.86729559302330028 0.050641026347875602 0.88194444775581371 0.58351215720176708 8.5000000000000018
decision_type=2 2 2 2 2 2 2 2 2 2 2 2 2 2 2 2 2 2 2 2 2 2 2 2 2 2 2 2 2 2
left_child=1 4 3 6 7 9 8 14 11 24 28 -2 13 27 19 17 -16 -4 20 -1 -19 -7 -15 -20 -3 -26 -9 -6 -11 -5
right_child=2 5 15 29 12 21 -8 26 -10 10 -12 -13 -14 22 16 -17 -18 18 23 -21 -22 -23 -24 -25 25 -27 -28 -29 -30 -31
leaf_value=-0.07360016979903071 -0.033560153753927603 -0.080413625990013463 0.10515073959575313 0.078000072364679152 -0.048821901926193761 -0.042582864452744999 0.083631893686192713 -0.082327981118501356 -0.065138167741376415 -0.072447079527383385 0.077565099807833146 0.043601387246028772 0.090405286207133298 0.010582817834045743 0.025323027944290415 0.082539703906908624 -0.052154499422190297 -0.063818865487870496 -0.092467042201410457 -0.02228222995700524 0.080372900657165056 0.10005055464740721 0.053920823558461603 0.076336983208305759 -0.066135510978718809 0.033828285512061129 0.12345287213572327 0.045495020570784118 0.10474904942299955 -0.074259270041872064
leaf_weight=92.597994082607329 47.642720179632306 851.98370451107621 19.466374335810542 87.99301852658391 29.592089517042041 4.2927155895158675 22.013595664873719 1.4942310824990261 67.626437289640307 20.147341352887455 11.752414003014563 42.821399649605155 27.040114150382578 60.513713539578021 31.928709989413619 736.11580238863826 27.626471226103604 18.541738270781938 2.3426333591341963 39.681281834840775 4.2823871783912173 12.182543227449058 77.5263337995857 40.430647999048233 109.08777259569615 11.344400875270365 9.1607194021344167 6.7315480653196564 1.6806242987513531 2.1171849835664025
leaf_count=7752 1278 83485 189 1072 922 147 237 98 1893 1255 146 405 330 544 750 13145 725 214 25 728 50 161 631 511 6644 112 81 63 10 31
internal_value=-0.00263258 -0.0531946 0.0634479 0.0163218 -0.0029638 -0.0730366 -0.0127473 -0.0361689 -0.0261678 -0.0752626 -0.0110778 0.00296444 0.0304203 0.0211179 -0.0434319 0.0789551 -0.0106173 0.0479348 0.0309557 -0.0582058 -0.0367648 0.0628867 0.0349224 0.0670918 -0.0774791 -0.0567192 0.0945945 -0.031343 -0.058804 0.0744227
internal_weight=2517.76 1426.36 1091.39 270.214 403.893 1022.47 180.104 202.489 158.091 1006 33.5804 90.4641 201.404 174.364 191.834 821.18 59.5552 85.0638 65.5974 132.279 22.8241 16.4753 138.04 42.7733 972.416 120.432 10.655 36.3236 21.828 90.1102
internal_count=123634 104584 19050 4916 12624 91960 3813 10134 3576 91652 1411 1683 2490 2160 9955 14134 1475 989 800 8480 264 308 1175 536 90241 6756 179 985 1265 1103
is_linear=0
shrinkage=0.08


Tree=34
num_leaves=31
num_cat=0
split_feature=10 5 3 25 10 10 12 25 27 22 2 16 22 6 22 5 5 27 9 2 28 16 2 25 5 5 12 12 28 9
split_gain=1192.8 223.373 90.0566 57.6891 43.5487 40.3498 34.7849 34.6494 27.4441 25.4629 24.8377 21.0323 18.3639 16.9291 13.2298 19.264 16.5046 13.0781 14.3348 12.9212 12.7597 15.1691 12.2574 11.4742 10.3941 8.89764 7.31828 6.80492 6.73408 5.16393
threshold=0.80145984888076793 0.47727273404598242 0.78629976511001598 -1.0000000180025095e-35 0.49896265566349035 0.61302095651626598 0.13840996474027636 -1.0000000180025095e-35 0.44310989975929266 0.65240275859832775 0.71834936738014232 1.0000000180025095e-35 0.47690120339393621 1.5000000000000002 0.58204832673072826 0.30384616553783422 0.10555555671453477 0.41202270984649664 0.41943350434303289 0.79431909322738659 0.96248644590377819 1.0000000180025095e-35 0.59317129850387584 1.0000000180025095e-35 0.73214286565780651 0.73214286565780651 0.24568965286016467 0.11882352828979494 0.64727044105529796 0.53363502025604259
decision_type=2 2 2 2 2 2 2 2 2 2 2 2 2 2 2 2 2 2 2 2 2 2 2 2 2 2 2 2 2 2
left_child=1 5 7 4 -3 17 8 12 24 10 23 22 20 -12 15 16 -9 18 19 -1 21 -2 -6 -7 -5 -13 -14 -20 -8 -10
right_child=2 3 -4 6 11 9 28 14 29 -11 13 25 26 -15 -16 -17 -18 -19 27 -21 -22 -23 -24 -25 -26 -27 -28 -29 -30 -31
leaf_value=-0.061223203748676243 0.0078755423877515749 -0.074243046017251194 0.081979980942541553 0.0077266966719661137 0.22166522585746293 -0.066530916941822754 0.22439986517178703 0.028347731269816739 -0.082227066617154232 0.076636344891192185 0.12123868028878708 -0.066387182933508593 -0.070704281601579433 -0.047321778338069838 0.083387264730379496 0.076436048460169922 -0.073358850230072034 -0.080062176209992619 0.052016357280981237 0.053739005706649551 0.085207721239329362 -0.067726829035539574 0.045713433682912932 -0.011756594630492485 0.049518931853583394 0.053786969905526123 0.057954996402049284 0.37314496905202332 0.080445836680856669 0.088190784762825256
leaf_weight=72.280160840600729 28.409800058230758 85.921264290809631 661.31150803342462 116.33616456948221 2.794255834072831 103.35038380883634 2.1800655722618094 89.305763013660908 21.033327886834744 12.427657653577624 9.3469773111864907 17.794722197577361 3.1473789438605335 6.4410958187654606 53.5168796479702 52.608767632395029 11.529788743704556 766.42748845182359 1.0662457654252637 6.8500636778771868 5.8926966302096835 42.237207390367985 27.196790842339396 32.0720144957304 56.625302255153656 5.0654949434101573 28.013487415388227 0.69930919632315625 45.19665480684489 1.2030576420947898
leaf_count=5544 490 8199 12625 868 29 5581 18 749 1631 93 91 461 33 90 777 799 83 81638 41 93 72 900 373 800 476 65 281 23 697 14
internal_value=-0.00259483 -0.0501293 0.0652171 0.00204356 -0.0390949 -0.0698096 0.0255781 0.0299874 0.0106533 -0.0334411 -0.0424881 0.0180462 -0.00681294 0.0524707 0.0491379 0.0371927 0.0167183 -0.0768332 -0.046241 -0.0512713 -0.0278907 -0.0373243 0.0621068 -0.0535587 0.0214089 -0.0397583 0.0449599 0.17921 0.08707 -0.0730069
internal_weight=2368.28 1392.31 975.973 381.347 138.773 1010.96 242.575 314.662 195.198 163.638 151.21 52.8513 107.701 15.7881 206.961 153.444 100.836 847.323 80.8958 79.1302 76.5397 70.647 29.991 135.422 172.961 22.8602 31.1609 1.76555 47.3767 22.2364
internal_count=123634 106825 16809 12831 9127 93994 3704 4184 2989 6655 6562 928 1776 181 2408 1631 832 87339 5701 5637 1462 1390 402 6381 1344 526 314 64 715 1645
is_linear=0
shrinkage=0.08


Tree=35
num_leaves=31
num_cat=0
split_feature=12 27 1 1 22 11 25 12 27 12 28 26 2 0 12 7 2 13 22 9 25 16 2 28 12 26 2 0 11 19
split_gain=1082.15 200.256 115.189 49.0078 46.2643 42.3511 40.3173 21.6381 25.9848 21.3991 26.6726 20.6675 16.6786 15.015 14.7001 13.4998 12.9299 11.5117 11.0728 10.2746 9.96116 8.55519 8.52265 6.73054 6.68372 15.8251 6.85927 6.54654 4.24337 9.89743
threshold=0.29520697891712194 0.50170066952705394 0.72613638639450084 0.94185259938240062 0.56980520486831676 0.70740002393722545 -1.0000000180025095e-35 0.10435571894049646 0.21521919220685962 0.18019481003284457 0.88960573077201854 0.14835165441036227 0.62115561962127697 0.25176055729389196 0.065591398626565947 4.5000000000000009 0.71834936738014232 1.5000000000000002 0.79431909322738659 1.0000000180025095e-35 -1.0000000180025095e-35 1.0000000180025095e-35 0.59317129850387584 0.81705284118652355 0.41421568393707281 0.36931818723678594 0.64051282405853283 0.91715687513351452 0.59498903155326854 0.77500000596046459
decision_type=2 2 2 2 2 2 2 2 2 2 2 2 2 2 2 2 2 2 2 2 2 2 2 2 2 2 2 2 2 2
left_child=1 3 4 7 6 9 16 8 15 28 18 20 13 -8 19 -1 17 -2 -11 27 -9 -13 -7 24 25 -4 -27 -5 -3 -30
right_child=2 5 23 14 -6 22 12 11 -10 10 -12 21 -14 -15 -16 -17 -18 -19 -20 -21 -22 -23 -24 -25 -26 26 -28 -29 29 -31
leaf_value=0.0063728848881392285 -0.049813344847438476 -0.080011383860323457 0.096576768011782277 0.014104084985772862 0.079809753051657412 -0.038631362248495719 0.053175443279609755 0.007199125329370064 -0.077867851000313529 -0.056706158982298138 0.091070694072939426 0.014211775830187073 0.082814655918864097 -0.0074747227607689362 0.10391923476027266 -0.051232224871713979 0.097142228814583759 0.043735134935131981 0.15903568616240274 -0.084753121735672524 0.11674991027894112 -0.048041844131997559 0.097746380201669647 0.082081421489339876 0.0761609441210961 0.042191089632962343 -0.088742993591420072 0.055762288843264507 -0.076045548954720446 0.16678072387886203
leaf_weight=71.48084672819823 86.564645806327462 746.1953197279945 8.8973769620060938 53.488223481923342 66.072635458782315 4.0054815029725424 43.78235721308738 8.4071564478799701 65.927313739433885 106.04667019192129 8.8239984028041345 31.602514042519033 31.863659357652068 64.772349392995238 18.923167452216148 40.953905281610787 4.5613843761384478 9.3256643973290902 1.5447210874408472 4.993184905499219 14.428675834089518 25.550354766659439 10.94993747025728 613.03539841622114 28.847516074776649 3.8295095358043891 7.7283588536083698 44.00586074590683 3.8628749512135974 1.4881057478487489
leaf_count=1514 2896 84719 100 326 966 147 414 456 6186 6499 130 518 530 806 272 1992 69 107 10 154 314 494 161 12638 412 32 80 398 282 12
internal_value=-0.00255852 -0.0513641 0.0610203 -0.00278586 0.0205084 -0.0722586 0.00424153 -0.022487 -0.0379915 -0.0745585 -0.0426424 0.0120856 0.0319244 0.0169867 0.0391364 -0.0146095 -0.0344555 -0.0407154 -0.0536087 0.0271749 0.0764181 -0.0136189 0.0612206 0.0797944 0.0513575 0.0163779 -0.0453601 0.0329073 -0.0795023 -0.00851565
internal_weight=2231.96 1262.68 969.281 379.761 306.943 882.917 240.87 258.351 178.362 867.962 116.415 79.9887 140.418 108.555 121.41 112.435 100.452 95.8903 107.591 102.487 22.8358 57.1529 14.9554 662.338 49.3028 20.4552 11.5579 97.4941 751.546 5.35098
internal_count=123634 104584 19050 12624 5788 91960 4822 11474 9692 91652 6639 1782 1750 1220 1150 3506 3072 3003 6509 878 770 1012 308 13262 624 212 112 724 85013 294
is_linear=0
shrinkage=0.08


Tree=36
num_leaves=31
num_cat=0
split_feature=28 10 12 27 25 27 2 18 22 18 22 22 8 5 11 5 2 16 22 2 13 16 11 20 5 13 27 2 16 2
split_gain=977.391 182.051 84.6093 72.3253 49.354 30.1042 25.6038 20.8434 26.9446 17.5673 20.391 16.4558 16.4018 15.1075 14.4925 13.5169 13.1563 10.702 10.6311 10.3075 10.0477 9.2698 7.82471 7.71426 7.71229 7.05685 8.4308 5.93051 5.91517 6.7649
threshold=0.82554244995117199 0.59026268124580394 0.21240601688623431 0.28162176907062536 -1.0000000180025095e-35 0.5320124924182893 0.49295215308666235 0.78597408533096325 0.64174234867095958 0.8857233226299287 0.46265329420566564 0.53144779801368724 0.50423729419708263 0.30384616553783422 0.58351215720176708 0.47727273404598242 0.77849927544593822 1.0000000180025095e-35 0.836786448955536 0.82413583993911754 1.5000000000000002 1.0000000180025095e-35 0.63185164332389843 1.0000000180025095e-35 0.78888890147209179 1.5000000000000002 0.43348082900047308 0.11189358308911325 1.0000000180025095e-35 0.84273937344551098
decision_type=2 2 2 2 2 2 2 2 2 2 2 2 2 2 2 2 2 2 2 2 2 2 2 2 2 2 2 2 2 2
left_child=1 3 5 13 9 24 11 8 15 10 17 12 27 16 -7 -6 18 -3 -1 23 -12 -14 25 -15 28 -5 -27 -4 29 -2
right_child=2 4 6 22 7 14 -8 -9 -10 -11 20 -13 21 19 -16 -17 -18 -19 -20 -21 -22 -23 -24 -25 -26 26 -28 -29 -30 -31
leaf_value=-0.075663916055036293 0.10874642177005077 -0.026442924386076205 -0.10075366258013084 -0.078688433261146454 -0.011233938127940896 -0.074073282540999291 0.080103663793722274 0.070764270757016898 0.09458463763315425 0.050512634274359196 -0.00023951033107979256 0.081205192284777752 0.026026074220381494 -0.031282245090586337 0.080975831901785353 0.11685674550679988 0.32572642796618217 -0.07038332146680995 0.19904796687598394 -0.077357794653572884 0.11963783099380289 -0.057161576634872813 0.24298760905315328 0.026393533374993294 0.053984972188334826 0.21731422682926227 -0.041411835320670602 0.06279911775408055 -0.015547754844849198 0.016969899603054266
leaf_weight=29.421673065051444 6.1821877928450695 65.014014691114426 1.4874028936028469 733.51954555604607 104.5304002230987 32.212404721416533 616.44887828826904 52.249946667812765 20.762959478422999 15.952585201710461 29.06294141896069 35.518355026841164 14.40782964043319 19.282062604092062 4.3831760473549357 5.5526459030807009 0.55521601438522239 78.076712157577276 0.93007871136069198 8.9182595908641797 5.2891752403229466 21.169103311374784 0.48607302363961835 64.451832035556436 44.419838391244411 1.0844635264947999 3.1398719046264887 30.815789479762316 29.794969543814659 30.496335088275373
leaf_count=2520 106 3021 13 89663 1800 2583 13489 755 297 188 500 634 127 691 45 51 10 4302 6 84 33 199 33 742 464 12 307 333 294 332
internal_value=-0.00251095 -0.0481271 0.0626144 -0.0684018 -0.00171841 0.00741359 0.0739245 0.0280501 0.0109933 -0.0299016 -0.037131 0.0370851 0.0139991 -0.0117527 -0.0555025 -0.00477298 -0.0601864 -0.0504188 -0.0672458 0.00440387 0.0182179 -0.0234725 -0.0778833 0.0131121 0.0281764 -0.0780947 0.0250078 0.0552683 0.0109302 0.0324389
internal_weight=2105.62 1238.28 867.336 861.789 376.491 147.489 719.847 183.096 130.846 193.395 177.443 103.398 67.8801 123.559 36.5956 110.083 30.907 143.091 30.3518 92.6522 34.3521 35.5769 738.23 83.7339 110.893 737.744 4.22434 32.3032 66.4735 36.6785
internal_count=123634 105015 18619 94068 10947 3824 14795 2903 2148 8044 7856 1306 672 4053 2628 1851 2536 7323 2526 1517 533 326 90015 1433 1196 89982 319 346 732 438
is_linear=0
shrinkage=0.08


Tree=37
num_leaves=31
num_cat=0
split_feature=10 5 3 13 27 10 26 10 16 26 22 25 3 27 10 18 28 22 2 22 20 2 5 2 20 19 19 18 10 10
split_gain=887.524 187.18 85.8455 45.6807 45.7454 38.0057 32.125 29.8096 25.7007 24.237 19.1918 17.127 14.3238 12.8429 12.6121 10.6302 10.6228 10.5 12.3306 10.4138 10.1202 13.1172 9.48854 9.12157 14.2743 8.12818 7.32218 6.94737 5.19839 4.97562
threshold=0.80145984888076793 0.47727273404598242 0.78629976511001598 1.0000000180025095e-35 0.41202270984649664 0.59026268124580394 0.13809524476528171 0.96315687894821178 1.0000000180025095e-35 0.34523810446262365 0.66287881135940563 1.0000000180025095e-35 0.98484501242637645 0.41202270984649664 0.48700156807899481 0.69048050045967113 0.62759411334991466 0.78629976511001598 0.79431909322738659 0.55646631121635448 1.0000000180025095e-35 0.57932874560356151 0.47727273404598242 0.25158227980136877 1.0000000180025095e-35 0.88194444775581371 0.88194444775581371 0.89465475082397472 0.8582010567188264 0.57207792997360241
decision_type=2 2 2 2 2 2 2 2 2 2 2 2 2 2 2 2 2 2 2 2 2 2 2 2 2 2 2 2 2 2
left_child=1 5 7 4 20 13 29 8 23 11 22 19 -8 17 25 -13 -16 18 -1 -7 26 -22 -10 28 -25 -5 -3 -11 -2 -6
right_child=2 3 -4 14 6 9 12 -9 10 27 -12 15 -14 -15 16 -17 -18 -19 -20 -21 21 -23 -24 24 -26 -27 -28 -29 -30 -31
leaf_value=-0.062151505932886056 0.017212000118901397 -0.045072889466677445 0.080320291118575748 -0.060916382512746781 -0.081203702612763926 -0.044246772489229202 -0.024438894241275575 0.064315830480944636 -0.04217649582151782 -0.072609228519438379 0.072707624853756522 0.013427451985753042 0.081279341217079693 -0.080038914184498919 0.28718059501850823 0.11790145921307979 0.081675349491276944 0.095073895351266022 0.052773898072341362 0.050050553148874688 0.14997009540679251 0.020191965579183853 0.045834306868198435 -0.0060147058995997649 0.077387549957495666 0.15394231350898432 0.048929492467417214 0.074895193728656398 0.088175300665859671 0.019882782870261403
leaf_weight=60.215122323483229 8.8175864163786155 24.949656241573397 533.65124247223139 6.2319973232224575 76.370089129544795 51.081700551323593 22.140215609222651 89.325088623911142 78.183166363276541 68.015461775939912 12.488803107291458 21.913976132869724 13.029331387951968 596.03738301061094 1.6753602107055474 8.7107780277729017 41.137479473371059 3.3170809629373244 6.6331123830750576 8.7842230983078462 5.1680286275222889 140.3223839821294 8.7135985903441888 43.136197403073311 18.882456151768565 1.3755817953497169 6.7347960881888858 2.1068750098347655 26.348500017076731 3.2488837065175167
leaf_count=5503 111 503 12625 575 9061 3271 454 1380 1231 3737 170 718 202 80312 17 108 727 81 83 153 34 1144 112 608 284 31 44 28 288 39
internal_value=-0.00246429 -0.0472081 0.0613691 0.00253396 -0.0096094 -0.0678062 -0.0489509 0.0259949 0.00858111 -0.0328743 -0.0200238 -0.00551751 0.0147267 -0.0762279 0.072851 0.0431436 0.0897172 -0.0438541 -0.0507479 -0.0304104 0.0158793 0.0248019 -0.0333512 0.0378338 0.0193783 -0.0220662 -0.0250919 -0.0681774 0.0703819 -0.0770788
internal_weight=1988.75 1169.2 819.547 342.384 291.963 826.816 114.789 285.895 196.57 160.613 99.3856 90.4907 35.1695 666.203 50.4204 30.6248 42.8128 70.1653 66.8482 59.8659 177.175 145.49 86.8968 97.1847 62.0187 7.60758 31.6845 70.1223 35.1661 79.619
internal_count=123634 106825 16809 12831 11481 93994 9756 4184 2804 8015 1513 4250 656 85979 1350 826 744 5667 5586 3424 1725 1178 1343 1291 892 606 547 3765 399 9100
is_linear=0
shrinkage=0.08


Tree=38
num_leaves=31
num_cat=0
split_feature=10 5 3 13 27 10 10 10 26 26 16 13 2 7 16 27 10 5 2 2 3 2 8 27 28 3 3 18 3 0
split_gain=800.119 174.481 84.4285 40.6048 41.0896 38.2701 29.326 26.8053 24.7548 22.4081 17.3636 16.2821 15.2355 15.0017 13.4183 13.0498 11.2418 9.46654 10.27 9.04904 10.4359 8.70612 8.25777 7.68804 7.49306 7.09298 6.91925 6.2588 4.02174 3.97964
threshold=0.80145984888076793 0.47727273404598242 0.78629976511001598 1.0000000180025095e-35 0.44310989975929266 0.59026268124580394 0.56939375400543224 0.96884703636169445 0.93303570151329052 0.34523810446262365 1.0000000180025095e-35 1.5000000000000002 0.71834936738014232 5.5000000000000009 1.0000000180025095e-35 0.41202270984649664 0.48700156807899481 0.78888890147209179 0.78611555695533764 0.79431909322738659 0.15504807978868487 0.25158227980136877 0.84409722685813915 0.79187294840812694 0.62759411334991466 0.99350649118423473 0.32345247268676763 0.89465475082397472 0.11215933039784433 0.26894375681877142
decision_type=2 2 2 2 2 2 2 2 2 2 2 2 2 2 2 2 2 2 2 2 2 2 2 2 2 2 2 2 2 2
left_child=1 5 7 4 17 15 -6 8 10 11 21 12 -7 -12 -8 19 25 18 -3 20 -1 -2 -21 -10 -18 -5 -13 28 -11 -9
right_child=2 3 -4 16 6 9 14 29 23 27 13 26 -14 -15 -16 -17 24 -19 -20 22 -22 -23 -24 -25 -26 -27 -28 -29 -30 -31
leaf_value=0.080467088904846412 0.07393755670837858 0.028492393841338913 0.079698876041808836 -0.059196117281157444 -0.076158374936346154 -0.027021723141208733 0.064954090493903452 0.081075098734611245 0.023776707603294749 0.052874141541509288 0.018737177245476046 0.2043034507648871 0.076266221674948759 -0.050915147157371672 -0.03945458736217862 -0.079939526512547848 0.24671778364388078 0.048500557077930051 -0.0153559129544925 -0.12594289187728624 -0.060820189303660468 0.023618502444186298 0.089989274630488669 -0.10016845107594559 0.079285125592455638 0.14345338591199047 0.024441906984551481 0.070906922831736691 -0.074344453194411367 0.045139490546532476
leaf_weight=3.5567321428097776 34.327577704563737 62.094175911042839 496.30904995650053 5.9150138460099688 74.16056913184002 72.856669761240482 16.751106671988964 41.590543990954757 4.003392860293391 1.6319221695885051 51.038888934999704 3.1858779722824684 10.450833698268978 32.323453140445054 14.87165595078841 550.86856666905805 1.7889624442905177 40.107882206328213 76.060729028191417 1.4343518838286389 56.428261462133378 61.307512255385518 5.4033144181594253 16.016914807260036 39.073408171534538 1.359449448995292 2.4001313485205173 2.0497831590473643 62.430404673330486 37.51181511208415
leaf_count=141 407 691 12625 575 9157 4018 240 694 74 40 715 34 134 602 226 80312 17 403 764 20 5434 899 72 206 727 31 64 28 3697 587
internal_value=-0.00242442 -0.0461265 0.0599254 0.00236019 -0.00915403 -0.0669709 -0.0486528 0.0246393 0.0089814 -0.0314301 0.0184174 -0.00519855 -0.0140644 -0.00827027 0.0158524 -0.0758896 0.0703034 0.014285 0.00435185 -0.0425033 -0.0524427 0.0416802 0.0446927 -0.0753836 0.0866154 -0.021325 0.127023 -0.0667007 -0.0711037 0.0640338
internal_weight=1879.31 1104.88 774.429 332.183 284.046 772.697 105.783 278.12 199.018 155.006 178.997 88.8935 83.3075 83.3623 31.6228 617.691 48.1368 178.263 138.155 66.8227 59.985 95.6351 6.83767 20.0203 40.8624 7.27446 5.58601 66.1121 64.0623 79.1024
internal_count=123634 106825 16809 12831 11481 93994 9623 4184 2903 8015 2623 4250 4152 1317 466 85979 1350 1858 1455 5667 5575 1306 92 280 744 606 98 3765 3737 1281
is_linear=0
shrinkage=0.08


Tree=39
num_leaves=31
num_cat=0
split_feature=28 10 27 10 25 3 25 3 22 27 18 22 11 10 17 3 18 17 13 10 13 0 4 20 11 27 27 17 5 7
split_gain=727.087 149.155 69.4689 65.0076 40.3608 27.635 19.4897 18.1384 22.083 16.6412 15.7985 17.4265 13.146 12.6571 13.4592 11.35 11.2629 9.45681 8.32699 7.98152 7.12196 6.73364 6.63543 7.67235 6.41313 6.39084 5.87513 5.7993 5.69725 5.13343
threshold=0.82554244995117199 0.57739216089248668 0.28162176907062536 0.68020617961883556 -1.0000000180025095e-35 0.78501400351524364 -1.0000000180025095e-35 0.855400711297989 0.64174234867095958 0.53711354732513439 0.8857233226299287 0.46265329420566564 0.55705243349075328 0.96315687894821178 1.0000000180025095e-35 0.81016731262207042 0.77988386154174816 1.0000000180025095e-35 1.0000000180025095e-35 0.427709311246872 1.5000000000000002 0.25176055729389196 1.0000000180025095e-35 1.0000000180025095e-35 0.63185164332389843 0.21521919220685962 0.43348082900047308 1.0000000180025095e-35 0.30384616553783422 5.5000000000000009
decision_type=2 2 2 2 2 2 2 2 2 2 2 2 2 2 2 2 2 2 2 2 2 2 2 2 2 2 2 2 2 2
left_child=1 2 15 9 10 6 13 8 16 19 11 17 -11 14 -5 21 -6 -3 -13 25 24 -1 23 -17 -4 -2 -22 -14 -23 -8
right_child=3 4 20 5 7 -7 29 -9 -10 12 -12 18 27 -15 -16 22 -18 -19 -20 -21 26 28 -24 -25 -26 -27 -28 -29 -30 -31
leaf_value=0.13203200820550448 0.025429023515055382 -0.068868162983860046 -0.078707647057293079 -0.087413350426707517 -0.009232948375627003 0.079910762944027991 0.072897711424230308 0.086003498777900256 0.095119004012862191 -0.063782113074354579 0.04859051273606551 -0.02415298245245481 -0.034020427571066228 0.058828631116469639 0.022649417994664224 -0.017730081202204082 0.052278800604178673 -0.026355489011865147 0.055499875381935321 0.10348905886613699 0.19173625549405085 -0.073263479222125019 -0.030487207511787 0.052403452447911752 0.43677281199596429 -0.055854817201302948 -0.032415139065793609 0.10099707231874773 -0.020104509082226447 0.033576933286868872
leaf_weight=1.4779445026069868 86.718233751133084 71.455120408441871 574.88809123169631 15.397802632302046 104.20065899845213 457.02500819042325 60.145077519118786 26.368615726940334 18.693735109642148 27.725026051048189 15.400104520842431 16.887381746899337 3.2977572893723828 12.91434210911393 13.212377171963453 14.904603836126624 23.313150527421385 63.024860993493348 16.712436595000327 7.875764548778533 1.0696854293346398 21.290830681100488 16.165416361764073 30.231671033427119 0.15450498089194198 6.6664495510049155 2.4913547202013433 5.3212633207440376 32.75199587084353 32.857989866286516
leaf_count=57 725 4766 88704 178 1960 12678 1236 496 303 2588 202 340 29 190 152 353 314 3340 235 89 12 2325 92 239 14 308 286 83 977 363
internal_value=-0.00237951 -0.0449496 -0.0665093 0.0590088 -0.00284071 0.0705295 0.0386591 0.0249318 0.0139174 0.00948183 -0.0289627 -0.0360684 -0.0369557 -0.00691128 -0.0365856 -0.0102379 0.00201315 -0.0489443 0.0154661 0.026149 -0.0778707 -0.0364398 0.013493 0.0292444 -0.0785691 0.0196264 0.0349167 0.0493375 -0.0410471 0.0590057
internal_weight=1780.64 1051.48 695.426 729.157 356.056 591.553 134.528 172.576 146.208 137.604 183.48 168.08 36.344 41.5245 28.6102 116.822 127.514 134.48 33.5998 101.26 578.604 55.5208 61.3017 45.1363 575.043 93.3847 3.56104 8.61902 54.0428 93.0031
internal_count=123634 105015 93059 18619 11956 14797 2119 3073 2577 3822 8883 8681 2700 520 330 4043 2274 8106 575 1122 89016 3359 684 592 88718 1033 298 112 3302 1599
is_linear=0
shrinkage=0.08


Tree=40
num_leaves=31
num_cat=0
split_feature=12 27 1 12 3 3 22 12 3 22 25 12 13 16 18 2 20 27 2 11 7 6 2 11 3 8 1 1 28 12
split_gain=666.866 156.42 71.5675 58.8127 37.6238 31.7479 26.6834 25.7789 24.3774 16.9604 15.7204 14.3794 10.0747 9.66198 20.6499 9.76681 9.52231 8.53567 8.36406 8.03629 8.62814 7.82049 7.798 5.94399 7.31622 5.10317 3.32494 3.52581 3.15856 3.62974
threshold=0.35857143998146063 0.50170066952705394 0.72046512365341198 0.18019481003284457 0.87585616111755382 0.81754159927368175 0.56980520486831676 0.10435571894049646 0.78629976511001598 0.6789083480834962 1.0000000180025095e-35 0.13423423469066623 1.5000000000000002 1.0000000180025095e-35 0.6713274121284486 0.86319074034690868 1.0000000180025095e-35 0.58633655309677135 0.26365442574024206 0.20067114382982257 4.5000000000000009 2.5000000000000004 0.60922586917877208 0.59498903155326854 0.8216732144355775 0.90550595521926891 0.61633428931236278 0.84889996051788341 0.85786435008049022 0.41421568393707281
decision_type=2 2 2 2 2 2 2 2 2 2 2 2 2 2 2 2 2 2 2 2 2 2 2 2 2 2 2 2 2 2
left_child=1 5 6 23 13 7 8 19 10 12 17 16 -9 14 -5 -15 25 -2 -12 20 -1 -18 -6 -3 -25 -7 -13 -28 29 -4
right_child=2 3 28 4 22 11 -8 9 -10 -11 18 26 -14 15 -16 -17 21 -19 -20 -21 -22 -23 -24 24 -26 -27 27 -29 -30 -31
leaf_value=-0.0054667142342822092 0.091911922052082498 -0.079393536121448546 0.01633376334614588 -0.052954928498105763 -0.11562370135682884 0.0052542338082922592 0.077651859438108248 -0.014557681666239554 0.08538938441571349 0.090155718105147276 0.054563242655563025 0.17805569289014475 0.14407660521843058 -0.059356260366170775 0.049421669473195158 -0.41755010731050385 0.0036125462360608947 -0.034495128868626178 -9.5976822292757733e-05 -0.079277114177721097 -0.068536751091930678 0.043762434839660427 0.062986119055945297 -0.085986709738015435 0.10177421186818174 -0.059355499740969923 -0.012840114951774293 0.085601126519920773 0.08106812422625348 0.0702062293319939
leaf_weight=32.736053375992924 3.5859875064343205 508.61321337381378 9.7950355447828752 36.376717118080705 1.648154786787926 17.351744386833165 44.77965628542006 56.095601277425885 22.82832757756114 14.182978126686065 31.200438981875777 2.1297253668308285 2.6848746398463836 72.011393929831684 19.299221482127905 0.49050640314817329 57.543534364551306 73.334941627923399 42.085021313279867 39.253843197133392 24.103055076673627 67.434551456477493 30.791498046368361 2.7216194747015825 2.5941524086520076 14.248627202585338 2.6648750156164196 18.450124190188944 391.45843959785998 43.781568087637424
leaf_count=1253 61 84719 145 3016 17 642 888 1581 565 132 297 17 45 4905 449 5 562 1687 475 5412 1785 633 593 281 26 374 34 381 11650 1004
internal_value=-0.00232779 -0.0428156 0.0601846 -0.0653082 -0.0230535 0.000673028 0.02261 -0.0242165 0.00836567 0.0116343 -0.00334037 0.0240723 -0.00731185 -0.042532 -0.0174676 -0.0617796 0.015356 -0.0286021 0.0231746 -0.0514381 -0.032212 0.0252763 0.0539115 -0.078514 0.00564259 -0.0238783 0.0827863 0.0731771 0.0785748 0.0603571
internal_weight=1686.28 1023.43 662.849 674.546 160.617 348.88 217.814 169.056 173.035 72.9635 150.206 179.823 58.7805 128.178 55.6759 72.5019 156.578 76.9209 73.2855 96.093 56.8391 124.978 32.4397 513.929 5.31577 31.6004 23.2447 21.115 445.035 53.5766
internal_count=123634 106862 16772 94011 8985 12851 3973 10208 3085 1758 2520 2643 1626 8375 3465 4910 2211 1748 772 8450 3038 1195 610 85026 307 1016 432 415 12799 1149
is_linear=0
shrinkage=0.08


Tree=41
num_leaves=31
num_cat=0
split_feature=12 27 18 10 12 3 3 0 5 12 26 1 26 8 11 18 7 0 20 9 1 10 7 9 27 25 1 7 9 11
split_gain=601.703 147.169 93.0127 35.3805 32.6394 31.749 27.2835 19.8718 28.0122 16.4107 14.6595 12.7915 11.9133 11.0917 9.16486 9.41524 9.00652 8.48029 8.29518 7.8436 7.82495 6.70818 7.28761 6.31393 6.11834 5.78526 7.89943 5.88359 6.03656 5.58975
threshold=0.29520697891712194 0.50170066952705394 0.76305484771728527 0.96884703636169445 0.18019481003284457 0.80810147523880016 0.87226107716560375 0.21132376790046695 0.47727273404598242 0.098387096077203764 0.14835165441036227 0.60814526677131664 0.93303570151329052 0.66915422677993786 0.70740002393722545 0.86227062344551098 5.5000000000000009 0.12599206715822223 1.0000000180025095e-35 0.3279555886983872 0.96178188920021068 0.21294035762548449 2.5000000000000004 0.34500262141227728 0.90639603137969982 -1.0000000180025095e-35 0.91366460919380199 6.5000000000000009 0.88251724839210521 0.59498903155326854
decision_type=2 2 2 2 2 2 2 2 2 2 2 2 2 2 2 2 2 2 2 2 2 2 2 2 2 2 2 2 2 2
left_child=1 5 3 7 29 9 14 12 13 21 16 -7 17 -9 23 -16 -11 -2 20 -20 -13 22 -1 -6 -8 26 27 -4 -29 -3
right_child=2 4 25 -5 6 11 24 8 -10 10 -12 18 -14 -15 15 -17 -18 -19 19 -21 -22 -23 -24 -25 -26 -27 -28 28 -30 -31
leaf_value=0.0050599046626005261 0.021855924448097114 -0.079218190084568749 0.041708470255215103 0.064365391048411116 0.29259938167181587 0.21135952253087242 0.077336780952262818 -0.0071962526817748208 0.081920740654612703 0.10286226651586343 -0.023245247969006188 -0.034011781064134744 -0.082183015413816701 -0.059976496054619355 -0.021658567663977349 0.20067284472078648 -0.014712887871009678 0.0848166286590218 0.020912404732919502 0.084138644483397876 0.053403148644362672 -0.07897516542356138 -0.057147391980838569 -0.058888751910205921 -0.017290386946954946 0.081018183318649961 0.075874443305368633 -0.10030090152448251 0.088261161266008539 0.0053679782644577871
leaf_weight=19.384118707850575 44.899968509096652 470.50717400899157 25.193769599311057 69.941002670675516 0.32851881626993318 2.2213949682191005 15.690352646633984 45.301051613874733 14.47712600417435 11.943465685006233 44.209292209707201 29.79989402834326 5.4432574557140461 58.24597993819043 3.876716802828013 1.7781472485512493 6.4062687205150715 19.698145752772689 122.82648000493646 13.987458647228776 8.4014529311098141 35.205957910977304 31.866742441896349 74.864699164871126 6.0627694809809318 348.32699278695509 55.572506690397859 4.0321581456810227 1.4873996432870624 5.0537436329759649
leaf_count=719 722 84719 486 1429 12 37 259 1367 265 368 941 1050 56 1745 149 17 445 344 1155 324 110 5235 2240 6391 106 10832 1711 60 33 307
internal_value=-0.00227627 -0.0452485 0.0538363 0.0157868 -0.0694903 -0.00228866 -0.0285678 -0.00227949 -0.0223125 -0.0295056 0.00170433 0.0205946 0.0314774 -0.0368855 -0.0499666 0.0482526 0.0618144 0.0410548 0.0181733 0.0273765 -0.014787 -0.0520886 -0.0336193 -0.0573531 0.0509634 0.0764243 0.0578795 0.0253194 -0.0494876 -0.0783193
internal_weight=1597.03 904.415 692.619 258.007 578.162 326.253 102.601 188.066 118.024 149.016 62.559 177.237 70.0414 103.547 80.8481 5.65486 18.3497 64.5981 175.015 136.814 38.2013 86.4568 51.2509 75.1932 21.7531 434.613 86.2858 30.7133 5.51956 475.561
internal_count=123634 104584 19050 5928 91960 12624 6934 4499 3377 9948 1754 2676 1122 3112 6569 166 813 1066 2639 1479 1160 8194 2959 6403 365 13122 2290 579 93 85026
is_linear=0
shrinkage=0.08


Tree=42
num_leaves=31
num_cat=0
split_feature=12 27 1 12 18 3 12 1 3 16 13 10 13 5 3 3 7 27 7 0 2 2 7 12 5 25 3 12 7 7
split_gain=541.078 138.864 65.4232 53.8018 32.2147 25.3709 26.2512 20.4407 25.9015 14.2064 13.279 12.8677 12.7189 9.88341 16.2808 8.88574 8.80976 8.40832 7.90054 7.88561 7.32478 7.22901 18.1396 8.63006 7.07859 7.00519 6.44111 5.71649 6.88295 5.61514
threshold=0.3717105239629746 0.5320124924182893 0.72046512365341198 0.18019481003284457 0.77378848195076 0.81754159927368175 0.10762548446655275 0.20550528168678286 0.78629976511001598 1.0000000180025095e-35 1.0000000180025095e-35 0.95038393139839183 1.5000000000000002 0.47727273404598242 0.62258651852607738 0.52419984340667736 6.5000000000000009 0.21521919220685962 4.5000000000000009 0.91024166345596325 0.70299971103668224 0.12599206715822223 8.5000000000000018 0.53589746356010448 0.78888890147209179 -1.0000000180025095e-35 0.13423423469066623 0.40454545617103582 13.500000000000002 4.5000000000000009
decision_type=2 2 2 2 2 2 2 2 2 2 2 2 2 2 2 2 2 2 2 2 2 2 2 2 2 2 2 2 2 2
left_child=1 5 7 -3 13 6 17 21 11 29 24 20 16 26 -15 -13 -8 18 -1 -11 -9 22 23 -2 25 -7 -5 28 -23 -6
right_child=2 3 -4 4 9 10 12 8 -10 19 -12 15 -14 14 -16 -17 -18 -19 -20 -21 -22 27 -24 -25 -26 -27 -28 -29 -30 -31
leaf_value=-0.0036803580161020033 0.0077908492733498218 -0.078473598933455402 0.077545946295096285 0.0072029983486565389 0.081919667093871912 -0.04865054001700031 0.023637896561756688 -0.039852295015850164 0.084542355058281005 -0.041233822822462879 0.084660792353618119 -0.0088679558230414807 0.13850461125188473 0.24342840047966582 -0.045948070379283987 0.072904483473413981 -0.035811133973909552 -0.076565435244007204 -0.06589988782824531 0.095767796021283741 0.12485877383002798 0.037539060093460239 -0.083729190368071138 0.080305771815117277 0.044102730940990167 0.011052300298503815 -0.064376392747232253 0.07577613611131459 0.29601561923105107 0.0084561296546982207
leaf_weight=32.078971363138407 16.099178854376078 430.13635459681973 383.33442298322916 8.9312330251559597 22.641632206272334 14.231949200853704 48.913607412017882 66.15915116108954 19.879864573478699 19.566648964770142 18.679562856443226 21.201226234436035 4.8156493441201738 1.8896166863851238 3.6436912668868899 14.201566217467187 23.675277705769986 42.483812122605741 22.031511464621872 3.1171946823596945 1.7742831036448468 1.0651929369196325 6.9236431205645195 30.220341399312019 36.856435664463788 108.22755723260343 81.14766278443858 21.043513718992472 1.7305178316310046 9.4330363790504617
leaf_count=1222 188 83191 12736 268 533 850 1007 1511 560 541 494 172 75 13 60 225 908 6982 1766 61 15 26 106 677 455 1130 7404 290 21 147
internal_value=-0.00222502 -0.0400341 0.0581846 -0.0640736 -0.0228822 -0.000388343 -0.0221114 0.0211305 0.000916907 0.0260467 0.020847 -0.015171 0.0126009 -0.0509046 0.0528736 0.0239344 0.00424826 -0.0499277 -0.0290135 -0.0224072 -0.0355504 0.0534419 0.0370486 0.0551019 0.0133649 0.00411378 -0.0572794 0.0900551 0.197534 0.0603143
internal_weight=1516.13 932.501 583.633 580.507 150.371 351.994 173.999 200.298 123.216 54.7585 177.996 103.336 77.4045 95.6122 5.53331 35.4028 72.5889 96.5943 54.1105 22.6838 67.9334 77.0824 53.2432 46.3195 159.316 122.46 90.0789 23.8392 2.79571 32.0747
internal_count=123634 107107 16527 92218 9027 14889 11960 3791 2483 1282 2929 1923 1990 7745 73 397 1915 9970 2988 602 1526 1308 971 865 2435 1980 7672 337 47 680
is_linear=0
shrinkage=0.08


Tree=43
num_leaves=31
num_cat=0
split_feature=12 27 18 11 10 3 0 2 5 0 17 5 1 1 5 0 17 12 3 17 26 12 17 20 11 8 12 25 1 3
split_gain=486.848 131.493 85.6425 31.3686 29.3577 25.0055 23.5858 15.6167 22.5595 14.898 19.9994 12.5078 11.4375 10.9988 10.4372 19.443 10.1123 9.68567 13.1435 9.67918 9.10063 7.41429 7.3165 7.16625 7.21908 6.55123 6.44141 6.37954 8.04295 5.56406
threshold=0.29520697891712194 0.51010203361511242 0.76305484771728527 0.58351215720176708 0.96884703636169445 0.80810147523880016 0.47856706380844122 0.21778655797243121 0.47727273404598242 0.25176055729389196 1.0000000180025095e-35 0.087121214717626586 0.18350168317556384 0.60814526677131664 0.47727273404598242 0.55217784643173229 1.0000000180025095e-35 0.17519181966781619 0.86729559302330028 1.0000000180025095e-35 0.42261904478073126 0.27525253593921667 1.0000000180025095e-35 1.0000000180025095e-35 0.30517394840717321 0.21103239059448245 0.21240601688623431 -1.0000000180025095e-35 0.91366460919380199 0.15504807978868487
decision_type=2 2 2 2 2 2 2 2 2 2 2 2 2 2 2 2 2 2 2 2 2 2 2 2 2 2 2 2 2 2
left_child=1 5 4 17 7 9 -5 19 12 10 -1 -8 -9 -7 21 -16 -13 -3 29 20 -2 -11 -20 26 -25 -21 -15 28 -4 -19
right_child=2 3 27 6 -6 13 11 8 -10 14 -12 16 -14 23 15 -17 -18 18 22 25 -22 -23 -24 24 -26 -27 -28 -29 -30 -31
leaf_value=-0.026120561256640435 0.078532624225269687 -0.079167948922384782 0.020930183092629916 -0.06996476216391638 0.060870804968212053 0.19798109206466705 0.20974672075902448 0.12655946071102595 0.078086733584862525 -0.064326995582373175 0.10152806257655923 -0.039558168404821931 -0.038283193673085199 -0.024202213290904578 0.2703693073277505 -0.019863716423205106 0.068563931742186862 0.026034974389926288 -0.050040658215886706 -0.082418641827830805 -0.013803751509561337 0.097967042132337229 0.09174234328252856 0.018083310347049325 0.079694748875531865 0.077499303671209926 0.1041749290045797 0.080194497076405399 0.074366908616520455 -0.070904508773255173
leaf_weight=22.463958800770342 8.524047954939304 398.10605414677411 28.785778422374278 20.433690808713436 63.782762361690402 2.1431218385696402 2.6478847074322429 2.7713215951807788 13.085058256983755 68.63340139342472 12.079306520055978 9.0976372226141393 96.352367362007499 35.213599202223122 1.5388462357223023 36.895738179795444 14.141143293585628 4.1806351831182829 3.685662833042441 1.7597453510388756 34.400752245914191 1.8501049010083068 6.3298167670145631 120.12887875782326 13.543583299033342 23.991085681598634 2.6926915235817424 301.2782994559966 48.229993851855397 40.492475443985313
leaf_count=743 137 84014 579 1909 1429 39 69 37 265 8450 274 350 3055 1148 33 758 326 270 51 22 575 26 97 1154 343 408 41 10832 1711 4489
internal_value=-0.00217422 -0.0428207 0.051087 -0.0684167 0.0142036 -0.00254333 -0.00571167 -0.00225203 -0.0206416 -0.0272613 0.0185164 0.0450066 -0.0336745 0.017869 -0.0417797 -0.00824335 0.0262357 -0.0748313 -0.0432627 0.0277946 0.00453249 -0.060067 0.0395667 0.0156193 0.0243257 0.0665709 -0.0150829 0.0749419 0.0543941 -0.0618326
internal_weight=1439.26 816.298 622.961 499.115 244.667 317.183 46.3204 180.884 112.209 143.461 34.5433 25.8867 99.1237 173.722 108.918 38.4346 23.2388 452.795 54.6886 68.6756 42.9248 70.4835 10.0155 171.579 133.672 25.7508 37.9063 378.294 77.0158 44.6731
internal_count=123634 104584 19050 91575 5928 13009 2654 4499 3357 10284 1017 745 3092 2725 9267 791 676 88921 4907 1142 712 8476 148 2686 1497 430 1189 13122 2290 4759
is_linear=0
shrinkage=0.08


Tree=44
num_leaves=31
num_cat=0
split_feature=28 12 27 12 25 1 9 3 22 25 22 18 26 16 5 28 26 5 5 3 5 9 1 27 7 5 10 26 3 2
split_gain=439.024 122.829 75.2099 38.1194 29.622 19.2743 16.9947 16.0631 15.8044 14.0201 13.6153 14.7816 13.5468 12.394 9.11973 8.66934 18.6295 10.5238 8.61669 8.22077 7.97419 7.65827 7.64445 5.6634 5.60252 4.62721 4.55969 11.3685 4.17906 9.82785
threshold=0.85786435008049022 0.21240601688623431 0.45992700755596166 0.080540537834167494 -1.0000000180025095e-35 0.71834936738014232 1.0000000180025095e-35 0.65648320317268383 0.64174234867095958 -1.0000000180025095e-35 0.47690120339393621 0.76305484771728527 0.064583335071802153 1.0000000180025095e-35 0.10555555671453477 0.94864469766616832 0.93303570151329052 0.16025641560554507 0.095454547554254546 0.90521115064620983 0.4083333313465119 0.68942219018936168 0.25176055729389196 0.74901574850082409 14.500000000000002 0.38750000298023229 0.427709311246872 0.20714285969734195 0.11852502077817918 0.10596491396427156
decision_type=2 2 2 2 2 2 2 2 2 2 2 2 2 2 2 2 2 2 2 2 2 2 2 2 2 2 2 2 2 2
left_child=1 2 9 6 10 15 -2 8 12 26 11 25 -6 22 -13 16 24 -18 -9 -15 -20 -4 -11 -23 -5 -3 -1 -28 -12 -30
right_child=3 4 21 5 7 -7 -8 18 -10 13 28 14 -14 19 -16 -17 17 -19 20 -21 -22 23 -24 -25 -26 -27 27 -29 29 -31
leaf_value=-0.080823094404407936 0.024669477642805436 -0.058441096264490129 -0.077175303633868139 0.061310735666038334 0.25786567399674565 0.076946833597603723 -0.073469809079380305 0.11530129292038481 0.090737479392964004 0.13222458123924385 0.08105594139548615 0.11678912929826829 -0.0071907380822473369 -0.040629007806646432 -0.0056782933449134512 0.067509182069029644 -0.039013919654458558 -0.27191430318877147 0.0046741106967714986 0.018264227004726574 0.0726809269067418 0.42706818837824129 0.016152115480836293 0.026217830883256712 -0.019924877404757745 0.017651652308604202 0.020540968555669951 -0.09560627476018882 -0.070867695038540721 0.054689485338521318
leaf_weight=21.460529449395835 65.580187186598778 70.362922443076968 399.78429498011246 28.249022431671619 1.2529167239554215 329.94980637636036 13.642138330731539 14.813138474710284 13.290093870833514 3.8608915810473254 7.7303911759518114 4.4575798064470282 82.050213489681482 55.390193509869277 30.645637298002839 29.842870526015759 14.374365284107624 1.3590910676866759 18.561220379546285 20.89014547644183 27.212982065044343 0.29609814379364141 61.078386182431132 0.94711100310087204 6.7273031566292039 5.5155327655374995 12.639240187592806 9.4080111002549511 6.163088378962132 11.31473821075633
leaf_count=3289 616 5478 88247 561 39 12748 1580 241 305 60 79 72 1550 2806 592 707 231 17 309 161 837 7 1839 52 70 68 578 246 107 142
internal_value=-0.00212584 -0.0359406 -0.0571031 0.0585765 0.00631307 0.0683816 0.00776983 0.0299756 0.0097211 -0.0148663 -0.0209966 -0.0330518 -0.00320417 -0.00263318 0.00987322 0.033298 0.0131645 -0.0591324 0.0622671 -0.0245005 0.0451045 -0.0765588 0.0230531 0.121689 0.045686 -0.05291 -0.054573 -0.0290214 0.0320779 0.0104151
internal_weight=1368.85 879.125 585.755 489.725 293.37 410.502 79.2223 157.181 96.5932 184.727 136.19 110.982 83.3031 141.22 35.1032 80.5527 50.7098 15.7335 60.5873 76.2803 45.7742 401.028 64.9393 1.24321 34.9763 75.8785 43.5078 22.0473 25.2082 17.4778
internal_count=123634 107104 97285 16530 9819 14334 2196 3281 1894 8979 6538 6210 1589 4866 664 1586 879 248 1387 2967 1146 88306 1899 59 631 5546 4113 824 328 249
is_linear=0
shrinkage=0.08


Tree=45
num_leaves=31
num_cat=0
split_feature=12 27 3 12 18 22 1 25 16 10 12 5 16 16 26 5 26 2 7 2 3 12 27 2 7 11 22 22 5 3
split_gain=397.234 118.099 60.4547 46.6739 24.0551 19.6843 20.485 19.2362 18.5791 15.2819 14.7229 15.9595 12.9277 12.2788 10.6592 9.63782 9.37847 8.13475 7.87004 18.0484 7.0344 7.02435 6.76443 6.63077 6.44548 6.29352 6.28858 6.17016 6.3729 5.81056
threshold=0.3717105239629746 0.5320124924182893 0.78629976511001598 0.17519181966781619 0.67012256383895885 0.56980520486831676 0.72046512365341198 -1.0000000180025095e-35 1.0000000180025095e-35 0.427709311246872 0.10435571894049646 0.30384616553783422 1.0000000180025095e-35 1.0000000180025095e-35 0.14835165441036227 0.087121214717626586 0.43650794029235845 0.67028987407684337 6.5000000000000009 0.70064935088157665 0.93127068877220165 0.69397994875907909 0.21521919220685962 0.84680575132370006 1.5000000000000002 0.59498903155326854 0.58123165369033825 0.75809821486473095 0.47727273404598242 0.8216732144355775
decision_type=2 2 2 2 2 2 2 2 2 2 2 2 2 2 2 2 2 2 2 2 2 2 2 2 2 2 2 2 2 2
left_child=1 7 5 25 27 6 13 9 15 -1 11 23 20 21 -12 -6 -15 -14 -8 -20 -11 -2 -13 -9 -10 -3 -16 28 -5 -27
right_child=2 3 -4 4 8 -7 18 10 24 12 14 22 17 16 26 -17 -18 -19 19 -21 -22 -23 -24 -25 -26 29 -28 -29 -30 -31
leaf_value=-0.07600406561540432 0.0082470425218426607 -0.079261894881830094 0.077232985390769698 -0.062107019627617187 0.16239501029052941 0.074535216387378006 0.081618822863832513 -0.0673389077372821 0.027174890464958218 0.0095805075873992545 0.099393399463680671 0.012563043919480108 -0.030672676177904614 0.034544904884710563 0.0071281424149149146 0.03536638039914617 -0.038504764895655005 -0.16262934235638959 0.10695448920010449 -0.27108835151334038 0.1105181694463071 0.075746630864707107 -0.063606058437410268 0.24927575294587997 -0.056635951072181688 -0.085612581649593664 0.083458463152006335 0.097630609671848986 0.13427344392817966 0.098392967595206146
leaf_weight=32.737113827373832 43.721538009587675 335.98559989430942 296.04584573209286 67.199423714075238 4.3454864053055635 35.24876531213522 27.437998000532392 22.943821026477966 7.9908723933622268 23.629287574440244 17.182350684423 161.02574942400679 15.491075238678606 13.662720240186898 31.140095602720976 31.765924597624689 63.642549666576087 3.7050466742366543 1.965872393921017 1.3725162073969839 5.4351583775132886 12.742717288434504 7.8245655477512619 0.43129073828458686 22.154316516593099 1.9785679425112892 8.8769433083944005 1.6481311749666918 1.0745088118128467 2.4688339191488922
leaf_count=5928 644 82648 12457 7095 104 891 764 3312 221 876 473 1935 802 296 592 863 1229 110 37 19 88 190 662 3 973 261 108 16 11 26
internal_value=-0.00207071 -0.0366955 0.0542849 -0.0621767 -0.022594 0.0202815 0.00865941 5.94092e-05 0.0119468 -0.0338132 0.0110591 0.000456663 -0.00519343 -0.00487983 0.04669 0.0506524 -0.0255942 -0.0561417 0.0675077 -0.0484708 0.0284562 0.0234802 0.00903335 -0.0614971 -0.0344194 -0.0780104 0.0240604 -0.055324 -0.0590163 0.0165323
internal_weight=1302.87 807.034 495.841 476.612 136.179 199.795 164.546 330.422 66.2566 80.9977 249.425 192.225 48.2606 133.77 57.1994 36.1114 77.3053 19.1961 30.7764 3.33839 29.0644 56.4643 168.85 23.3751 30.1452 340.433 40.017 69.9221 68.2739 4.4474
internal_count=123634 107107 16527 92218 9283 4070 3179 14889 2161 7804 7085 5912 1876 2359 1173 967 1525 912 820 56 964 834 2597 3315 1194 82935 700 7122 7106 287
is_linear=0
shrinkage=0.08


Tree=46
num_leaves=31
num_cat=0
split_feature=28 12 27 12 25 0 9 3 22 22 18 20 7 12 0 3 5 5 16 9 5 22 0 18 5 20 27 18 16 18
split_gain=358.265 103.019 70.9807 33.9673 23.8867 19.7849 13.7875 13.6728 13.6638 11.9809 12.1929 11.3967 11.1245 10.2621 9.21869 9.12929 8.24033 7.80654 7.62837 7.18507 7.10512 11.2175 6.16406 5.77356 5.36257 9.71955 5.34797 4.64131 4.63829 4.8027
threshold=0.85786435008049022 0.21240601688623431 0.45992700755596166 0.080540537834167494 -1.0000000180025095e-35 0.56773442029953014 1.0000000180025095e-35 0.65648320317268383 0.64174234867095958 0.47690120339393621 0.76305484771728527 1.0000000180025095e-35 2.5000000000000004 0.75499999523162853 0.55351883172988903 0.9607692062854768 0.095454547554254546 0.10555555671453477 1.0000000180025095e-35 0.64468246698379528 1.0000000180025095e-35 0.6789083480834962 0.73746865987777721 0.93338736891746532 0.095454547554254546 1.0000000180025095e-35 0.97379860281944286 0.75856643915176403 1.0000000180025095e-35 0.67339807748794567
decision_type=2 2 2 2 2 2 2 2 2 2 2 2 2 2 2 2 2 2 2 2 2 2 2 2 2 2 2 2 2 2
left_child=1 2 11 6 9 13 -2 8 14 10 27 20 23 24 -6 -14 -9 -12 -18 -4 21 -1 -22 -13 26 -26 -5 -3 29 -21
right_child=3 4 19 5 7 -7 -8 16 -10 -11 17 12 15 -15 -16 -17 18 -19 -20 28 22 -23 -24 -25 25 -27 -28 -29 -30 -31
leaf_value=-0.034929315943988785 0.022246990608121634 -0.048751711053851919 -0.07704233971800957 0.030969528168291058 -0.010574149682755865 0.075545862338251349 -0.070829920429040419 0.11347413016802095 0.090100122372528346 0.03084205097670728 0.10967210865621488 0.056484158893811427 -0.039183955168828596 0.060936142311056485 0.089934485477517617 0.018150879321545136 0.067465177700423373 -0.0066508707531123933 -0.0027759518976721393 -0.08067921578495757 -0.072942554034525847 0.084817387877305001 -0.012945298235563904 -0.05377910307211322 -0.17437730625719483 0.022925288964235839 -0.048652123841223034 -0.27944977594998494 -0.087697215399763689 0.17218596676170855
leaf_weight=18.491583299590278 63.962605513632298 69.547666072379798 341.99570094025694 25.404578608460724 75.748738343827426 290.75536585133523 12.114603322697802 13.357058110646902 11.552604364231227 24.316059254575521 4.2132141855545333 27.114981023129079 39.693821082822978 34.054629256948829 6.3283282192423931 32.185616279020905 26.686856664251536 29.86971233645454 15.726610921323298 0.66740573290735428 35.262605109484866 6.8655720725655547 15.9013265655376 3.4228782681748262 2.9042898491024962 3.552558233961463 6.8559123370796433 0.56264214916154642 1.2720682658255102 1.718519950751215
leaf_count=1246 616 5534 88069 382 1488 12815 1580 241 305 328 72 701 2149 935 101 235 744 592 402 92 3913 136 577 22 28 78 96 12 128 17
internal_value=-0.00201447 -0.033814 -0.0546766 0.0560359 0.00556684 0.0662089 0.00742534 0.0273193 0.00864093 -0.0197218 -0.0315221 -0.0137771 0.00367442 0.0289036 -0.00282471 -0.013511 0.0586772 0.00772858 0.0414203 -0.0758495 -0.0371345 -0.00250732 -0.0542959 0.0441251 0.000728725 -0.0658214 0.0140485 -0.0506031 0.0356759 0.101453
internal_weight=1242.11 802.502 524.592 439.605 277.909 363.527 76.0772 149.4 93.6297 128.509 104.193 178.938 102.417 72.772 82.0771 71.8794 55.7705 34.0829 42.4135 345.654 76.5211 25.3572 51.1639 30.5379 38.7173 6.45685 32.2605 70.1103 3.65799 2.38593
internal_count=123634 107104 97285 16530 9819 14334 2196 3281 1894 6538 6210 8979 3107 1519 1589 2384 1387 664 1146 88306 5872 1382 4490 723 584 106 478 5546 237 109
is_linear=0
shrinkage=0.08


Tree=47
num_leaves=31
num_cat=0
split_feature=12 27 1 12 0 22 16 25 16 16 10 12 9 3 1 13 3 5 26 3 9 11 22 11 12 28 27 3 12 26
split_gain=322.287 105.563 57.6247 43.078 19.9558 18.8912 15.5459 13.0327 12.0588 11.8816 13.2548 11.8574 18.5675 13.0233 11.5467 8.95347 8.57262 8.5538 8.52117 6.91106 6.28891 6.13607 6.02354 5.71119 5.52491 5.46899 8.21856 5.77967 5.12545 8.44145
threshold=0.3717105239629746 0.5320124924182893 0.80259740352630626 0.17519181966781619 0.52704679965972911 0.62115561962127697 1.0000000180025095e-35 -1.0000000180025095e-35 1.0000000180025095e-35 1.0000000180025095e-35 0.98255756497383129 0.089572194963693633 1.0000000180025095e-35 0.88047617673873912 0.20550528168678286 1.5000000000000002 0.62115561962127697 0.78888890147209179 0.4083333313465119 0.15504807978868487 0.39936709403991705 0.70740002393722545 0.79431909322738659 0.59498903155326854 0.10435571894049646 0.75803235173225414 0.71068483591079723 0.15504807978868487 0.69397994875907909 0.77350428700447094
decision_type=2 2 2 2 2 2 2 2 2 2 2 2 2 2 2 2 2 2 2 2 2 2 2 2 2 2 2 2 2 2
left_child=1 6 5 23 25 9 11 19 16 28 18 12 -1 14 -13 17 -6 -9 -11 22 -14 -10 -8 -3 -25 27 -27 -5 29 -2
right_child=2 3 -4 4 8 -7 7 15 21 10 -12 13 20 -15 -16 -17 -18 -19 -20 -21 -22 -23 -24 24 -26 26 -28 -29 -30 -31
leaf_value=0.020369162598776747 0.034949921601890636 -0.079029085638011962 0.076717050960104574 -0.001564277119827599 0.20615770096666869 0.083903653970576003 -0.034191076127440614 -0.01726054671950579 -0.044563892010621269 0.029012265431598145 0.039436086988665665 0.089929355967669503 -0.067024767347738684 0.10465682845818951 -0.0017325943902483782 0.16987111914459235 0.0361235780537403 0.046997691378725469 -0.040597165201184338 -0.08659869396993719 0.095607329065221777 0.06054534339641883 0.14148478591425653 0.17485343623077326 -0.038639551292486522 0.29798520401509782 -0.0097863308906056962 -0.066004817468459306 0.075127555779251523 -0.056455929286896869
leaf_weight=77.959904673974961 48.810373954009265 288.35540698561817 253.50202055461705 10.589289437513797 2.0318826898001161 24.86073840316385 6.5575662895571458 103.10777919739485 21.280630000866953 14.013511177618055 26.442720586434007 11.943641318473963 24.924970899941403 16.933543061371893 33.368601044174284 1.8185499352402974 28.729895822936669 15.214445767924188 57.174933713395149 23.112040915992111 1.6206975704990316 4.2673812052234998 1.5430614426732061 1.0480021252296854 2.9865813092328608 0.65730455238371988 3.5778091615065932 56.092716209823266 15.250898644328116 7.4536294862627974
leaf_count=1298 910 82648 12234 459 68 795 269 3788 945 320 578 180 3806 426 1137 28 813 188 1228 3546 202 66 21 34 253 7 113 6812 349 113
internal_value=-0.00195854 -0.0344497 0.0516033 -0.0607983 -0.02194 0.018788 0.000307201 -0.0182559 0.0136164 0.00921748 -0.00892931 0.0171562 0.000692194 0.0447979 0.0224281 -0.0062904 0.0473547 -0.00899791 -0.0268945 -0.0643124 -0.0570956 -0.0270071 -0.00072717 -0.0777066 0.0168163 -0.0501727 0.0379809 -0.0557715 0.0339912 0.0228408
internal_weight=1185.23 737.722 447.509 419.617 127.227 194.007 318.105 151.353 56.3098 169.146 97.6312 166.751 104.506 62.2458 45.3122 120.141 30.7618 118.322 71.1884 31.2127 26.5457 25.548 8.10063 292.39 4.03458 70.9171 4.23511 66.682 71.5149 56.264
internal_count=123634 107107 16527 92218 9283 4293 14889 7840 1892 3498 2126 7049 5306 1743 1317 4004 881 3976 1548 3836 4008 1011 290 82935 287 7391 120 7271 1372 1023
is_linear=0
shrinkage=0.08


Tree=48
num_leaves=31
num_cat=0
split_feature=28 25 12 12 10 27 3 3 27 12 11 9 0 3 0 12 26 2 3 9 16 3 12 1 8 26 18 7 18 9
split_gain=289.97 90.1928 44.7619 32.0991 28.0103 29.9803 16.3185 14.515 12.901 11.2438 11.0998 10.7967 9.63708 15.5569 13.6961 9.13952 12.7603 8.6688 13.725 8.07409 7.54804 7.42027 7.25026 6.99079 6.75142 6.38335 5.14818 4.99181 4.88823 7.09515
threshold=0.87106668949127208 -1.0000000180025095e-35 0.15075758099555972 0.080540537834167494 0.57207792997360241 0.44310989975929266 0.86391696333885204 0.71516755223274242 0.76141574978828441 0.51190477609634411 0.63185164332389843 1.0000000180025095e-35 0.25176055729389196 0.55403152108192455 0.12599206715822223 0.3717105239629746 0.36038962006568914 0.25158227980136877 0.48074074089527136 0.7667919695377351 1.0000000180025095e-35 0.90521115064620983 0.13840996474027636 0.3464102596044541 0.84698995947837841 0.36038962006568914 0.86227062344551098 23.500000000000004 0.92415231466293346 0.38032488524913793
decision_type=2 2 2 2 2 2 2 2 2 2 2 2 2 2 2 2 2 2 2 2 2 2 2 2 2 2 2 2 2 2
left_child=1 2 28 11 5 20 12 17 15 26 -7 24 14 -14 -6 16 -4 -5 23 -11 22 -22 -3 -19 -2 -17 -10 -8 -1 -30
right_child=3 4 8 7 6 10 27 -9 9 19 -12 -13 13 -15 -16 25 -18 18 -20 -21 21 -23 -24 -25 -26 -27 -28 -29 29 -31
leaf_value=-0.078137069817651478 -0.033766310843836279 0.015099699796307904 0.017731636087628427 0.062982983895305267 0.0089262136564379896 -0.077735990902686014 0.083643238579526324 0.075487397623812055 -0.065008007124195077 0.13317422454360775 0.81773967137092674 -0.073058934768839123 -0.049327777454898969 0.021520868243262829 0.089594214658272137 0.2010791008755029 -0.059981849391387385 -0.027929426263293144 0.044801348202548795 -0.010482939778494094 -0.037679208446039253 0.018583168483659696 0.20575880660355853 -0.16569212567047767 0.033220733432165195 0.03714033128307475 -0.0080518868634034818 -0.16287717160817614 -0.09912012872581992 0.099710435679621845
leaf_weight=246.52030133688822 12.264798678457735 55.600631856126711 33.681379726622254 28.676246905699372 39.373500369489193 48.443594749551266 27.302991369739178 246.25433894433081 62.539427949348465 3.1995869157835832 0.088752800598739578 9.5543218946550024 32.046172426082194 52.05593339423649 20.474964617984369 1.6861742492765213 22.592538241064176 8.7661251369863766 18.587422659620643 11.516117178834973 47.323907864745706 21.966160201467574 1.306487863883375 3.2246502488851538 44.811300039291382 15.431267298758028 12.126031729625536 0.53601345047354598 2.1923245135694733 2.4126906513702124
leaf_count=73112 100 1683 2161 720 669 14305 1053 12600 6648 58 4 1350 1030 1036 293 33 1226 74 429 230 2635 172 31 30 481 363 309 4 495 300
internal_value=-0.00190305 -0.0302211 -0.0554308 0.0559611 -0.000109556 -0.0226624 0.0228292 0.0669337 -0.022753 -0.0431615 -0.0760984 0.00565055 0.0119862 -0.00547522 0.0365238 0.00210189 -0.0134683 0.0313854 0.0017532 0.020752 -0.00211219 -0.0198431 0.0194769 -0.0649776 0.0188262 0.0532893 -0.0557581 0.0788967 -0.0766116 0.00505252
internal_weight=1132.56 760.417 413.898 372.139 346.519 174.73 171.79 305.509 162.773 89.3812 48.5323 66.6304 143.951 84.1021 59.8485 73.3914 56.2739 59.2544 30.5782 14.7157 126.197 69.2901 56.9071 11.9908 57.0761 17.1174 74.6655 27.839 251.125 4.60502
internal_count=123634 107850 84935 15784 22915 18830 4085 13853 11028 7245 14309 1931 3028 2066 962 3783 3387 1253 533 288 4521 2807 1714 104 581 396 6957 1057 73907 795
is_linear=0
shrinkage=0.08


Tree=49
num_leaves=31
num_cat=0
split_feature=28 25 26 26 11 27 3 16 18 0 11 11 3 22 22 11 3 27 8 2 3 16 8 18 26 7 13 3 0 8
split_gain=259.253 82.4218 37.718 27.7128 23.71 23.2748 14.6514 12.9077 14.5644 14.0951 12.0391 11.4573 13.6902 10.3953 10.0763 8.19604 6.8968 6.80297 6.75985 6.23456 13.7406 5.92908 6.43887 7.80892 5.6224 5.25595 5.18917 4.85215 4.46481 4.25495
threshold=0.87106668949127208 -1.0000000180025095e-35 0.085144929587841048 0.12132352963089944 0.69831877946853649 0.54186138510704052 0.75162336230278026 1.0000000180025095e-35 0.80167940258979808 0.16172623634338382 0.46037456393241888 0.41542178392410284 0.78319624066352855 0.54950982332229625 0.63859337568283092 0.70740002393722545 0.95040982961654674 0.35946278274059301 0.84698995947837841 0.25158227980136877 0.48074074089527136 1.0000000180025095e-35 0.3357843160629273 0.75856643915176403 0.5634920895099641 4.5000000000000009 1.5000000000000002 0.90070420503616344 0.3483316451311112 0.21103239059448245
decision_type=2 2 2 2 2 2 2 2 2 2 2 2 2 2 2 2 2 2 2 2 2 2 2 2 2 2 2 2 2 2
left_child=1 2 15 18 5 10 19 8 9 -4 14 -7 -13 16 -3 -1 -9 -10 -2 -5 28 29 -23 -24 -12 -22 -15 -20 -21 -6
right_child=3 4 7 6 21 11 -8 13 17 -11 24 12 -14 26 -16 -17 -18 -19 27 20 25 22 23 -25 -26 -27 -28 -29 -30 -31
leaf_value=-0.078601353903895166 -0.035278276806401707 -0.005408440531112094 0.049756844418599781 0.060557615393586728 -0.11840366153634832 -0.080627766470425299 0.075889733331999887 -0.065934107341445614 -0.046135171667374721 -0.04647048792835988 0.079691834570141409 -0.041509698557024008 0.048006299496501662 -0.010176470644400516 0.087134363247013055 0.24127532983139829 0.046651040809024706 0.061045554159766591 0.074924256258416685 -0.032015925938352029 0.07262162451239379 0.17503549803886831 -0.017860416080002522 0.075047416209756496 -0.026540959491809801 -0.0075823763332650822 0.12249693557717847 0.013057863136959459 -0.14540098876199206 0.074601454802990144
leaf_weight=203.66644248203374 15.957581959431989 152.06575528369285 12.142446320038287 27.48859891295433 0.74919600598514335 32.188296689651906 216.26419685361907 76.097545408178121 4.557665043044838 49.280978150200099 18.719162340508777 50.731171623338014 13.93845327128656 17.701110804919157 7.9223002586513749 0.5139414481818666 3.6492905667982987 22.503335553454235 9.7745606626849604 8.9985285177826864 15.43857586476952 1.609715112484994 19.03743649926037 8.3202734868973476 3.8430900312960139 7.907677272334694 2.1118259839713565 47.742053198860958 2.9517339020967475 30.152887869626284
leaf_count=67049 500 5794 528 720 9 10218 12050 9567 82 6271 308 4108 592 546 369 4 96 770 328 76 518 17 276 331 42 128 22 1436 28 851
internal_value=-0.00185364 -0.0290129 -0.0539884 0.0545031 -0.000139838 -0.00992935 0.0660127 -0.0281376 -0.00590478 -0.0274479 0.00688923 -0.0416277 -0.022216 -0.0478971 -0.000825899 -0.0777962 -0.0607821 0.042994 0.0107902 0.0319913 0.00974414 0.0455474 0.0195446 0.0103956 0.0615969 0.0454555 0.00396495 0.0235716 -0.0600222 0.0699222
internal_weight=1084.03 731.502 392.225 352.524 339.278 279.408 279.049 188.044 88.4844 61.4234 182.55 96.8579 64.6696 99.5598 159.988 204.18 79.7468 27.061 73.4742 62.7851 35.2965 59.8695 28.9674 27.3577 22.5623 23.3463 19.8129 57.5166 11.9503 30.9021
internal_count=123634 107850 84935 15784 22915 21431 13520 17882 7651 6799 6513 14918 4700 10231 6163 67053 9663 852 2264 1470 750 1484 624 607 350 646 568 1764 104 860
is_linear=0
shrinkage=0.08


Tree=50
num_leaves=31
num_cat=0
split_feature=12 27 5 11 10 16 26 3 7 26 8 6 18 2 2 1 27 2 12 21 1 28 13 5 0 3 8 18 5 3
split_gain=235.215 92.0338 65.326 24.7759 15.88 17.3452 15.4034 14.4041 13.7432 12.7619 11.4099 11.2737 10.088 11.6775 9.99937 9.62852 9.24739 8.12101 7.40781 7.31825 6.51085 6.09495 5.53975 5.49968 5.46758 13.3671 10.7761 5.40655 5.03519 5.46037
threshold=0.29520697891712194 0.5320124924182893 0.4083333313465119 0.58351215720176708 0.96884703636169445 1.0000000180025095e-35 0.26969698071479803 0.80810147523880016 4.5000000000000009 0.4083333313465119 0.84877073764801036 1.5000000000000002 0.83870548009872448 0.25158227980136877 0.56691542267799389 0.60814526677131664 0.53711354732513439 0.68133461475372326 0.24568965286016467 1.0000000180025095e-35 0.28718703985214239 0.76220238208770763 1.0000000180025095e-35 0.11805555596947671 0.26894375681877142 0.52704679965972911 0.65261757373809826 0.90327954292297374 1.0000000180025095e-35 0.65648320317268383
decision_type=2 2 2 2 2 2 2 2 2 2 2 2 2 2 2 2 2 2 2 2 2 2 2 2 2 2 2 2 2 2
left_child=1 7 4 18 5 12 14 8 10 16 17 -11 13 -2 21 -9 -7 -1 -3 -8 -12 -5 -17 -16 -6 26 -26 -20 29 -10
right_child=2 3 -4 6 24 9 19 15 28 11 20 -13 -14 -15 23 22 -18 -19 27 -21 -22 -23 -24 -25 25 -27 -28 -29 -30 -31
leaf_value=0.13961009427707044 0.055939531767650055 -0.07670351757316031 0.073585714005823505 -0.082916104984625524 0.080778765810317413 0.14467824835952345 -0.061889417678437385 0.19035298377510321 -0.028827512178136862 -0.027581249855497824 0.032127733933386991 -0.12838487349998903 0.089994869062449204 -0.011445431961021496 0.20877842921254722 0.0076409066152622268 0.0072793402569413428 -0.07935049433695289 -0.039600673650637144 0.10722191257748895 -0.025255961043593535 0.25743614685629101 0.068396829669037804 0.068712495292066494 0.017637107014078387 0.06774406864508839 -0.15933873115448025 0.092568471983389036 -0.069565019153570773 0.17877554687275718
leaf_weight=5.713453560601919 27.245857916772366 255.53554830164649 217.26826508622617 3.6024422682821746 22.890733728185296 3.7690586270764497 19.241450533038009 1.9517891504801799 20.839522818103436 64.325232760282233 17.549151743063703 7.9816697505302718 13.881006451323627 41.572649541078135 2.2367908698506644 148.27322011278011 18.634264784166589 1.3379318800289182 13.011468632146714 1.7900906838476647 45.369443888543174 0.3714607236906885 10.270188043825327 9.0656386469490808 5.7588179819285887 18.217138322070241 3.5651841349899769 2.3364934120327225 35.936550618847832 0.84366464265622099
leaf_count=435 531 86124 12287 540 690 49 1752 42 1486 2094 415 133 567 1153 23 2523 661 45 1174 47 3604 4 398 276 45 817 23 54 5562 80
internal_value=-0.00178866 -0.0346814 0.042201 -0.0651435 0.0122728 0.00101219 -0.00308644 -0.00219892 -0.022262 -0.0223624 0.00156433 -0.0387086 0.0277816 0.0152329 0.0580534 0.0137507 0.0303949 0.0980644 -0.0734613 -0.0474956 -0.00925059 -0.0511017 0.0115766 0.096432 0.0518855 0.027871 -0.0500325 -0.0194799 -0.0511952 -0.0207499
internal_weight=1040.39 595.276 445.11 307.191 227.842 177.41 36.3079 288.085 127.59 94.7102 69.97 72.3069 82.6995 68.8185 15.2763 160.495 22.4033 7.05139 270.884 21.0315 62.9186 3.9739 158.543 11.3024 50.4319 27.5411 9.324 15.348 57.6197 21.6832
internal_count=123634 104584 19050 89994 6763 5188 2642 14590 11627 2937 4499 2227 2251 1684 843 2963 710 480 87352 1799 4019 544 2921 299 1575 885 68 1228 7128 1566
is_linear=0
shrinkage=0.08


Tree=51
num_leaves=31
num_cat=0
split_feature=28 25 10 10 16 2 11 10 16 2 6 27 5 2 8 22 0 1 18 0 28 18 8 11 9 25 1 26 27 27
split_gain=209.457 71.2875 42.1791 26.0341 20.4669 14.8955 11.5336 11.2338 10.3621 10.2461 8.86389 8.6821 7.77514 7.66111 7.59476 7.38723 7.331 6.79132 5.88278 9.8177 6.87956 5.36426 5.09378 4.52687 7.1346 4.3555 5.93043 5.84381 4.35448 4.55006
threshold=0.87106668949127208 -1.0000000180025095e-35 0.58113884925842296 0.68020617961883556 1.0000000180025095e-35 0.4712491780519486 0.66841188073158275 0.83414238691329967 1.0000000180025095e-35 0.25158227980136877 4.5000000000000009 0.51524445414543163 0.4083333313465119 0.62115561962127697 0.3357843160629273 0.66287881135940563 0.28035087883472448 0.92390406131744396 0.80167940258979808 0.16172623634338382 0.55190372467041027 0.92415231466293346 0.84698995947837841 0.43802572786808019 0.47332762181758886 -1.0000000180025095e-35 0.91024166345596325 0.60769233107566845 0.82772755622863781 0.79425507783889782
decision_type=2 2 2 2 2 2 2 2 2 2 2 2 2 2 2 2 2 2 2 2 2 2 2 2 2 2 2 2 2 2
left_child=1 2 21 22 6 9 11 10 18 -5 12 16 -6 -13 -11 17 -3 -10 19 -4 -20 -1 -2 -9 -25 26 27 -7 29 -23
right_child=3 4 8 5 7 25 -8 23 15 14 -12 13 -14 -15 -16 -17 -18 -19 20 -21 -22 28 -24 24 -26 -27 -28 -29 -30 -31
leaf_value=-0.077355778091170613 -0.028002569960392524 0.091601793642377305 0.053332505470228463 0.056872446701474851 -0.04588948569226841 -0.16645197394465136 0.063525636985288098 -0.048726228067494451 -0.052695533506561254 0.10375678594672332 -0.27754250769400768 -0.0527761287132123 -0.0059432090886638303 0.026077025581025398 -0.039846290570889599 0.032493865238962846 0.015642457327477967 0.067272102994372501 0.19628522335389065 -0.033156707671617151 0.024486716463620075 0.028000552279214209 0.022069315922359219 0.19958661965644398 0.018200571508611166 0.079872502910765239 0.067356493801212711 0.018798084145207072 -0.087051540114495854 0.32294069931231018
leaf_weight=199.51023865840398 16.531211625784636 9.1361634852364642 10.957329474855213 25.373148726299405 73.146969429915771 1.2768747350200991 33.121853871736676 6.2121543427929273 68.084969688206911 2.7358812140300897 0.92394855502061446 21.597902996232733 54.358633585972711 12.420367214828728 17.021711467765272 8.2722118576057238 73.961908404715359 3.160167225636541 1.6053077715914721 35.986489973729476 21.092056054389104 2.8025921955704685 60.917046714341268 1.4380920715630043 39.723236378282309 160.17821301613003 27.594096588902175 7.4398956587538123 2.0153324990533292 0.38016562815755595
leaf_count=75111 506 171 299 728 12060 51 944 58 5171 91 12 3692 1546 1403 170 89 2269 87 25 2965 380 353 1804 12 748 10426 1704 304 396 59
internal_value=-0.00172984 -0.0268242 -0.0516892 0.0517442 0.00016284 0.0646819 0.021845 -0.0183664 -0.0193326 0.0232358 -0.0306485 0.0100572 -0.0288594 -0.0239862 -0.0199612 -0.0390655 0.0239938 -0.0473742 0.00319871 -0.0129689 0.0366374 -0.0752654 0.0113815 0.0149306 0.0245378 0.0742015 0.0491852 -0.00833824 0.00496476 0.0632298
internal_weight=998.976 679.908 353.867 319.068 326.041 241.62 150.238 175.803 149.159 45.1307 128.43 117.116 127.506 34.0183 19.7576 79.5173 83.0981 71.2451 69.6412 46.9438 22.6974 204.708 77.4483 47.3735 41.1613 196.489 36.3109 8.71677 5.19809 3.18276
internal_count=123634 107850 84935 15784 22915 13474 8479 14436 9016 989 13618 7535 13606 5095 261 5347 2440 5258 3669 3264 405 75919 2310 818 760 12485 2059 355 808 412
is_linear=0
shrinkage=0.08


Tree=52
num_leaves=31
num_cat=0
split_feature=12 25 0 12 16 22 11 26 3 3 1 3 22 12 28 10 3 7 8 3 2 10 28 5 18 12 10 18 0 0
split_gain=189.805 72.6787 44.1396 30.4828 20.0347 17.9674 12.9764 12.4555 11.789 9.97899 12.2817 8.94555 11.9483 11.0832 8.83681 8.33896 8.06471 7.64138 9.72957 7.88576 7.2878 7.109 6.54002 6.48974 6.08608 8.39667 7.20479 5.23706 4.68947 4.44959
threshold=0.41421568393707281 -1.0000000180025095e-35 0.56773442029953014 0.15075758099555972 1.0000000180025095e-35 0.58204832673072826 0.64767315983772289 0.34523810446262365 0.90366768836975109 0.78501400351524364 0.27639257907867437 0.74322345852851879 0.56562754511833202 0.053342817351222045 0.34930197894573217 0.97818154096603405 0.91596046090126049 4.5000000000000009 0.8169856369495393 0.10435571894049646 0.59720873832702648 0.76220238208770763 0.93946442008018505 0.38750000298023229 0.92415231466293346 0.080540537834167494 0.38243331015110021 0.39683340489864355 0.79772728681564342 0.74464204907417308
decision_type=2 2 2 2 2 2 2 2 2 2 2 2 2 2 2 2 2 2 2 2 2 2 2 2 2 2 2 2 2 2
left_child=1 3 5 24 6 9 11 14 17 10 15 12 -3 -13 -5 -2 28 18 -6 -19 -18 -16 29 -12 -1 -26 -27 -8 -10 -9
right_child=2 4 -4 7 8 -7 27 22 16 -11 23 13 -14 -15 21 -17 20 19 -20 -21 -22 -23 -24 -25 25 26 -28 -29 -30 -31
leaf_value=-0.076570718540313984 0.0041248730125745207 -0.034198029702038481 0.073147433516223506 0.42698321580632403 0.13782104194184716 0.077826236070513227 0.33745854218764904 -0.046344453769774717 0.024293788645567523 0.076290943935962349 -0.043779113086603962 0.011235902490020211 0.073688167180032502 0.073329619625892614 -0.014550162989151629 0.090113096062717613 -0.12993515008606715 0.2887325425273774 -0.021122133816146742 -0.058369934451661554 0.013190412642603705 0.049056813091391656 0.082028683732273594 0.086571618255396443 -0.072450785745538163 0.45849803112792653 0.043554105210108808 0.083679434182015899 0.29134671462781475 -0.11629949149344773
leaf_weight=187.57456220104359 39.157077718526125 38.837636527605355 190.70026964461431 0.31269543711095948 2.5745183317922047 22.337984042242169 0.54131903871893783 46.568413020810112 0.71451595774851639 9.7024237904697639 46.520761393010616 74.848559956997633 7.9074506966862819 24.39261063397862 47.125123637961224 8.8491422794759256 2.3925831124652168 0.42217304953373869 57.861550625879318 53.999006466707215 47.087116937618703 14.770107627846299 2.3235411178320637 2.5800131373107424 6.5432199893984926 0.28661262779496599 4.0816580099053681 13.481144916731862 1.0238590824883429 6.6501966428477308
leaf_count=73496 475 4849 12395 14 297 830 5 4108 41 481 917 1785 505 993 5528 170 51 11 4937 7989 804 322 131 70 1485 20 229 535 25 136
internal_value=-0.00166199 -0.0267354 0.0486906 -0.0540615 -0.000234638 0.0125775 0.0199675 -0.0218139 -0.0196988 -0.00106857 -0.00879793 0.0129067 -0.0159479 0.026498 0.00277154 0.0199754 0.0122198 -0.0339322 -0.0143513 -0.0556773 0.0062696 0.00062842 -0.04935 -0.0369298 -0.073192 -0.0151104 0.0707796 0.0934762 0.181581 -0.055086
internal_weight=962.168 642.32 319.848 316.236 326.084 129.147 160.009 117.75 166.075 106.809 97.107 145.986 46.7451 99.2412 62.2079 48.0062 51.2181 114.857 60.4361 54.4212 49.4797 61.8952 55.5422 49.1008 198.486 10.9115 4.36827 14.0225 1.73838 53.2186
internal_count=123634 108296 15338 85469 22827 2943 8672 10239 14155 2113 1632 8132 5354 2778 5864 645 921 13234 5234 8000 855 5850 4375 987 75230 1734 249 540 66 4244
is_linear=0
shrinkage=0.08


Tree=53
num_leaves=31
num_cat=0
split_feature=12 27 5 11 22 18 8 7 0 0 5 22 13 13 13 7 0 5 0 0 7 5 12 18 9 1 12 11 25 25
split_gain=170.324 79.7242 56.0712 21.2923 16.2875 16.0499 16.4873 15.5017 14.0371 13.4417 10.9933 14.4187 9.47603 8.71104 7.76313 9.81543 6.71283 6.61212 6.49343 7.91968 5.97184 5.86583 5.25708 5.27471 6.26187 5.17844 4.76031 6.28674 5.01276 4.65235
threshold=0.29520697891712194 0.55600360035896312 0.43650794029235845 0.58351215720176708 0.58499062061309826 0.77988386154174816 0.66915422677993786 6.5000000000000009 0.47856706380844122 0.25176055729389196 0.47727273404598242 0.6789083480834962 1.0000000180025095e-35 1.0000000180025095e-35 1.0000000180025095e-35 1.5000000000000002 0.16172623634338382 0.087121214717626586 0.57932874560356151 0.48683299124240881 5.5000000000000009 0.73214286565780651 0.17519181966781619 0.86707893013954174 0.51442441344261181 0.82446312904357921 0.27525253593921667 0.43259048461914068 -1.0000000180025095e-35 -1.0000000180025095e-35
decision_type=2 2 2 2 2 2 2 2 2 2 2 2 2 2 2 2 2 2 2 2 2 2 2 2 2 2 2 2 2 2
left_child=1 10 4 22 5 6 7 -2 -5 -8 11 26 16 18 15 -7 -13 -10 19 -12 -19 -20 -3 -24 -25 -6 28 -28 -1 -4
right_child=2 3 29 8 25 14 9 -9 17 -11 13 12 -14 -15 -16 -17 -18 20 21 -21 -22 -23 23 24 -26 -27 27 -29 -30 -31
leaf_value=-0.06207551089237897 0.18191854286296835 -0.078309060743214143 0.047464729280037123 -0.069518172566783193 0.071279763366360924 0.12100000664848672 0.0068910381495330643 0.0098389470690307471 0.15981050250574697 -0.061453571719355872 -0.090676847265259153 0.052636901602042596 0.14177285147504523 0.078692496384001775 0.076205272014406841 -0.042523519831446997 -0.089728163114234386 0.053635631012424988 -0.0069440410461915868 0.12924353191470805 -0.045375204236381375 0.027723922131538146 -0.061385160378400555 0.13307722210840189 -0.02912555236380027 -0.17292508805148279 -0.10188181465896641 0.10635851292308168 -0.022931421761609401 0.078750361508142339
leaf_weight=33.068515107850544 3.5229735418688497 183.54321273858659 39.04808939807117 12.712667052168397 28.670519797131423 3.1369601245969525 30.111716726562008 68.412637122906744 2.4950107834301916 47.42186390212737 1.3162330726627249 6.4362910906784219 4.9780867455992839 11.216846459545193 24.176543870940804 9.3555755591951293 3.1606456292793155 11.692848064471038 113.77422104007564 5.1423252590466291 5.848921200959011 43.056650477228686 26.13267503422685 2.0616357699036589 5.8327803194988519 0.56672377698123355 1.3005658388137806 3.2376152412034571 57.074357055127621 137.67683673184365
leaf_count=7354 50 80681 2057 1888 951 93 492 2037 69 1742 16 187 86 405 1233 257 552 411 2029 77 249 602 4493 60 149 14 17 52 5207 10124
internal_value=-0.00159872 -0.0309938 0.0384404 -0.0639025 0.0110366 0.00231753 -0.0093179 0.0182664 -0.00376419 -0.0349106 -0.00196349 -0.0218638 0.0522088 0.0104958 0.0497455 -0.00146166 0.00575053 0.0379545 0.0058112 0.0844245 0.0206226 0.00257377 -0.0729547 -0.0440733 0.0132339 0.0665462 -0.0332664 0.0466804 -0.0372913 0.0718377
internal_weight=926.183 534.082 392.1 250.32 215.376 186.138 149.469 71.9356 32.7494 77.5336 283.762 109.256 14.575 174.506 36.6691 12.4925 9.59694 20.0368 163.289 6.45856 17.5418 156.831 217.57 34.0271 7.89442 29.2372 94.6811 4.53818 90.1429 176.725
internal_count=123634 104584 19050 88000 6869 5904 4321 2087 2617 2234 16584 13455 825 3129 1583 350 739 729 2724 93 660 2631 85383 4702 209 965 12630 69 12561 12181
is_linear=0
shrinkage=0.08


Tree=54
num_leaves=31
num_cat=0
split_feature=12 27 12 3 16 26 18 13 3 12 28 26 9 1 8 5 0 10 21 26 13 26 1 3 26 13 12 2 28 6
split_gain=151.478 61.9519 44.9959 41.1242 16.2688 10.7747 13.4321 10.1703 9.11292 10.2016 8.92833 12.2569 9.05036 8.40624 7.88147 13.5511 7.48144 7.3742 7.02698 5.37232 4.55015 4.4968 4.36208 4.34282 7.50798 5.52895 3.8061 2.8122 2.2033 2.95349
threshold=0.41421568393707281 0.54694178700447094 0.17519181966781619 0.78629976511001598 1.0000000180025095e-35 0.34523810446262365 0.3754898607730866 1.5000000000000002 0.80810147523880016 0.098387096077203764 0.94864469766616832 0.93303570151329052 0.78699102997779857 0.60814526677131664 0.78647416830062877 0.13392857462167743 0.91024166345596325 0.21294035762548449 1.0000000180025095e-35 0.36038962006568914 1.0000000180025095e-35 0.054093567654490478 0.72046512365341198 0.99350649118423473 0.13809524476528171 1.0000000180025095e-35 0.5419580638408662 0.68133461475372326 0.74682730436325084 1.5000000000000002
decision_type=2 2 2 2 2 2 2 2 2 2 2 2 2 2 2 2 2 2 2 2 2 2 2 2 2 2 2 2 2 2
left_child=1 7 23 10 5 6 -4 8 9 17 11 14 -13 27 15 -2 21 -1 -7 -11 -15 -6 -16 -3 25 -25 -14 -10 29 -5
right_child=3 2 4 28 16 18 -8 -9 13 19 -12 12 26 20 22 -17 -18 -19 -20 -21 -22 -23 -24 24 -26 -27 -28 -29 -30 -31
leaf_value=-0.019628140679808465 0.010359479894735296 -0.079204128115992936 0.50579437273338335 0.093367164494501748 0.026210280538481869 -0.033225918953989984 0.040774115214852254 0.096289952648869928 0.068072592850754676 0.017406616942113411 0.059934932097559637 0.10573186396245789 -0.14059153301433347 0.0064802585386301327 0.028438306336197931 -0.11788037375178462 0.075971825016468875 -0.077337111702389327 0.08932823543788361 -0.0356714284597053 0.061952928081759499 -0.054263073659830942 0.090326499349747333 -0.076959517196707627 0.12076067161510405 0.19379576457539227 -0.050671610307730694 0.25674288866938022 0.076406083111623349 -0.038472368211770164
leaf_weight=40.678337349556386 40.611107016447932 165.98539030435495 0.4024227955378582 1.9301626905798901 4.8153785800095639 26.908472394803542 32.764625253388658 7.0842304322868577 0.90761092514730934 52.302917024469934 23.109823893755674 2.0968505977652994 3.8342581097967949 145.7046458281111 40.856577842496336 6.0606037857942274 3.2758249314501873 21.747502374579199 3.3691939711570731 15.918737533502279 10.120731227798386 57.630819877143949 8.871511925943194 7.1283642051275802 1.8556075426749883 0.5177493558730929 14.059357582591472 1.1415566126815972 146.89829326607287 2.4909000797197223
leaf_count=2976 731 79701 32 40 318 1762 2561 189 32 2073 920 37 80 2677 918 98 129 7356 208 395 481 5243 333 2079 33 35 249 16 11882 50
internal_value=-0.00154088 -0.0244997 -0.049816 0.0458468 -0.01398 0.0149169 0.0464163 0.00159153 -0.000733648 -0.0163628 0.0145149 0.00549649 -0.0515131 0.0122001 0.0173186 -0.00629324 -0.0418755 -0.0397324 -0.0195885 0.00502147 0.0100832 -0.0480576 0.0394792 -0.0761931 -0.0235929 -0.0586256 -0.0699397 0.173178 0.0747314 0.0190866
internal_weight=891.08 600.26 304.654 290.819 129.167 63.4447 33.167 295.606 288.522 130.647 139.5 116.39 19.9905 157.875 96.3998 46.6717 65.722 62.4258 30.2777 68.2217 155.825 62.4462 49.7281 175.487 9.50172 7.64611 17.8936 2.04917 151.319 4.42106
internal_count=123634 108296 92101 15338 10253 4563 2593 16195 16006 12800 3366 2446 366 3206 2080 829 5690 10332 1970 2468 3158 5561 1251 81848 2147 2114 329 48 11972 90
is_linear=0
shrinkage=0.08


Tree=55
num_leaves=31
num_cat=0
split_feature=28 25 12 25 16 12 27 27 28 26 12 11 2 0 5 2 18 12 28 12 26 26 27 18 9 7 9 16 5 12
split_gain=136.21 52.0627 36.7011 24.2009 13.9172 11.4937 12.4105 11.4473 11.3008 10.9811 10.028 8.37662 8.324 8.58847 7.48073 10.5753 9.92498 7.32796 7.7611 7.03091 9.77389 6.65495 5.30896 5.29748 6.12536 5.13555 5.02815 4.46735 4.35818 4.30937
threshold=0.87106668949127208 -1.0000000180025095e-35 0.15075758099555972 1.0000000180025095e-35 1.0000000180025095e-35 0.27525253593921667 0.52092087268829357 0.78601953387260448 0.95108005404472362 0.42261904478073126 0.46410256624221807 0.66841188073158275 0.44315245747566229 0.32305502891540533 0.30384616553783422 0.61143791675567638 0.4793748557567597 0.51190477609634411 0.80099010467529308 0.3717105239629746 0.29285715520381933 0.12916667014360431 0.6415880322456361 0.92415231466293346 0.38032488524913793 4.5000000000000009 0.50607329607009899 1.0000000180025095e-35 0.81666666269302379 0.81534090638160717
decision_type=2 2 2 2 2 2 2 2 2 2 2 2 2 2 2 2 2 2 2 2 2 2 2 2 2 2 2 2 2 2
left_child=1 2 23 8 11 6 25 19 29 26 -11 14 13 -5 16 -16 -3 -9 -19 20 -4 -10 -21 -1 -25 -6 -7 -26 -8 -2
right_child=3 4 7 12 5 9 28 17 21 10 -12 -13 -14 -15 15 -17 -18 18 -20 22 -22 -23 -24 24 27 -27 -28 -29 -30 -31
leaf_value=-0.076298601003178826 -0.0014918149954382478 0.040867477035249233 0.027815244727466024 0.053446591831734801 0.004142741159820878 0.15098841074665112 -0.078995445791024896 -0.052854457108318473 0.020226234218050854 -0.059241754744643521 0.022714899681220639 0.056391252968812741 0.080230105779518932 -0.068708500653620913 0.095474396336655623 0.011180333054617393 -0.041092305264604126 0.10197109818540756 -0.031039897426396332 0.11512547071742443 -0.040976446140223464 0.073807956893835847 0.020031564004944987 -0.10432772706066791 0.16977449894483107 -0.037156075207115356 0.041608427419829279 -0.080498724461520621 -0.55605936312587467 0.085499506774149359
leaf_weight=148.93596384127159 73.762180601945147 13.515385243808849 24.605352258775383 15.481204841285946 39.206692108418792 3.1385032921098199 24.512145856628198 55.820370007306337 27.525840257992968 17.149528364650905 21.575838297605515 29.921181255020201 107.24598506395705 4.8337436644360414 11.514129028772002 55.145439717802219 31.483058710815385 4.3022315986454478 8.0811807792633754 5.4069149936549392 28.56230904115364 32.177022377029061 12.315971967764197 1.5471406880533316 1.6737143825739624 37.897302407538518 18.811810993822291 0.62762494105845679 0.12317109107971091 3.8339692996814838
leaf_count=73112 2717 631 1965 527 1379 59 9601 6370 864 290 533 944 9104 71 516 1850 4538 86 190 125 1939 2263 353 495 108 2151 422 192 1 238
internal_value=-0.00148666 -0.022704 -0.0468368 0.0462474 0.000467023 -0.0155146 -0.0319496 -0.0171056 0.0229385 0.0120432 -0.0135796 0.0188006 0.0713358 0.024381 0.00872734 0.0257405 -0.0164755 -0.0405035 0.0151706 0.00540557 -0.00914048 0.0491043 0.0490429 -0.073904 0.0187662 -0.016156 0.0572478 0.10152 -0.0813807 0.00280636
internal_weight=860.733 595.873 291.879 264.86 303.994 162.415 101.739 139.094 137.299 60.6757 38.7254 141.579 127.561 20.3149 111.658 66.6596 44.9984 68.2038 12.3834 70.8905 53.1677 59.7029 17.7229 152.784 3.84848 77.104 21.9503 2.30134 24.6353 77.5961
internal_count=123634 107850 84935 15784 22915 14436 13132 11028 6082 1304 823 8479 9702 598 7535 2366 5169 6646 276 4382 3904 3127 478 73907 795 3530 481 300 9602 2955
is_linear=0
shrinkage=0.08


Tree=56
num_leaves=31
num_cat=0
split_feature=12 27 5 12 22 2 3 6 1 0 16 20 5 2 8 22 22 12 26 0 8 10 14 7 8 2 13 10 12 5
split_gain=120.605 66.067 48.7274 17.6265 15.6943 12.1102 11.9366 26.0301 12.188 10.4373 9.08326 8.67781 11.2819 11.7309 18.1943 10.615 15.9442 10.3258 9.47652 9.45611 9.78483 8.01448 6.19613 5.81924 5.76164 5.48259 4.98218 4.75292 4.71618 4.4105
threshold=0.29520697891712194 0.55600360035896312 0.4083333313465119 0.17519181966781619 0.58499062061309826 0.47559523582458502 0.65648320317268383 1.5000000000000002 0.27639257907867437 0.12599206715822223 1.0000000180025095e-35 1.0000000180025095e-35 0.30384616553783422 0.58885449171066295 0.56030303239822399 0.48435972630977636 0.50820556282997142 0.10762548446655275 0.17914438992738727 0.73746865987777721 0.87939393520355236 0.9388999640941621 1.0000000180025095e-35 2.5000000000000004 0.66915422677993786 0.1627137288451195 1.0000000180025095e-35 0.51358735561370861 0.24568965286016467 0.10555555671453477
decision_type=2 2 2 2 2 2 2 2 2 2 2 2 2 2 2 2 2 2 2 2 2 2 2 2 2 2 2 2 2 2
left_child=1 11 4 -3 6 -5 8 29 9 -2 26 17 15 14 -14 28 -17 19 22 -1 -21 -9 -19 -15 -10 -20 -7 -12 -13 -8
right_child=2 3 -4 5 -6 10 7 21 24 -11 27 12 13 23 -16 16 -18 18 25 20 -22 -23 -24 -25 -26 -27 -28 -29 -30 -31
leaf_value=-0.071689235396544912 -0.027352777602879196 -0.075662279005098615 0.069246729665801643 -0.067557656867169885 0.066558456158482923 0.013734304530528081 0.09326510791548355 -0.078396912682314926 -0.013085672214128137 0.036867018677540442 0.13409629791435404 -0.077579492198477845 -0.024849353134332723 0.02807426869343653 0.19751240788488289 1.6727088169127384 0.13148404742701375 0.14371356300233049 0.010808531510584904 0.056972968928268565 -0.048797507493325287 0.055825053990868838 0.028786697740826112 -0.00451086710742015 -0.064288391445000231 -0.050450908689451852 0.099972804174824029 -0.050193994218294957 -0.56766729994558629 0.036531117715201955
leaf_weight=31.844835581956431 28.004868417978287 150.75529391958844 147.75020675826818 23.910764873959124 26.237068699672818 12.269879942527043 21.492169898934662 13.381571049802007 26.052465551765636 38.414108755532652 0.95451615354977448 11.358054291922594 4.1355961007066053 64.703855451429263 5.4698059487855062 0.045606161933393063 0.74002854956779629 3.7655834774486729 20.043862276361324 9.6547836406389269 13.320659193675963 3.6166314156725994 14.812082451535389 76.601006935350597 30.56765599292703 17.525607891730033 6.5902358256280413 14.521573006641118 0.12707346072420556 14.814491973724214
leaf_count=7612 458 81080 12287 4951 954 412 909 238 975 950 125 2694 70 1161 203 9 153 161 372 416 600 242 807 1619 1423 703 331 1101 4 614
internal_value=-0.00142683 -0.0273401 0.0343108 -0.0612213 0.00883067 -0.0238449 0.00024173 0.0318636 -0.013458 0.00978941 0.00659549 -0.00151014 0.0102271 0.0162253 0.101775 -0.0635413 0.220952 -0.0187701 0.00534343 -0.0434672 -0.00435044 -0.0498391 0.0520817 0.0104099 -0.0407286 -0.0177681 0.0438684 -0.0388276 -0.0830019 0.0701155
internal_weight=833.482 483.151 350.331 209.002 202.581 58.247 176.344 53.3049 123.039 66.419 34.3362 274.148 163.181 150.91 9.6054 12.2708 0.785635 110.967 56.1471 54.8203 22.9754 16.9982 18.5777 141.305 56.6201 37.5695 18.8601 15.4761 11.4851 36.3067
internal_count=123634 104584 19050 88000 6763 6920 5809 2003 3806 1408 1969 16584 5913 3053 273 2860 162 10671 2043 8628 1016 480 968 2780 2398 1075 743 1226 2698 1523
is_linear=0
shrinkage=0.08


Tree=57
num_leaves=31
num_cat=0
split_feature=28 25 10 25 16 28 3 12 27 26 16 12 2 11 3 22 22 12 2 3 3 18 26 10 18 27 9 18 13 3
split_gain=108.844 44.3828 34.2231 23.3437 11.3691 9.95583 9.26141 9.12976 11.2905 9.44042 8.88039 8.1062 7.17261 6.94613 6.78865 10.6302 6.45644 6.45053 6.06284 5.73056 5.67743 5.42187 5.09227 7.29127 5.11408 4.67629 4.54704 6.65529 4.50166 4.25621
threshold=0.87106668949127208 -1.0000000180025095e-35 0.58113884925842296 1.0000000180025095e-35 1.0000000180025095e-35 0.95108005404472362 0.55036231875419628 0.27525253593921667 0.52092087268829357 0.42261904478073126 1.0000000180025095e-35 0.46410256624221807 0.32049381732940679 0.66841188073158275 0.74322345852851879 0.56562754511833202 0.54950982332229625 0.089572194963693633 0.78910306096076976 0.90521115064620983 0.95040982961654674 0.92415231466293346 0.20714285969734195 0.6959742307662965 0.92830836772918712 0.54186138510704052 1.0000000180025095e-35 0.80167940258979808 1.5000000000000002 0.55403152108192455
decision_type=2 2 2 2 2 2 2 2 2 2 2 2 2 2 2 2 2 2 2 2 2 2 2 2 2 2 2 2 2 2
left_child=1 2 21 5 13 -2 12 8 19 25 22 -11 -5 14 15 -3 20 26 -16 -6 -12 -1 24 -24 -4 -9 -7 -28 -18 -15
right_child=3 4 10 6 7 17 -8 9 -10 11 16 -13 -14 29 18 -17 28 -19 -20 -21 -22 -23 23 -25 -26 -27 27 -29 -30 -31
leaf_value=-0.075788601454804233 0.0014686882628263363 -0.031414082322935001 0.059894347415863865 0.049493599403362211 -0.028702586580302683 0.027962309543979425 0.080335416130248291 0.10824918924531646 -0.080241566391564115 -0.055490768371031278 -0.055305900365284773 0.019566175251856509 -0.060499588321914148 0.019863084358182487 0.044875435873749474 0.070905391316801639 -0.0070864044601726926 0.070750692916577651 -0.0067967291702283215 0.019656605269660073 0.065009675773177608 0.013362375202598659 -0.070019283357706935 0.0087762850703260696 -0.15962898013446108 0.027826143745463345 0.42292399067581726 -0.11116792093262261 0.12384321549637624 0.081734640479535936
leaf_weight=129.9720228058286 75.615523823304102 39.524120870628394 13.290602698223662 13.67666027415544 53.839232073398307 21.790881350636486 93.62573116295971 6.7332739848643568 21.534524162998423 16.473392546642572 49.747537281946279 20.883475814945996 5.2510069571435443 13.467770273331555 39.009152918704785 7.7770186102716243 15.205660749925302 30.511649329448119 23.161070051137358 22.128320265095681 2.6434633885510257 4.517688264255411 9.2468048827722651 40.150579155888408 0.71575963683426458 14.793742682784794 0.15834572724997942 2.6193499378859997 1.8894879054278124 15.087097574491052
leaf_count=75111 2955 4896 647 487 3345 319 9174 76 9602 290 4968 533 41 194 1482 531 272 2331 626 185 85 808 1513 1497 12 405 22 455 22 750
internal_value=-0.00139212 -0.0207484 -0.0443436 0.0433118 0.000680315 0.0203134 0.0700173 -0.0140889 -0.0291104 0.0107842 -0.0155508 -0.013532 0.0189787 0.0174141 0.00824829 -0.0145912 -0.0353054 0.046184 0.0256253 -0.0146162 -0.0492352 -0.0727939 0.00609892 -0.00597363 0.0486762 0.0529811 0.0156747 -0.0807214 0.00738495 0.0525532
internal_weight=805.041 561.792 267.38 243.249 294.412 130.696 112.553 156.386 97.5021 58.8839 132.89 37.3569 18.9277 138.026 109.471 47.3011 69.4861 55.0802 62.1702 75.9676 52.391 134.49 63.4037 49.3974 14.0064 21.527 24.5686 2.7777 17.0951 28.5549
internal_count=123634 107850 84935 15784 22915 6082 9702 14436 13132 1304 9016 823 528 8479 7535 5427 5347 3127 2108 3530 5053 75919 3669 3010 659 481 796 477 294 944
is_linear=0
shrinkage=0.08


Tree=58
num_leaves=31
num_cat=0
split_feature=10 5 3 10 14 26 27 22 2 3 7 5 1 3 9 26 9 8 2 22 14 1 18 2 8 1 3 22 3 6
split_gain=93.563 51.2863 38.5239 23.547 15.4689 14.921 14.756 12.0255 10.6306 18.8839 10.9019 9.29497 9.26469 13.5688 6.63356 11.0048 7.05725 6.5377 6.48024 5.53225 6.2386 4.87986 4.81704 4.81151 5.84125 4.68224 4.65281 4.58597 3.80878 3.73475
threshold=0.82397845387458812 0.47727273404598242 0.86391696333885204 0.57739216089248668 1.0000000180025095e-35 0.34523810446262365 0.28162176907062536 0.64174234867095958 0.78611555695533764 0.9607692062854768 6.5000000000000009 0.58571431040763866 0.25176055729389196 0.58578637242317211 0.96462243795394909 0.93303570151329052 0.8956778645515443 0.94935896992683422 0.62767899036407482 0.80901724100112926 1.0000000180025095e-35 0.94494947791099559 0.3754898607730866 0.79431909322738659 0.87367022037506115 0.71834936738014232 0.90366768836975109 0.48435972630977636 0.11215933039784433 1.5000000000000002
decision_type=2 2 2 2 2 2 2 2 2 2 2 2 2 2 2 2 2 2 2 2 2 2 2 2 2 2 2 2 2 2
left_child=1 3 7 6 8 12 23 14 10 17 11 -3 22 -14 15 16 -2 -10 -6 -8 -21 -20 -5 27 -25 -17 -12 -1 -7 -11
right_child=2 4 -4 5 18 28 19 -9 9 29 26 -13 13 -15 -16 25 -18 -19 21 20 -22 -23 -24 24 -26 -27 -28 -29 -30 -31
leaf_value=-0.040270945627030513 0.0031054478479153533 0.015009585539144178 0.072801700017532403 0.20892024397416728 0.15714228430195193 0.065122610644381684 -0.077882447633144447 0.073992525176355073 -0.077595212070347794 -0.17427732173943633 -0.059903048408364266 0.088105741692605502 -0.068110272531499941 0.023178096968629856 0.058814996032632794 -0.06500688577815647 0.062055514039891256 -0.020180553099547974 0.0064140075765425596 -0.025213824726644237 0.35771227799209082 0.08473445539985168 0.039917796012452759 -0.054999563349549078 0.11575581669538278 0.030355513844644202 0.005859423719247735 0.087652421772902597 -0.057769816394589973 0.014041694603457111
leaf_weight=20.012151608243592 110.72698701545596 25.50190596957691 107.32196799246594 1.1364783667959297 4.1482858132803839 1.6775333031546313 132.58350750512909 18.201330658048391 29.347639149753377 0.68114997574593772 9.7418254254152981 19.760984909138642 17.868151504429989 25.00093198614195 13.649529666639863 19.923882627394054 14.72560605406761 22.366286555072293 9.7141642415663227 0.92836178978904971 0.38530572969466448 10.69891421252396 21.484104501083493 2.0006404966115943 3.5701145124621689 3.9481667103245845 23.48441074625589 1.9701088030124072 42.647577083669603 64.111464428715408
leaf_count=3146 2289 2619 11077 57 146 49 81331 846 2082 124 1272 1463 2759 1377 715 347 613 1197 719 203 8 663 967 21 46 243 792 249 4195 2019
internal_value=-0.00133688 -0.0225886 0.0348187 -0.0458537 0.00615575 -0.0172745 -0.0652926 0.0123189 -0.00138058 -0.0167122 0.0213771 0.0469221 0.00698585 -0.0148716 0.00543103 0.000551289 0.010025 -0.0527634 0.0659876 -0.0762638 0.0871005 0.0474634 0.0484086 -0.0119768 0.054432 -0.049235 -0.0134219 -0.0288061 -0.0531188 0.0120619
internal_weight=779.319 490.822 288.497 271.265 219.557 109.815 161.45 181.176 194.996 116.507 78.4891 45.2629 65.4897 42.8691 162.974 149.325 125.453 51.7139 24.5614 133.897 1.31367 20.4131 22.6206 27.553 5.57076 23.872 33.2262 21.9823 44.3251 64.7926
internal_count=123634 107504 16130 94408 13096 9404 85004 5053 11568 5422 6146 4082 5160 4136 4207 3492 2902 3279 1528 81542 211 1382 1024 3462 67 590 2064 3395 4244 2143
is_linear=0
shrinkage=0.08


Tree=59
num_leaves=31
num_cat=0
split_feature=28 25 12 13 11 7 8 3 3 22 6 7 8 3 5 22 0 1 8 8 3 0 22 3 18 9 9 1 26 11
split_gain=86.6822 44.2392 32.4337 15.0093 13.1302 8.51438 11.7383 14.53 10.457 10.3839 8.72633 8.37274 10.2903 9.96127 10.1768 9.49244 7.36013 8.23295 6.50671 6.49614 5.86877 7.13611 5.55044 4.74035 4.69333 5.33525 5.14556 4.68465 7.34585 4.45882
threshold=0.90219989418983471 -1.0000000180025095e-35 0.15075758099555972 1.0000000180025095e-35 0.69831877946853649 5.5000000000000009 0.81322672963142406 0.97014260292053234 0.82807883620262157 0.39369101822376257 4.5000000000000009 5.5000000000000009 0.85053193569183361 0.97332859039306652 0.074175827205181136 0.67826876044273388 0.63100686669349682 0.25176055729389196 0.39504285156726843 0.21103239059448245 0.55036231875419628 0.32305502891540533 0.46265329420566564 0.55403152108192455 0.92415231466293346 0.38032488524913793 0.38361755013465887 0.94804319739341747 0.12916667014360431 0.20067114382982257
decision_type=2 2 2 2 2 2 2 2 2 2 2 2 2 2 2 2 2 2 2 2 2 2 2 2 2 2 2 2 2 2
left_child=1 2 24 27 5 6 9 -8 18 -3 -10 12 22 14 -13 -14 17 19 -7 -6 21 -5 -4 -19 -1 -26 -27 -2 29 -29
right_child=3 4 11 20 16 8 7 -9 10 -11 -12 13 15 -15 -16 -17 -18 23 -20 -21 -22 -23 -24 -25 25 26 -28 28 -30 -31
leaf_value=-0.074676523759707764 -0.0071891241640959259 0.042649423338883212 0.032841064999193356 0.054094944194970219 -0.1313840458876335 0.023948264314840581 0.0017494228223585563 -0.21178478251667021 0.012685400336591863 0.22949015975901726 -0.22883279258580869 -0.022352236110460479 -0.026430193022576699 0.055903569111513403 -0.092928053584214729 0.074235333891840533 0.079308542915647554 -0.046270228323383449 -0.051502012062064229 0.073028756286011701 0.076657163493053404 -0.069251339482173005 0.14090366952074657 0.024508313132059711 -0.097410965723474463 0.59562858621872294 0.055750547642664142 0.02511058113343427 0.074959042649017635 -0.054249421121103751
leaf_weight=114.93314066692255 25.101244441000745 23.394079712685201 15.26053253549617 12.410597242414953 1.0594480358995522 8.4061232064850611 118.14640627219342 2.0752661142032585 46.509884746978059 2.0723307377193114 0.97756450995802779 38.559863531030715 47.989691691822372 6.8184667788445941 19.78574366599787 6.8509525296976781 18.468625353649259 12.335102821234615 56.361219294485636 16.354049919173121 83.277776041068137 3.959591655060648 3.7993291936581945 11.896882145199923 1.8320159495342512 0.11811064300127361 2.6035483863670379 29.699544283328578 18.827560492791235 5.3467376424232489
leaf_count=73364 928 1268 1262 483 8 595 8794 33 1339 56 15 4845 3149 225 1697 118 1551 148 9784 313 9208 34 64 339 638 32 349 415 1814 766
internal_value=-0.00129076 -0.0163757 -0.0409529 0.0474045 0.00360332 -0.00424359 0.00851478 -0.0019366 -0.0208018 0.0578536 0.00771357 -0.0146885 0.00374446 -0.0355928 -0.0462854 -0.0138546 0.0372735 0.0186322 -0.0417094 0.0605922 0.0680494 0.0242602 0.0543819 -0.011521 -0.0715206 0.00813428 0.0791794 0.0213555 0.0346552 0.0130032
internal_weight=755.231 576.608 258.551 178.623 318.057 257.943 145.688 120.222 112.255 25.4664 47.4874 139.065 73.9005 65.1641 58.3456 54.8406 60.1141 41.6455 64.7673 17.4135 99.648 16.3702 19.0599 24.232 119.487 4.55367 2.72166 78.9751 53.8738 35.0463
internal_count=123634 109986 85743 13648 24243 21884 10151 8827 11733 1324 1354 11360 4593 6767 6542 3267 2359 808 10379 321 9725 517 1326 487 74383 1019 381 3923 2995 1181
is_linear=0
shrinkage=0.08


Tree=60
num_leaves=31
num_cat=0
split_feature=12 27 5 11 22 26 18 8 7 0 16 25 7 10 9 10 26 9 4 12 12 3 13 25 0 8 8 3 27 26
split_gain=77.4885 51.5698 38.4033 18.4288 11.6011 11.0483 10.2213 12.0845 13.0537 10.9425 7.5166 8.29173 6.68774 7.50262 6.11089 5.92087 10.114 9.34323 6.68044 6.05953 5.85456 5.81025 9.23652 5.68964 5.66578 5.65929 8.02038 5.44397 5.23987 4.8805
threshold=0.29520697891712194 0.55600360035896312 0.43650794029235845 0.58351215720176708 0.59053650498390209 0.26969698071479803 0.76305484771728527 0.66915422677993786 6.5000000000000009 0.24068965017795566 1.0000000180025095e-35 -1.0000000180025095e-35 6.5000000000000009 0.92605021595954906 0.59803447127342235 0.427709311246872 0.12132352963089944 1.0000000180025095e-35 1.0000000180025095e-35 0.15075758099555972 0.057983193546533592 0.87226107716560375 1.0000000180025095e-35 -1.0000000180025095e-35 0.70064935088157665 0.943650782108307 0.94028520584106456 0.15504807978868487 0.52092087268829357 0.097619049251079573
decision_type=2 2 2 2 2 2 2 2 2 2 2 2 2 2 2 2 2 2 2 2 2 2 2 2 2 2 2 2 2 2
left_child=1 10 4 21 6 -5 7 8 -2 -9 15 27 -8 -14 -13 17 20 18 -1 -19 -17 -3 29 25 -6 26 -4 28 -12 -23
right_child=2 3 23 5 24 -7 12 9 -10 -11 11 14 13 -15 -16 16 -18 19 -20 -21 -22 22 -24 -25 -26 -27 -28 -29 -30 -31
leaf_value=0.030594635861543693 0.16929473417606006 -0.075811048766251804 0.018746933867861353 0.058153152069361252 0.06782932172975141 -0.043362940997591595 0.06703903919624532 0.0068476082690096295 0.007426207180294641 -0.057358279568061062 -0.027547526826130594 -0.0073607237114860528 -0.071042701512795126 0.083503363346184814 0.27435864089462858 0.37464990238951101 0.016659430386921369 -0.057835535006989236 -0.019718310259832506 0.33522991776373984 0.09451899701451183 -0.083204777702622107 0.094129622539668528 0.076516820140485692 -0.21474486176791807 0.07895019574674976 -0.24312315810023161 -0.090502675605777197 0.19766576605888625 0.01059395013793654
leaf_weight=47.166501458268613 3.3593857502564779 121.41299570992123 16.875780148431662 12.411135332193227 21.675105903763328 15.343887068098409 21.125615017488602 28.159731987165287 62.686175316339359 42.821365073090419 5.675341717782433 101.09228118846659 5.6509282670449448 3.1205349755473435 0.49519160948693652 0.50495462387334455 38.242039344273508 17.439042670419443 26.311858091503382 0.25467440113425155 8.7743952978635189 11.164707064512191 3.2573928275378412 85.735629160888493 0.46384235564619203 11.65796834882349 0.78326114267110725 13.763970699277705 0.74834998580627132 5.2054024760145685
leaf_count=1013 50 79522 957 838 939 1779 1205 476 2030 1749 264 4169 134 275 9 59 1309 4598 285 5 432 5299 351 10124 11 1086 14 4401 40 211
internal_value=-0.00122386 -0.0231116 0.0296711 -0.0575563 0.0074942 0.00203172 0.000277209 -0.00896969 0.0156596 -0.0318864 -0.000789859 -0.0152933 0.0426583 -0.0160614 -0.00598747 0.0119444 0.0348394 1.09098e-05 0.0125781 -0.0521779 0.109763 -0.0692825 -0.0288979 0.0661137 0.061909 0.0356905 0.00713177 -0.0621218 -0.00131053 -0.0533785
internal_weight=733.379 429.264 304.115 168.796 189.063 27.755 166.924 137.027 66.0456 70.9811 260.469 121.775 29.8971 8.77146 101.587 138.693 47.5214 91.1721 73.4784 17.6937 9.27935 141.04 19.6275 115.053 22.1389 29.317 17.659 20.1877 6.42369 16.3701
internal_count=123634 104584 19050 88000 6869 2617 5919 4305 2080 2225 16584 8883 1614 409 4178 7701 1800 5901 1298 4603 491 85383 5861 12181 950 2057 971 4705 304 5510
is_linear=0
shrinkage=0.08


Tree=61
num_leaves=31
num_cat=0
split_feature=28 25 10 25 12 27 0 22 16 22 10 10 26 12 28 3 8 9 28 3 18 3 9 12 12 8 7 7 12 15
split_gain=70.0957 36.1692 30.129 14.1207 10.7065 16.0075 12.3469 10.2121 9.73654 7.38172 6.48852 6.4382 8.34462 6.14612 5.78394 5.46382 5.30684 5.11485 5.06292 5.04702 5.43148 5.02802 12.2597 4.93313 4.74783 4.49811 8.47432 7.35882 4.13633 5.16262
threshold=0.90219989418983471 -1.0000000180025095e-35 0.49896265566349035 1.0000000180025095e-35 0.21240601688623431 0.44310989975929266 0.56773442029953014 0.64174234867095958 1.0000000180025095e-35 0.66287881135940563 0.64541527628898632 0.96315687894821178 0.93303570151329052 0.2788888961076737 0.89946490526199352 0.65648320317268383 0.90661337971687328 0.94164240360260021 0.37821358442306524 0.55036231875419628 0.55625566840171825 0.11215933039784433 0.42631272971630102 0.46410256624221807 0.18019481003284457 0.48683299124240881 16.500000000000004 5.5000000000000009 0.089572194963693633 1.0000000180025095e-35
decision_type=2 2 2 2 2 2 2 2 2 2 2 2 2 2 2 2 2 2 2 2 2 2 2 2 2 2 2 2 2 2
left_child=1 2 -1 11 5 14 7 15 25 13 -8 12 28 -10 18 -6 17 -14 -3 20 -5 22 -7 -12 -11 26 -4 -27 29 -2
right_child=3 4 8 19 6 21 10 -9 9 24 23 -13 16 -15 -16 -17 -18 -19 -20 -21 -22 -23 -24 -25 -26 27 -28 -29 -30 -31
leaf_value=-0.075393499833921074 -0.078193543726098838 0.074192070620694953 0.15983008007926688 0.054385753176281824 -0.01209011613598745 1.3318006293510896 0.1670601627686723 0.089852472314760748 -0.074479251308680661 -0.083166099774432997 0.021092296176440973 0.0686577462581687 -0.074392129529449305 -0.025756996794931548 -0.11835029854349059 0.045050005398147741 0.057558588054564472 -0.27809699591773174 -0.00016407227376454266 0.079418883901476237 -0.070625517464542334 -0.06675777440808113 -0.081634439386262789 0.079223406050392631 0.069972727404431154 0.019786301664314984 0.0030748082772884917 -0.035755489554597342 0.04600137369339314 0.014879502351938809
leaf_weight=88.222194401896559 4.2558568323729551 6.1235928747337303 3.2763525262707827 8.5689194602891785 74.310664094868116 0.05665667052380996 3.1513863070867947 8.1408705939538759 26.818815981852822 1.6416101593058545 20.517555333208293 16.35257206344977 3.3510087849572292 43.360977097647265 2.5576296122744671 12.513668403262271 1.3796993684954939 1.0317728631198404 136.49749669036828 62.922315082512796 3.0041598062962285 28.933941301424056 0.12801168754231185 17.154537783004344 6.1491218486335129 36.501421172870323 6.7637640568427742 26.243046871735714 26.015925313811749 36.753160048276186
leaf_count=68461 874 362 313 399 1587 28 69 398 8018 80 717 1471 67 2424 22 315 122 21 4476 8317 27 14607 31 1631 88 2588 836 2935 1871 479
internal_value=-0.00117579 -0.0148723 -0.0382613 0.0447816 0.00315312 -0.00996762 0.0199948 0.00417831 -0.0165314 -0.0361746 0.0567878 0.023298 0.0131073 -0.0443759 0.000890147 -0.00385472 -0.0792728 -0.122347 0.00302849 0.0704886 0.0219351 -0.064102 0.352011 0.0475631 0.0377044 0.00451129 0.0542282 -0.00344421 0.0210497 0.00522052
internal_weight=712.699 549.063 238.977 163.635 310.086 174.297 135.789 94.9652 150.755 77.9705 40.8235 89.14 72.7874 70.1798 145.179 86.8243 5.76248 4.38278 142.621 74.4954 11.5731 29.1186 0.184668 37.6721 7.79073 72.7846 10.0401 62.7445 67.0249 41.009
internal_count=123634 109986 85743 13648 24243 19526 4717 2300 17282 10610 2417 4905 3434 10442 4860 1902 210 88 4838 8743 426 14666 59 2348 168 6672 1149 5523 3224 1353
is_linear=0
shrinkage=0.08


Tree=62
num_leaves=31
num_cat=0
split_feature=28 12 27 13 7 8 22 3 5 3 3 9 20 7 8 4 18 7 4 1 3 0 11 5 1 10 9 12 8 18
split_gain=62.1596 27.2027 45.3289 13.4599 10.9377 12.7889 10.4795 9.81987 14.3573 18.5634 9.44566 8.27972 7.75259 10.6236 10.3844 8.97739 7.50741 7.24157 5.8331 5.60481 5.51462 5.2827 4.6964 5.52627 4.39969 5.19614 7.02425 4.85698 4.1735 3.99594
threshold=0.90219989418983471 0.21240601688623431 0.5320124924182893 1.0000000180025095e-35 6.5000000000000009 0.82650500535964977 0.67826876044273388 0.87226107716560375 0.064583335071802153 0.55848154425621044 0.10435571894049646 0.68942219018936168 1.0000000180025095e-35 2.5000000000000004 0.81322672963142406 1.0000000180025095e-35 0.76305484771728527 5.5000000000000009 1.0000000180025095e-35 0.25176055729389196 0.55036231875419628 0.32305502891540533 0.58351215720176708 0.64583334326744091 0.94804319739341747 0.96019801497459423 0.94164240360260021 0.15504807978868487 0.98979592323303234 0.90002825856208812
decision_type=2 2 2 2 2 2 2 2 2 2 2 2 2 2 2 2 2 2 2 2 2 2 2 2 2 2 2 2 2 2
left_child=1 2 12 24 5 10 16 8 9 -6 -3 22 18 15 -15 -14 -7 -12 19 -1 21 -5 -4 -24 25 26 28 -26 -2 -10
right_child=3 4 11 20 7 6 -8 -9 29 -11 17 -13 13 14 -16 -17 -18 -19 -20 -21 -22 -23 23 -25 27 -27 -28 -29 -30 -31
leaf_value=0.013267252854360123 0.0032300217883489764 0.33866369226494003 -0.076214745571468359 0.050029291749119409 -0.021870853185495694 -0.018298476316774486 0.081665643134188906 0.042471465764610208 -0.078375793413158146 0.10925621741998592 0.081909051241981432 0.16105764266804989 0.053831240014716578 0.0057952275529393193 -0.066355019282504021 -0.11200279857038881 0.030252422910700582 0.0020943636208041404 0.25721372852181001 -0.040220042455060202 0.075310459282475081 -0.057392767095563464 -0.0455007088890656 0.14216730812083542 0.0156343765153454 0.055212094118983819 -0.23926350845534061 0.070228711388064982 -0.089157658672312082 -0.32172675205848195
leaf_weight=16.195390294189565 12.969491244410174 0.77753220195881922 105.52830378350336 11.189989035017787 59.59051954082679 61.149250661372207 10.666263076942412 16.769762099487707 19.643193464376967 7.8158704468514761 22.963443876476958 0.98034346930216898 33.321377371321432 60.210994262481108 16.202371724531986 2.2289674261119208 30.575233187060803 10.649054759414865 0.46141372062265773 55.526351760607213 67.334597034845501 3.9691077508032313 4.17696168355178 1.3220813218504188 34.687073839479126 5.945426399819552 0.98029339965432782 14.913038919214157 4.1245246776379636 0.44155717804096539
leaf_count=906 362 14 84027 483 3460 2478 425 984 980 199 1328 60 998 2573 879 46 1282 528 23 7915 9208 34 852 7 1194 387 29 1801 150 22
internal_value=-0.00112994 -0.0140432 -0.0302843 0.0433052 0.00591144 0.0207898 0.00661294 -0.0136076 -0.0243565 -0.00666648 0.062999 -0.070415 -0.00587473 0.00730512 -0.00950321 0.0434336 -0.00211463 0.0566223 -0.0263181 -0.0281421 0.0654963 0.021903 -0.0724588 -0.000381516 0.0184394 -0.00966415 -0.0310048 0.032049 -0.0190617 -0.0837258
internal_weight=693.31 537.196 296.155 156.114 241.042 136.781 102.391 104.261 87.4911 67.4064 34.39 112.008 184.147 111.964 76.4134 35.5503 91.7245 33.6125 72.1832 71.7217 82.4937 15.1591 111.027 5.49904 73.6198 24.0197 18.0743 49.6001 17.094 20.0848
internal_count=123634 109986 98286 13648 11700 6055 4185 5645 4661 3659 1870 84946 13340 4496 3452 1044 3760 1856 8844 8821 9725 517 84886 859 3923 928 541 2995 512 1002
is_linear=0
shrinkage=0.08


Tree=63
num_leaves=31
num_cat=0
split_feature=12 25 3 12 16 7 7 6 2 3 8 19 9 3 12 11 3 3 1 22 8 18 3 2 22 8 18 8 4 12
split_gain=53.6961 33.5363 32.1404 18.8091 11.6533 9.43587 9.11201 22.5524 20.2804 10.2479 9.49045 8.5772 12.3498 7.27586 7.09328 15.4247 7.52757 7.50247 6.91626 10.0758 8.76602 6.838 6.73238 5.78105 5.32424 4.74184 4.57166 6.35329 5.79497 3.33513
threshold=0.3717105239629746 -1.0000000180025095e-35 0.86391696333885204 0.080540537834167494 1.0000000180025095e-35 9.5000000000000018 5.5000000000000009 1.0000000180025095e-35 0.77003204822540294 0.55848154425621044 0.50423729419708263 0.63333335518836986 0.81266710162162792 0.19756097346544269 0.098387096077203764 0.21800179779529574 0.85880398750305187 0.85145786404609691 0.72046512365341198 0.47320574522018438 0.68469786643981945 0.86001095175743114 0.13423423469066623 0.78611555695533764 0.75809821486473095 0.21103239059448245 0.86341637372970592 0.44151847064495092 1.0000000180025095e-35 0.41421568393707281
decision_type=2 2 2 2 2 2 2 2 2 2 2 2 2 2 2 2 2 2 2 2 2 2 2 2 2 2 2 2 2 2
left_child=1 3 6 -1 11 14 18 9 21 10 -8 13 -13 -5 15 23 17 -16 19 20 -2 -9 24 -3 -6 -24 -7 -28 -29 -20
right_child=2 5 -4 4 22 26 7 8 -10 -11 -12 12 -14 -15 16 -17 -18 -19 29 -21 -22 -23 25 -25 -26 -27 27 28 -30 -31
leaf_value=-0.076831486460328544 0.17184101122039916 0.029373436492255846 0.072165173957844053 0.060747961056361315 -0.017422396783337686 -0.051332552667018978 0.026147681747352092 -0.098321268967727124 -0.44003813484547677 0.090842259871389983 -0.043480403228866468 0.050844841028954965 -0.31679223989445943 -0.038815919748395482 0.019456080374781897 -0.071278853523887561 0.085500441538445188 -0.31204947025623403 -0.019312840989482861 0.054889774549721687 -0.02166482556117184 0.079401226097853911 0.33473286682888825 -0.0048871361680160232 0.13810659880048665 -0.063805872486246584 0.11274898356134133 0.024017528493837523 -0.076383524277415404 0.079089222217260668
leaf_weight=68.786212495295331 1.567571124061941 49.952634168905206 77.664006757549942 5.5884619485586873 6.5974779280368221 29.007929252460599 29.181786236353219 10.975453689694403 1.0615049400366832 8.557504693977533 21.953757766634226 21.390916925040077 0.60122890584170718 29.461881010793149 50.659691098728217 17.89316986897029 12.661667014937846 0.44072177424095471 2.5050787711516049 22.981063315179199 33.898091754410416 1.5857437183149148 0.19186722557060321 85.425600583548658 1.7911304081790147 45.810273961687926 2.7202405888820094 8.3572147045051661 6.5728868208825579 18.363590127788484
leaf_count=60267 17 2291 11193 349 424 6043 541 253 33 214 666 1057 46 7571 3288 8652 764 26 65 896 864 67 38 859 17 15051 42 247 75 1718
internal_value=-0.0010772 -0.0173387 0.030268 -0.0439365 -0.0236309 0.000839587 0.00894923 -0.0113816 -0.104261 0.00981456 -0.00374538 0.00163125 0.0407943 -0.0229414 0.0078563 -0.00147197 0.0302796 0.016597 0.0277422 0.0136261 -0.0131119 -0.0758853 -0.0501246 0.00775453 0.0157861 -0.0621436 -0.031799 0.000303889 -0.0201834 0.067277
internal_weight=674.206 443.911 230.295 180.219 111.433 263.692 152.631 73.3158 13.6227 59.693 51.1355 57.0425 21.9921 35.0503 217.033 153.271 63.7621 51.1004 79.3154 58.4467 35.4657 12.5612 54.3907 135.378 8.38861 46.0021 46.6583 17.6503 14.9301 20.8687
internal_count=123634 107107 16527 84820 24553 22287 5334 1774 353 1421 1207 9023 1103 7920 15880 11802 4078 3314 3560 1777 881 320 15530 3150 441 15089 6407 364 322 1783
is_linear=0
shrinkage=0.08


Tree=64
num_leaves=31
num_cat=0
split_feature=28 25 12 11 12 27 19 6 27 3 11 12 3 10 10 22 12 0 12 26 1 26 5 26 26 6 8 4 7 9
split_gain=50.8811 33.2197 27.3473 12.9378 8.73736 8.68779 8.00769 8.17005 7.63783 9.68013 7.67576 6.90835 7.19762 6.49318 6.2668 5.50084 5.39939 5.38788 4.82931 4.80198 4.38907 4.27542 5.68373 4.33653 4.16176 2.95486 2.56419 2.45246 2.10777 1.83604
threshold=0.94864469766616832 -1.0000000180025095e-35 0.11882352828979494 0.69831877946853649 0.089572194963693633 0.76141574978828441 0.58571431040763866 1.5000000000000002 0.54186138510704052 0.8216732144355775 0.46037456393241888 0.3717105239629746 0.88273492455482494 0.53708994388580333 0.4226078093051911 0.63859337568283092 0.24568965286016467 0.79772728681564342 0.71825397014617931 0.36038962006568914 0.63686314225196849 0.074175827205181136 0.47727273404598242 0.10818713530898096 0.5634920895099641 2.5000000000000004 0.96922349929809581 1.0000000180025095e-35 20.500000000000004 1.0000000180025095e-35
decision_type=2 2 2 2 2 2 2 2 2 2 2 2 2 2 2 2 2 2 2 2 2 2 2 2 2 2 2 2 2 2
left_child=1 2 21 8 25 11 7 20 10 16 15 12 -4 -11 17 -3 -10 -7 -16 -13 -5 -1 28 -24 -12 27 -27 -2 -23 -28
right_child=4 3 5 6 -6 14 -8 -9 9 13 24 19 -14 -15 18 -17 -18 -19 -20 -21 -22 22 23 -25 -26 26 29 -29 -30 -31
leaf_value=-0.079067286140071427 0.085649790929446981 -0.0019521201895144208 -0.0174262940985783 0.016921578179493732 0.069964252752081471 -0.080108433516788258 0.075634864283188857 -0.13603533568165513 -0.075930143482193763 -0.069822215312367195 0.069616604481442759 0.19455178595851114 0.067281914564138498 0.061331510252413617 -0.03659777818989899 0.074804569469357429 -0.022475960845470527 0.95329295577921969 0.039007636429915671 0.041738626558571586 0.099018920090788595 -0.081221181405002757 0.17972295869655702 -0.0012206253677415648 -0.028897705710820062 -0.10840368927504342 0.041648985918325637 -0.073679292956565071 0.096549605933489782 -0.042654808245178776
leaf_weight=67.295515557460021 0.74596972577274101 172.14189368800726 44.538216703396756 42.157785104820505 66.049515861552209 0.055672611459157362 22.65524596394971 2.1061226399615398 18.293225354282185 3.0729048233479253 16.497127653681677 1.4623400727286924 7.5009368675528085 11.299167301738633 76.695287489739712 6.1904223754536352 35.685913480818272 0.076877132058143616 5.8171429098583749 13.157459215726702 4.6248861365020266 7.5751160315703583 1.0721137605141837 4.0495016195927747 3.2921535931527606 0.85892924398649739 16.240113545209173 3.6123141115531325 0.4523461791104636 1.8407612098380912
leaf_count=65459 16 6156 4726 932 9011 51 3107 43 12399 1360 364 41 138 805 9238 374 1125 1 310 429 349 5556 184 258 49 25 262 270 362 234
internal_value=-0.00101043 -0.00984134 -0.0333131 0.00611233 0.0551061 -0.0130534 0.0363181 0.0180986 -0.00199749 -0.0250565 0.0059578 0.00843422 -0.00521643 0.0332894 -0.0303846 0.000712323 -0.0405913 0.519251 -0.0312676 0.0570237 0.0250376 -0.0709149 -0.0291918 0.0366565 0.0532277 0.0129837 0.0266505 -0.0464083 -0.0712038 0.0330663
internal_weight=657.113 567.765 229.749 338.017 89.3476 149.304 71.544 48.8888 266.473 68.3512 198.122 66.659 52.0392 14.3721 82.645 178.332 53.9791 0.13255 82.5124 14.6198 46.7827 80.4446 13.1491 5.12162 19.7893 23.2981 18.9398 4.35828 8.02746 18.0809
internal_count=123634 113816 86753 27063 9818 14934 4431 1324 22632 15689 6943 5334 4864 2165 9600 6530 13524 52 9548 470 1281 71819 6360 442 413 807 521 286 5918 496
is_linear=0
shrinkage=0.08


Tree=65
num_leaves=31
num_cat=0
split_feature=28 25 12 11 19 10 13 27 13 3 22 1 6 28 3 0 26 26 19 22 6 26 28 8 10 4 20 3 18 22
split_gain=45.3805 29.2154 26.2644 11.3594 8.52793 8.35976 7.88181 9.02028 7.36017 8.93948 10.755 7.79886 7.04286 7.01805 6.49485 5.37713 4.71807 4.27235 4.24096 3.02768 2.87974 2.80152 2.71467 2.61839 2.11741 2.09164 2.08791 2.0876 4.82409 4.53154
threshold=0.94864469766616832 -1.0000000180025095e-35 0.11882352828979494 0.67867964506149303 0.58571431040763866 0.52657252550125133 1.5000000000000002 0.84650033712387096 1.5000000000000002 0.80810147523880016 0.65240275859832775 0.60421237349510204 1.5000000000000002 0.94555336236953746 0.99350649118423473 0.49332858622074133 0.29285715520381933 0.074175827205181136 0.63333335518836986 0.56980520486831676 2.5000000000000004 0.10263158008456232 0.56765475869178783 0.96922349929809581 0.74399384856224071 1.0000000180025095e-35 1.0000000180025095e-35 0.52419984340667736 0.53866961598396312 0.80901724100112926
decision_type=2 2 2 2 2 2 2 2 2 2 2 2 2 2 2 2 2 2 2 2 2 2 2 2 2 2 2 2 2 2
left_child=1 2 17 8 12 20 7 14 9 10 -3 -11 15 -9 -4 -5 -10 -1 24 22 25 -20 -8 -22 -19 -2 -18 28 -7 -29
right_child=5 3 6 4 -6 27 19 13 16 11 -12 -13 -14 -15 -16 -17 26 18 21 -21 23 -23 -24 -25 -26 -27 -28 29 -30 -31
leaf_value=-0.078917233919812757 0.084302503378944779 -0.026287300748050232 -0.0073136416515136096 0.0097736166258200925 0.075272040069482515 0.065585962901699019 -0.086670392913989841 -0.042023865949013632 0.1169507811101369 0.16265290782019537 0.072445210896085771 0.0074463513473335416 -0.12039241721344224 -0.42104415592795802 0.087705283076876736 0.077823110242047092 -0.0064938401367437707 -0.080626117142614334 0.1260822671844436 0.11861179464102423 -0.09311002290707196 -0.0073532372568072346 0.040331070191190053 0.034312598526622523 0.10710358054366421 -0.065767119396837104 0.12255842219400163 0.076829519232288659 -0.071414301680685729 -0.29649775905295789
leaf_weight=62.235047824040521 0.69917862757575022 116.27494091866538 77.666836558550131 41.023963141953573 21.854776428546757 7.1818823339417559 1.2116017611115228 51.213608376507182 5.1950754735153151 2.1077316495939149 7.5176131282350971 122.24464850605 2.3228590232320121 0.31457981187850137 4.894043637206777 9.0756471960339677 5.2027472201734781 6.5987477257731353 1.3067313050269147 2.867209442658349 1.0957279235590274 4.3902732782298699 9.7071868475759384 17.773289916221984 0.40831247111782421 3.9665690416004509 0.94863729458302248 51.807619974948466 2.1336403749883175 0.20892685558646817
leaf_count=65459 16 17439 7808 837 3187 387 156 6257 224 77 868 3636 45 17 232 541 118 5592 305 69 28 454 395 515 9 288 91 8545 25 14
internal_value=-0.00096233 -0.00927131 -0.031704 0.00570413 0.0332894 0.0535305 -0.0121512 -0.0180734 -0.00219193 -0.00507298 -0.0202915 0.0100771 0.015787 -0.0443378 -0.00168111 0.0221009 0.060816 -0.070287 -0.0280089 0.0454502 0.0129977 0.0232531 0.0262384 0.0269131 -0.0696868 -0.0432787 0.013408 0.069084 0.0342072 0.07533
internal_weight=641.45 556.583 222.814 333.769 74.2772 84.8668 147.875 134.089 259.491 248.145 123.793 124.352 52.4225 51.5282 82.5609 50.0996 11.3465 74.9391 12.7041 13.786 23.5348 5.697 10.9188 18.869 7.00706 4.66575 6.15138 61.3321 9.31552 52.0165
internal_count=123634 113816 86753 27063 4610 9818 14934 14314 22453 22020 18307 3713 1423 6274 8040 1378 433 71819 6360 620 847 759 551 543 5601 304 209 8971 412 8559
is_linear=0
shrinkage=0.08


Tree=66
num_leaves=31
num_cat=0
split_feature=28 25 12 11 12 5 16 16 22 28 27 12 12 1 3 2 22 10 8 26 5 2 3 0 9 8 2 3 9 25
split_gain=40.4739 25.6408 25.1366 9.95658 8.14244 7.35225 7.02155 6.9156 7.38003 7.01834 5.76175 6.5789 5.83089 5.47343 7.52911 4.73489 9.25152 8.1819 4.72228 4.28137 4.77392 4.00996 7.23593 6.93108 3.26384 2.89261 2.1244 3.26157 2.7453 2.27873
threshold=0.94864469766616832 -1.0000000180025095e-35 0.11882352828979494 0.69831877946853649 0.089572194963693633 0.36931818723678594 1.0000000180025095e-35 1.0000000180025095e-35 0.66287881135940563 0.94555336236953746 0.54186138510704052 0.27525253593921667 0.29520697891712194 0.27639257907867437 0.52704679965972911 0.51471862196922313 0.56562754511833202 0.43359737098217016 0.21103239059448245 0.074175827205181136 0.47727273404598242 0.21778655797243121 0.49675324559211737 0.26158231496810919 0.39296035468578344 0.96225070953369152 0.97259759902954113 0.96824595332145702 1.0000000180025095e-35 1.0000000180025095e-35
decision_type=2 2 2 2 2 2 2 2 2 2 2 2 2 2 2 2 2 2 2 2 2 2 2 2 2 2 2 2 2 2
left_child=1 2 19 6 26 13 15 21 9 -9 11 -8 -12 18 -15 16 -3 -17 -5 -1 -21 23 -23 -4 -22 -10 -2 -28 -29 -30
right_child=4 3 7 5 -6 -7 10 8 25 -11 12 -13 -14 14 -16 17 -18 -19 -20 20 24 22 -24 -25 -26 -27 27 28 29 -31
leaf_value=-0.078753480128268022 0.056636837028234667 -0.038204759377617165 0.034432394946539602 -0.11033945566336502 0.067861967480647142 0.07432740474215567 -0.011858018030202276 -0.034436520855157117 0.071693892172610948 -0.41220243282236174 -0.078988918778764058 0.052146231867156646 -0.014054005516344011 -0.056217640504442591 0.028323659989184607 0.0059545028314222717 0.067225818951878846 0.058092892187207368 0.056434179519998288 -0.069831215951318665 -0.057465062299458525 -0.051852025369478576 0.013724362408947127 0.33225313158250297 0.075797525293789914 -0.073382439512949107 -0.18637933426249881 0.016052489366888485 -0.11862133284876027 0.14205313146884227
leaf_weight=57.564934423251543 5.1116463325452086 24.347902279347185 12.921325010247525 1.1507194079458738 58.048898543231189 19.367988615296781 88.439094477333128 67.972413232317194 5.9408249070402226 0.31621647998690505 15.394989602966232 11.629743880592285 20.818446248071268 11.64794619404711 16.006938982754946 67.569118330837227 6.8184208044549441 26.944046333897859 19.506675293669105 7.0463863108307105 1.7744546434842048 14.326736519287804 43.367492425546516 0.5202521472238012 3.4889337098575197 1.0324418369564226 0.59313343418762343 14.972741317003967 1.6822396405041207 0.24600960314273823
leaf_count=65459 149 3098 659 12 9011 3081 3868 8611 128 14 9555 153 713 130 740 3267 432 1546 468 5918 88 2799 2649 45 354 29 15 253 389 1
internal_value=-0.00089845 -0.00871375 -0.0301187 0.00532968 0.0519997 0.0326831 -0.00173733 -0.0112764 -0.0281805 -0.0361858 -0.014315 -0.00441961 -0.041659 0.0159882 -0.00728424 0.0119014 -0.0151392 0.0208182 0.0471441 -0.0695962 -0.0267734 0.00660832 -0.00255969 0.0459595 0.0308705 0.0502143 0.0112673 -0.0019893 0.00448179 -0.085364
internal_weight=626.569 545.914 216.272 329.642 80.6547 67.6803 261.962 146.398 75.2619 68.2886 136.282 100.069 36.2134 48.3123 27.6549 125.679 31.1663 94.5132 20.6574 69.8747 12.3098 71.1358 57.6942 13.4416 5.26339 6.97327 22.6058 17.4941 16.901 1.92825
internal_count=123634 113816 86753 27063 9818 4431 22632 14934 8782 8625 14289 4021 10268 1350 870 8343 3530 4813 480 71819 6360 6152 5448 704 442 157 807 658 643 390
is_linear=0
shrinkage=0.08


Tree=67
num_leaves=31
num_cat=0
split_feature=28 25 12 16 11 19 12 12 28 27 12 26 11 6 0 6 3 5 18 3 1 23 18 18 7 9 25 11 6 0
split_gain=36.0049 22.4807 24.0626 8.82678 8.78556 7.86862 7.70589 7.1717 6.90673 6.53611 8.01122 9.93172 6.07538 6.06543 4.79009 4.09499 3.81635 10.4024 5.84946 2.32647 4.62822 3.53351 2.42449 2.3261 3.37365 2.62508 2.05617 1.73066 1.59089 1.39099
threshold=0.94864469766616832 -1.0000000180025095e-35 0.080540537834167494 1.0000000180025095e-35 0.67867964506149303 0.58571431040763866 0.089572194963693633 0.18019481003284457 0.34930197894573217 0.54186138510704052 0.13840996474027636 0.048809524625539787 0.59498903155326854 1.5000000000000002 0.49332858622074133 4.5000000000000009 0.93683511018753063 0.78888890147209179 0.8101586401462556 0.52419984340667736 0.3464102596044541 1.0000000180025095e-35 0.54785186052322399 0.97245490550994884 1.0000000180025095e-35 1.0000000180025095e-35 1.0000000180025095e-35 0.62529620528221141 2.5000000000000004 0.83910790085792553
decision_type=2 2 2 2 2 2 2 2 2 2 2 2 2 2 2 2 2 2 2 2 2 2 2 2 2 2 2 2 2 2
left_child=1 2 29 16 9 13 23 -5 -9 12 -11 -12 15 14 -6 -3 17 -4 -18 20 22 -21 -8 -2 25 28 -27 -14 -25 -1
right_child=6 4 3 7 5 -7 19 8 -10 10 11 -13 27 -15 -16 -17 18 -19 -20 21 -22 -23 -24 24 -26 26 -28 -29 -30 -31
leaf_value=-0.080621938899104434 0.066834411895802734 0.0045833711919293389 0.0018522391089073262 -0.083000496752169736 0.0082436672369590042 0.074029193319389383 0.073398417022683987 0.31516109482518767 -0.022796729788570742 -0.079923219346857144 0.13863863542171251 -0.018679709777344053 0.14775138909600805 -0.11303735554938422 0.074186606321585385 -0.090904715456645913 -0.13182580924492626 -0.36068321922976987 0.073520040049743524 0.075348718852797938 -0.10305631280571684 -0.22078236761096406 -0.059139233747259747 -0.030237966461970172 -0.13840041988542337 -0.11743190097261813 0.13383575551291477 0.039739720266922261 0.031680999818031956 -0.027520013723477482
leaf_weight=46.637596835847944 3.8829461351269883 188.40968660579529 67.672033166978508 14.410459871811325 40.573721634922549 18.971142533468083 6.1919133248738927 0.38924823747947712 67.44270952779334 13.267496527172623 2.7286913277930571 43.693955529714003 2.3237972124479707 2.3066365839913479 8.5325519780162704 2.9188410416245452 0.98809270793571968 0.51035883044823904 8.7484340491937456 45.715434775687754 1.4295807015150783 0.25934361340477963 1.0303097590804098 3.4109779819846215 1.0814174968982104 1.5655195703729976 0.24044540524482716 1.6052307100035248 11.992976281791924 3.3863021740107788
leaf_count=58546 126 6812 9298 11227 837 3187 388 5 5791 12118 145 3260 48 45 541 27 51 15 500 8584 15 15 9 46 29 389 1 43 216 1320
internal_value=-0.000854277 -0.00820075 -0.0285933 -0.0134657 0.00497413 0.0299949 0.0503712 -0.0317461 -0.0208574 -0.00193341 -0.0251008 -0.00943265 0.00514884 0.0137464 0.0197017 0.00312664 0.00582909 -0.000861411 0.0526809 0.0665163 0.0284585 0.0736782 0.0544908 0.0105975 -0.00134063 0.00727178 -0.0839782 0.103622 0.01797 -0.0770273
internal_weight=612.318 535.517 210.185 160.161 325.332 70.3841 76.8009 82.2424 67.832 254.948 59.6901 46.4226 195.258 51.4129 49.1063 191.329 77.9189 68.1824 9.73653 54.6266 8.6518 45.9748 7.22222 22.1743 18.2913 17.2099 1.80596 3.92903 15.404 50.0239
internal_count=123634 113816 86753 26887 27063 4610 9818 17023 5796 22453 15523 3405 6930 1423 1378 6839 9864 9313 551 9011 412 8599 397 807 681 652 390 91 262 59866
is_linear=0
shrinkage=0.08


Tree=68
num_leaves=31
num_cat=0
split_feature=28 25 12 16 16 10 12 22 3 22 6 3 10 8 9 7 12 18 10 18 13 8 8 8 11 22 10 6 4 8
split_gain=32.1093 19.6334 23.0871 8.51188 7.65655 7.60447 6.95403 6.92586 6.31413 8.15881 7.75655 6.88891 6.04152 5.44905 4.85237 4.74943 4.54723 4.07472 7.7949 7.4362 3.36053 3.92283 2.59263 5.8303 5.50542 2.92581 2.50672 2.42808 2.29527 1.90611
threshold=0.94864469766616832 -1.0000000180025095e-35 0.080540537834167494 1.0000000180025095e-35 1.0000000180025095e-35 0.56939375400543224 0.18019481003284457 0.66287881135940563 0.90366768836975109 0.64174234867095958 4.5000000000000009 0.91596046090126049 0.90976935625076305 0.30267794430255895 1.0000000180025095e-35 14.500000000000002 0.69397994875907909 0.66801637411117565 0.43359737098217016 0.48611797392368322 1.5000000000000002 0.48181217908859258 0.90098038315773021 0.89323708415031444 0.96435630321502697 0.80901724100112926 0.99777778983116161 2.5000000000000004 1.0000000180025095e-35 0.96922349929809581
decision_type=2 2 2 2 2 2 2 2 2 2 2 2 2 2 2 2 2 2 2 2 2 2 2 2 2 2 2 2 2 2
left_child=1 2 -1 12 20 27 -6 -8 9 13 11 -10 17 -5 -11 26 -17 19 -19 -3 21 -4 23 25 -25 -7 -14 -2 -12 -29
right_child=5 3 4 8 6 22 7 -9 10 14 28 -13 15 -15 -16 16 -18 18 -20 -21 -22 -23 -24 24 -26 -27 -28 29 -30 -31
leaf_value=-0.076686517595257811 -0.037772926331093241 0.031067656714522017 0.047367157596563035 0.072938545133741942 -0.082406167817509632 0.054357325146349979 -0.027352752480856841 0.062272879455367858 0.18093160060869765 0.56711758181443739 -0.034281326806767438 0.017955800013108644 0.074432109079319506 -0.025385384564204628 0.060644611194276624 -0.074296889744062511 0.090438393841734341 0.0048834410584357793 0.055057715577054321 -0.042973707480351307 0.055549324676522495 -0.0076604547267276561 0.080389568301405576 -0.44121746374228965 0.080516719835735592 -0.21537592155243371 -0.097948013728783978 -0.071332860123306599 -0.2313608895913998 0.03176289224163583
leaf_weight=46.380089143698569 5.0371637103962739 14.913821181107776 9.6093899294501153 3.7273456092225379 13.394666299631352 16.900308830663569 61.441796049592085 6.0625732943881294 1.7311427226522926 0.12343552429228921 0.61691103363409527 40.339554396981839 20.38443754892797 112.00508957728744 6.3063211545231752 3.1641201339662066 1.6221878500655291 67.302819992764853 28.086230514454655 20.773217606241815 7.7055712997098444 60.441705951059703 31.794208650477231 0.30427094548940559 0.22527675051242113 0.26134921237826247 0.5545854396186759 1.2296843404183189 0.97744940919801593 17.224921087734401
leaf_count=59866 309 705 1405 104 11227 2287 5687 109 112 17 25 1741 2007 13434 718 65 70 2840 1781 3347 337 8122 6569 37 44 16 71 28 26 528
internal_value=-0.000800126 -0.00767893 -0.0270363 0.00462298 -0.0125219 0.0489373 -0.0297515 -0.0193035 -0.00801269 -0.0173456 0.0180981 0.024662 0.017986 -0.0222187 0.0703676 0.0534322 -0.0184644 0.0110292 0.0196567 -0.0120314 0.00540401 -0.000111939 0.0667303 0.0421823 -0.219265 0.0502496 0.0698665 0.0114563 -0.155104 0.0248933
internal_weight=600.642 527.664 205.036 322.629 158.656 72.9772 80.899 67.5044 165.827 122.162 43.6651 42.0707 156.801 115.732 6.42976 25.7253 4.78631 131.076 95.3891 35.687 77.7567 70.0511 49.4854 17.6912 0.529548 17.1617 20.939 23.4918 1.59436 18.4546
internal_count=123634 113816 86753 27063 26887 9818 17023 5796 16177 14273 1904 1853 10886 13538 735 2213 135 8673 4621 4052 9864 9527 8953 2384 81 2303 2078 865 51 556
is_linear=0
shrinkage=0.08


Tree=69
num_leaves=31
num_cat=0
split_feature=28 16 12 27 26 3 22 22 11 28 0 2 5 2 5 26 27 11 12 2 3 8 5 28 2 6 6 26 28 8
split_gain=28.5196 16.257 13.3611 17.4663 10.0792 10.1203 8.66823 8.14393 8.19929 7.90084 10.0272 12.7065 16.9109 11.5924 10.9095 7.2615 5.87293 8.8205 5.44902 5.29701 8.00701 11.4657 7.38381 6.82417 6.03462 4.18495 4.55148 3.64469 3.21537 3.06511
threshold=0.94864469766616832 1.0000000180025095e-35 0.27525253593921667 0.28162176907062536 0.4083333313465119 0.93419912457466137 0.65419578552246105 0.6789083480834962 0.70740002393722545 0.6911335587501527 0.25176055729389196 0.35463453829288488 0.2264957278966904 0.48528139293193823 0.060661764815449722 0.12916667014360431 0.55134195089340221 0.46037456393241888 0.18019481003284457 0.78611555695533764 0.75162336230278026 0.7731560766696931 0.5634920895099641 0.8207041621208192 0.76339712738990795 4.5000000000000009 3.5000000000000004 0.37980769574642187 0.68307831883430492 0.39504285156726843
decision_type=2 2 2 2 2 2 2 2 2 2 2 2 2 2 2 2 2 2 2 2 2 2 2 2 2 2 2 2 2 2
left_child=1 9 3 25 16 6 -6 8 -5 10 11 27 -13 28 -15 -2 17 -4 -9 22 21 -21 29 -22 -24 26 -3 -1 -12 -11
right_child=15 2 4 7 5 -7 -8 18 -10 19 13 12 -14 14 -16 -17 -18 -19 -20 20 23 -23 24 -25 -26 -27 -28 -29 -30 -31
leaf_value=0.055163037304586951 0.011366425212279117 -0.011811625259511427 -0.016969714758876923 -0.073673100128866548 -0.029865739665438672 0.073953041229393807 0.084116794501393671 -0.073805886806753873 0.10086840112297667 -0.025410423563756661 -0.071885879348491624 -0.080699543494719653 1.3256861853823911 0.092435393536813348 -0.014803235152717611 0.065820421261112941 0.01669077745132367 0.14985252396813628 0.073462685454459359 -0.81240747470992514 -0.045371367768451715 -0.091310067931709732 0.048382283061799002 0.019584603377484487 0.14903733191392371 -0.13346853000310838 0.057988367254748055 -0.020728113456606984 0.077346998529382233 0.026145708495387079
leaf_weight=14.599265145487157 23.769201731891371 69.113107620622031 3.0564818233251589 72.207266965822782 70.644420192111284 7.5897810924798241 4.5447642426006487 2.503589503990951 1.7645934808533628 8.4340229011140746 24.85273165837862 0.10581170953810115 0.11332092242082581 6.9281514061149201 49.092234606156126 46.011833573458716 20.870953913428821 6.0309132789261639 4.494872581679374 0.17848928814055298 13.436248266720211 0.67408004985190928 13.902671687363183 45.082895837316755 5.2521716138580805 1.6790120601654042 6.5451230038888744 5.6048959341133004 0.95970425079576571 59.062811078154482
leaf_count=1602 975 2632 49 64728 2974 1182 284 1172 65 167 11695 51 5 1105 14510 8843 1085 88 44 12 1228 75 880 3506 242 14 59 339 70 3953
internal_value=-0.000747338 -0.00719964 -0.0207465 -0.0357356 0.000301257 -0.014089 -0.0229761 -0.0617055 -0.0695094 0.00758941 -0.00946445 0.0406815 0.64659 -0.0219795 -0.00154082 0.047272 0.0400634 0.093743 0.0207797 0.0195318 0.00112433 -0.242275 0.0321441 0.00467043 0.0759814 -0.00854559 -0.00577329 0.0341098 -0.0663374 0.0197035
internal_weight=589.105 519.324 271.045 158.308 112.737 82.779 75.1892 80.9703 73.9719 248.28 102.256 20.4233 0.219133 81.8328 56.0204 69.781 29.9583 9.0874 6.99846 146.023 59.3717 0.852569 86.6517 58.5191 19.1548 77.3372 75.6582 20.2042 25.8124 67.4968
internal_count=123634 113816 74376 68714 5662 4440 3258 66009 64793 39440 29377 1997 56 27380 15615 9818 1222 137 1216 10063 4821 87 5242 4734 1122 2705 2691 1941 11765 4120
is_linear=0
shrinkage=0.08


Tree=70
num_leaves=31
num_cat=0
split_feature=12 27 3 11 26 0 5 0 22 8 9 7 7 3 13 5 3 17 7 3 7 12 2 1 3 3 11 3 0 11
split_gain=25.3277 26.8252 21.9445 12.6885 10.2048 9.54495 33.7316 8.8417 7.72346 5.7344 13.3329 8.73275 8.1619 5.31043 6.74035 4.90953 5.20254 4.14565 4.45151 6.34122 5.60977 4.77988 4.02506 13.4327 10.4217 3.79686 3.63172 6.33408 6.6006 4.90746
threshold=0.29520697891712194 0.55600360035896312 0.93683511018753063 0.58351215720176708 0.34523810446262365 0.88185444474220287 0.78888890147209179 0.47856706380844122 0.63224515318870556 0.39504285156726843 0.71126025915145885 19.500000000000004 6.5000000000000009 0.87226107716560375 1.0000000180025095e-35 0.087121214717626586 0.59516963362693798 1.0000000180025095e-35 4.5000000000000009 0.9607692062854768 8.5000000000000018 0.27525253593921667 0.74646764993667614 0.81872946023941051 0.85880398750305187 0.49675324559211737 0.30517394840717321 0.88047617673873912 0.28035087883472448 0.20067114382982257
decision_type=2 2 2 2 2 2 2 2 2 2 2 2 2 2 2 2 2 2 2 2 2 2 2 2 2 2 2 2 2 2
left_child=1 17 4 13 9 6 8 -5 -6 10 11 -2 -11 -3 -15 -9 -17 18 22 21 -21 -20 23 -1 -24 -14 29 28 -28 -19
right_child=2 3 -4 7 5 -7 -8 15 -10 12 -12 -13 25 14 -16 16 -18 26 19 20 -22 -23 24 -25 -26 -27 27 -29 -30 -31
leaf_value=-0.0017185543496476049 0.39095090374656943 -0.072544782987749093 0.07091798364803957 -0.064024205052786401 -0.0080995764031856505 0.081890223441844254 -0.62064932785986859 0.15184101022132829 0.063761910239253969 0.065070613494615001 -0.061850954645237773 0.072129969505979483 -0.071112105622315305 -0.046189327483904946 0.091956505154393631 0.19812368806710218 0.0068676461553436943 0.0096837286175215417 -0.059844440225066013 0.069059220030697879 -0.030086731567921816 0.11191014034762369 -0.078748121591412049 0.14236363990518525 0.010838178089447243 0.030625446927729453 0.073527880430020898 0.089348783468858856 -0.010515864052832627 -0.040031702322311132
leaf_weight=21.56534378830111 1.3429697381798176 67.258649047464132 43.47726259031333 8.017439790710343 136.62593735510018 8.4689663867466134 0.5681999281514426 2.1501065926859146 10.293056595837696 20.390100264339711 1.286390491761267 0.93102195928804565 5.1590350416954589 11.3340294684167 2.8235165384830898 0.98480974929407139 12.024440266250165 74.283211541187484 27.302647803619042 6.2265438690665169 8.8345412961789389 1.0779455644078542 11.472050670010502 5.1254069184651589 30.157954343303572 4.3082149975234643 8.269833924132401 8.986833918723276 21.606285334390122 15.329710213991346
leaf_count=2710 24 79522 9556 1888 5704 1684 42 69 796 811 11 37 252 5510 351 78 582 1576 5105 70 100 23 256 154 465 133 343 499 2658 2625
internal_value=-0.000722599 -0.0144877 0.0196623 -0.0483042 0.00789474 -0.000701701 -0.00544427 0.00392021 -0.003065 0.0480132 0.14398 0.260419 0.0365695 -0.0631709 -0.0186382 0.0398545 0.0213459 0.00023504 -0.0110325 -0.031055 0.0109021 -0.0533209 0.00169883 0.0259495 -0.0138493 -0.0248149 0.0100368 0.0304613 0.0127478 0.00117912
internal_weight=577.682 344.831 232.851 104.593 189.374 155.956 147.487 23.1768 146.919 33.4177 3.56038 2.27399 29.8574 81.4162 14.1575 15.1594 13.0093 240.238 111.762 43.4417 15.0611 28.3806 68.3208 26.6908 41.63 9.46725 128.476 38.863 29.8761 89.6129
internal_count=123634 104584 19050 88000 9494 8226 6542 2617 6500 1268 72 61 1196 85383 5861 729 660 16584 8883 5298 170 5128 3585 2864 721 385 7701 3500 3001 4201
is_linear=0
shrinkage=0.08


Tree=71
num_leaves=31
num_cat=0
split_feature=28 25 12 10 7 2 12 12 8 27 12 28 0 9 13 8 20 11 12 28 27 8 18 3 2 0 1 18 7 0
split_gain=23.1109 14.912 20.2182 6.7974 6.71044 10.7512 10.5796 10.1156 6.71971 6.44463 6.71879 5.60337 5.07182 5.00111 4.81149 3.9573 5.38141 4.18368 3.71686 3.6823 3.64696 2.8279 6.4973 3.11445 6.46006 2.41071 12.2169 2.0844 2.60436 1.64468
threshold=0.94864469766616832 -1.0000000180025095e-35 0.080540537834167494 0.52657252550125133 9.5000000000000018 0.095811817795038237 0.62828946113586437 0.53589746356010448 0.62605932354927074 0.76141574978828441 0.3717105239629746 0.3279555886983872 0.79772728681564342 0.7949514389038087 1.5000000000000002 0.680425524711609 1.0000000180025095e-35 0.69831877946853649 0.39009661972522741 0.78611555695533764 0.96019801497459423 0.90098038315773021 0.97861903905868541 0.8216732144355775 0.73375529050827037 0.29459981620311743 0.44327485561370855 0.97861903905868541 1.0000000180025095e-35 0.83910790085792553
decision_type=2 2 2 2 2 2 2 2 2 2 2 2 2 2 2 2 2 2 2 2 2 2 2 2 2 2 2 2 2 2
left_child=1 2 29 27 7 6 -6 15 11 10 13 -7 -10 -4 20 17 -17 -3 -16 -12 -11 22 23 24 -5 -9 -27 -2 -29 -1
right_child=3 4 9 21 5 8 -8 25 12 14 19 -13 -14 -15 18 16 -18 -19 -20 -21 -22 -23 -24 -25 -26 26 -28 28 -30 -31
leaf_value=-0.080629325654875683 0.062818948141995706 0.024289107658396522 -0.0073597173156974994 0.02412805776458557 -0.10909405767319946 0.28924924349591019 -0.5691215379839748 0.086612710050534877 -0.093086384403868058 -0.023199580832030095 0.082927776980070936 -0.00098325838789517788 0.025945668727265194 0.32109393796162677 -0.15654201940009829 -0.013425776754048447 0.013545802127035813 0.13453663101915045 0.048982873511887917 -0.0062847796661028047 -0.06663356877530377 0.078657071069705015 -0.52039567288002342 0.080313565758150143 -0.30048410435336131 -0.069407786792880469 0.069181919546518394 0.0056336129357838459 -0.1082636118933675 -0.01974283576517637
leaf_weight=35.563575431675417 3.695959439151923 14.966323955683039 54.445464550226461 8.2765401587821472 2.7646350473514754 0.4290420402539884 0.361823534592986 9.2395042260177416 9.3466504322714155 59.414430435572285 9.9172897336538863 55.194381599314511 3.0348161545698522 0.29831245448440213 0.60996072506531973 89.688208043109626 100.27724795439281 2.5831509504932901 7.3386640623211861 4.221493781078606 15.626343796320723 26.932276549516246 0.13315464463085014 7.0464321426115939 0.41188821988180357 5.2332348087802556 18.326384766260162 16.785059992747851 1.3913601213134814 3.0857049511978394
leaf_count=58546 133 1144 8938 416 167 58 4 429 1926 13612 305 4961 90 7 142 9513 5617 79 324 165 3394 6587 30 1894 44 55 3020 685 29 1320
internal_value=-0.00067918 -0.00647838 -0.0241079 0.0443322 0.00430615 -0.0172779 -0.162333 0.0106949 -0.0106092 -0.010961 0.00712765 0.0012554 -0.0639105 -0.00556989 -0.0259749 0.00416957 0.000811737 0.0405167 0.0332113 0.0562911 -0.0322442 0.0628728 0.0360828 0.0407919 0.00873932 0.0519796 0.0383974 0.00805139 -0.00308494 -0.0757682
internal_weight=566.639 501.967 190.521 64.6727 311.445 71.1313 3.12646 240.314 68.0049 151.872 68.8826 55.6234 12.3815 54.7438 82.9894 207.515 189.965 17.5495 7.94862 14.1388 75.0408 42.8003 15.868 15.7349 8.68843 32.7991 23.5596 21.8724 18.1764 38.6493
internal_count=123634 113816 86753 9818 27063 7206 171 19857 7035 26887 9415 5019 2016 8945 17472 16353 15130 1223 466 470 17006 8971 2384 2354 460 3504 3075 847 714 59866
is_linear=0
shrinkage=0.08


Tree=72
num_leaves=31
num_cat=0
split_feature=5 5 3 12 2 2 1 5 6 8 3 1 22 1 18 12 18 8 26 1 2 12 4 3 8 2 8 7 10 17
split_gain=20.9206 25.4635 31.6727 21.9701 20.1626 18.7551 15.1002 14.2348 26.4412 12.7262 11.1502 10.8226 10.3163 12.4318 8.79598 8.33453 8.19914 7.66489 6.68793 5.74657 5.731 5.6694 5.63685 5.57463 13.3606 5.67893 5.53176 5.88023 5.21294 4.6992
threshold=0.47727273404598242 1.0000000180025095e-35 0.64346247911453258 0.39009661972522741 0.25158227980136877 0.58885449171066295 0.77459675073623668 0.30384616553783422 1.5000000000000002 0.64760348200798046 0.89512962102890026 0.14389234036207202 0.6789083480834962 0.14389234036207202 0.43144296109676367 0.37715516984462744 0.83127287030220043 0.89528506994247448 0.085144929587841048 0.28718703985214239 0.84273937344551098 0.10762548446655275 1.0000000180025095e-35 0.80810147523880016 0.94494947791099559 0.82807883620262157 0.68237251043319713 5.5000000000000009 0.52657252550125133 1.0000000180025095e-35
decision_type=2 2 2 2 2 2 2 2 2 2 2 2 2 2 2 2 2 2 2 2 2 2 2 2 2 2 2 2 2 2
left_child=1 2 4 5 12 6 16 19 26 11 -10 -6 13 -1 -11 23 17 -2 29 -3 -21 -4 -12 24 -7 -25 -9 -28 -18 -8
right_child=3 7 21 -5 9 15 18 8 10 14 22 -13 -14 -15 -16 -17 28 -19 -20 20 -22 -23 -24 25 -26 -27 27 -29 -30 -31
leaf_value=-0.019655757945692735 0.18908749464639552 0.39666094020226589 -0.075173016427041536 0.062955859746812073 0.9312238026890105 -0.064905200403913607 -0.098268955386299275 -0.047145589424255042 -0.064595237375573947 0.2803033770722187 0.063439385364019427 -0.0088213531764054897 0.073665041708250903 0.044275689731414519 -0.083628406914908832 -0.40980473847929866 0.38418876128845775 -0.075682925014617319 0.12853840216652734 -0.068558649412044967 0.17164404853791951 0.10497044872485839 -0.23198101481680325 0.024565138197622217 0.042947642635310972 -0.0079516809885383823 0.095915812873967582 0.61758748702873056 0.13964083330992849 0.036804508702654871
leaf_weight=53.876562559395097 2.2939061395009044 0.17191023507621039 1.1823836319963472 51.993540248833597 0.078584008850159814 23.544234364453587 2.6483239201479574 1.8316973076434795 32.405997466776171 0.43086199165554973 6.7700325177283949 30.405071073968429 15.915717465453779 30.478608602599707 31.426270127121825 0.32163247209973533 1.6354801960987972 1.0069175141397861 2.9993992907111533 71.516968051189906 0.64140526455594127 20.56483596918406 0.44024709105724458 56.172693826491013 10.687915113288907 88.578116003249306 12.242426971381061 0.13986648392165157 0.8466807409422471 4.3658545012003742
leaf_count=3542 129 19 1576 11431 4 3139 547 483 16019 69 953 5574 1317 2122 9679 24 51 97 77 54217 48 1146 36 3657 819 4436 2082 46 10 285
internal_value=-0.000624347 -0.0144472 0.0045039 0.0167466 -0.00762235 0.00443204 0.0879989 -0.0421405 -0.010991 -0.0433487 -0.0445755 -0.006398 0.0145896 0.0034435 -0.0787063 -0.00293012 0.190923 0.108319 0.0285585 -0.0653229 -0.0664235 0.0951762 0.0454015 -0.00219897 -0.0312315 0.00466695 0.0826134 0.101808 0.300772 -0.0141948
internal_weight=557.614 310.519 184.359 247.095 162.612 195.101 15.7966 126.161 53.8303 62.3408 39.6163 30.4837 100.271 84.3552 31.8571 179.305 5.78298 3.30082 10.0136 72.3303 72.1584 21.7472 7.21028 178.983 34.2321 144.751 14.214 12.3823 2.48216 7.01418
internal_count=123634 98932 25029 24702 22307 13271 1196 73903 19619 15326 17008 5578 6981 5664 9748 12075 287 226 909 54284 54265 2722 989 12051 3958 8093 2611 2128 61 832
is_linear=0
shrinkage=0.08


Tree=73
num_leaves=31
num_cat=0
split_feature=13 18 5 22 5 2 1 2 1 27 12 26 12 27 18 2 5 6 13 22 26 8 11 11 9 1 18 10 18 8
split_gain=19.2708 26.2678 15.8909 14.6872 12.8714 10.8211 9.85887 9.29952 9.66588 8.80907 7.58894 6.78245 5.89869 6.57742 5.16905 4.93298 4.79288 6.93825 4.55696 4.04746 3.97057 3.84033 11.063 4.70731 3.79439 3.85902 3.77652 3.75301 3.68594 3.41402
threshold=1.0000000180025095e-35 0.82000502943992626 0.47727273404598242 0.67826876044273388 1.0000000180025095e-35 0.57932874560356151 0.86319074034690868 0.56562754511833202 0.30068494379520422 0.25391484797000891 0.26491229236125952 0.085144929587841048 0.3717105239629746 0.41202270984649664 0.86707893013954174 0.78611555695533764 0.30384616553783422 1.5000000000000002 1.5000000000000002 0.48435972630977636 0.88194444775581371 0.89237451553344738 0.62529620528221141 0.91693207621574413 0.70031845569610607 0.067231640219688429 0.86341637372970592 0.59026268124580394 0.82101482152938854 0.95505049824714672
decision_type=2 2 2 2 2 2 2 2 2 2 2 2 2 2 2 2 2 2 2 2 2 2 2 2 2 2 2 2 2 2
left_child=2 3 4 10 7 6 14 8 20 16 24 -12 13 15 29 -7 19 -18 -13 -6 -1 23 -23 -11 25 -2 -8 -9 -3 -4
right_child=1 28 5 -5 9 12 26 27 -10 21 11 18 -14 -15 -16 -17 17 -19 -20 -21 -22 22 -24 -25 -26 -27 -28 -29 -30 -31
leaf_value=0.016570674368422484 0.15003682738823093 0.39885073305696495 0.13201531990479565 0.098311127691596556 -0.066199452455548743 0.021485410673174214 -0.06623738987716643 -0.080172853861502621 -0.064934753392357422 -0.077524035882507059 0.20871309374533942 -0.0057930932219407887 0.051390352804054136 -0.041620465560363855 0.38918451607220322 -0.01035679389789443 0.11302250709354798 -0.017347087103126928 0.035482490840247849 0.12562694128526311 -0.052582323520398433 -0.074305132563310811 0.073827963753089032 -0.30580358953300019 0.30285954250783781 -0.044183398035440379 0.06899722833675806 0.10000602198274307 0.062121119198011013 -0.080184490101850664
leaf_weight=33.743901007401291 0.66766702043241721 0.20877873618155618 6.459698649850905 9.2224931663076841 8.8282575205666944 48.520193277159706 3.0955424318963196 0.83505764455185172 17.97271914256271 44.293410056372522 1.0334090960677702 82.70307108014822 12.220124204410238 27.877307387592737 0.4735997772659174 86.913751186686568 3.8736081940587583 8.0257303664111532 21.586853513726965 0.7649538264959127 6.3070764248259357 12.34125749699888 4.3688473306829101 0.58576593711040814 0.20731097948737343 33.814019460725831 2.306159601546824 6.4902539836475626 59.531074669619557 0.52465002756798629
leaf_count=4572 121 24 494 737 1935 581 283 1105 9425 47808 16 3130 2254 8985 10 1113 104 762 750 139 192 14920 208 22 21 12347 97 212 11151 116
internal_value=-0.00061534 0.018469 -0.0124559 0.000523677 -0.0320323 0.00296811 0.073805 -0.0054694 -0.0161923 -0.0529256 -0.0059175 0.00477135 -0.00222149 -0.00623312 0.133418 0.00105091 -0.00882841 0.0250923 0.00275049 -0.0509034 0.00568072 -0.068314 -0.0355758 -0.0805036 -0.0383712 -0.0404227 -0.0085014 0.0794663 0.0632979 0.116075
internal_weight=545.797 208.975 336.822 149.235 148.431 188.391 12.8597 65.349 58.0237 83.0818 140.012 105.323 175.531 163.311 7.45795 135.434 21.4925 11.8993 104.29 9.59321 40.051 61.5893 16.7101 44.8792 34.689 34.4817 5.4017 7.32531 59.7399 6.98435
internal_count=123634 28297 95337 17122 81404 13933 1000 15506 14189 65898 16385 3896 12933 10679 620 1694 2940 866 3880 2074 4764 62958 15128 47830 12489 12468 380 1317 11175 610
is_linear=0
shrinkage=0.08


Tree=74
num_leaves=31
num_cat=0
split_feature=28 16 25 12 10 10 26 22 5 6 2 5 11 8 7 8 12 2 0 9 7 8 8 18 8 0 3 6 28 3
split_gain=18.2446 12.0932 8.77497 12.5795 7.35925 6.44158 5.90391 4.80053 4.65174 10.1262 9.95367 9.65797 7.02211 5.89499 4.26675 5.85041 4.97077 4.85153 5.00152 4.54413 3.98955 4.6285 3.96929 3.38807 3.12194 5.7173 2.79849 4.34102 2.74389 2.0635
threshold=0.94864469766616832 1.0000000180025095e-35 -1.0000000180025095e-35 0.18019481003284457 0.51358735561370861 0.92605021595954906 0.12916667014360431 0.54950982332229625 0.38750000298023229 1.5000000000000002 0.61143791675567638 0.30384616553783422 0.90180006623268139 0.86159002780914318 8.5000000000000018 0.70087718963623058 0.61721614003181469 0.11189358308911325 0.21132376790046695 0.84384033083915722 8.5000000000000018 0.70900535583496105 0.91458967328071605 0.38702361285686498 0.90098038315773021 0.94494947791099559 0.8216732144355775 2.5000000000000004 0.81705284118652355 0.13423423469066623
decision_type=2 2 2 2 2 2 2 2 2 2 2 2 2 2 2 2 2 2 2 2 2 2 2 2 2 2 2 2 2 2
left_child=1 5 3 -3 22 8 -2 -6 9 11 13 -1 -12 -10 15 29 -17 19 -19 -16 -7 23 -5 -22 25 26 27 -8 -11 -4
right_child=6 2 14 4 7 20 24 -9 10 28 12 -13 -14 -15 17 16 -18 18 -20 -21 21 -23 -24 -25 -26 -27 -28 -29 -30 -31
leaf_value=-0.0065559124127332474 0.0098926703876272039 -0.080507260420956211 0.32767494065470226 -0.080193574734745351 -0.032405409487746603 0.070178600034782684 0.023033009885815085 0.022578438266884767 0.11075409622248238 -0.059137005826092097 0.0063571470754349747 0.098410161063873527 -0.33678404785987398 -0.0047395653993626292 -0.092187783588435823 -0.0087703365689048313 0.054573734305850226 0.059659014481014357 -0.032581676625795274 -0.40042507266484956 -0.18157166948903411 -0.22060031208087721 0.28662135277671086 0.030794054396208834 0.081033284051982263 -0.46324542030172661 0.080266666162303504 -0.21830581629778881 -0.16603408171592055 0.06113858444351452
leaf_weight=82.183361276824144 23.271910543553531 29.751573853602167 0.19047298474470054 0.25053099921205901 48.071550632070284 15.743638616753744 7.9635258202906645 12.886748417164197 9.8891339323599805 12.308767390437422 90.27517456188798 6.0210782111389554 0.38330279081128438 3.9614822928269851 2.5252441997872661 98.630458603962325 8.6215649084188026 4.276836381701286 31.262568868522067 0.34831907600164402 0.51112690940499028 0.5528275321703412 0.76620607485529035 8.1028916435316187 21.414413967053406 0.14708359679207283 5.9207195523194978 0.50739051355049003 1.7560364831297182 7.7366383993066847
leaf_count=23547 975 52403 4 171 5317 1835 405 270 934 4518 7047 620 70 408 181 9107 1219 173 4758 3 4 42 38 345 6463 21 1901 53 70 732
internal_value=-0.000590887 -0.0057905 -0.0181695 -0.0377482 -0.0172214 0.00731671 0.0412876 -0.0207817 0.0026868 -0.00944289 0.0145565 0.000609361 0.00490635 0.0777212 -0.00647689 0.00122339 -0.00367836 -0.0295657 -0.0214814 -0.129551 0.0457489 0.00379201 0.196236 0.018193 0.0616091 0.0329987 0.0380703 0.00857731 -0.0724835 0.0675429
internal_weight=536.233 477.008 245.319 91.7266 61.975 231.689 59.225 60.9583 206.778 102.269 104.509 88.2044 90.6585 13.8506 153.592 115.179 107.252 38.413 35.5394 2.87356 24.9105 9.16685 1.01674 8.61402 35.9531 14.5387 14.3916 8.47092 14.0648 7.92711
internal_count=123634 113816 74376 58199 5796 39440 9818 5587 37214 28755 8459 24167 7117 1342 16177 11062 10326 5115 4931 184 2226 391 209 349 8843 2380 2359 458 4588 736
is_linear=0
shrinkage=0.08


Tree=75
num_leaves=31
num_cat=0
split_feature=28 16 7 8 3 5 28 0 3 18 26 10 18 13 18 1 12 27 26 7 11 3 8 3 1 0 6 6 7 12
split_gain=16.1137 11.2776 8.41931 11.043 10.3152 11.6972 28.5434 9.33145 8.34742 7.84977 6.95158 6.20836 5.21282 5.03706 5.92885 5.25115 4.17533 9.65785 6.87676 4.05362 4.01859 2.87079 2.93943 2.66317 2.57524 3.33601 2.42011 2.29723 2.04648 1.82654
threshold=0.96248644590377819 1.0000000180025095e-35 4.5000000000000009 0.8169856369495393 0.9529346525669099 1.0000000180025095e-35 0.957820624113083 0.39369101822376257 0.63944444060325634 0.87885165214538585 0.12916667014360431 0.92605021595954906 0.97010219097137462 1.5000000000000002 0.47173796594142919 0.71834936738014232 0.10435571894049646 0.41202270984649664 0.17156863212585452 5.5000000000000009 0.66841188073158275 0.76028168201446544 0.67799538373947155 0.71516755223274242 0.27639257907867437 0.28035087883472448 2.5000000000000004 2.5000000000000004 10.500000000000002 0.18019481003284457
decision_type=2 2 2 2 2 2 2 2 2 2 2 2 2 2 2 2 2 2 2 2 2 2 2 2 2 2 2 2 2 2
left_child=1 11 3 7 5 8 -7 20 -4 -6 26 12 16 15 -15 -5 17 -1 -18 -13 -3 22 -21 24 -12 -26 -2 -9 -27 -11
right_child=10 2 4 13 9 6 -8 27 -10 29 23 19 -14 14 -16 -17 18 -19 -20 21 -22 -23 -24 -25 25 28 -28 -29 -30 -31
leaf_value=0.00046136312979743155 -0.043803887819502202 0.26327215160983447 -0.028306198464416767 -0.034198453567757546 -0.086148596004514411 -0.072221451068689421 -2.5013365188191417 0.012063934147902237 0.081232778056751762 0.026241642640083468 0.082909672071847546 0.077512787532810462 0.069982363449623289 0.11419251335030983 -0.027659791095691638 0.0013747679855608175 0.045984887530528304 -0.067224355494215654 -0.00032611034540346078 0.01435179085636608 0.074943087748249954 0.081353652515486929 -0.094704858092090977 0.080793401934965689 -0.3517683750447943 -0.030308035436098384 0.021446088786642958 0.11308439130924244 0.099723220275667157 0.086731742970221376
leaf_weight=67.753940467606299 4.6326327279675779 1.8506122512335417 47.504250731843058 50.053765319957165 3.7850548738497336 44.13423178208177 0.03098087850958009 8.3089231862686557 4.912876943970331 13.045842544903282 2.980742561863738 12.386152931256222 7.1545000862097359 4.291288723004981 3.3639410045580007 56.575360565970186 26.688963566994062 16.846248301066225 88.792279454064555 8.249165438115595 1.1923358056228606 3.0990856280550352 1.9570029140450049 22.41304438363295 0.17883802950382222 3.2211646924261004 16.942836144298781 1.7428697564173479 1.0198859134688971 4.2308548854198298
leaf_count=3109 312 224 8515 20097 408 33080 6 1966 1103 631 327 1767 442 150 368 7485 3757 23594 6419 105 39 612 36 7570 2 186 617 99 20 588
internal_value=-0.000543634 -0.00512046 -0.017102 -0.0028505 -0.0325328 -0.043595 -0.0739254 0.0667368 -0.0180395 0.0181949 0.0420236 0.00748329 0.00288465 -0.0108238 0.0518583 -0.015324 0.000485372 -0.0130167 0.0103769 0.0445775 0.189478 0.0139174 -0.0065595 0.0670541 0.025444 -0.0133104 0.00743577 0.0295798 0.000961822 0.0410549
internal_weight=529.34 477.951 245.023 127.379 117.644 96.5823 44.1652 13.0947 52.4171 21.0618 51.3891 232.927 207.236 114.284 7.65523 106.629 200.081 84.6002 115.481 25.6914 3.04295 13.3053 10.2062 29.8137 7.40063 4.41989 21.5755 10.0518 4.24105 17.2767
internal_count=123634 114600 74759 30428 44331 42704 33086 2328 9618 1627 9034 39841 37321 28100 518 27582 36879 26703 10176 2520 263 753 141 8105 535 208 929 2065 206 1219
is_linear=0
shrinkage=0.08


Tree=76
num_leaves=31
num_cat=0
split_feature=28 25 12 27 12 26 10 11 19 27 12 26 11 4 6 7 7 8 8 5 8 8 2 3 8 28 28 10 10 6
split_gain=14.4362 9.89088 16.1953 5.46751 5.63588 6.06324 5.45396 5.20374 5.65897 4.96524 5.52091 7.40117 5.25856 5.90074 4.66914 4.38828 3.53907 11.4183 5.10271 3.25417 3.03734 3.49504 2.82154 2.71365 3.73438 1.77175 4.71758 4.37375 1.75191 1.72201
threshold=0.94864469766616832 -1.0000000180025095e-35 0.080540537834167494 0.76141574978828441 0.32666666805744177 0.25833334028720861 0.56939375400543224 0.67867964506149303 0.58571431040763866 0.54186138510704052 0.13840996474027636 0.10818713530898096 0.31890305876731878 1.0000000180025095e-35 1.5000000000000002 12.500000000000002 1.5000000000000002 0.92637759447097789 0.94028520584106456 0.2264957278966904 0.90098038315773021 0.89871793985366832 0.21778655797243121 0.8216732144355775 0.65419578552246105 0.83893525600433361 0.84384033083915722 0.43768490850925451 0.65176862478256237 4.5000000000000009
decision_type=2 2 2 2 2 2 2 2 2 2 2 2 2 2 2 2 2 2 2 2 2 2 2 2 2 2 2 2 2 2
left_child=1 2 25 4 5 -4 29 9 14 12 -11 -12 15 -14 19 -3 17 -5 -18 -9 21 23 -6 24 -8 -1 27 -27 -10 -2
right_child=6 7 3 16 22 -7 20 8 28 10 11 -13 13 -15 -16 -17 18 -19 -20 -21 -22 -23 -24 -25 -26 26 -28 -29 -30 -31
leaf_value=-0.080765944048217686 0.0011089644805097065 0.0019053160650901056 0.017289931286471577 0.33765387695871801 0.085180554679455706 -0.041244730320234069 0.066329516682043774 0.011670621782596547 -0.14082776138635431 -0.079809927145968559 0.10741213059175811 -0.020915942234139263 0.023801675996608412 0.16857471130223992 -0.10483822911853069 -0.047609538684306354 -0.029016218523333945 -0.0027139460148221553 -0.27600427319666826 0.10122327845580716 0.080091321405110771 -0.28790060072746948 0.021012395446634406 0.0803179464848051 -0.041874386768966668 0.085749686209585951 -0.058300038369802833 0.67757129309574837 0.074938258317198442 0.078548822120691156
leaf_weight=26.574018978542885 20.572711015527606 133.78730992792407 27.256036981154466 0.66739547232282248 6.9825401545967933 19.377226926095318 3.72288790554739 41.46372217242606 0.24536649882793327 9.1914775051700399 3.1102998391143037 38.234755701560061 36.378324108605739 1.8957127761095751 2.0989054266829035 12.527879821253007 63.965866563055897 11.500847209594211 0.53985696981544506 2.7704686836805186 18.798914622399025 0.21697366330772716 11.791657019988632 5.3135344409383842 4.5194003668148071 0.3395562208606856 2.4559026779897977 0.10451946582179517 13.050228261156006 2.0180220300098872
leaf_count=58546 794 4315 6780 55 160 1902 158 1177 1 12118 540 2865 1738 126 45 751 15165 2125 127 201 6569 30 573 1908 288 92 1214 14 3186 71
internal_value=-0.000468844 -0.00504695 -0.020319 -0.00912378 0.00786751 -0.00703261 0.0382317 0.00384183 0.0249495 -0.00151114 -0.0237294 -0.0112621 0.00457174 0.0309723 0.0117475 -0.00233427 -0.0236184 0.0159543 -0.0310833 0.0172795 0.059181 0.0306398 0.044878 0.0357383 0.0069993 -0.0742865 -0.0149115 0.225043 0.0709564 0.00802664
internal_weight=521.472 466.31 171.555 142.081 65.4075 46.6333 55.1624 294.754 59.6287 235.126 50.5365 41.3451 184.589 38.274 46.3331 146.315 76.674 12.1682 64.5057 44.2342 32.5717 13.7728 18.7742 13.5558 8.24229 29.474 2.89998 0.444076 13.2956 22.5907
internal_count=123634 113816 86753 26887 9415 8682 9818 27063 4610 22453 15523 3405 6930 1864 1423 5066 17472 2180 15292 1378 8953 2384 733 2354 446 59866 1320 106 3187 865
is_linear=0
shrinkage=0.08


Tree=77
num_leaves=31
num_cat=0
split_feature=14 3 22 7 3 18 8 12 26 8 22 12 18 8 10 19 7 3 12 28 18 2 6 18 1 0 7 12 2 28
split_gain=12.8905 22.2848 12.6217 11.4999 13.8089 14.2149 7.00519 6.29577 6.18624 5.91823 11.5497 8.54976 5.44058 5.32185 5.03635 4.96409 5.12138 4.95411 4.63673 4.60208 9.63786 9.22104 4.17041 3.93877 5.2338 3.52082 3.47413 3.06987 2.85914 2.75011
threshold=1.0000000180025095e-35 0.86391696333885204 0.680425524711609 4.5000000000000009 0.93683511018753063 0.93338736891746532 0.28165064752101904 0.26794873178005224 0.36038962006568914 0.81165540218353283 0.49295215308666235 0.39009661972522741 0.63641470670700084 0.82182541489601146 0.90976935625076305 0.63333335518836986 27.500000000000004 0.88273492455482494 0.41421568393707281 0.70291385054588329 0.3754898607730866 0.77849927544593822 1.0000000180025095e-35 0.46299391984939581 0.66274511814117443 0.48528139293193823 24.500000000000004 0.11651583760976793 0.62767899036407482 0.64306598901748668
decision_type=2 2 2 2 2 2 2 2 2 2 2 2 2 2 2 2 2 2 2 2 2 2 2 2 2 2 2 2 2 2
left_child=3 2 7 9 5 6 14 15 12 10 23 -12 -9 -11 -5 16 -2 -7 -10 20 -15 -21 -8 -1 -25 -6 27 -3 -17 -29
right_child=1 26 -4 4 25 17 22 8 18 13 11 -13 -14 19 -16 28 -18 -19 -20 21 -22 -23 -24 24 -26 -27 -28 29 -30 -31
leaf_value=0.19964593732387631 -0.047927617011950092 -0.024386780657133744 0.098650359147713737 0.14457382085568979 -0.10424457426916947 -0.063835147240747417 -0.02238728071970213 0.014473791006972665 -0.039187210134326411 -0.10158053442726458 0.959691298027466 0.080734696814594525 0.089263009832859411 0.77047785595861495 -0.053468568865876781 0.10667964739988321 0.20080030354345144 -0.33088650151643345 0.0056446480030406202 0.044749975780306386 -0.021226331665488877 -0.0056126841833674598 -0.058253836586931299 -0.10444522348788222 0.045283712519308107 0.014892267202077427 -0.094802129337725083 0.16362989612576712 -0.012088373364712036 0.071892708636246916
leaf_weight=0.92243742992287181 31.366704550222497 1.9998677119729098 8.1905079674033896 2.1977355581184379 1.6527414652227879 0.63667201081989278 33.325192232354311 19.730858879745941 19.403184841852635 3.3586561207775949 0.15292422601487388 0.13193101552315056 9.0944051883416233 0.098598715296246975 1.3126967600546775 2.3144716337556011 0.53890975203830649 1.4735858488711526 61.758187424624339 33.00665108114481 51.137930019642226 78.850621643214254 54.976005203992827 1.6686494421446667 14.284971104294527 40.257137000648072 0.8138573807082129 2.2235692747635758 2.9515003139676992 35.188134633586742
leaf_count=50 11934 386 719 421 219 47 9736 788 758 619 22 18 365 21 24 344 168 24 2496 3822 26841 5862 42816 1052 1564 2179 66 48 636 9589
internal_value=-0.000440159 0.0157353 0.00199376 -0.0103433 -0.0279911 -0.0450301 -0.0403116 -0.00338594 0.00623367 0.00271207 0.0474431 0.552602 0.0380699 -0.0018996 0.0705175 -0.0318493 -0.0437264 -0.250316 -0.00507327 0.000153167 -0.0197028 0.00924824 -0.0447177 0.0389164 0.029623 0.010194 0.0688044 0.0721829 0.0401119 0.0773451
internal_weight=515.019 195.574 155.349 319.445 135.832 93.9219 91.8116 147.158 109.987 183.613 17.1609 0.284855 28.8253 166.452 3.51043 37.1716 31.9056 2.11026 81.1614 163.094 51.2365 111.857 88.3012 16.8761 15.9536 41.9099 40.2254 39.4116 5.26597 37.4117
internal_count=123634 28297 18208 95337 55466 53068 52997 17489 4407 39871 2706 40 1153 37165 445 13082 12102 71 3254 36546 26862 9684 52552 2666 2616 2398 10089 10023 980 9637
is_linear=0
shrinkage=0.08


Tree=78
num_leaves=31
num_cat=0
split_feature=28 25 12 9 3 3 3 18 22 3 12 2 5 4 5 0 5 14 22 7 7 3 3 12 27 18 27 1 0 9
split_gain=11.916 8.58981 14.7958 4.93939 4.86981 5.67652 6.99679 6.39521 4.63633 5.3099 9.33698 8.02155 15.8205 6.04145 5.8825 4.6355 5.04927 4.59429 5.02628 3.29375 2.94108 2.81066 3.45901 2.55965 2.15517 2.24724 2.03364 2.65321 1.74276 4.01742
threshold=0.94864469766616832 -1.0000000180025095e-35 0.080540537834167494 0.51958277821540844 0.13423423469066623 0.93683511018753063 0.92637759447097789 0.8101586401462556 0.64747309684753429 0.81016731262207042 0.13100686669349673 0.74646764993667614 0.58571431040763866 1.0000000180025095e-35 0.78888890147209179 0.38924963772296911 0.095454547554254546 1.0000000180025095e-35 0.75809821486473095 6.5000000000000009 24.500000000000004 0.8216732144355775 0.81892696022987377 0.050641026347875602 0.49829931557178503 0.9384731948375703 0.99655172228813182 0.27639257907867437 0.83910790085792553 0.39936709403991705
decision_type=2 2 2 2 2 2 2 2 2 2 2 2 2 2 2 2 2 2 2 2 2 2 2 2 2 2 2 2 2 2
left_child=1 2 28 24 17 6 -6 -7 9 11 13 12 -3 -11 -13 16 23 18 -4 -19 -12 22 26 -10 25 -2 -5 -28 -1 -30
right_child=3 8 4 21 5 7 -8 -9 15 10 20 14 -14 -15 -16 -17 -18 19 -20 -21 -22 -23 -24 -25 -26 -27 27 -29 29 -31
leaf_value=-0.080792497432472785 0.13310797732632118 -0.0095627761934362482 -0.044962363726657129 0.06987138965316074 -0.01738339585096723 -0.10093222322128384 -0.17061982150704186 0.053807250920195213 -0.081822988537947033 0.017348282004956198 0.062128823847531899 -0.055959704954045161 0.10189513252129258 -0.023201461495570719 -0.3283253803696442 -0.048674160805052456 0.35792714575254259 0.1029052025407545 0.10273199413431811 -0.040639178023606719 -0.12308799373616662 0.076681543243564326 -0.30266369506848129 0.084377163985225198 -0.074568518390710076 0.0094597435425042321 0.081390497991827501 -0.035679987537086212 -0.08303879691014672 0.11572706486626951
leaf_weight=23.765577217418471 0.98700096784160152 127.99209062071168 5.9645728964533173 4.8585614264011383 108.21298545386526 1.9759504708927114 1.9412288196617726 12.669382455060257 0.64875139683135596 67.659845373884309 24.202462355082393 13.339717998052944 8.7047106322424934 36.040932633535704 0.52757291926536787 2.098569843248697 0.41133153808186751 6.1878119736211374 1.959038099623285 1.2257042123528661 0.56141629931516845 18.354524916270748 0.20185923518147397 6.9085478079505265 1.8605223646736693 20.056007308419794 1.7792620451655237 4.08001171448268 1.901440376605023 0.98944379272870708
leaf_count=58546 53 17452 309 634 25039 108 86 960 281 2153 4344 766 450 469 8 541 18 247 28 110 13 7622 20 568 510 457 230 292 997 323
internal_value=-0.000424528 -0.00456937 -0.0190266 0.0357899 -0.00863466 -0.0138627 -0.0200839 0.0329298 0.00377167 0.00184731 0.0137948 -0.00834657 -0.00246525 0.00325533 -0.0663217 0.0571084 0.0849666 0.033906 -0.00844633 0.0791725 0.0579298 0.0575617 0.0254237 0.0701098 0.00796235 0.0152593 0.0316029 -0.000129665 -0.0736582 -0.0150085
internal_weight=508.067 455.889 166.793 52.1777 140.137 124.8 110.154 14.6453 289.096 279.029 128.465 150.564 136.697 103.701 13.8673 10.0672 7.96863 15.3371 7.92361 7.41352 24.7639 29.2742 10.9197 7.5573 22.9035 21.043 10.7178 5.85927 26.6565 2.89088
internal_count=123634 113816 86753 9818 26887 26193 25125 1068 27063 25655 6979 18676 17902 2622 774 1408 867 694 337 357 4357 8798 1176 849 1020 510 1156 522 59866 1320
is_linear=0
shrinkage=0.08


Tree=79
num_leaves=31
num_cat=0
split_feature=28 16 25 12 27 26 10 12 10 18 7 8 12 7 8 12 8 10 12 9 3 18 3 1 7 18 6 11 18 10
split_gain=10.5571 9.0404 6.86208 10.8328 6.04275 5.92914 5.49536 4.76198 4.66171 4.33714 3.68669 4.71563 3.58521 3.36415 4.8667 4.25154 3.58229 5.78758 2.98643 12.0669 5.08769 2.83519 2.72635 2.24573 2.32513 3.47658 1.94342 1.71524 1.44767 2.44648
threshold=0.96248644590377819 1.0000000180025095e-35 -1.0000000180025095e-35 0.18019481003284457 0.89954125881195079 0.12916667014360431 0.51358735561370861 0.72474747896194469 0.92605021595954906 0.97010219097137462 8.5000000000000018 0.74388790130615245 0.69397994875907909 8.5000000000000018 0.70087718963623058 0.62828946113586437 0.30267794430255895 0.80145984888076793 0.048199767246842391 1.0000000180025095e-35 0.86391696333885204 0.87885165214538585 0.71516755223274242 0.27639257907867437 10.500000000000002 0.58187252283096325 2.5000000000000004 0.75066137313842785 0.90625351667404186 0.29046043753623968
decision_type=2 2 2 2 2 2 2 2 2 2 2 2 2 2 2 2 2 2 2 2 2 2 2 2 2 2 2 2 2 2
left_child=1 8 3 -3 6 26 -5 -6 9 18 -10 12 -12 14 27 -16 17 -15 19 -1 -20 -18 23 -7 25 -25 -2 -4 29 -28
right_child=5 2 13 4 7 22 -8 -9 10 -11 11 -13 -14 16 15 -17 21 -19 20 -21 -22 -23 -24 24 -26 -27 28 -29 -30 -31
leaf_value=0.003794686291238177 -0.039887818821060468 -0.080018236096536563 0.045164247073553758 0.18836492972558525 -0.065280728935366114 0.08256860339163602 -0.003139608754082859 0.082094461021995538 0.066878412155259276 0.067273111761276691 -0.019033325217072978 -0.25350560100177622 0.090869665766380642 -0.10120373675552299 -0.006949379070654408 0.054975704832739031 -0.050776704320606977 0.095908644564630524 0.00096801685283029221 -0.081892299932767573 0.04245386270905236 0.0011585278644812395 0.080705616067991495 -0.12160159943346034 0.096458537795153745 0.040697477202606108 0.31595699428787832 0.14126446783545402 0.014145549494571821 -0.021749330475130425
leaf_weight=57.913276065373793 4.6803142588469226 23.104815249011153 6.2062002726597703 0.98216400720411812 17.247476645046849 2.4169777792412814 40.658022273331881 1.527468014275654 14.168836392229425 6.5991168125765389 6.1730739192571455 0.43996314611286003 2.7441103592282161 1.334037543972953 97.050714851240627 7.6553711096057659 22.562358600902371 3.3407186402473599 99.354393670553691 12.852615481693645 23.369066275627119 9.5852167535049357 17.204953751293942 1.7835135466884824 0.95735936425626267 1.6047005220316348 0.27324614673852998 1.4702493201475588 15.753808633249719 0.27593257813714445
leaf_count=1094 312 52411 630 156 2034 327 3548 136 2081 442 227 19 193 94 9233 1345 4633 35 14600 19257 1928 387 7570 23 21 164 5 117 567 45
internal_value=-0.000386941 -0.00403064 -0.0150681 -0.0334289 -0.0156116 0.0366038 0.00137739 -0.0532908 0.00745649 0.00349575 0.0411425 0.00217258 0.0147874 -0.00479028 0.00208582 -0.00242185 -0.0257763 0.0396586 0.00132057 -0.0117679 0.00886777 -0.0352915 0.0637896 0.0207527 -0.0136289 -0.0447347 0.00555163 0.0635701 0.0185965 0.146278
internal_weight=501.29 456.339 232.725 83.5199 60.4151 44.9508 41.6402 18.7749 223.614 200.088 23.526 9.35715 8.91718 149.205 112.383 104.706 36.8223 4.67476 193.489 70.7659 122.723 32.1476 23.9675 6.76255 4.34557 3.38821 20.9833 7.67645 16.303 0.549179
internal_count=123634 114600 74759 58285 5874 9034 3704 2170 39841 37321 2520 439 420 16474 11325 10578 5149 129 36879 20351 16528 5020 8105 535 208 187 929 747 617 50
is_linear=0
shrinkage=0.08


Tree=80
num_leaves=31
num_cat=0
split_feature=3 7 5 3 8 12 8 12 2 27 2 7 15 18 27 27 19 2 18 10 2 10 24 18 27 2 3 6 0 0
split_gain=9.69622 12.493 19.405 18.0662 11.1098 9.68868 9.34094 9.68629 9.2318 9.04053 7.50042 5.98231 5.94772 5.71857 5.43042 6.60879 5.15023 6.01734 9.92479 4.89936 4.71254 4.62043 4.14334 4.10415 3.94103 3.66039 6.01272 3.64938 3.59165 3.30737
threshold=0.982753485441208 5.5000000000000009 1.0000000180025095e-35 0.5912291705608369 0.44151847064495092 0.061553031206130988 0.82650500535964977 0.53589746356010448 0.095811817795038237 0.68100523948669445 0.82807883620262157 2.5000000000000004 1.0000000180025095e-35 0.87280967831611644 0.84650033712387096 0.83263304829597484 0.63333335518836986 0.70299971103668224 0.8971708118915559 0.80145984888076793 0.83910790085792553 0.55747640132904064 -1.0000000180025095e-35 0.57307177782058727 0.58633655309677135 0.45923791825771337 0.24121212214231494 1.5000000000000002 0.41533938050270086 0.25176055729389196
decision_type=2 2 2 2 2 2 2 2 2 2 2 2 2 2 2 2 2 2 2 2 2 2 2 2 2 2 2 2 2 2
left_child=1 6 3 4 8 12 13 9 -3 10 -8 -11 -2 14 15 -1 20 18 -18 -6 29 -5 -7 -23 -19 26 -9 -14 -24 -4
right_child=5 2 16 21 19 22 7 25 -10 11 -12 -13 27 -15 -16 -17 17 24 -20 -21 -22 23 28 -25 -26 -27 -28 -29 -30 -31
leaf_value=0.067783073380639755 -0.1013955455960156 -0.13297676423799107 0.19996972231371249 -0.080122278426067131 -0.069578100880091878 -0.29304261368014961 0.016269449197045621 0.064640514484315861 0.037827892946118331 -0.014178319949209553 -0.026199789066637096 -0.069000763896909414 -0.085633342428311277 -0.030288197556902704 -0.00025745576059150771 0.24486566079428973 0.0018779659223564268 -0.035416796420680963 0.81296469901297119 -0.017222462297248903 -0.3507938098300869 -0.069369905604901264 -0.078892079882620328 0.11566554039103487 -0.11037408991914907 0.069565371922114164 -0.042983966673040802 0.013984249880225806 0.064921880591562925 -0.078592050157962168
leaf_weight=19.266716043348431 3.252392633148701 2.1905689340492271 0.27515556622529658 0.95736305176978831 18.832914314058144 0.21428488777018984 91.839858721446944 6.7966853159014153 26.82629197568167 33.561949267575983 37.474040786066325 20.53219489773619 2.4574414603412142 5.4447554754442526 7.2517191177757914 1.4503434889484186 12.750287677656157 12.407052726252006 0.097289969300619172 29.136854595970362 0.40504296077415247 0.82519679120741685 1.1517758186382696 10.910496086406054 7.034259727690368 15.134099228074772 6.4988803346641362 55.680992055684328 31.708487500145566 31.656409910996445
leaf_count=4118 1897 173 155 1851 9097 37 11672 650 2172 17621 1159 11620 21 935 3029 331 6320 624 48 779 24 35 72 502 2132 3663 104 580 8884 33329
internal_value=-0.000360692 -0.0058103 -0.0236444 0.000438662 -0.0141411 0.0226893 0.00541038 -0.000790296 0.0249333 -0.00752539 0.00396223 -0.034987 0.00388397 0.0447219 0.0593243 0.0801801 -0.0570639 -0.0344633 0.00802003 -0.0377773 -0.0796313 0.0888689 0.0575946 0.102655 -0.0625379 0.0426598 0.0120336 0.00977353 0.0598811 -0.0761917
internal_weight=494.022 399.556 154.305 89.6797 76.9866 94.4654 245.251 211.838 29.0169 183.408 129.314 54.0941 61.3908 33.4135 27.9688 20.7171 64.6255 32.2889 12.8476 47.9698 32.3366 12.6931 33.0745 11.7357 19.4413 28.4297 13.2956 58.1384 32.8603 31.9316
internal_count=123634 112143 57241 14609 12221 11491 54902 46489 2345 42072 12831 29241 2498 8413 7478 4449 42632 9124 6368 9876 33508 2388 8993 537 2756 4417 754 601 8956 33484
is_linear=0
shrinkage=0.08


Tree=81
num_leaves=31
num_cat=0
split_feature=21 13 25 10 12 27 11 8 3 27 2 2 0 22 3 3 0 27 8 5 8 3 2 27 26 27 8 12 26 2
split_gain=8.80128 9.1108 7.61698 11.076 7.53164 5.71582 5.56006 4.76636 4.727 4.45661 6.75498 4.35865 4.16577 3.97791 4.2634 3.90873 3.16932 2.90109 2.68362 5.34528 4.27944 5.43587 3.32744 3.06567 2.6305 3.57842 2.57391 2.36331 3.27366 2.25606
threshold=1.0000000180025095e-35 1.5000000000000002 -1.0000000180025095e-35 0.49896265566349035 0.18019481003284457 0.84650033712387096 0.67867964506149303 0.48181217908859258 0.83935481309890758 0.54186138510704052 0.82807883620262157 0.81872946023941051 0.52704679965972911 0.47690120339393621 0.81892696022987377 0.78501400351524364 0.79772728681564342 0.37549999356269842 0.93405798077583324 0.38750000298023229 0.78501400351524364 0.99350649118423473 0.94494947791099559 0.45992700755596166 0.42261904478073126 0.83884635567665111 0.89699381589889537 0.53589746356010448 0.14835165441036227 0.3144462406635285
decision_type=2 2 2 2 2 2 2 2 2 2 2 2 2 2 2 2 2 2 2 2 2 2 2 2 2 2 2 2 2 2
left_child=1 2 3 16 15 7 9 -5 11 10 -4 -8 -11 14 27 -2 -1 -18 20 -20 21 -17 -21 -22 -15 -26 -7 28 -3 -29
right_child=4 13 6 5 -6 26 8 -9 -10 12 -12 -13 -14 24 -16 18 17 -19 19 22 23 -23 -24 -25 25 -27 -28 29 -30 -31
leaf_value=-0.08005679813259628 -0.098651076619147751 0.057457108710464729 0.0099033082835570732 0.066129526093322621 0.065986705422024144 -0.045642886633270568 0.016069728287095405 -0.0047844572076335464 0.080373755589805751 -0.051755849550205263 -0.029993515164420597 -0.22146876648689209 -0.00039420949222775884 0.12824596086731183 0.082406104254850523 -0.13450410315532182 0.11456636319010903 -0.047318635222772035 0.16237010029841384 -0.050076930578736578 0.076461791502483958 0.034149924868747544 0.0094617312266278113 -0.069927713053548252 -0.056090873959578361 0.089534137435128544 -0.00058761879995654083 0.080576494638889343 -0.065692899327845333 -0.0066637593799293831
leaf_weight=23.077677908644549 2.0749785794760092 1.8382569792738701 115.56136876548408 6.6937373949622261 20.919970370829105 33.519499196263496 44.217155440361239 64.685104910546215 7.946442676591686 23.016941969050094 35.504253744613379 0.49997369921766122 18.017770637321519 4.2202380204398633 5.0157308772322713 1.7968441021512287 1.0384147632867091 2.2298353320802562 1.2292316155508185 8.4901779218926112 11.264321271650257 3.8303210047015455 20.543864331790246 0.99655637197429392 1.6006504956167189 3.31970593938604 10.706977340625597 3.1328736892901361 5.5596706539508887 4.8096326219383627
leaf_count=65154 631 256 6097 1116 7015 6522 1690 8011 3162 7632 453 16 7587 86 1218 155 122 2432 57 248 127 77 778 330 64 298 1741 65 202 292
internal_value=-0.000347534 -0.00479239 -0.0080613 -0.0228044 0.0256553 -0.0121365 0.000489014 0.00186569 0.0235175 -0.00582415 0.000526543 0.0134139 -0.0292037 0.0380644 0.0183779 0.00885663 -0.0696149 0.00411677 0.0134894 -0.00103066 0.0380548 -0.019704 -0.00794865 0.0645633 0.0819064 0.0421606 -0.0347353 -0.00255692 -0.0350923 0.0277476
internal_weight=487.358 416.212 386.715 141.951 71.1463 115.605 244.764 71.3788 52.6636 192.1 151.066 44.7171 41.0347 29.4968 20.3562 50.2263 26.3459 3.26825 48.1513 30.2633 17.888 5.62717 29.034 12.2609 9.14059 4.92036 44.2265 15.3404 7.39793 7.94251
internal_count=123634 114216 111735 85098 9418 17390 26637 9127 4868 21769 6550 1706 15219 2481 2033 2403 67708 2554 1772 1083 689 232 1026 457 448 362 8263 815 458 357
is_linear=0
shrinkage=0.08


Tree=82
num_leaves=31
num_cat=0
split_feature=5 5 3 2 2 10 5 8 0 7 2 7 1 12 1 20 8 26 2 3 8 3 2 2 18 0 8 0 18 12
split_gain=8.10516 14.4316 24.472 16.5605 12.6671 12.0323 11.0014 9.83792 9.36104 12.3886 11.4493 9.32816 7.57694 6.44842 6.32666 6.03216 8.97381 5.36033 5.02168 4.8496 11.4628 6.79188 4.92877 4.92213 4.50685 7.75948 4.23565 3.97031 3.90051 4.99882
threshold=0.47727273404598242 1.0000000180025095e-35 0.5912291705608369 0.25158227980136877 0.58885449171066295 0.89672946929931652 0.30384616553783422 0.66915422677993786 0.12599206715822223 6.5000000000000009 0.11852502077817918 7.5000000000000009 0.77459675073623668 0.10762548446655275 0.61938297748565685 1.0000000180025095e-35 0.70900535583496105 0.085144929587841048 0.84273937344551098 0.80810147523880016 0.94494947791099559 0.76533168554306041 0.71209660172462474 0.61311829090118419 0.8857233226299287 0.82009246945381176 0.43613053858280187 0.32305502891540533 0.83127287030220043 0.13100686669349673
decision_type=2 2 2 2 2 2 2 2 2 2 2 2 2 2 2 2 2 2 2 2 2 2 2 2 2 2 2 2 2 2
left_child=1 2 3 8 12 19 18 11 9 -1 -10 -5 28 -4 15 -8 -17 -14 27 20 22 -22 -6 -21 25 -16 -26 -3 29 -2
right_child=4 6 13 7 5 -7 14 -9 10 -11 -12 -13 17 -15 24 16 -18 -19 -20 23 21 -23 -24 -25 26 -27 -28 -29 -30 -31
leaf_value=0.015415779702825162 -0.092784407680804329 0.028094641743652029 -0.076212261585546254 0.15579347365894367 -0.019678574612247316 0.05802220790039371 -0.041829539660707335 -0.07997016054520692 0.3274328306435858 -0.070123874883639373 0.039004582575471396 -0.023268423352094097 -0.014410628155935181 0.09956653516859458 -0.041041421204199242 0.95931290278495174 0.12504575758428529 0.10166264830058074 0.17992227216594858 0.16953659556071649 0.084898180851428667 -0.048564231157712322 -0.095824832026173382 0.0028694763027689828 0.45601421806371195 0.17302948931380877 0.020814945558166761 -0.066646332548787976 0.19655344692405574 0.12274612676666696
leaf_weight=42.84738462374662 0.83725618390599432 3.0022010640241197 1.4378367680765247 2.0083884041523588 9.6197850567114092 24.187623342731968 1.6395330000814272 24.400930698291631 0.90466177076450449 14.504001576133303 33.410130710399244 25.537582535587717 6.7164489925489743 18.798244146804791 27.323465334942743 0.084831436586683018 3.0253121567802737 4.1010395432822406 0.55845755005429865 1.1431387405900739 6.953616689948829 3.7598616965406109 12.521639533049891 142.6781506606203 0.14489578173379314 1.128424048598389 11.728918381937545 49.621512418903876 3.4361816711607389 3.8814770467579365
leaf_count=2778 210 1566 2948 190 1419 9432 1361 8141 26 1600 2569 5431 833 1346 15476 46 594 277 48 57 544 327 1769 9648 7 147 1988 52670 108 78
internal_value=-0.000322403 -0.00982371 0.00471309 -0.00689254 0.0110058 0.00510396 -0.0340645 -0.0429799 0.013558 -0.00621695 0.0466086 -0.0102129 0.0734899 0.0870769 -0.00498788 0.0823427 0.147801 0.0295941 -0.0587089 -0.00214074 -0.0298717 0.03806 -0.0627416 0.0041942 -0.0152739 -0.0325512 0.0261257 -0.0612413 0.131718 0.084504
internal_weight=481.943 262.107 163.849 143.613 219.836 200.864 98.2576 51.9469 91.6662 57.3514 34.3148 27.546 18.9724 20.2361 45.0754 4.74968 3.11014 10.8175 53.1822 176.676 32.8549 10.7135 22.1414 143.821 40.3257 28.4519 11.8738 52.6237 8.15491 4.71873
internal_count=123634 98932 25029 20735 24702 23196 73903 13762 6973 4378 2595 5621 1506 4294 19619 2001 640 1110 54284 13764 4059 871 3188 9705 17618 15623 1995 54236 396 288
is_linear=0
shrinkage=0.08


Tree=83
num_leaves=31
num_cat=0
split_feature=7 12 8 22 3 5 3 8 2 10 5 24 18 10 2 5 26 27 8 10 26 12 18 28 7 0 0 25 2 3
split_gain=7.37704 9.28623 9.1233 10.0736 8.3501 17.1163 14.5918 9.97439 7.74075 6.80397 8.61307 5.41895 5.32915 5.64139 5.15444 7.81263 5.31749 5.00894 6.07997 5.9155 7.77617 4.91174 6.40689 4.74374 4.28132 4.07879 9.35444 12.3337 3.89829 3.86044
threshold=5.5000000000000009 0.53589746356010448 0.81322672963142406 0.41533938050270086 0.93683511018753063 1.0000000180025095e-35 0.55848154425621044 0.44151847064495092 0.095811817795038237 0.87340134382247936 0.30384616553783422 -1.0000000180025095e-35 0.60002258419990551 0.55747640132904064 0.81872946023941051 0.4083333313465119 0.73863637447357189 0.68100523948669445 0.81909090280532848 0.5855005979537965 0.34523810446262365 0.3717105239629746 0.86341637372970592 0.55013227462768566 13.500000000000002 0.64051282405853283 0.62575301527977001 1.0000000180025095e-35 0.78611555695533764 0.24121212214231494
decision_type=2 2 2 2 2 2 2 2 2 2 2 2 2 2 2 2 2 2 2 2 2 2 2 2 2 2 2 2 2 2
left_child=1 2 3 9 5 6 7 8 -2 10 -1 -3 -8 -14 15 -7 -16 18 -4 -19 -21 22 -6 -17 -9 26 29 -28 -20 -13
right_child=4 11 17 -5 21 14 12 24 -10 -11 -12 25 13 -15 16 23 -18 19 28 20 -22 -23 -24 -25 -26 -27 27 -29 -30 -31
leaf_value=-0.06938300744862981 -0.1274114674082682 -0.17516696803781392 -0.10109548880125947 0.18592414567531582 -0.066923021850982964 -0.069343049385737571 -0.042359884368401379 -0.025110136972601848 0.034769700430461119 0.13606584232809499 0.039117861559441282 0.071964621104322474 -0.080102453358477654 0.12019912099029777 -0.09862727195802333 0.25631143691822961 -0.32741032560054689 -0.06854466832679347 0.01788707100077068 0.03742113497889947 -0.033263100719793007 0.083292467343904594 0.022139094494468707 -0.0089445390305550841 -0.088371973875311816 0.073842169171387972 -0.89320161757930938 0.080930653112890577 -0.0076355739586010888 0.001277593692067238
leaf_weight=6.0840200089005583 2.026506644528129 0.71527138364035536 3.4858796872576923 2.8175244355516034 6.2377896443358614 35.22119560396095 1.9408724879613135 35.692653978912858 26.687664262164617 3.2935624909587196 20.325527174514718 8.2210087501443976 0.99151824513682996 9.7397899237403163 4.729614546900847 0.44408752386516326 0.75381663790903974 14.395840247976592 80.544492630346213 14.97953655628953 29.731544672278687 6.3186680942308149 30.181989062301 15.210919317629303 8.4716119764198066 18.995779410819523 0.16366084851324458 0.16916485060937703 73.025194236819516 12.407164594740605
leaf_count=4217 173 34 249 129 612 39281 267 7055 2063 148 2218 737 2303 520 259 109 35 27914 11325 1787 2719 2137 1290 2535 2191 8098 10 31 2652 536
internal_value=-0.000324971 0.00764759 0.00185171 0.0413568 -0.0128184 -0.0221545 0.000396226 -0.0133809 0.0233237 0.0276437 0.0141223 0.0430856 0.0796292 0.101692 -0.0563852 -0.0484426 -0.130078 -0.00409165 0.00337912 -0.0239425 -0.00958179 0.0181815 0.006885 -0.00141999 -0.0372451 0.0469926 0.0226603 -0.398081 0.00575059 0.0294487
internal_weight=474.004 289.355 248.683 32.5206 184.649 141.91 85.5506 72.8784 28.7142 29.7031 26.4095 40.672 12.6722 10.7313 56.3596 50.8762 5.48343 216.162 157.056 59.1069 44.7111 42.7384 36.4198 15.655 44.1643 39.9568 20.961 0.332826 153.57 20.6282
internal_count=123634 62804 53358 6712 60830 56791 14572 11482 2236 6583 6435 9446 3090 2823 42219 41925 294 46646 14226 32420 4506 4039 1902 2644 9246 9412 1314 41 13977 1273
is_linear=0
shrinkage=0.08


Tree=84
num_leaves=31
num_cat=0
split_feature=21 13 12 25 10 20 27 27 8 11 3 27 2 28 3 3 3 8 0 8 26 12 20 2 3 2 7 7 11 12
split_gain=7.29137 7.28847 6.21355 5.90009 9.57164 5.18069 5.07522 4.96721 4.71365 4.44564 4.15568 3.6477 5.64129 3.64462 3.63206 3.3122 3.15679 6.28174 3.05706 2.66897 2.64649 4.85437 3.01414 2.40684 2.3316 2.30146 1.94638 1.72766 2.14177 11.6347
threshold=1.0000000180025095e-35 1.5000000000000002 0.18019481003284457 -1.0000000180025095e-35 0.49896265566349035 1.0000000180025095e-35 0.94604986906051647 0.94881153106689464 0.48181217908859258 0.67867964506149303 0.83935481309890758 0.54186138510704052 0.82807883620262157 0.70983868837356578 0.55848154425621044 0.78501400351524364 0.92637759447097789 0.79205974936485302 0.79772728681564342 0.91945946216583263 0.29285715520381933 0.53589746356010448 1.0000000180025095e-35 0.80206185579299938 0.17267081141471866 0.94494947791099559 7.5000000000000009 1.5000000000000002 0.91693207621574413 0.69397994875907909
decision_type=2 2 2 2 2 2 2 2 2 2 2 2 2 2 2 2 2 2 2 2 2 2 2 2 2 2 2 2 2 2
left_child=1 3 5 4 18 25 8 -8 -6 11 13 12 -5 -11 -13 -7 17 -17 -1 -18 26 22 24 -20 -22 -2 -3 -4 -29 -30
right_child=2 20 27 9 6 15 7 -9 -10 10 -12 14 -14 -15 -16 16 19 -19 23 -21 21 -23 -24 -25 -26 -27 -28 28 29 -31
leaf_value=-0.080053369544416247 -0.12982637427507496 0.093501707999456452 0.082543435394242901 0.0090039361880358132 0.045489708259414216 -0.096331347548464882 -0.27993744066228493 -0.042879161863839742 -0.010288012285777645 0.068022940436635496 0.080321335100136976 -0.055588765149610135 -0.027525550941911305 0.0027289218006457433 -0.0060611443008563234 -0.13088990315838883 0.039970443013596119 0.072983510755567041 0.084253858654036465 -0.0087672913817239649 0.017810742219205346 0.048350906915889884 0.12272525817593705 -0.055861786239785993 -0.08771724976191568 0.087815442545436204 -0.032475556943625701 0.050534371973014566 -0.54052003618454203 0.080318124982048877
leaf_weight=19.452004212223986 2.2732103599410034 6.1868248955579501 11.501210902584718 113.43215747008799 10.962920843609025 1.6421553565160127 0.58540639322018506 16.800016566325212 83.940031071120757 6.4242725418880573 6.6539461158099575 16.57729765822296 35.531686195055954 36.880925936857238 22.122410180658335 1.0622990521223972 10.527901369030586 10.810286520034422 1.3749919789406697 22.688282393646659 2.0018402306013767 13.548475207528098 0.69810833863448341 1.8273406264343064 4.0528542062384076 0.36023239057976741 0.89896683933329757 5.9981478021945795 0.25717413169331826 0.77644475013948977
leaf_count=65154 408 320 5398 6097 1819 447 149 2932 12490 156 3162 4687 453 1550 10532 108 248 349 763 835 36 1734 58 1791 119 8 214 1144 78 395
internal_value=-0.000291978 -0.00440692 0.0239473 -0.00733495 -0.0206944 0.0091187 -0.0111242 -0.0508614 -0.00384473 0.00025168 0.0214595 -0.00539419 0.000290719 0.0124152 -0.0272767 0.015271 0.0193356 0.0547419 -0.0681295 0.00668018 0.0354251 0.020733 -0.0346783 0.00429995 -0.0528269 -0.100055 0.0775191 0.0634446 0.0322063 -0.0741523
internal_weight=467.85 399.952 67.8973 372.565 134.943 49.3644 112.288 17.3854 94.903 237.623 49.9591 187.664 148.964 43.3052 38.6997 46.7309 45.0888 11.8726 22.6543 33.2162 27.3871 20.3013 6.7528 3.20233 6.05469 2.63344 7.08579 18.533 7.03177 1.03362
internal_count=123634 114216 9418 111735 85098 2403 17390 3081 14309 26637 4868 21769 6550 1706 15219 1987 1540 457 67708 1083 2481 1947 213 2554 155 416 534 7015 1617 473
is_linear=0
shrinkage=0.08


Tree=85
num_leaves=31
num_cat=0
split_feature=28 16 9 25 12 10 3 18 2 3 5 1 8 6 3 2 3 11 5 28 10 3 27 1 8 1 27 9 18 6
split_gain=6.45943 7.19152 4.73388 4.35687 8.89789 5.04521 4.04731 3.76592 3.64875 9.81145 12.9981 5.33975 3.593 3.33284 4.10172 7.55974 6.15385 3.19024 3.05312 3.36589 2.93464 2.44273 2.24655 1.94774 2.07428 3.3256 1.77455 1.91139 2.26815 1.72884
threshold=0.96248644590377819 1.0000000180025095e-35 0.51958277821540844 -1.0000000180025095e-35 0.18019481003284457 0.51358735561370861 0.11215933039784433 0.97010219097137462 0.25158227980136877 0.55403152108192455 1.0000000180025095e-35 0.14389234036207202 0.21103239059448245 4.5000000000000009 0.90366768836975109 0.74646764993667614 0.91596046090126049 0.7278747856616975 0.73214286565780651 0.86736327409744274 0.51038074493408214 0.71516755223274242 0.69059890508651745 0.27639257907867437 0.65419578552246105 0.44327485561370855 0.48290473222732549 0.2633154839277268 0.80167940258979808 4.5000000000000009
decision_type=2 2 2 2 2 2 2 2 2 2 2 2 2 2 2 2 2 2 2 2 2 2 2 2 2 2 2 2 2 2
left_child=1 7 26 4 -3 20 -7 8 12 11 -11 -10 22 14 15 -5 -16 -14 -15 -20 -6 23 -1 -4 -25 -26 27 29 -29 -2
right_child=2 3 21 13 5 6 -8 -9 9 10 -12 -13 17 18 16 -17 -18 -19 19 -21 -22 -23 -24 24 25 -27 -28 28 -30 -31
leaf_value=0.10527965844737698 -0.003760276705778181 -0.079616085936642586 0.083056947108856624 -0.0012702014263662592 0.078840479287884319 0.060808512237367454 -0.023094732665217329 0.066452588956140993 0.43269909441995325 0.094063351913702423 0.0023003239170373033 -0.044767872979443561 0.01899678593807259 -0.21924102531088199 0.16818180475740391 -0.056350260049245218 0.011891282878503457 0.073189586429007275 -0.17501466359048184 0.087761870179837539 0.38267470954735672 0.081043207554053295 -0.101463943417887 0.065625165614789455 -0.14406404511830467 0.03493722447742053 -0.075277080483065306 0.34245289525961092 0.058593225856357151 0.084024856424219141
leaf_weight=0.40609955153195132 16.037355952896188 17.173922202957328 2.0301506264368081 81.677095949678915 0.73948303126962744 3.9624810107052317 51.522791836876422 6.6924888704088508 0.15070316195488231 10.695888505375477 129.39665161240555 28.281847058518906 21.907250375661533 0.87396317126695011 1.6881687394343305 19.817027607496129 35.904536887508584 10.184028245275838 0.54669936420395948 0.72657154046464711 0.28067284403368831 12.250750705308747 1.9593737986288031 1.4075155034661291 1.3274579942226412 1.3295794677687807 1.6363421519054089 0.20889788726344605 1.3093082808190954 1.5769788734614838
leaf_count=23 284 52411 327 13241 191 113 5552 747 1 1786 25867 9124 1879 28 121 1120 1904 307 5 55 18 7527 107 31 6 171 501 14 138 35
internal_value=-0.000268049 -0.00313389 0.0308407 -0.0134178 -0.0291882 -0.0138614 -0.0171028 0.00740696 0.00546018 0.000610214 0.00930632 -0.0422371 0.0291809 -0.00519063 -0.00366369 -0.0120247 0.0189098 0.0361946 -0.104098 -0.0250655 0.162434 0.0604531 -0.0659706 0.0190656 -0.0128966 -0.0544919 0.00468373 0.0115225 0.097651 0.00409896
internal_weight=463.702 424.588 39.1143 214.913 73.6794 56.5054 55.4853 209.674 202.982 168.525 140.093 28.4326 34.4568 141.234 139.087 101.494 37.5927 32.0913 2.14723 1.27327 1.02016 18.3455 2.36547 6.0947 4.06455 2.65704 20.7689 19.1325 1.51821 17.6143
internal_count=123634 114600 9034 74759 58285 5874 5665 39841 39094 36778 27653 9125 2316 16474 16386 14361 2025 2186 88 60 209 8062 130 535 208 177 972 471 152 319
is_linear=0
shrinkage=0.08


Tree=86
num_leaves=31
num_cat=0
split_feature=7 8 22 12 8 18 1 28 3 8 3 28 24 6 6 7 9 8 1 1 10 6 11 25 10 9 9 3 6 18
split_gain=6.16766 8.22674 7.60857 7.37302 6.70358 8.30038 6.38169 6.12305 6.76997 6.43158 5.54981 4.92676 4.89811 4.72534 4.42772 4.41399 7.27173 7.00426 3.81508 6.10612 3.09902 5.27057 4.66229 4.0635 3.04672 6.4949 3.59722 2.93889 7.46458 2.83487
threshold=5.5000000000000009 0.81322672963142406 0.41533938050270086 0.53589746356010448 0.72821971774101268 0.3754898607730866 0.11374663189053537 0.6911335587501527 0.33589744567871099 0.30267794430255895 0.9529346525669099 0.3279555886983872 -1.0000000180025095e-35 4.5000000000000009 3.5000000000000004 2.5000000000000004 0.94164240360260021 0.92940199375152599 0.44575163722038275 0.25176055729389196 0.87340134382247936 1.5000000000000002 0.91693207621574413 1.0000000180025095e-35 0.79262280464172374 0.43645593523979193 1.0000000180025095e-35 0.99350649118423473 1.0000000180025095e-35 0.92000734806060802
decision_type=2 2 2 2 2 2 2 2 2 2 2 2 2 2 2 2 2 2 2 2 2 2 2 2 2 2 2 2 2 2
left_child=1 2 20 14 6 -6 -2 8 9 -8 29 -10 -5 -12 15 17 -17 -3 19 -14 21 23 -22 -1 25 26 -4 28 -9 -7
right_child=4 3 24 12 5 10 7 27 11 -11 13 -13 18 -15 -16 16 -18 -19 -20 -21 22 -23 -24 -25 -26 -27 -28 -29 -30 -31
leaf_value=-0.072877263682127338 -0.079695821517135154 0.039225059323717656 0.53162038911215004 -0.21772307752715811 0.33565011206250833 -0.046688376420644308 0.23629477944012056 0.024749844598712451 0.20877539695818989 0.021139568660729639 0.064968072654508088 -0.03324293200163074 0.047577172897866483 -0.12605804633238649 0.029081877836032159 -0.022395386680533022 -0.69774595261738837 -0.0083883936262772307 0.064594409138303915 -0.078955999633307419 0.098777775023250428 0.039646868442642903 -0.044349349235915943 0.05538018173830455 0.11148487734304886 0.66879428321143408 0.054575091614575771 0.041604539682458246 -0.045234875770867537 -0.12171646698929017
leaf_weight=5.8512268915219483 6.6223870192043242 25.19559847623168 0.12783809006214086 0.46958217374049382 0.37448490929091249 33.55065584507247 0.99987395160132919 36.325712902180385 0.54447268745570809 8.0325112400169001 4.6674234989332026 47.682589788601035 7.2835703591117653 1.0076834645005872 23.54686404124368 71.481376911542611 0.10218318668194015 91.883427696709987 18.754819547117222 3.6710396385751665 7.2561284051043895 18.169340555803501 1.822411114699207 2.1662347429373767 2.8860518356086686 0.21094363302108832 0.48484888550592586 21.088147347138147 13.334345406205101 3.565562405230593
leaf_count=4714 898 6694 1 31 22 14783 63 1279 213 1298 585 37451 678 52 1777 19053 12 19110 7596 76 741 1572 373 185 87 19 85 2250 1809 127
internal_value=-0.000251023 0.00711945 0.0412335 0.00163407 -0.0119149 -0.0393485 -0.00311894 0.000842709 -0.018606 0.044957 -0.0426303 -0.0305106 0.0386328 0.0310491 -0.00362764 -0.0077101 -0.0233594 0.0018581 0.0426847 0.00517418 0.0297693 0.0158058 0.0700467 -0.0382234 0.150215 0.285929 0.154111 0.0165833 0.00595807 -0.0538959
internal_weight=459.159 281.363 38.975 242.388 177.796 43.1658 134.63 128.008 57.2594 9.03239 42.7913 48.2271 30.179 5.67511 212.209 188.663 71.5836 117.079 29.7094 10.9546 35.2653 26.1868 9.07854 8.01746 3.70968 0.823631 0.612687 70.7482 49.6601 37.1162
internal_count=123634 62804 7777 55027 60830 15569 45261 44363 39025 1361 15547 37664 8381 637 46646 44869 19065 25804 8350 754 7585 6471 1114 4899 192 105 86 5338 3088 14910
is_linear=0
shrinkage=0.08


Tree=87
num_leaves=31
num_cat=0
split_feature=13 5 2 10 27 1 12 22 17 3 26 26 8 9 2 9 2 1 22 18 12 22 1 28 8 8 1 11 12 9
split_gain=5.61184 6.32615 10.6929 9.25725 9.43801 6.66399 6.55006 4.82839 5.23157 4.88807 4.55142 4.33297 4.02395 3.82512 3.79836 3.43761 3.2488 5.3829 4.08757 3.22711 4.56769 3.19923 4.29422 3.16779 2.89873 8.24072 2.58057 2.78904 2.18762 3.2174
threshold=1.5000000000000002 0.47727273404598242 0.58885449171066295 0.58113884925842296 0.34335896372795111 0.77459675073623668 0.38675214350223547 0.64174234867095958 1.0000000180025095e-35 0.87026646733284008 0.085144929587841048 0.36038962006568914 0.37176080048084265 0.81266710162162792 0.78611555695533764 0.31892949342727667 0.65030118823051464 0.60107529163360607 0.48435972630977636 0.83127287030220043 0.13100686669349673 0.47690120339393621 0.85880398750305187 0.55585265159606945 0.92637759447097789 0.92206478118896495 0.8521554470062257 0.31264810264110571 0.53589746356010448 0.6683848798274995
decision_type=2 2 2 2 2 2 2 2 2 2 2 2 2 2 2 2 2 2 2 2 2 2 2 2 2 2 2 2 2 2
left_child=1 3 5 4 16 19 11 8 12 -10 23 14 -5 -13 -4 -12 18 -18 -1 20 -3 22 28 -7 25 -8 27 -9 29 -2
right_child=21 2 6 7 -6 10 24 26 9 -11 15 13 -14 -15 -16 -17 17 -19 -20 -21 -22 -23 -24 -25 -26 -27 -28 -29 -30 -31
leaf_value=-0.056299224422541226 0.0059530410500765012 -0.092597822743489058 0.016032500000240906 0.032965585817085835 -0.071515638878523496 0.053213209076836916 0.030892173416310811 -0.090122420250316096 0.0029676584107488474 0.083347134721327723 0.35463600594140254 -0.043286883689539243 -0.026404626305160599 -0.23239266316692361 -0.0098818954781600236 0.074860898471507412 0.26208580540521925 0.01531949702391271 0.060615726903269759 0.18947781931311189 0.12188795375328701 0.076367799346390611 0.080631571395121088 -0.05906156050781225 0.080706251333169277 -0.35644951898656291 -0.12803676250173213 0.061077767931604666 0.025556907944078548 -0.10264215356032624
leaf_weight=9.1903020575264254 4.5903302333899827 0.78661616187310102 56.737954408032238 8.0965159720799402 29.200704615992436 2.7300878621172142 13.014568878570572 0.83630279684439024 69.886086276732385 5.2024719337932757 0.30723497644066844 6.9687066471087737 74.856918715595384 0.75913930451497424 99.996323115788982 3.3006829262303654 0.59880057498230499 10.250106021805548 2.4172094431269207 3.0401627233950421 3.3066029171459377 8.1927165930101165 5.0912949378252952 3.9142150895786472 8.2590168060269189 0.36128372233361083 0.53696463565575037 11.760944138746707 7.6912919554160908 2.817996384575963
leaf_count=2920 413 210 5417 365 80812 114 3904 16 4388 589 2 353 6565 80 6072 225 18 852 434 94 58 448 2304 717 5022 59 9 649 461 64
internal_value=-0.000240183 -0.00253342 0.00766471 -0.0118459 -0.0415282 0.0676643 0.00205941 -0.0028885 -0.00676183 0.00853671 0.02635 -0.00338421 -0.0206099 -0.0618636 -0.00050086 0.0986854 -0.00253479 0.0289397 -0.0319522 0.127042 0.0806691 0.0342037 0.0170951 -0.0129288 0.0434402 0.02043 0.0437188 0.0510399 -0.00432813 -0.0353546
internal_weight=454.7 426.316 203.483 222.833 51.6571 17.3856 186.097 171.176 158.042 75.0886 10.2522 164.462 82.9534 7.72785 156.734 3.60792 22.4564 10.8489 11.6075 7.13338 4.09322 28.3836 20.1909 6.6443 21.6349 13.3759 13.1342 12.5972 15.0996 7.40833
internal_count=123634 119944 22327 97617 85036 1420 20907 12581 11907 4977 1058 11922 6930 433 11489 227 4224 870 3354 362 268 3690 3242 831 8985 3963 674 665 938 477
is_linear=0
shrinkage=0.08


Tree=88
num_leaves=31
num_cat=0
split_feature=21 13 12 20 25 10 28 28 8 11 22 5 27 11 12 1 28 1 0 12 26 27 1 8 27 27 0 1 8 8
split_gain=5.72202 5.23856 4.84519 4.63737 4.13779 8.07388 4.83604 8.59455 4.137 3.37764 3.11493 3.26215 3.01589 5.0663 3.45003 2.93073 10.0303 4.57765 2.90992 2.62964 2.13423 3.55351 2.03568 2.02276 1.98312 1.90079 1.82174 1.67843 2.67795 1.89568
threshold=1.0000000180025095e-35 1.5000000000000002 0.18019481003284457 1.0000000180025095e-35 -1.0000000180025095e-35 0.49896265566349035 0.78611555695533764 0.74682730436325084 0.50423729419708263 0.67867964506149303 0.47690120339393621 0.30384616553783422 0.54186138510704052 0.58960863947868358 0.13840996474027636 0.53410854935646068 0.62534916400909435 0.27639257907867437 0.79772728681564342 0.53589746356010448 0.42261904478073126 0.83884635567665111 0.94494947791099559 0.44151847064495092 0.51010203361511242 0.37549999356269842 0.10063291341066362 0.92031747102737438 0.93582704663276683 0.89871793985366832
decision_type=2 2 2 2 2 2 2 2 2 2 2 2 2 2 2 2 2 2 2 2 2 2 2 2 2 2 2 2 2 2
left_child=1 4 3 22 5 18 7 -7 -8 12 11 19 13 -6 -14 17 -17 -11 -1 -3 -12 26 -2 -21 27 -20 -22 29 -29 -5
right_child=2 10 -4 24 9 6 8 -9 -10 15 20 -13 14 -15 -16 16 -18 -19 25 23 21 -23 -24 -25 -26 -27 -28 28 -30 -31
leaf_value=-0.080049771122198243 -0.12585129994539085 -0.059768800052131123 0.060044176123070829 0.0097237438028128283 -0.0019264457937400881 -0.0074142837582263175 0.029687015704199279 0.07707084267882032 -0.041517760048019901 0.033121487275322228 0.11580446057099078 0.05545260309192588 -0.079693464032812647 0.10331314258992887 -0.014358544803196038 0.93700901827506666 0.043967338530320269 -0.026366672908007201 0.084289060742553518 0.09400367517068059 0.067713317864124892 0.089494510665305185 0.086275343536990803 -0.0095109876747881093 -0.046352730703118329 -0.043815134731584993 -0.12376947775757149 0.048353932730725184 -0.0059901794535926287 0.070236260976521483
leaf_weight=15.829287158223453 2.1478003352385708 4.7344910300744285 15.990921935241202 6.0264944606751651 144.08957158002886 58.941791863602703 6.1246176200220352 8.8653281787992437 35.439171744961641 18.076387958601117 3.8265361741650841 6.8414771584793916 6.2186582214344517 2.9883200026815748 30.751844174170401 0.080943280830978348 14.426860694773493 15.273896426893769 1.1814258820377284 1.6968301407760007 0.45769542339257885 2.5843722531571984 0.33464501140406344 4.1950501094106585 3.1398462727229335 1.9897824158542787 1.0417264752322806 7.9732544395083123 21.324030476622283 7.3592182770953514
leaf_count=65154 407 398 7015 94 6476 15178 135 553 1524 562 86 1376 11907 74 3312 4 3926 376 122 71 30 298 9 188 1336 2432 34 101 371 85
internal_value=-0.000219779 -0.00390339 0.021875 0.00923947 -0.00637801 -0.0179013 -0.00953897 0.00363158 -0.0310254 7.0765e-07 0.0312271 0.0123663 -0.00492254 0.000211806 -0.0253483 0.0189341 0.0489499 0.00587686 -0.0660368 -0.0153736 0.0728763 0.0326523 -0.0972557 0.0203007 0.0150088 0.00390977 -0.0653198 0.0195227 0.00879957 0.0429924
internal_weight=449.952 385.656 64.2962 48.3053 360.278 128.371 109.371 67.8071 41.5638 231.906 25.3782 17.4678 184.048 147.078 36.9705 47.8581 14.5078 33.3503 19.0005 10.6264 7.91033 4.08379 2.48245 5.89188 45.8228 3.17121 1.49942 42.683 29.2973 13.3857
internal_count=123634 114216 9418 2403 111735 85098 17390 15731 1659 26637 2481 2033 21769 6550 15219 4868 3930 938 67708 657 448 362 416 259 1987 2554 64 651 472 179
is_linear=0
shrinkage=0.08


Tree=89
num_leaves=31
num_cat=0
split_feature=7 8 22 8 18 1 12 2 10 2 18 12 3 2 5 20 2 5 2 3 2 22 10 5 26 8 10 18 11 11
split_gain=4.96543 7.21471 6.09074 5.80475 6.12107 5.8984 5.79088 5.50108 5.76345 5.24763 4.91631 4.40754 4.30575 5.554 4.61321 4.00941 11.0483 11.4023 7.79843 6.68783 7.21042 4.86407 2.74725 5.93764 4.91041 3.88824 2.69952 2.56193 2.31861 1.93547
threshold=5.5000000000000009 0.81322672963142406 0.41533938050270086 0.72821971774101268 0.3754898607730866 0.11852502077817918 0.61721614003181469 0.10596491396427156 0.80145984888076793 0.51899951696395885 0.77378848195076 0.47493734955787664 0.9529346525669099 0.80206185579299938 0.81666666269302379 1.0000000180025095e-35 0.74115687608718883 0.30384616553783422 0.91715687513351452 0.15504807978868487 0.72377106547355663 0.6789083480834962 0.87340134382247936 0.30384616553783422 0.55050507187843334 0.68469786643981945 0.90346473455429088 0.92830836772918712 0.94146201014518749 0.31264810264110571
decision_type=2 2 2 2 2 2 2 2 2 2 2 2 2 2 2 2 2 2 2 2 2 2 2 2 2 2 2 2 2 2
left_child=1 2 22 5 -5 -2 15 -7 9 -9 -6 -10 13 -12 -14 19 17 -17 -18 21 -21 -3 23 27 26 -25 -24 -1 -26 -4
right_child=3 6 29 4 10 7 -8 8 11 -11 12 -13 14 -15 -16 16 18 -19 -20 20 -22 -23 24 25 28 -27 -28 -29 -30 -31
leaf_value=-0.04838676754511307 -0.072893121903366262 6.4131575536888574e-05 0.26886530676899506 0.25670324214894452 -0.068321360401603734 0.25663553504137415 0.044519501784860228 -0.043815039769563198 0.049003182045796123 0.0019422152046552617 -4.1199099193104309e-05 0.0020214187888962813 0.09039784374787542 -0.099763301927141515 -0.12400727359951333 -0.053534869401189733 -0.030709669164990225 0.069231688447419074 0.019266088769792491 -0.043227050496136982 0.007518779811457748 0.077789840419138348 0.29565393166065063 -0.11463527424865833 0.055448727944408763 0.043807436137628671 0.11035552409805999 -0.35470970039660921 -0.062012584619849251 0.11143248521835621
leaf_weight=5.3068838500184965 7.2123881307779802 18.374032360181449 0.59773408522596527 0.44957743244594794 20.145625091070542 0.53864831777172995 18.294724816922098 25.410373817416257 20.662840217875782 43.502139371717931 11.038028770875831 33.496758717577904 3.8813287778757504 5.2862139940989428 0.76961491626570921 5.9028228691167888 43.76200470404001 26.938180296347127 36.77715652048937 50.664921669202158 27.727072562920512 7.161203843963448 0.69429730868432527 1.0461367581010588 4.72396086336812 18.897977733489824 1.8279586657881735 0.18068757108994749 1.3925723585998637 3.0496342956321314
leaf_count=4214 997 807 30 22 10118 21 7170 23204 764 17885 4494 2390 521 347 67 8276 3537 4201 3422 22965 4209 440 39 223 678 2021 145 13 252 162
internal_value=-0.000212207 0.00649382 0.0389786 -0.0108442 -0.0368861 -0.00256917 0.00129329 0.00153406 0.000417559 -0.01493 -0.0400959 0.0199458 -0.0129867 -0.0323338 0.0549192 -0.00234585 0.00805788 0.0471657 -0.00788889 -0.0136959 -0.0252784 0.0218618 0.0284602 0.0152201 0.0674374 0.0354966 0.161362 -0.058473 0.0287059 0.137233
internal_weight=445.714 273.32 37.7178 172.394 41.5704 130.823 235.602 123.611 123.072 68.9125 41.1208 54.1596 20.9752 16.3242 4.65094 217.307 113.38 32.841 80.5392 103.927 78.392 25.5352 34.0705 25.4317 8.63879 19.9441 2.52226 5.48757 6.11653 3.64737
internal_count=123634 62804 7777 60830 15569 45261 55027 44264 44243 41089 15547 3154 5429 4841 588 47857 19436 12477 6959 28421 27174 1247 7585 6471 1114 2244 184 4227 930 192
is_linear=0
shrinkage=0.08


Tree=90
num_leaves=31
num_cat=0
split_feature=16 7 8 3 3 5 3 1 18 18 5 22 1 2 2 11 27 7 8 8 7 28 3 1 5 7 8 8 24 8
split_gain=4.85124 5.00186 5.1736 4.92653 4.34297 6.40234 5.38804 5.0732 4.63173 4.08276 4.07873 3.74005 5.0232 9.77467 5.878 3.24876 6.49508 5.10114 4.3191 3.94733 5.36867 10.7593 4.72821 11.5317 11.235 3.0963 3.64948 10.6366 3.31513 3.08575
threshold=1.0000000180025095e-35 4.5000000000000009 0.8169856369495393 0.68614074587821972 0.9529346525669099 1.0000000180025095e-35 0.63944444060325634 0.33534136414527899 0.87885165214538585 0.9384731948375703 0.4083333313465119 0.75809821486473095 0.71834936738014232 0.74115687608718883 0.73375529050827037 0.71707642078399669 0.69261056184768688 11.500000000000002 0.25211864709854132 0.44151847064495092 19.500000000000004 0.3279555886983872 0.55848154425621044 0.20550528168678286 1.0000000180025095e-35 1.5000000000000002 0.92206478118896495 0.92637759447097789 -1.0000000180025095e-35 0.28165064752101904
decision_type=2 2 2 2 2 2 2 2 2 2 2 2 2 2 2 2 2 2 2 2 2 2 2 2 2 2 2 2 2 2
left_child=15 2 3 -2 5 6 7 -3 -6 10 -7 12 14 -14 -4 18 17 -17 -1 20 29 -22 23 -21 -24 -18 28 -28 -27 -20
right_child=1 4 11 -5 8 9 -8 -9 -10 -11 -12 -13 13 -15 -16 16 25 -19 19 22 21 -23 24 -25 -26 26 27 -29 -30 -31
leaf_value=-0.10209388235874546 0.11392853920131384 -0.0078088949179935668 -0.033954161777545594 0.010431830008885994 -0.076062102870233836 -0.076366932835172888 0.074977136771504929 -0.083784369585422319 0.031517688567657035 -0.20152603989979725 -0.01751759186479734 0.070940608669243135 0.060971497255328827 -0.010145479426905054 0.10865893778214218 0.081065052923215947 0.067474350916254103 0.32884190861618029 0.44322772053789827 0.024056411387473324 0.42789718061686971 -0.065266815833560726 0.11362769966939705 -0.075929531613826415 0.0030335378241237543 -0.25798412314797214 -0.58779199948917227 0.071341824470258233 0.015786531674816581 0.084783484908020373
leaf_weight=2.450898092109127 4.8571614321699581 35.295298625802388 40.986869332453352 7.4712267307040747 3.0893658399727455 18.251225490239452 4.2137384259549426 6.6912759011465814 14.984844387770861 1.2154068805393752 12.840121635905232 4.1746251920267232 16.495769751461921 49.442571795429103 1.9370693763339648 1.9708892501075745 7.2011531093157819 0.7282696294132619 0.15720561117632126 14.397940330294661 0.30815294127387494 3.4861765366222244 6.1657015375239999 15.150810965642448 126.33093353844743 0.2855236551258703 0.25034587143454601 0.41882162244291976 33.052590802719351 6.9098798196646385
leaf_count=313 779 4750 19746 1763 427 30630 1182 3835 1603 37 2511 618 3684 7805 322 286 2600 16 32 1092 33 1142 1208 8888 24050 23 44 117 3144 954
internal_value=-0.000205842 -0.00854368 0.0019975 0.0512077 -0.0222264 -0.0303662 -0.011262 -0.0199169 0.0131294 -0.0576862 -0.0520633 -0.00336962 -0.00621925 0.00764583 -0.0275183 0.00823396 0.0276946 0.147919 0.00336124 0.00485603 0.0515446 -0.025215 0.00172663 -0.0272103 0.00818001 0.0198199 0.0097289 -0.17525 0.0134418 0.092757
internal_weight=441.212 221.947 125.365 12.3284 96.5813 78.5071 46.2003 41.9866 18.0742 32.3068 31.0913 113.037 108.862 65.9383 42.9239 219.265 43.9076 2.69916 175.358 172.907 10.8614 3.79433 162.045 29.5488 132.497 41.2084 34.0073 0.669167 33.3381 7.06709
internal_count=123634 79692 34717 2542 44975 42945 9767 8585 2030 33178 33141 32175 31557 11489 20068 43942 6230 302 37712 37399 2161 1175 35238 9980 25258 5928 3328 161 3167 986
is_linear=0
shrinkage=0.08


Tree=91
num_leaves=31
num_cat=0
split_feature=21 13 10 18 16 12 9 0 22 27 2 0 27 3 18 10 2 5 22 3 22 2 5 22 19 7 3 7 28 7
split_gain=4.69613 4.61812 4.17934 5.21055 3.39364 4.18759 7.68807 6.50803 4.74485 3.94967 3.93007 6.99035 6.94014 6.04541 9.93589 4.5984 3.62808 3.46193 2.85995 3.24723 1.89971 1.86373 2.36175 1.75479 1.4513 3.79206 2.1078 2.49839 1.65245 1.42638
threshold=1.0000000180025095e-35 1.5000000000000002 0.7729182541370393 0.85392048954963695 1.0000000180025095e-35 0.27525253593921667 0.22687723487615588 0.82413583993911754 0.58204832673072826 0.84650033712387096 0.78910306096076976 0.75905716419219982 0.6415880322456361 0.98076212406158458 0.90982207655906688 0.5855005979537965 0.75147059559822094 0.88749998807907116 0.47690120339393621 0.81892696022987377 0.50944742560386669 0.75513628125190746 0.30384616553783422 0.56980520486831676 0.53571429848670971 3.5000000000000004 0.78501400351524364 3.5000000000000004 0.56765475869178783 3.5000000000000004
decision_type=2 2 2 2 2 2 2 2 2 2 2 2 2 2 2 2 2 2 2 2 2 2 2 2 2 2 2 2 2 2
left_child=1 4 3 -2 10 6 16 9 -8 -7 11 15 -13 14 -12 -1 -6 -15 19 21 -20 22 -3 -22 25 28 -26 -28 -5 -4
right_child=2 18 29 24 5 7 8 -9 -10 -11 13 12 -14 17 -16 -17 -18 -19 20 -21 23 -23 -24 -25 26 -27 27 -29 -30 -31
leaf_value=-0.020345164627435068 -0.12533589222601033 -0.019593961861053919 0.08053206831029977 0.35058816444653451 0.017537163762505768 0.0094318927917918793 -0.064683624408425275 0.083904307823051139 0.0023204222814013843 -0.027303909894529198 -0.0020296479835341841 0.090915633895152906 -0.0407071211663469 0.025436224297437759 -0.10957389048510256 0.012828460525459225 -0.024406512034649275 -0.16376495310921521 0.15474630929124505 0.080036022351580915 -0.0077840743915355117 -0.1523575913225251 0.062010332535291902 0.083207846188773846 -0.095373277465016781 -0.075429163614651767 0.0026392037466802737 0.045036631390182248 0.097022541573221238 0.012835869729832703
leaf_weight=39.536397449439391 1.7458440353002505 9.566949112631848 8.4935192770208214 0.17650893518293731 24.542349145762273 43.168918211187702 33.038158269650012 5.4602227843133724 8.5052307566875225 33.087901287188288 13.100605678562717 11.202964941592652 3.3246687535720403 14.949726487975564 9.4743001166789309 82.640608594781952 28.554808410233818 0.6456751878140502 1.4217447325936508 3.5242534818244158 2.0673869888996705 0.53751072660088617 2.9758282284019524 3.9443876369623467 1.1513498962012807 0.9113705430572735 32.46896764083067 12.251880215815616 2.4147120358102256 2.6023151717381543
leaf_count=27613 419 496 5605 9 2396 1733 62342 1638 2398 2838 1680 466 1022 1321 654 5279 315 40 16 1218 35 35 284 397 163 176 1366 382 228 1070
internal_value=-0.000206018 -0.00358089 0.0201502 0.0104903 -0.00590257 -0.0137331 -0.0251881 -0.000466589 -0.0509658 -0.0065078 0.00199436 0.00833157 0.0607936 -0.020702 -0.0471641 0.0020935 -0.00501948 0.017603 0.0303424 0.0118793 0.071584 -0.00648427 -0.00023299 0.0519167 0.015293 0.0649289 0.011503 0.0142546 0.114295 0.0646552
internal_weight=437.487 375.271 62.2165 51.1206 351.233 176.358 94.6405 81.717 41.5434 76.2568 174.875 136.705 14.5276 38.1703 22.5749 122.177 53.0972 15.5954 24.0381 16.6045 7.43352 13.0803 12.5428 6.01177 49.3748 3.50259 45.8722 44.7208 2.59122 11.0958
internal_count=123634 114216 9418 2743 111735 73660 67451 6209 64740 4571 38075 34380 1488 3695 2334 32892 2711 1361 2481 2033 448 815 780 432 2324 413 1911 1748 237 6675
is_linear=0
shrinkage=0.08


Tree=92
num_leaves=31
num_cat=0
split_feature=13 18 22 5 20 18 2 25 12 8 27 6 11 8 27 8 0 9 22 0 18 5 26 8 18 5 18 27 2 5
split_gain=4.05783 10.9584 8.62077 7.00127 6.15878 5.20095 6.03938 4.56848 5.7903 4.50139 4.30379 5.82868 9.25549 4.46852 9.11845 3.93133 5.09796 5.17618 4.10129 8.94787 4.08751 4.03873 3.90935 3.84948 3.44511 4.53704 3.14256 4.13728 2.88951 7.94193
threshold=1.0000000180025095e-35 0.66801637411117565 0.67826876044273388 0.087121214717626586 1.0000000180025095e-35 0.8240858018398286 0.92907443642616283 -1.0000000180025095e-35 0.048199767246842391 0.52679425477981578 0.97595182061195385 3.5000000000000004 0.95529049634933483 0.50423729419708263 0.77823317050933849 0.44151847064495092 0.16172623634338382 0.31045190989971166 0.45923791825771337 0.12599206715822223 0.3754898607730866 0.38750000298023229 0.20714285969734195 0.48435972630977636 0.82857587933540355 0.27922078967094427 0.86341637372970592 0.96791350841522228 0.77849927544593822 0.58571431040763866
decision_type=2 2 2 2 2 2 2 2 2 2 2 2 2 2 2 2 2 2 2 2 2 2 2 2 2 2 2 2 2 2
left_child=7 2 15 -3 5 6 -5 8 -1 23 13 -12 -13 14 -10 16 20 -18 21 -20 -2 -17 -15 26 -6 -26 27 -9 29 -11
right_child=1 3 -4 4 24 -7 -8 9 10 28 11 12 -14 22 -16 18 17 -19 19 -21 -22 -23 -24 -25 25 -27 -28 -29 -30 -31
leaf_value=-0.073790651901048929 -0.18605397891581557 0.10382056607742592 0.093307475102642728 -0.022804865168507115 0.1198397801780105 0.10676477110562253 -0.5752336484463566 -0.075825248394406977 0.13289744533416953 0.0021611388414867717 -0.069986358087832087 0.04361687349487306 -1.4133811827223821 0.017015533065473293 -0.024255788513780661 -0.038899348284951139 0.33258109395861185 0.030330285080505292 -0.017036389089058353 0.10988538406142494 -0.0080953975487618336 0.091130582610998684 -0.028063842534907138 -0.11391388601930105 -0.10059720895532986 0.0447799611165694 0.025116322371940853 0.12976258033604224 -0.004720306345133477 0.062217616573413133
leaf_weight=11.553709586012699 1.2235999426193331 8.6501873452216369 5.257036327282548 15.76442350968864 3.6626667284144778 2.0982659521760061 0.12768005573889318 6.2201216903922631 4.1178213005914568 60.99959049494646 5.2582200548349638 0.058304571692133211 0.05351523746503517 16.929898370646697 5.5446792962902691 45.897018889794708 0.37058907994651491 16.867760005523451 19.510160587786235 4.3469473842997095 2.5423573836887954 1.5814296421594907 45.137473883434723 3.480415422236546 1.4468865123053571 27.242137935565552 5.6976484630722553 0.69663145781669289 93.546463462873362 18.326289818360237
leaf_count=53022 47 887 691 3885 344 594 39 988 1048 12750 1440 34 19 13214 1672 9249 22 1314 757 259 156 250 6511 571 336 9467 112 58 3273 625
internal_value=-0.000184457 0.010113 -0.00634063 0.037334 0.0259098 -0.0116135 -0.0272432 -0.00599266 -0.0209755 0.00103653 -0.013061 -0.0821406 -0.65368 -0.00788935 0.0427174 -0.0120137 0.0184066 0.0368281 -0.0209708 0.00608973 -0.0659161 -0.0345683 -0.0157677 -0.0394294 0.046776 0.0374481 -0.0188785 -0.0551192 0.004804 0.0160357
internal_weight=434.21 156.589 97.5969 58.9922 50.3421 17.9904 15.8921 277.621 88.6536 188.967 77.0999 5.37004 0.11182 71.7299 9.6625 92.3399 21.0043 17.2383 71.3356 23.8571 3.76596 47.4784 62.0674 16.0948 32.3517 28.689 12.6144 6.91675 172.872 79.3259
internal_count=123634 28297 12745 15552 14665 4518 3924 95337 76960 18377 23938 1493 53 22445 2720 12054 1539 1336 10515 1016 203 9499 19725 1729 10147 9803 1158 1046 16648 13375
is_linear=0
shrinkage=0.08


Tree=93
num_leaves=31
num_cat=0
split_feature=21 13 12 20 25 26 11 26 12 12 22 0 0 3 0 8 3 3 8 22 3 6 7 16 8 0 2 26 27 26
split_gain=4.02377 3.82889 3.78511 3.83861 2.76734 6.08835 4.89833 3.92214 6.35194 4.66373 2.82705 4.39053 7.20883 4.29195 2.98725 5.04532 2.42352 3.15478 4.35264 2.40471 2.88107 2.01523 1.84326 2.28457 3.11542 2.46135 1.77987 1.65558 3.25397 1.59446
threshold=1.0000000180025095e-35 1.5000000000000002 0.18019481003284457 1.0000000180025095e-35 -1.0000000180025095e-35 0.074175827205181136 0.70740002393722545 0.20714285969734195 0.23205128312110904 0.23669467866420749 0.58204832673072826 0.12599206715822223 0.25176055729389196 0.10435571894049646 0.38924963772296911 0.6789083480834962 0.78501400351524364 0.92637759447097789 0.79205974936485302 0.47690120339393621 0.81892696022987377 2.5000000000000004 1.5000000000000002 1.0000000180025095e-35 0.94028520584106456 0.94494947791099559 0.94494947791099559 0.42261904478073126 0.83884635567665111 0.04446640424430371
decision_type=2 2 2 2 2 2 2 2 2 2 2 2 2 2 2 2 2 2 2 2 2 2 2 2 2 2 2 2 2 2
left_child=1 4 3 26 5 6 -1 9 -9 -7 11 13 -13 -6 15 -12 -5 18 -18 20 29 -19 -4 -24 25 -25 -2 -21 -29 -3
right_child=2 19 22 16 10 7 -8 8 -10 -11 14 12 -14 -15 -16 -17 17 21 -20 27 -22 -23 23 24 -26 -27 -28 28 -30 -31
leaf_value=-0.06953451216857269 -0.1222363692106446 0.10946689494178431 0.08120151949357432 -0.091613111306603504 0.089593793924702042 0.039855230987565729 0.17689230939028402 -0.063747581842387754 -0.0057961929462773632 -0.065648051587744838 0.48310990425160399 0.05287787539538142 -0.0034368827749446506 -0.0531113276925987 -0.056202267166272385 0.046660775297575355 -0.11518418511547829 -0.032359395067565203 0.067148278222584928 0.10583475084951852 0.078878746997723251 0.014816091779790666 0.077940048679898455 0.017796599875013468 -0.33216071863825747 -0.24864484266904438 0.085255561621995546 -0.067232168773990186 0.089417683781538457 -0.012800147682635153
leaf_weight=15.373210670957629 1.9413148616513347 0.72341402120947051 7.8381382155348529 1.3691527335322451 1.4746153426531261 17.175778438584533 0.5341781787574299 14.597559944188104 70.886315157171339 3.1776227363152421 0.17236721380322606 15.830124766260267 179.60626816234435 15.812111970139084 1.8591999893978925 10.235329950970479 0.91058145446004246 7.6015810754324802 10.501486141627536 3.5290224656346245 3.2063757236173833 24.387981385632884 2.6560965804383159 2.9513275359640838 0.19432953628711391 0.23993572598556046 0.30633585882605974 1.387517112772912 2.1852303453488275 12.103495445146107
leaf_count=65387 408 107 5398 447 29 9024 3 4616 5775 293 55 649 23521 645 692 1046 108 343 349 86 1218 740 771 757 25 64 8 64 298 708
internal_value=-0.000157651 -0.003295 0.0188973 0.00806087 -0.00539751 -0.0151133 -0.0612594 -0.00817755 -0.0156922 0.0233838 -0.000140178 -0.00229363 0.00112455 -0.0409381 0.0372033 0.053889 0.0131825 0.0164884 0.0525998 0.0282162 0.0110507 0.00360593 0.055606 0.0223998 -0.0211732 -0.00223585 -0.093957 0.06697 0.0285809 -0.00590451
internal_weight=430.768 369.87 60.8983 47.0184 346.735 121.745 15.9074 105.837 85.4839 20.3534 224.99 212.723 195.436 17.2867 12.2669 10.4077 44.7708 43.4016 11.4121 23.1351 16.0333 31.9896 13.8798 6.04169 3.38559 3.19126 2.24765 7.10177 3.57275 12.8269
internal_count=123634 114216 9418 2403 111735 85098 65390 19708 10391 9317 26637 24844 24170 674 1793 1101 1987 1540 457 2481 2033 1083 7015 1617 846 821 416 448 362 815
is_linear=0
shrinkage=0.08


Tree=94
num_leaves=31
num_cat=0
split_feature=28 16 26 22 3 3 2 5 6 18 0 4 10 2 8 3 3 2 9 0 0 3 7 9 18 18 8 4 3 6
split_gain=3.82874 4.08042 3.73327 3.47623 3.5265 5.68598 5.4083 11.3671 8.95785 3.14025 2.97524 2.89841 6.60736 15.6004 7.07327 4.4526 6.39151 4.32794 2.84577 2.57675 2.01845 2.01219 1.75663 1.72407 1.62889 3.54588 1.4664 1.51638 1.39048 1.33921
threshold=0.96248644590377819 1.0000000180025095e-35 0.12916667014360431 0.66287881135940563 0.90366768836975109 0.91596046090126049 0.75147059559822094 0.4083333313465119 1.5000000000000002 0.97010219097137462 0.81302964687347423 1.0000000180025095e-35 0.35493414103984838 0.91331186890602123 0.86576578021049511 0.80810147523880016 0.84924244880676281 0.25158227980136877 0.94164240360260021 0.40224719047546392 0.10596491396427156 0.71516755223274242 10.500000000000002 0.45176798105239874 0.55625566840171825 0.58187252283096325 0.96922349929809581 1.0000000180025095e-35 0.41763564944267279 4.5000000000000009
decision_type=2 2 2 2 2 2 2 2 2 2 2 2 2 2 2 2 2 2 2 2 2 2 2 2 2 2 2 2 2 2
left_child=1 9 26 4 6 10 7 -3 -8 11 -6 15 14 -14 -13 17 -17 -1 -7 20 23 22 24 -5 28 -26 -2 -28 -4 -29
right_child=2 3 21 19 5 18 8 -9 -10 -11 -12 12 13 -15 -16 16 -18 -19 -20 -21 -22 -23 -24 -25 25 -27 27 29 -30 -31
leaf_value=0.022577737788153442 -0.087833445824171297 -0.02391859882300211 0.088132042015006573 -0.044938999067030638 0.052406887998214309 0.0029201843124964429 0.078540534155317837 0.040032710945056102 -0.072180780146479051 0.062773146900063609 0.24693291386855795 -0.033029256963003968 0.059352874631599661 -0.59980297225276669 -0.20926861319620085 0.074409132190241575 0.011139036434588861 -0.012234122952263685 -0.1694052177484949 -0.071156975769302147 0.09157532152172547 0.080818190532440534 0.089975643250549478 0.058699425018791621 -0.16703824541509218 0.037626810250612236 0.081360673668719963 -0.0048828739900299671 -0.08660172816885997 0.077969032620200288
leaf_weight=32.672135117129073 1.0679375540348726 96.499291304178769 1.302246821986045 1.8393692253739553 1.1591017453320085 41.895770439849002 2.8706600766527144 21.808201168227242 20.879061857362103 5.9931315580906803 0.88927092055382662 15.140794018363527 7.5353447074958231 0.23702272179070849 1.6126897304638976 13.28390836658218 44.281546873018669 76.078213861837867 0.62242327252169971 1.2411385103041528 4.1910540584067348 8.7104005772853252 1.5757884733611716 2.3268350572907366 0.99678559892345253 1.1868425264256073 1.6683300831355179 16.123184210999174 0.37551525235176075 1.3534081884426985
leaf_count=2293 26 61031 254 303 246 3845 371 3880 3200 747 129 388 1482 57 97 1601 4568 28608 205 638 688 7570 100 223 6 164 59 764 11 80
internal_value=-0.00014704 -0.00238573 0.0254618 -0.0105495 -0.0129643 0.0066695 -0.0191239 -0.0121301 -0.0539629 0.00575265 0.136858 0.00396199 -0.0217117 0.0392515 -0.0499941 0.00774797 0.0257394 -0.00177551 0.000397515 0.0364025 0.0523762 0.0569812 0.0187943 0.0129433 -0.010254 -0.055799 0.00340042 0.00848961 0.0490233 0.00153328
internal_weight=427.417 393.057 34.3604 196.222 186.624 44.5666 142.057 118.307 23.7497 196.835 2.04837 190.842 24.5259 7.77237 16.7535 166.316 57.5655 108.75 42.5182 9.5984 8.35726 14.1476 5.43718 4.1662 3.86139 2.18363 20.2129 19.1449 1.67776 17.4766
internal_count=123634 114600 9034 74759 72907 4425 68482 64911 3571 39841 375 39094 2024 1539 485 37070 6169 30901 4050 1852 1214 8105 535 526 435 170 929 903 265 844
is_linear=0
shrinkage=0.08


Tree=95
num_leaves=31
num_cat=0
split_feature=10 7 8 3 22 3 0 0 11 13 18 8 22 25 3 5 12 26 0 18 3 27 26 18 7 11 10 2 2 26
split_gain=3.50437 3.86257 7.24555 4.70609 4.69305 3.46685 3.98497 3.36003 5.33233 3.04271 5.82247 7.68759 7.50386 4.79397 4.02615 4.47037 3.45456 3.7671 3.22937 4.63144 4.15198 3.14131 2.98148 2.93328 2.59365 2.77003 2.50828 4.02962 3.25037 2.49176
threshold=0.96884703636169445 9.5000000000000018 0.58898946642875682 0.86391696333885204 1.0000000180025095e-35 0.8216732144355775 0.26894375681877142 0.11852502077817918 0.58960863947868358 1.0000000180025095e-35 0.8101586401462556 0.6900656819343568 0.67826876044273388 -1.0000000180025095e-35 0.13423423469066623 0.2264957278966904 0.048199767246842391 0.20714285969734195 0.63944444060325634 0.82486379146575939 0.85880398750305187 0.93364781141281139 0.93303570151329052 0.92415231466293346 24.500000000000004 0.46037456393241888 0.5432812273502351 0.63686314225196849 0.6900656819343568 0.60769233107566845
decision_type=2 2 2 2 2 2 2 2 2 2 2 2 2 2 2 2 2 2 2 2 2 2 2 2 2 2 2 2 2 2
left_child=1 9 4 23 26 6 7 8 -2 13 11 21 -13 16 29 -16 -1 -18 19 -12 -20 -11 24 -4 25 -8 28 -28 -3 -15
right_child=5 2 3 -5 -6 -7 22 -9 -10 10 18 12 -14 14 15 -17 17 -19 20 -21 -22 -23 -24 -25 -26 -27 27 -29 -30 -31
leaf_value=-0.070776587438460645 -0.090340660102637818 -0.041732638903710949 -0.081349079428069293 -0.0097437026752155639 -0.086590840973292602 0.080330506991009173 -0.090454172218805501 0.10227659588424542 0.082991074836963094 0.058979916219802433 0.3657625474809485 -0.015712437944069482 0.094416006919530421 0.11127677406847326 -0.040066317131781042 0.0067909532987793239 0.018771514673629357 -0.02738175890936213 -0.015424780240796297 0.07992672858481642 0.062096052536898337 0.23032792462223703 -0.046062483515219653 -0.43731568318284858 -0.12095969930762553 0.080610892366033499 0.0060502730016122911 0.1003194269927927 0.045157542073306162 -0.035333281801586146
leaf_weight=7.9669903397298176 2.0656572735752032 13.170181681336546 13.644702068544575 8.5750855343139829 4.0343085641288772 6.1250267734867512 0.72152213752269467 4.4968599663116038 2.5236530576949008 7.4621888733599899 0.38736324098136066 55.382837989098334 4.2646423524274715 3.4642476993903975 14.406800417564225 136.42724970461859 15.705899232525551 40.515354247385403 7.3971060302719733 5.7203333232610021 10.993296514221582 0.75393502738006635 8.0591939548612572 0.14978112089738793 0.62321834266185749 3.7778356302878819 38.103640292392811 3.141300427101668 3.484247819549636 0.94412268139421929
leaf_count=38339 53 14274 12780 723 1423 5170 7 237 404 693 47 8420 403 156 5479 7424 10941 5236 977 579 4955 150 522 5 3 254 3481 259 210 30
internal_value=-0.000120041 -0.00206615 -0.017259 -0.0562835 -0.00316386 0.0270291 0.012368 0.0531303 0.00497413 0.00204173 0.0142229 0.00215466 -0.00783854 -0.00308553 0.00451793 0.00231542 -0.0214749 -0.0144884 0.047654 0.0980551 0.0309151 0.0747033 -0.0157294 -0.0852142 0.0319928 0.0531787 0.00264916 0.01323 -0.0235545 0.0798779
internal_weight=424.489 396.096 84.3032 22.3696 61.9337 28.393 22.2679 9.08617 4.58931 311.792 92.3617 67.8636 59.6475 219.431 155.242 150.834 64.1882 56.2213 24.4981 6.1077 18.3904 8.21612 13.1818 13.7945 5.12258 4.49936 57.8994 41.2449 16.6544 4.40837
internal_count=123634 116984 33155 13508 19647 6650 1480 694 457 83829 16224 9666 8823 67605 13089 12903 54516 16177 6558 626 5932 843 786 12785 264 261 18224 3740 14484 186
is_linear=0
shrinkage=0.08


Tree=96
num_leaves=31
num_cat=0
split_feature=12 26 27 11 3 12 9 26 5 3 28 17 3 4 8 9 3 24 4 22 11 11 3 9 8 28 7 28 7 9
split_gain=3.41577 6.87877 6.62305 7.15187 4.92924 5.36981 6.14832 4.12373 4.01463 4.5178 6.93335 3.81441 3.73963 11.0127 3.61226 3.41558 3.27568 3.24168 3.48339 3.15772 2.81571 2.53671 2.48981 2.33162 2.32533 8.29147 5.23154 4.83184 3.7601 2.47599
threshold=0.29520697891712194 0.34523810446262365 0.55600360035896312 0.64767315983772289 0.93683511018753063 0.36602871119976049 0.81266710162162792 0.36038962006568914 0.47727273404598242 0.6291005313396455 0.74682730436325084 1.0000000180025095e-35 0.92907443642616283 1.0000000180025095e-35 0.68237251043319713 0.87106668949127208 0.81754159927368175 -1.0000000180025095e-35 1.0000000180025095e-35 0.63373982906341564 0.75066137313842785 0.62529620528221141 0.78086888790130626 0.74347630143165599 0.39504285156726843 0.70983868837356578 16.500000000000004 0.65660247206687938 9.5000000000000018 0.88956639170646679
decision_type=2 2 2 2 2 2 2 2 2 2 2 2 2 2 2 2 2 2 2 2 2 2 2 2 2 2 2 2 2 2
left_child=2 24 -1 8 12 6 -6 14 16 10 -10 -11 19 -14 23 22 -4 18 -7 20 -3 -18 -9 -5 25 26 -2 -28 -26 -30
right_child=1 4 3 7 5 17 -8 15 9 11 -12 -13 13 -15 -16 -17 21 -19 -20 -21 -22 -23 -24 -25 28 -27 27 -29 29 -31
leaf_value=0.00073853616980482247 0.33705433518935901 -0.017815135162507437 -0.074159346376896279 -0.083249818407754236 -0.0058912464069952241 0.080954803046641141 -0.40361319558878889 -0.069419642948485641 0.068328313975907357 -0.069235369021068291 0.77494271317393681 0.010320038968828731 0.081442311841120815 -0.46538145738269909 0.1242764901624413 -0.38455311891254013 -0.025737440343780178 0.074546673712010542 -0.48045023743400783 0.057885086822330338 0.0076049584929715839 0.13878699490321944 0.08454610367332771 0.11336919427987774 0.050920503990160071 -0.068019992339508589 -0.057174715589008607 0.21764912442406179 -0.0490760280305296 0.11377830393059384
leaf_weight=207.27294398305821 0.91958884475753055 56.934746096434537 23.441378494346285 1.13519465876743 1.0532988677732635 0.14146302908192865 0.32567267410922784 1.9476190127606976 1.809191710519374 7.3702587487277897 0.093461552663938963 8.0920933681409224 0.53059535584179585 0.42412094445899129 3.6420430192956701 0.17041313089430321 3.6432706243140265 10.823875000700356 0.14147380215581506 5.2913330701412624 54.662707510753535 0.71797475451603521 1.0264745696913449 0.58487219316884864 20.177608728350609 1.2360234640073029 0.71839885786175706 0.95200558216311038 4.3146767579019061 0.69352818641345937
leaf_count=16584 11 3402 72679 98 122 20 20 464 399 5555 96 3168 145 24 264 4 5205 8443 20 790 3865 7 52 9 1814 17 39 11 283 24
internal_value=-0.000111423 0.00911796 -0.00574713 -0.0307927 0.00127558 0.0490729 -0.0998215 0.0364975 -0.0434658 -0.0132868 0.103038 -0.0276007 -0.00378866 -0.161477 0.0791521 -0.0362383 -0.062315 0.067559 -0.199758 -0.0025007 -0.00536386 0.00134757 -0.0162801 -0.0163937 0.0443482 0.102458 0.183815 0.0994543 0.0355206 -0.0265242
internal_weight=420.288 159.341 260.947 53.6742 130.329 12.4858 1.37897 8.50662 45.1676 17.365 1.90265 15.4624 117.844 0.954716 5.36211 3.14451 27.8026 11.1068 0.282937 116.889 111.597 4.36125 2.97409 1.72007 29.0118 3.82602 2.58999 1.6704 25.1858 5.0082
internal_count=123634 19050 104584 88000 16851 8625 142 891 87109 9218 495 8723 8226 169 371 520 77891 8483 40 8057 7267 5212 516 107 2199 78 61 50 2121 307
is_linear=0
shrinkage=0.08


Tree=97
num_leaves=31
num_cat=0
split_feature=7 8 22 8 0 2 1 1 7 28 12 5 6 7 2 8 24 1 0 7 21 12 6 26 0 8 11 0 1 2
split_gain=3.04994 5.93787 4.72268 4.6262 5.01026 6.24476 4.83732 4.80875 4.07627 3.95214 3.91249 3.16703 3.11069 3.12451 6.9399 5.02398 3.07074 2.79517 4.98656 2.79444 2.65593 2.33332 4.0312 3.70558 3.14857 2.7042 2.17187 2.09523 1.96689 3.28711
threshold=5.5000000000000009 0.81322672963142406 0.41533938050270086 0.72821971774101268 0.12599206715822223 0.10596491396427156 0.067231640219688429 0.20550528168678286 10.500000000000002 0.6911335587501527 0.53589746356010448 0.43650794029235845 3.5000000000000004 2.5000000000000004 0.91715687513351452 0.92940199375152599 -1.0000000180025095e-35 0.44575163722038275 0.25176055729389196 9.5000000000000018 1.0000000180025095e-35 0.26794873178005224 1.5000000000000002 0.5634920895099641 0.55848154425621044 0.68469786643981945 0.85781672596931469 0.83910790085792553 0.84292763471603405 0.84680575132370006
decision_type=2 2 2 2 2 2 2 2 2 2 2 2 2 2 2 2 2 2 2 2 2 2 2 2 2 2 2 2 2 2
left_child=1 2 21 4 -2 -6 -5 8 -7 -9 12 27 13 15 -15 -3 -12 18 -18 20 -13 22 -1 -23 -25 -24 -19 -8 -14 -30
right_child=3 10 -4 6 5 7 11 9 -10 -11 16 19 28 14 -16 -17 17 26 -20 -21 -22 23 25 24 -26 -27 -28 -29 29 -31
leaf_value=-0.060500457494198037 -0.062507065178817656 0.03429308456921102 0.12469765039875967 0.21359220677519325 0.30235999354309928 0.10617833689137943 -0.054047780868491546 -0.022712930515509894 0.014552836974542934 0.0094391240690509717 -0.16906037688055428 -0.018759248978819199 -0.09606051869294939 -0.028347269824084184 0.064796052639791379 -0.0074878581247001651 0.043703179486067167 0.089100481541016699 -0.080090269695422309 -0.10748587896335914 0.059110704068255457 0.10343839154315784 -0.22499874455389027 -0.029653386128160594 0.084837627884738129 0.031862121277284529 0.025325944506224777 -0.2310246828570735 0.088850099673565913 0.012962154675221566
leaf_weight=4.170342980069111 7.9635576616565222 23.485338359845628 3.4371954917733083 0.50242261952371237 0.44459112524054845 4.763445859134662 19.780173740597096 42.310844414336316 8.9389147289039084 58.020040340084961 0.47952682897448795 12.195528078103964 0.82388183943112636 60.759548563633871 5.5905804321810129 85.387575927597936 6.1204828189802374 7.1130086267366988 3.1565065450267866 1.7465922865740129 3.6398625187357529 5.3728203591890615 0.26668378422619099 4.0556415708852001 2.4756622578133829 16.012705351342447 6.5781908137141727 0.43760442513303033 4.70627184462501 16.322404396851198
leaf_count=4649 1233 6694 192 19 13 242 13498 37958 695 5120 31 1486 130 18789 276 19110 687 3090 67 198 327 495 26 139 874 1402 4506 41 345 1302
internal_value=-0.000102078 0.00531566 0.0355402 -0.00874095 -0.00115023 0.00311801 -0.0330064 0.00195133 0.0464052 -0.00411982 0.000410207 -0.0362841 -0.00326535 -0.00681477 -0.0204991 0.00152485 0.0313029 0.0354861 0.00158231 -0.0114525 -0.000860358 0.0260683 0.00967678 0.0542267 0.0137439 0.0276543 0.0584588 -0.0578784 0.0251954 0.0299461
internal_weight=417.058 256.314 35.7911 160.744 122.441 114.478 38.3022 114.033 13.7024 100.331 220.523 37.7998 197.076 175.223 66.3501 108.873 23.4477 22.9682 9.27699 17.582 15.8354 32.3539 20.4497 11.9041 6.5313 16.2794 13.6912 20.2178 21.8526 21.0287
internal_count=123634 62804 7777 60830 45261 44028 15569 44015 937 43078 55027 15550 46646 44869 19065 25804 8381 8350 754 2011 1813 7585 6077 1508 1013 1428 7596 13539 1777 1647
is_linear=0
shrinkage=0.08


Tree=98
num_leaves=31
num_cat=0
split_feature=12 27 11 26 28 26 27 28 7 18 18 18 2 0 12 0 2 3 3 11 11 4 4 3 20 24 12 19 28 0
split_gain=2.8247 8.64569 5.23564 5.10364 5.06976 3.75553 3.61619 4.82554 4.71686 5.13513 3.94276 3.58627 4.28118 10.996 3.39596 3.76465 6.09185 3.66033 3.95933 3.31207 4.52057 4.47929 2.98721 7.84432 6.46923 2.81875 2.42716 2.38149 2.17383 1.95827
threshold=0.21240601688623431 0.5320124924182893 0.51628047227859508 0.34523810446262365 0.96999701857566845 0.27922078967094427 0.34335896372795111 0.39225068688392645 6.5000000000000009 0.3754898607730866 0.86119771003723156 0.67895323038101207 0.57294833660125744 0.76506900787353527 0.3717105239629746 0.91331186890602123 0.91715687513351452 0.93683511018753063 0.92907443642616283 0.31209774315357214 0.31264810264110571 1.0000000180025095e-35 1.0000000180025095e-35 0.95488464832305919 1.0000000180025095e-35 -1.0000000180025095e-35 0.3514705896377564 0.77500000596046459 0.84384033083915722 0.10063291341066362
decision_type=2 2 2 2 2 2 2 2 2 2 2 2 2 2 2 2 2 2 2 2 2 2 2 2 2 2 2 2 2 2
left_child=1 5 -3 6 14 19 10 -8 9 -9 -2 -4 13 -13 15 26 -17 18 -16 22 -21 -22 24 -24 -1 -19 -5 -14 -7 -10
right_child=3 2 11 4 -6 28 7 8 29 -11 -12 12 27 -15 17 16 -18 25 -20 20 21 -23 23 -25 -26 -27 -28 -29 -30 -31
leaf_value=-0.021679213246780796 0.0042641548100666232 -0.064306649964526605 -0.080311309010783372 -0.014845599209806121 0.053695064292073033 -0.07692974768896671 -0.255139187195001 0.28806805533012286 -0.10838914015434326 0.052229076133404495 -0.13951398859815725 0.12407706548338425 -0.051635114188255997 1.2305716897807704 -0.00099331443755432992 -0.50641765575016973 0.080905270041092894 -0.18207638739353299 -0.17092406090445342 0.48605701301887344 0.015413455668751675 0.13059324773956188 -0.08889365681535015 -0.0037710248683701752 0.019777296458383515 0.070334006878894947 -0.074046146779684671 0.063234037181226763 0.10306352054250206 0.012218729064267209
leaf_weight=36.240581182071764 6.11545796773862 23.383952999301986 2.0175898081870391 24.358348621724879 9.9157297161291336 5.4260382415086488 0.36507558374432747 0.60313332889927807 0.90220808293088595 29.086993913515471 1.525068088667467 1.0537527381457037 2.1584938996020355 0.06079630268504832 92.137786655919626 0.26481947675347228 0.19718296098290011 0.29645441262982775 0.88595957262441416 0.13988201232132524 17.448368008379479 2.466357915691332 8.2774615999660437 42.517918163444847 71.856546868089936 6.3111225671309503 5.4181784570682785 2.4848734888219042 0.46633696323260654 19.137574943015352
leaf_count=5220 121 82027 2615 2973 6999 308 21 15 75 2845 113 447 712 3 4722 8 42 19 120 33 4482 159 157 579 3041 3378 282 97 15 2006
internal_value=-9.19353e-05 -0.00641473 -0.0453969 0.00682235 -0.0014421 0.000156728 0.0268317 0.0346508 0.0367782 0.05702 -0.0244343 0.0114719 0.043633 0.184434 -0.00565189 -0.0291339 -0.255748 0.00147499 -0.00261174 0.00222597 0.0328613 0.029678 -0.00164066 -0.0176424 0.00587861 0.0590094 -0.0256178 0.0098365 -0.0626846 0.00678886
internal_weight=413.52 215.999 31.1595 197.521 139.786 184.839 57.7355 50.095 49.7299 29.6901 7.64053 7.77551 5.75792 1.11455 129.87 30.2385 0.462002 99.6313 93.0237 178.947 20.0546 19.9147 158.893 50.7954 108.097 6.60758 29.7765 4.64337 5.89238 20.0398
internal_count=123634 99895 85901 23739 18543 13994 5196 4962 4941 2860 234 3874 1259 450 11544 3305 50 8239 4842 13671 4674 4641 8997 736 8261 3397 3255 809 323 2081
is_linear=0
shrinkage=0.08


Tree=99
num_leaves=31
num_cat=0
split_feature=3 1 2 3 5 5 8 7 27 12 9 22 27 0 11 27 27 9 22 13 0 27 5 18 22 10 11 7 8 22
split_gain=2.67442 5.10755 5.86544 7.80869 14.3047 14.2035 5.74639 7.34448 4.56689 4.40798 3.88172 3.7352 3.65247 8.76101 4.14836 3.49614 5.61393 3.59516 3.05693 2.73243 2.55466 3.5721 2.47005 2.43074 2.78908 2.17348 1.8946 1.69929 5.56989 1.67423
threshold=0.11215933039784433 0.11374663189053537 0.21778655797243121 0.54261502623558056 1.0000000180025095e-35 0.2264957278966904 0.68801230192184459 4.5000000000000009 0.44310989975929266 0.10762548446655275 0.54589802026748668 0.75809821486473095 0.76728257536888134 0.26158231496810919 0.70740002393722545 0.88935971260070812 0.89202436804771434 0.87106668949127208 0.46265329420566564 1.5000000000000002 0.095811817795038237 0.55134195089340221 0.087121214717626586 0.39289321005344396 0.49295215308666235 0.93039408326148998 0.47641299664974218 1.5000000000000002 0.9506097435951234 0.66287881135940563
decision_type=2 2 2 2 2 2 2 2 2 2 2 2 2 2 2 2 2 2 2 2 2 2 2 2 2 2 2 2 2 2
left_child=8 11 12 6 9 -6 7 -4 26 -5 20 19 13 18 -15 17 -17 -14 -3 27 -10 -22 -8 24 -12 -25 29 28 -2 -1
right_child=1 2 3 4 5 -7 22 -9 10 -11 23 -13 15 14 -16 16 -18 -19 -20 -21 21 -23 -24 25 -26 -27 -28 -29 -30 -31
leaf_value=-0.1218965782728274 0.24989103990607611 0.0049895970421798162 0.63947545657494032 -0.076709527121627832 -0.064315837887422442 0.0036065995612537616 -0.072178720746871386 -0.0099800298196828161 0.11672177432503103 0.080093498641983008 -0.033505294947705204 0.071442300820841229 -0.071507365733209927 0.16792912239953683 0.60592551340952416 0.35422934824690394 0.019532055155166803 0.096541014284577148 0.064851994348187322 0.045950616247165767 0.53224314779044646 0.075999429910171043 -0.0072867869073920538 -0.043165631719205261 0.13432741943536675 0.11746764514280569 0.064149168571562082 -0.074623148041453119 -0.04883526953203722 0.023500398807533948
leaf_weight=1.7083826875459633 0.45124095468782899 8.7606036140350678 0.11182744977122538 1.2265714364475595 21.438800024767261 243.463570974709 19.203114790900148 32.192795352508256 1.6398104905965722 17.773348840630206 0.87767476134467903 1.7490247929817986 5.3467092163700718 0.31180760923598327 0.24883782677352428 0.33369006798602541 8.2596459458000009 0.96123845048714418 14.489000692970874 1.695363229344365 0.25099898705957446 0.19526915348978946 4.666325538099044 2.6413088055851408 2.2797366434242576 0.67734171147458244 0.78578985377680499 12.912202898129179 3.4815034106140956 0.72067082629655477
leaf_count=41 21 618 5 4400 35431 54870 7709 7587 186 1780 57 229 693 41 5 19 920 76 741 95 11 53 5772 96 113 108 11 1660 245 41
internal_value=-0.000100577 -0.00120937 0.000885245 -0.00247348 0.00291883 -0.00189043 -0.029726 -0.00773184 0.0374721 0.0699708 0.0679983 -0.0403143 0.0303912 0.0498311 0.36233 -0.000671048 0.0325288 -0.0458993 0.0422954 -0.050857 0.162906 0.332609 -0.0594928 0.0374265 0.0876745 -0.0103801 -0.0438286 -0.0606003 -0.0145596 -0.0787591
internal_weight=410.854 399.077 378.788 340.076 283.902 264.902 56.1741 32.3046 11.777 18.9999 8.56214 20.2893 38.7115 23.8102 0.560645 14.9013 8.59334 6.30795 23.2496 18.5403 2.08608 0.446268 23.8694 6.47606 3.15741 3.31865 3.21484 16.8449 3.93274 2.42905
internal_count=123634 122917 120667 117554 96481 90301 21073 7592 717 6180 624 2250 3113 1405 46 1708 939 769 1359 2021 250 64 13481 374 170 204 93 1926 266 82
is_linear=0
shrinkage=0.08


Tree=100
num_leaves=31
num_cat=0
split_feature=16 28 8 7 4 18 27 13 13 3 20 1 18 11 27 8 8 7 28 11 3 5 1 7 8 26 7 8 18 8
split_gain=2.72423 3.06244 3.07544 4.80026 4.62531 4.02235 3.57334 3.56166 3.1852 3.15376 3.09977 3.00574 2.82011 2.11242 5.19486 3.43864 2.90739 3.94542 5.45698 3.66132 3.64932 8.69162 8.40555 2.51825 2.86592 6.07629 2.30487 2.08281 1.1361 2.15155
threshold=1.0000000180025095e-35 0.96248644590377819 0.96609193086624157 2.5000000000000004 1.0000000180025095e-35 0.91289132833480846 0.84650033712387096 1.5000000000000002 2.5000000000000004 0.96720427274703991 1.0000000180025095e-35 0.3260560035705567 0.97861903905868541 0.71707642078399669 0.69518002867698681 0.25211864709854132 0.44151847064495092 19.500000000000004 0.3279555886983872 0.64767315983772289 0.55848154425621044 1.0000000180025095e-35 0.20550528168678286 1.5000000000000002 0.92206478118896495 0.73863637447357189 11.500000000000002 0.21103239059448245 0.68224915862083446 0.943650782108307
decision_type=2 2 2 2 2 2 2 2 2 2 2 2 2 2 2 2 2 2 2 2 2 2 2 2 2 2 2 2 2 2
left_child=13 2 3 8 5 7 11 -4 9 -2 -7 -5 -8 15 26 -1 17 19 -19 -17 22 -22 -18 28 27 -26 -15 -25 29 -16
right_child=1 -3 4 6 -6 10 12 -9 -10 -11 -12 -13 -14 14 23 16 20 18 -20 -21 21 -23 -24 24 25 -27 -28 -29 -30 -31
leaf_value=-0.095986940246420058 0.024120787493608457 0.027059362956182491 -0.060265618393593602 0.014972068307149953 -0.23728711712037739 -0.11551088132624512 -0.035410600840097735 0.071642385266931119 -0.22755393718801895 -0.17947697421169254 0.057375930691368399 -0.015454726932844727 -0.35187997650040559 0.07887196010120899 0.12911971880889028 0.10372059432351144 0.017870949619193208 0.22535231321134699 -0.062804410671135111 -0.043861045441295127 0.10407397290189538 0.0019442258678865293 -0.073173104035599068 -0.083305068468470397 0.06159059932272163 -0.40643184661161152 0.23947995559935942 0.014685171738572918 0.093153908519173684 -0.032107603525386101
leaf_weight=2.2445500169342258 36.988189799551037 15.835607485350918 15.678255991486376 30.614825035867398 0.71482120522705273 0.78185910196043451 29.863750557644384 1.4295044181053516 0.33171391289215435 0.49342186463763837 4.3926665147519088 64.673731071427028 0.18130537908291344 1.6919647526228794 0.79238479299237896 6.0158443912951025 13.328412648523228 0.4851016676257135 3.163517644010426 1.3101586686680091 5.580534545457339 120.25803085875305 12.64924644694838 1.4559733436326521 0.38941922911908378 0.32629102870123461 0.86382425879128266 29.838861807860667 3.4358350550755858 1.5980946682975625
leaf_count=313 11771 4933 4922 3471 105 36 23777 82 37 24 333 30178 23 298 11 929 1092 33 1142 57 1208 24050 8888 56 101 60 16 3107 2458 123
internal_value=-0.000116824 -0.00671423 -0.00958741 -0.00572671 -0.0369761 -0.0305501 -0.0132641 -0.0492435 0.0192563 0.0214406 0.0312531 -0.00567904 -0.0373203 0.00636984 0.0227677 0.00235643 0.00371238 0.0434765 -0.0244926 0.0773276 0.000837881 0.00647335 -0.0264609 0.0153113 0.00650624 -0.15178 0.133155 0.0101262 0.0636874 0.0213353
internal_weight=407.408 201.98 186.144 163.147 22.9971 22.2823 125.334 17.1078 37.8133 37.4816 5.17453 95.2886 30.0451 205.428 40.3926 165.035 162.791 10.9746 3.64862 7.326 151.816 125.839 25.9777 37.8369 32.0105 0.71571 2.55579 31.2948 5.82631 2.39048
internal_count=123634 79692 74759 69281 5478 5373 57449 5004 11832 11795 369 33649 23800 43942 6230 37712 37399 2161 1175 986 35238 25258 9980 5916 3324 161 314 3163 2592 134
is_linear=0
shrinkage=0.08


Tree=101
num_leaves=31
num_cat=0
split_feature=7 8 8 7 22 22 5 5 18 12 3 1 18 1 22 25 6 11 12 18 5 25 26 12 10 10 5 26 8 18
split_gain=2.53616 5.05531 3.97908 3.89661 4.24725 3.67605 3.47887 7.54589 5.066 3.42834 3.17279 4.53602 3.43995 3.254 3.16414 8.37883 2.71239 2.94229 3.26319 2.68158 2.47186 2.44677 2.91872 2.17547 4.01005 2.06953 4.4282 3.65567 2.86138 2.05558
threshold=5.5000000000000009 0.81322672963142406 0.72821971774101268 8.5000000000000018 1.0000000180025095e-35 0.41533938050270086 1.0000000180025095e-35 0.36931818723678594 0.61506092548370372 0.61721614003181469 0.85145786404609691 0.84889996051788341 0.3754898607730866 0.8521554470062257 0.58204832673072826 1.0000000180025095e-35 3.5000000000000004 0.840967357158661 0.41421568393707281 0.95009577274322521 0.78888890147209179 -1.0000000180025095e-35 0.5634920895099641 0.23205128312110904 0.64541527628898632 0.87340134382247936 0.30384616553783422 0.55050507187843334 0.68469786643981945 0.82486379146575939
decision_type=2 2 2 2 2 2 2 2 2 2 2 2 2 2 2 2 2 2 2 2 2 2 2 2 2 2 2 2 2 2
left_child=1 5 3 -2 6 25 8 -8 -5 16 12 29 -4 -13 -6 -16 17 18 -3 -19 -15 22 -11 -14 -25 26 -1 -27 -28 -12
right_child=2 9 10 4 14 -7 7 -9 -10 21 11 13 23 20 15 -17 -18 19 -20 -21 -22 -23 -24 24 -26 27 28 -29 -30 -31
leaf_value=-0.056162266437579315 0.029429463672101079 -0.007691039608223915 0.14282847588805755 0.00067635704240580309 -0.08838855125907262 0.1125165322857046 -0.072361642539148965 0.0015646381575493494 0.074138998919004981 -0.2992032392407048 -0.079632717778612291 -0.30189989631150738 -0.082383345077974679 0.015930142263531538 -0.015354630458683459 0.80699592744914084 0.024336661378791917 -0.080327810549277234 0.026541449452566139 0.080597619370635004 -0.066864043049887259 0.063377957462075502 0.0065651433311330236 0.15311472189553882 -0.042579811010025309 0.14575743648165002 -0.10163102738463878 0.024607321687894639 0.037513226709918072 0.15407759082606493
leaf_weight=4.7358081790698696 21.970808487523755 152.48606773727806 0.59067230985965835 40.50106913511263 5.9703604829264796 3.3754052806616519 12.436463374011508 30.529597942069813 7.054137802348122 0.20830432913498853 0.28511350371991184 0.25279849662911047 9.4610471937739948 6.9853713491465879 0.61455754953203712 0.091042819898575544 21.696921388429473 5.3255667813355094 20.180051201576134 0.75689411192433897 3.4464748112077359 9.0402431430702546 4.8914073177438695 0.70483916907687572 13.616770209977402 2.2809522232855661 0.99795589257701323 5.2931727496907115 18.117407417674258 1.5516670872093525
leaf_count=4227 7698 43409 22 5814 2004 192 20483 5250 3022 20 119 10 13323 832 978 12 2128 265 1637 418 223 6221 929 162 754 184 223 930 2021 124
internal_value=-0.000106938 0.00489829 -0.00810522 -0.000997438 -0.00787524 0.0331818 -0.00333375 -0.0198332 0.0115735 0.000311365 -0.031063 0.00166799 -0.047878 -0.0182961 -0.0694547 0.0907523 -0.00237434 -0.00561658 -0.00369018 -0.0603024 -0.0114234 0.0383834 -0.00592436 -0.0526144 -0.0329487 0.0246605 0.0130914 0.0610918 0.0302489 0.1178
internal_weight=405.449 249.386 156.063 119.168 97.1972 34.8007 90.5213 42.9661 47.5552 214.585 36.8948 12.5214 24.3733 10.6846 6.67596 0.7056 200.446 178.749 172.666 6.08246 10.4318 14.14 5.09971 23.7827 14.3216 31.4253 23.8512 7.57412 19.1154 1.83678
internal_count=123634 62804 60830 45261 37563 7777 34569 25733 8836 55027 15569 1308 14261 1065 2994 990 47857 45729 45046 683 1055 7170 949 14239 916 7585 6471 1114 2244 243
is_linear=0
shrinkage=0.08


Tree=102
num_leaves=31
num_cat=0
split_feature=16 10 0 3 7 8 3 3 18 1 9 12 26 8 28 12 9 4 3 3 25 18 0 22 3 26 28 9 13 3
split_gain=2.3952 3.13399 3.07467 4.30738 2.9988 3.43698 6.19737 5.41353 3.76201 4.36281 2.86852 2.86099 3.258 2.82781 2.65635 2.41648 8.34602 5.07294 3.63721 5.48531 4.7496 2.33204 2.4484 2.18054 2.59856 2.00568 1.68681 1.60919 1.44641 1.35958
threshold=1.0000000180025095e-35 0.9855765998363496 0.44327485561370855 0.40289855003356939 8.5000000000000018 0.37176080048084265 0.37617924809455877 0.30901856720447546 0.88209089636802684 0.80259740352630626 0.70031845569610607 0.69397994875907909 0.82575756311416637 0.71291208267211925 0.34930197894573217 0.048199767246842391 1.0000000180025095e-35 1.0000000180025095e-35 0.86391696333885204 0.84924244880676281 -1.0000000180025095e-35 0.54785186052322399 0.11852502077817918 0.80901724100112926 0.90070420503616344 0.93303570151329052 0.53826630115509044 0.8366680145263673 1.0000000180025095e-35 0.86729559302330028
decision_type=2 2 2 2 2 2 2 2 2 2 2 2 2 2 2 2 2 2 2 2 2 2 2 2 2 2 2 2 2 2
left_child=11 4 3 21 13 6 7 -6 14 -10 -8 12 15 26 -7 16 17 -1 19 -17 -20 22 -3 24 -15 -5 -2 -28 -13 -25
right_child=1 2 -4 25 5 8 10 -9 9 -11 -12 28 -14 23 -16 18 -18 -19 20 -21 -22 -23 -24 29 -26 -27 27 -29 -30 -31
leaf_value=0.020462135884576033 -0.075228518702523811 -0.0015436089137344053 0.074296099225109657 0.0015440700910511927 -0.062842969520641417 0.17240110325398447 -0.09223505303611873 0.21501349676851864 0.38051913220008038 -0.0072247173979108729 0.032734902793712772 -0.037444435140745969 -0.066317227720809099 -0.015740093542006516 -0.062906367081004472 0.0090530824608082566 -0.079965064628157445 -0.02550180066169291 0.012029885151322656 -0.10202032044670845 0.083050644191622544 -0.14138236544740967 0.087135437180222222 0.085889983959453617 0.0091643746790178865 -0.10590433210084572 0.061301693460670645 -0.053943096048123682 0.068645576018112164 -0.091379742026012553
leaf_weight=43.025841378897894 0.75906281488278082 3.6393290877458639 5.6301223247428416 1.9586547303479154 0.63446041792485575 0.31156295637629838 2.3532717451598728 1.5332917127670951 0.18935968851291995 9.6597737661541032 2.3487782985903323 0.94365874948562023 4.1081562306790138 93.587913008625037 21.148632053289475 87.618649922871555 8.53311427612425 23.906135785626248 15.445719440554969 2.9410290279192841 9.882357744878389 0.44372375123202878 4.4037206106586382 2.3276820648970893 37.581156485888641 2.5716310373973101 7.4707926173577999 0.86524442181689654 6.4044159296608996 0.31428081895865023
leaf_count=1013 1724 327 4042 22 132 339 1218 92 238 787 44 227 196 42199 22048 14872 19546 285 1488 210 3690 4 140 161 3590 55 2386 82 2415 62
internal_value=-0.000108604 -0.00632695 0.0249014 0.00353729 -0.00954268 -0.0294602 0.0217823 0.13369 -0.0407037 0.000230056 -0.0298098 0.00601541 0.0041731 -0.00422147 -0.0594901 0.00568646 -0.00545418 0.00404517 0.0129411 0.00544585 0.0397403 0.0371599 0.0470098 -0.00715538 -0.00860473 -0.0594494 0.0389435 0.0493398 0.0550212 0.0648025
internal_weight=402.542 199.732 18.6472 13.0171 181.085 38.1791 6.8698 2.16775 31.3093 9.84913 4.70205 202.809 195.461 142.906 21.4602 191.353 75.4651 66.932 115.888 90.5597 25.3281 8.48677 8.04305 133.811 131.169 4.53029 9.0951 8.33604 7.34807 2.64196
internal_count=123634 79692 4590 548 75102 24898 1486 224 23412 1025 1262 43942 41300 50204 22387 41104 20844 1298 20260 15082 5178 471 467 46012 45789 77 4192 2468 2642 223
is_linear=0
shrinkage=0.08


Tree=103
num_leaves=31
num_cat=0
split_feature=12 26 27 11 5 5 5 2 26 3 27 7 18 22 10 12 18 2 18 13 27 10 3 18 9 18 18 11 17 27
split_gain=2.27919 5.11534 5.09565 5.51882 3.74969 5.40543 3.36504 6.33609 3.19358 2.75834 2.60341 2.708 2.52411 3.12689 2.51655 2.4555 2.18111 4.5601 3.69231 3.04323 3.14856 2.16147 2.1117 3.17415 2.03161 2.46666 1.9843 1.97421 1.97285 1.67031
threshold=0.29520697891712194 0.34523810446262365 0.55600360035896312 0.64767315983772289 0.81666666269302379 0.78888890147209179 0.47727273404598242 0.57294833660125744 0.36038962006568914 0.81754159927368175 0.68304756283760082 12.500000000000002 0.76305484771728527 0.59053650498390209 0.92605021595954906 0.17519181966781619 0.63236224651336681 0.28759399056434637 0.63802105188369762 1.0000000180025095e-35 0.83884635567665111 0.65176862478256237 0.93127068877220165 0.97861903905868541 0.87106668949127208 0.8857233226299287 0.3754898607730866 0.62529620528221141 1.0000000180025095e-35 0.40075758099555975
decision_type=2 2 2 2 2 2 2 2 2 2 2 2 2 2 2 2 2 2 2 2 2 2 2 2 2 2 2 2 2 2
left_child=2 16 29 6 5 12 9 15 10 26 -5 -12 13 -3 -14 -8 17 19 -18 -2 -21 -20 -7 -24 25 -10 -4 -11 -9 -1
right_child=1 4 3 8 -6 22 7 28 24 27 11 -13 14 -15 -16 -17 18 -19 21 20 -22 -23 23 -25 -26 -27 -28 -29 -30 -31
leaf_value=-0.0019363066716538225 0.17644915289072796 -0.01054946161866582 0.090603695033790468 -0.13943242686780696 0.080816517023752005 -0.19266719504284716 -0.042904068066131881 -0.066264328627912927 -0.066606018306785642 -0.024246634340071224 0.11309158632471877 -0.066652310594607148 0.0036285454811092605 0.041996009587360987 0.054993155773870768 0.13877376870006505 0.32834045034544085 -0.065480015945629133 0.15993044322466124 0.059163949916278512 -0.031089235386757001 0.04536079223344857 0.080381383384225708 -0.28725073768479836 -0.262614935948009 0.09993074525007288 -0.076783460116423119 0.12898542603946267 -0.0057242938841701183 0.020495266311942383
leaf_weight=178.06486243346444 0.97765879833605396 82.276961155614117 0.46451312436693726 0.34479189710691471 3.6228707698173812 1.2948667106684291 0.61333451513928894 6.6770735969002981 1.8017157374415553 3.2643441489926768 3.931676036445424 0.62119463994167734 16.903041107347239 7.9482455389224915 9.555681660276603 2.1282077730866149 0.32832986576249723 3.2582708071568041 1.1666761245578516 7.4649076743517053 3.6999420783249661 10.900300527166108 0.53248053818242613 0.20942317202570848 0.22860808856785286 0.83207823522388924 18.701393288058171 0.64433016511611629 7.1169622529632761 24.123259662810597
leaf_count=7908 31 4104 281 29 4587 38 739 5375 473 5205 285 57 1727 857 5098 18 13 357 54 178 92 1474 403 37 4 43 72398 7 3086 8676
internal_value=-0.000107493 0.00768098 -0.0047932 -0.0284104 0.000642465 -0.00180412 -0.0404966 -0.0129519 0.0332819 -0.0602356 0.0725163 0.0885673 0.000451197 -0.00592055 0.0221791 0.098129 0.0386608 0.0185562 0.06364 0.0411062 0.0292548 0.0564378 -0.131008 -0.0233931 -0.0338495 -0.0139931 -0.0727266 0.00101309 -0.035029 0.000740026
internal_weight=399.698 150.14 249.558 47.3702 122.344 118.721 39.6102 16.5356 7.76006 23.0746 4.89766 4.55287 116.684 90.2252 26.4587 2.74154 27.7961 15.4008 12.3953 12.1425 11.1648 12.067 2.03677 0.741904 2.8624 2.63379 19.1659 3.90867 13.794 202.188
internal_count=123634 19050 104584 88000 16851 12264 87109 9218 891 77891 371 342 11786 4961 6825 757 2199 658 1541 301 270 1528 478 440 520 516 72679 5212 8461 16584
is_linear=0
shrinkage=0.08


Tree=104
num_leaves=31
num_cat=0
split_feature=13 21 12 20 1 3 22 1 0 17 1 22 1 3 1 3 25 0 12 10 0 7 1 11 7 10 26 12 12 28
split_gain=2.13429 2.44186 2.44591 3.24897 2.15208 3.31133 1.9394 2.64543 3.10685 2.88136 1.85792 1.80881 1.84198 5.83731 4.51773 4.23345 3.83032 2.98712 1.75311 2.1651 1.69078 1.54642 1.45041 1.42823 3.04643 2.74681 1.40636 2.73103 1.38132 1.0296
threshold=1.5000000000000002 1.0000000180025095e-35 0.18019481003284457 1.0000000180025095e-35 0.92031747102737438 0.80810147523880016 0.47690120339393621 0.85880398750305187 0.80810147523880016 1.0000000180025095e-35 0.94494947791099559 0.83457711338996898 0.11374663189053537 0.11215933039784433 0.20550528168678286 0.54261502623558056 1.0000000180025095e-35 0.12599206715822223 0.53589746356010448 0.7729182541370393 0.75905716419219982 1.5000000000000002 0.94494947791099559 0.91693207621574413 3.5000000000000004 0.96315687894821178 0.42261904478073126 0.47493734955787664 0.93933823704719555 0.73713612556457531
decision_type=2 2 2 2 2 2 2 2 2 2 2 2 2 2 2 2 2 2 2 2 2 2 2 2 2 2 2 2 2 2
left_child=1 11 3 22 5 -5 7 8 18 -10 -6 12 13 16 17 -16 -1 -14 19 -2 -13 -15 -3 29 -25 -26 -8 -28 -20 -4
right_child=6 2 23 4 10 -7 26 -9 9 -11 -12 20 14 21 15 -17 -18 -19 28 -21 -22 -23 -24 24 25 -27 27 -29 -30 -31
leaf_value=0.06366329573297097 0.022349264641813402 -0.11684317647069521 -0.047205809435790363 -0.049080319562005911 -0.040419933386005628 0.05682493033402608 0.1001644783981349 0.077658801108679426 -0.30964868833971415 0.083725077924154304 0.0093482345947866041 0.081361272078685529 -0.0024603652212200587 -0.0090976439172033175 -0.027145871356421408 -0.0014206761201952976 -0.052709755546990651 0.047570324453232102 0.049806777708907311 -0.073702040992651985 -0.079607616650996652 -0.067049192854217565 0.083001838756716503 0.080139447324523813 -0.2642007715012834 0.080205390639407806 -0.088741567380945491 0.074614890959078611 -0.049385951837410125 0.073118910895472095
leaf_weight=5.9198486411478388 2.8287271916196914 1.8120813776877178 0.48562417045468276 2.2908501417623475 6.004434633752683 10.785073377021034 3.1051755752996533 2.9400993981398633 0.39237267660792063 0.17115144588751718 23.946411635686673 2.660362305679882 13.503424163660386 3.8472232771746375 50.824122515317868 210.53714130025037 2.6074036781938048 17.582377793376509 5.0347969591384754 3.2021466682199389 0.49538867576484324 12.594024961887042 0.26662474480690423 0.86024959760834441 0.43944402161287144 0.22362678320496343 0.95156740769743953 2.1015117526403628 1.0936615287209859 7.2483365201915149
leaf_count=408 397 407 21 550 123 368 86 2304 33 36 942 281 1248 315 20986 85097 124 1368 317 71 173 1735 9 1383 41 213 14 348 84 4152
internal_value=-0.000101367 -0.00151689 0.0141609 0.00647337 0.0111926 0.0382707 0.0242203 0.00926564 -0.0065392 -0.190175 -0.000629103 -0.00417554 -0.00477473 -0.0256314 -0.00299403 -0.00642318 0.0280796 0.0258374 0.00197138 -0.02865 0.0560924 -0.0534886 -0.0912101 0.0516178 -0.0191854 -0.148047 0.0622561 0.0237008 0.0321052 0.0655636
internal_weight=396.755 374.934 54.3628 45.1055 43.0268 13.0759 21.8212 15.663 12.7229 0.563524 29.9508 320.571 317.416 24.9685 292.447 261.361 8.52725 31.0858 12.1593 6.03087 3.15575 16.4412 2.07871 9.25728 1.52332 0.663071 6.15825 3.05308 6.12846 7.73396
internal_count=123634 119944 8209 2399 1983 918 3690 3242 938 69 1065 111735 111281 2582 108699 106083 532 2616 869 468 454 2050 416 5810 1637 254 448 362 401 4173
is_linear=0
shrinkage=0.08


Tree=105
num_leaves=31
num_cat=0
split_feature=16 10 2 2 12 26 7 8 3 0 2 18 0 8 11 27 8 7 8 28 2 3 3 27 0 27 12 18 13 11
split_gain=2.02395 2.65689 2.63808 3.88512 2.55862 2.82766 2.4979 2.93596 5.00843 3.69063 3.54526 3.23373 3.7828 2.4314 2.17935 4.30742 3.09506 2.41834 2.29215 2.07037 1.87614 1.80195 1.77328 3.82202 2.67957 1.66052 3.53201 1.46837 1.21568 1.11537
threshold=1.0000000180025095e-35 0.9855765998363496 0.48050633072853094 0.3144462406635285 0.69397994875907909 0.82575756311416637 8.5000000000000018 0.37176080048084265 0.41060766577720648 0.13873296231031421 0.19433516263961795 0.88209089636802684 0.77003204822540294 0.71291208267211925 0.71707642078399669 0.69518002867698681 0.25211864709854132 1.5000000000000002 0.44151847064495092 0.34930197894573217 0.29459981620311743 0.45867486298084265 0.11215933039784433 0.44310989975929266 0.10596491396427156 0.98319208621978771 0.42582418024539953 0.54785186052322399 1.0000000180025095e-35 0.93515834212303173
decision_type=2 2 2 2 2 2 2 2 2 2 2 2 2 2 2 2 2 2 2 2 2 2 2 2 2 2 2 2 2 2
left_child=4 6 3 20 5 14 13 8 9 -8 -10 19 -13 25 16 21 -1 -17 -18 -9 27 -16 23 -15 -24 26 -2 -3 29 -6
right_child=1 2 -4 -5 28 -7 7 11 10 -11 -12 12 -14 22 15 17 18 -19 -20 -21 -22 -23 24 -25 -26 -27 -28 -29 -30 -31
leaf_value=-0.095247968985832529 0.014450829431461287 0.026677268148130512 0.073849897190276959 -0.064901998700587993 0.053775618618403423 -0.062859893564425826 -0.078072348828335164 0.13176204557518245 0.098086363947752025 0.15168391781123014 -0.078201252307104521 0.044326704704992372 -0.055533521797783161 -0.0822645103141766 0.21151544758655305 0.074851487180138288 0.039227594589996494 0.0063555803754155151 0.00031723323907247768 -0.059707778951695059 0.13308673723564929 0.069977704823451101 -0.050865939570070802 0.061557373762383023 -0.0056634113570864907 -0.0836193280801346 0.13203349997920197 -0.14226392913291558 0.066855821439493895 -0.11989057835353295
leaf_weight=2.0843450346801538 6.0621207209587702 7.7400736782874464 4.8639346610580096 3.6683225316228336 0.4864998142584217 3.9810313099878831 0.56433926869067308 0.36809591254132712 0.95760487191728305 2.1603214448987273 3.0731698327399499 5.4280034192051954 4.3923255357003654 1.4905695319175709 0.98451421241043435 3.8551169653655988 10.372628139091828 22.863976938213455 147.07622458524565 19.965642601713625 1.0515385915059585 1.3862774387525858 9.0543411418548185 5.7227997473528376 114.91590126083611 0.68284254195896288 2.2388135408691596 0.34389232215471555 5.9496369654079899 0.46092637028777972
leaf_count=303 3838 466 4058 49 163 196 111 339 26 169 1180 829 196 50 13 1733 2118 1822 34827 22048 13 288 988 282 44692 208 146 4 2415 64
internal_value=-8.65179e-05 -0.0058881 0.0236943 0.00464118 0.00557674 0.00386231 -0.00883967 -0.0273558 0.0203139 0.104096 -0.03632 -0.0380353 -0.000337647 -0.00396392 0.00527054 0.0254083 0.00159855 0.0162384 0.00288062 -0.0562417 0.032566 0.128754 -0.00672122 0.031838 -0.00896484 0.036299 0.0461636 0.0194905 0.053453 -0.0307136
internal_weight=394.246 194.745 17.6678 12.8038 199.501 192.604 177.077 36.9095 6.75544 2.72466 4.03077 30.1541 9.82033 140.167 188.623 29.0899 159.533 26.7191 157.449 20.3337 9.1355 2.37079 131.184 7.21337 123.97 8.98378 8.30093 8.08397 6.89706 0.947426
internal_count=123634 79692 4590 532 43942 41300 75102 24898 1486 280 1206 23412 1025 50204 41104 3856 37248 3555 36945 22387 483 301 46012 332 45680 4192 3984 470 2642 227
is_linear=0
shrinkage=0.08


Tree=106
num_leaves=31
num_cat=0
split_feature=22 5 5 3 2 2 8 2 3 6 8 2 0 7 27 12 4 20 2 3 18 12 12 22 10 0 6 12 13 28
split_gain=1.93123 2.18727 10.4899 13.8316 8.76534 6.54745 6.90489 4.40946 3.77787 6.98036 6.89066 3.56747 3.50397 7.30304 3.74567 3.4322 3.60545 3.13263 7.34312 3.08701 2.99843 2.85986 3.19442 2.79828 2.49564 1.54693 0.868448 0.579951 0.445721 0.418608
threshold=0.83096903562545787 0.30384616553783422 0.10555555671453477 0.60791924595832836 0.59317129850387584 0.30848532915115362 0.64760348200798046 0.45923791825771337 0.80810147523880016 1.5000000000000002 0.94494947791099559 0.84273937344551098 0.3442887961864472 3.5000000000000004 0.92511683702468883 0.61721614003181469 1.0000000180025095e-35 1.0000000180025095e-35 0.5912291705608369 0.75905716419219982 0.86707893013954174 0.10762548446655275 0.11269841343164445 0.6789083480834962 0.92605021595954906 0.75905716419219982 3.5000000000000004 0.10435571894049646 1.0000000180025095e-35 0.70983868837356578
decision_type=2 2 2 2 2 2 2 2 2 2 2 2 2 2 2 2 2 2 2 2 2 2 2 2 2 2 2 2 2 2
left_child=1 2 3 5 7 23 -7 24 9 20 -11 12 13 -4 -14 16 -10 18 -9 -19 -6 -5 -23 -1 -3 27 -17 28 -2 -13
right_child=25 4 11 21 8 6 -8 17 15 10 -12 29 14 -15 -16 26 -18 19 -20 -21 -22 22 -24 -25 -26 -27 -28 -29 -30 -31
leaf_value=-0.0012281857872457407 -0.083966222833913196 -0.092579698951990114 0.33359677721591402 -0.075067557567480389 0.19530395190490865 0.0075944294642204778 -0.081635863411248552 0.0071289614344782135 0.012358507790247251 -0.051778626857893813 0.017883812737255717 0.24023533975335323 -0.071338571473463439 -0.031797482156766518 0.009892948451127731 0.080329704862245749 -0.012939504878863577 0.10831434393941936 0.67086443851214483 0.031468801005974177 0.028172835975381717 0.45499805531398357 0.080985090499439208 0.052604250283762463 0.086307896978605761 -0.075914081288349977 0.019075077977259484 0.091931261131828951 0.09506482917358447 0.096378645270431315
leaf_weight=86.496347788011917 0.2286116406394284 1.991959815048179 0.44981187156373126 0.75348752186255197 1.2158579744791489 9.4010948329560069 13.549847860354928 6.9259583569655669 90.63336522483587 28.66339528194294 13.3060531018491 0.22211326658725639 24.947097884985855 1.5788167098653501 4.2521863797373944 4.5809932893898795 59.873434894470847 9.8190446028384013 0.10834568887366902 5.074777567606362 1.5794478639363658 0.14776389384496624 13.379557137144728 6.6554431225158615 0.66598959520342749 0.47527949639334099 2.1892162127769552 2.7225071694992948 0.14573385450057685 0.31033336856489768
leaf_count=8673 94 1136 202 3062 563 3878 9915 4215 9528 10500 2594 1 39901 1232 9623 5188 5137 1627 68 601 384 108 1185 1130 64 185 2508 282 3 47
internal_value=-8.42756e-05 -0.000622284 -0.00771644 0.00232643 0.00445332 -0.00681195 -0.0450856 0.0495551 -0.00103503 -0.0215399 -0.0296927 -0.0489447 -0.0524457 0.0492221 -0.0595091 0.00480115 0.00229465 0.0613505 0.0173521 0.0821307 0.100869 0.0766213 0.0850706 0.002618 -0.0477567 0.0584697 0.0605224 0.0790939 -0.0142689 0.156389
internal_weight=392.344 388.772 162.144 130.384 226.628 116.103 22.9509 24.5861 202.042 44.7648 41.9694 31.7604 31.2279 2.02863 29.1993 157.277 150.507 21.9281 7.0343 14.8938 2.79531 14.2808 13.5273 93.1518 2.65795 3.57213 6.77021 3.09685 0.374345 0.532447
internal_count=123634 123070 78957 27951 44113 23596 13793 7711 36402 14041 13094 51006 50958 1434 49524 22361 14665 6511 4283 2228 947 4355 1293 9803 1200 564 7696 379 97 48
is_linear=0
shrinkage=0.08


Tree=107
num_leaves=31
num_cat=0
split_feature=21 2 3 0 5 10 2 5 1 5 28 27 20 1 5 3 5 18 18 24 28 28 25 18 7 17 11 26 7 3
split_gain=1.88699 3.23174 6.47108 9.4673 5.75097 6.39052 4.77708 4.68465 7.38364 6.154 4.56449 4.39739 3.77339 3.76971 3.7324 11.9154 4.18053 3.52296 3.04685 2.79408 3.04638 6.3146 2.39781 2.70962 1.952 1.86716 1.56309 2.61671 2.23898 1.64586
threshold=1.0000000180025095e-35 0.82807883620262157 0.98484501242637645 0.66312056779861461 0.4083333313465119 0.58113884925842296 0.58885449171066295 0.58571431040763866 0.88273492455482494 0.86607143282890331 0.70291385054588329 0.41202270984649664 1.0000000180025095e-35 0.86319074034690868 0.10555555671453477 0.5912291705608369 0.2264957278966904 0.92000734806060802 0.68961194157600414 -1.0000000180025095e-35 0.91683137416839611 0.89946490526199352 1.0000000180025095e-35 0.84889179468154918 1.0000000180025095e-35 1.0000000180025095e-35 0.91693207621574413 0.32051283121109014 3.5000000000000004 0.78501400351524364
decision_type=2 2 2 2 2 2 2 2 2 2 2 2 2 2 2 2 2 2 2 2 2 2 2 2 2 2 2 2 2 2
left_child=1 4 3 -3 5 11 13 8 -5 -9 12 17 -8 24 15 -7 -16 -1 -12 -4 21 -21 23 -2 -6 -15 27 29 -28 -25
right_child=22 2 19 7 6 14 10 9 -10 -11 18 -13 -14 25 16 -17 -18 -19 -20 20 -22 -23 -24 26 -26 -27 28 -29 -30 -31
leaf_value=-0.0057001998800891756 -0.089422780423956891 0.12223680396331758 -0.27822434751181979 0.049725191960839556 -0.066649422230489627 -0.0020428317552513156 -0.087340846040218079 -0.10154495351944483 -0.10031892017527153 0.081941685541936135 0.16839852858772897 -0.073662627746220927 -0.0052733235076125994 -0.055614117157037228 -0.062240455581182776 0.083291011133136111 -0.0041499329496820971 -0.19330923924128041 0.019386492158649585 0.027260447138505266 0.066187530170981251 -0.072904311191818519 0.076666777763062577 -0.08716157277503335 0.092340462506230472 0.037842865238060387 0.080207158329236153 0.083037039007483174 -0.19290940927955691 0.011914685220085038
leaf_weight=16.333576326898772 1.7218069503651339 1.9346593130248972 0.21498402403085748 4.9521985652754683 0.51963947879994776 109.06596029904176 4.3339842398054342 14.799750367637898 3.6431673649531149 1.2702529613161466 0.89297432592138548 13.949894691802909 20.766598241774773 2.0959113858552874 11.801363136575672 11.584722748651982 24.161376296913659 0.66673819255083699 53.043057196206064 13.200975266372557 5.1271049553179173 5.7968819219095158 3.6131132643058654 1.0998928709559539 10.103374953527235 3.9402986913919449 0.29832456933217955 3.3250493303348767 0.53952603810466826 44.028724252730171
leaf_count=5431 385 235 11 587 107 8847 1394 1367 579 216 209 77787 2046 346 1650 772 1381 4 7280 1035 1190 498 4933 412 970 274 363 1518 68 1739
internal_value=-9.71002e-05 -0.00235028 -0.0209013 -0.0481765 0.000985847 -0.00715633 0.0169445 -0.0615431 -0.0138714 -0.0870413 0.00873837 -0.0403738 -0.0194435 0.0558769 -0.000591842 0.00615081 -0.0232126 -0.0130581 0.0218536 0.00890649 0.0114652 -0.00330317 0.0136876 0.00922703 0.0845633 0.00539245 0.012673 0.0145463 -0.0956637 0.00949996
internal_weight=388.826 334.199 50.94 26.6 283.259 187.564 95.6958 24.6654 8.59537 16.07 79.0366 30.9502 25.1006 16.6592 156.613 120.651 35.9627 17.0003 53.936 24.3399 24.125 18.9979 54.6264 51.0133 10.623 6.03621 49.2915 48.4537 0.837851 45.1286
internal_count=123634 114216 5718 2984 108498 95872 12626 2749 1166 1583 10929 83222 3440 1697 12650 9619 3031 5435 7489 2734 2723 1533 9418 4485 1077 620 4100 3669 431 2151
is_linear=0
shrinkage=0.08


Tree=108
num_leaves=31
num_cat=0
split_feature=7 8 18 7 19 3 20 2 8 12 2 9 17 1 27 10 28 18 27 13 3 2 1 3 27 3 2 8 5 10
split_gain=1.75965 6.55664 7.11968 5.38867 4.99267 3.87143 5.54341 6.4674 4.69547 4.17591 3.81117 3.68149 4.32804 3.66527 3.41958 3.23403 2.96194 3.05326 2.83844 2.60263 6.40223 2.86999 3.91251 2.90173 3.16468 2.6887 3.948 3.1703 3.04877 3.02119
threshold=4.5000000000000009 0.86576578021049511 0.85710549354553234 2.5000000000000004 0.73214286565780651 0.15504807978868487 1.0000000180025095e-35 0.74115687608718883 0.9569842815399171 0.21240601688623431 0.93419912457466137 0.45865716040134435 1.0000000180025095e-35 0.81872946023941051 0.99655172228813182 0.63188141584396373 0.65838223695755016 0.84706762433052074 0.7509123980998994 1.0000000180025095e-35 0.87226107716560375 0.11852502077817918 0.20550528168678286 0.11852502077817918 0.45198893547058111 0.93683511018753063 0.80982521176338207 0.28165064752101904 0.4083333313465119 0.90976935625076305
decision_type=2 2 2 2 2 2 2 2 2 2 2 2 2 2 2 2 2 2 2 2 2 2 2 2 2 2 2 2 2 2
left_child=1 2 14 5 11 8 9 -8 15 -7 -5 12 -4 -6 16 -3 18 -18 -1 25 21 23 -23 24 -21 26 27 29 -29 -2
right_child=19 3 4 10 13 6 7 -9 -10 -11 -12 -13 -14 -15 -16 -17 17 -19 -20 20 -22 22 -24 -25 -26 -27 -28 28 -30 -31
leaf_value=0.049656058885355028 0.10204471347295405 0.21007805252386008 -0.021412019992741331 -0.041696913652876776 0.24320444788558654 -0.049469962940847836 0.050767035147250596 -0.0014851776384757693 -0.01912553892402959 0.00047127146547301527 0.043321149238182449 0.026557214531713266 -0.16852004930509501 0.017000019747929692 -0.09834330132588058 0.064888911204444025 0.08337554472233831 0.29894006895701924 -0.07467158189975788 -0.091827429000963912 0.077486203475953377 0.047268465593297802 -0.0058718478199311346 -0.07122622773318156 0.060597966235785776 0.0029546863674698711 -0.089283225411848105 -0.035275342159295113 0.0066972183674321685 -0.059808488974416429
leaf_weight=9.2794188166517468 2.5239057270300687 1.1855908467987299 2.6370861105569956 29.338743773139868 0.47017867515387735 20.111722899557208 21.049830488842417 54.181159178624512 3.9975151733087841 22.935551772097824 3.8131374704244072 2.4412466906760528 2.4871619048717548 18.363697037006204 0.84263936835850373 5.7142546403047163 13.224571579212348 0.43433334351721065 1.3456592796792382 1.258883633185176 7.1088649604716911 11.177600791947041 42.899230324263044 6.9290563527101767 2.8348326469276799 35.703404822041193 5.4990686118726435 38.375469234695629 15.569293973407182 1.0431661498732863
leaf_count=2377 421 189 999 9508 19 13605 7418 8678 364 2645 492 439 232 2181 315 270 1304 82 3486 24 2580 705 9351 730 175 2398 457 49363 2803 24
internal_value=-9.06154e-05 0.00474599 0.0296091 -0.00314605 0.000597116 0.00423807 3.42542e-05 0.0131351 0.0498656 -0.0228613 -0.0319181 -0.0542951 -0.092814 0.0226471 0.0600906 0.0898366 0.0655882 0.0902302 0.03391 -0.00614204 0.00540025 -0.00247152 0.00511218 -0.0396765 0.0137247 -0.0145851 -0.0245235 -0.0183315 -0.0231614 0.0547118
internal_weight=384.776 213.853 51.526 162.328 26.3994 129.176 118.278 75.231 10.8974 43.0473 33.1519 7.56549 5.12425 18.8339 25.1266 6.89985 24.284 13.6589 10.6251 170.923 72.2085 65.0996 54.0768 11.0228 4.09372 98.7143 63.0109 57.5118 53.9448 3.56707
internal_count=123634 54603 11434 43169 3870 33169 32346 16096 823 16250 10000 1670 1231 2200 7564 459 7249 1386 5863 69031 13565 10985 10056 929 199 55466 53068 52611 52166 445
is_linear=0
shrinkage=0.08


Tree=109
num_leaves=31
num_cat=0
split_feature=22 25 12 27 12 27 0 1 2 9 7 18 3 12 12 26 0 2 27 11 3 12 26 27 8 0 12 12 25 14
split_gain=1.85049 1.96329 4.28343 2.60892 3.29906 2.17981 2.38357 4.76461 3.50772 2.32494 2.2764 3.36695 2.74488 2.25318 2.14555 2.02797 1.97993 3.09294 2.166 1.8686 1.78595 1.77363 4.18348 3.59457 1.36109 1.22829 0.49096 0.453276 0.430992 0.41088
threshold=0.83096903562545787 -1.0000000180025095e-35 0.080540537834167494 0.97309362888336193 0.71825397014617931 0.88935971260070812 0.55351883172988903 0.55603864789009105 0.34514106810092932 0.6683848798274995 12.500000000000002 0.92415231466293346 0.26975052058696752 0.62828946113586437 0.098387096077203764 0.5634920895099641 0.83910790085792553 0.86319074034690868 0.37549999356269842 0.93515834212303173 0.69028213620185863 0.32666666805744177 0.20714285969734195 0.78059476613998424 0.90098038315773021 0.75905716419219982 0.10435571894049646 0.0745370388031006 1.0000000180025095e-35 1.0000000180025095e-35
decision_type=2 2 2 2 2 2 2 2 2 2 2 2 2 2 2 2 2 2 2 2 2 2 2 2 2 2 2 2 2 2
left_child=1 2 16 21 24 10 8 -8 9 -7 13 12 -12 15 -9 -3 -1 18 -18 -15 -10 22 -4 -23 -5 26 28 -19 -2 -6
right_child=25 5 3 4 29 6 7 14 20 -11 11 -13 -14 19 -16 -17 17 27 -20 -21 -22 23 -24 -25 -26 -27 -28 -29 -30 -31
leaf_value=-0.082815605179074117 -0.083482530869025337 0.0044348240452984798 0.013466556961852625 -0.085346505093211497 -0.0049563389242273451 -0.082772030240139738 0.53688202352742631 -0.081215395736603246 -0.062075783215340775 0.042677758369123013 -0.10128760723639316 -0.17952131105766725 -0.0082883390477848668 0.072322812431675376 0.059352920163086874 -0.029598166285362021 0.13780437326728623 -0.098105014799735685 -0.080310033121050478 -0.077352830407872303 0.052196713370045326 0.038034870095817686 -0.032236719700124601 -0.0064504882782299936 0.0075043213289855363 -0.070448808518936076 0.090610469351866299 0.03934431077377315 0.095870322236344535 0.096320835725848944
leaf_weight=6.9428226709242136 0.20915667024019047 184.09880317628995 23.556533387793024 5.8131675530457851 0.35019021068001144 1.0342522066275766 0.12970538889930949 0.75069810831337136 5.0808509599664822 11.015184965246588 2.2030412950116505 0.82481133053079148 26.033498943252198 4.68710595043376 9.3553668802487646 11.932065608474657 1.0660508219152691 1.4080329133139455 0.40099174695933459 0.60242943474440824 1.0575030908148617 18.253754249250051 28.118525221907475 32.01203702276689 1.2229699360905213 0.40614678366546275 2.5159078477881849 0.17234796869161062 0.14533336163731292 0.95695944273029454
leaf_count=58402 95 16235 15265 1522 56 586 23 1538 1587 607 172 13 3188 2750 5996 1217 34 1065 550 195 648 1027 6652 3106 477 185 282 18 2 141
internal_value=-9.63552e-05 -0.000613774 -0.00905912 -0.00451519 -0.0475252 0.00331102 0.0242135 0.0550947 0.00683407 0.0319099 0.000732164 -0.0201982 -0.0155442 0.00375354 0.0489112 0.00236329 -0.0592203 -0.00546408 0.0781864 0.0552761 -0.0423892 -0.000995064 -0.0114025 0.00970413 -0.0692079 0.0597664 0.0781912 -0.0831155 -0.00995168 0.0691883
internal_weight=382.356 379.08 120.274 110.284 8.34329 258.805 28.4236 10.2358 18.1878 12.0494 230.382 29.0614 28.2365 201.32 10.1061 196.031 9.99025 3.04742 1.46704 5.28954 6.13835 101.941 51.6751 50.2658 7.03614 3.27654 2.8704 1.58038 0.35449 1.30715
internal_count=123634 123070 88315 28246 2196 34755 10985 7557 3428 1193 23770 3373 3360 20397 7534 17452 60069 1667 584 2945 2235 26050 21917 4133 1999 564 379 1083 97 197
is_linear=0
shrinkage=0.08


Tree=110
num_leaves=31
num_cat=0
split_feature=22 21 2 0 5 18 5 8 3 27 10 5 26 18 13 28 26 11 8 7 0 26 2 2 10 2 11 22 10 5
split_gain=1.68709 1.77844 2.37157 5.58813 7.07679 7.47003 5.29948 7.08411 4.39009 3.48094 2.97024 6.80358 3.43943 2.14271 2.46356 2.05502 1.92811 1.38872 2.08513 1.55813 1.12059 0.449677 0.371811 0.43075 0.280652 0.267622 0.223584 0.130879 0.043677 0.0432705
threshold=0.83096903562545787 1.0000000180025095e-35 0.82807883620262157 0.66312056779861461 0.61250001192092907 0.91619548201560985 0.55050507187843334 0.68237251043319713 0.87026646733284008 0.78805705904960643 0.57207792997360241 0.30384616553783422 0.12916667014360431 0.85285884141922008 1.0000000180025095e-35 0.93710288405418407 0.48076923191547399 0.91693207621574413 0.93582704663276683 3.5000000000000004 0.77459675073623668 0.43650794029235845 0.8539126217365266 0.84680575132370006 0.52062898874282848 0.86319074034690868 0.2356245890259743 0.91266208887100231 0.44392034411430364 0.36931818723678594
decision_type=2 2 2 2 2 2 2 2 2 2 2 2 2 2 2 2 2 2 2 2 2 2 2 2 2 2 2 2 2 2
left_child=1 2 6 22 5 -5 10 9 -9 -8 11 -1 -12 16 17 -6 21 18 -15 -19 26 -3 23 -4 -16 -24 -2 -22 -28 -26
right_child=20 13 3 4 15 -7 7 8 -10 -11 12 -13 -14 14 24 -17 -18 19 -20 -21 27 -23 25 -25 29 -27 28 -29 -30 -31
leaf_value=-0.061747634628043356 0.01244350859630737 -0.091893211618535933 0.061319117684898318 -0.018117123096231053 -0.0050725425458171712 -0.1199958604635315 -0.042804721662960329 0.027151386330852213 0.093827973161433958 0.089854763523810693 0.055928147360554188 -0.0032503625318488867 -0.0016113803648652291 0.034574278953911991 0.026785244727826105 0.080045935203275145 0.087142682139334404 0.080202908266881562 -0.0007929322816039436 -0.16331185553310729 -0.085552248963593203 -0.21213678455978818 -0.049861360958702881 0.17750564121879051 0.053912175885664715 0.092741060764784986 0.053647512955451386 0.058398590724029538 0.089364831659944494 0.081776815912029871
leaf_weight=17.652330034128681 0.30049326184962399 1.3041541421680438 0.2744616840245715 10.560166334351381 26.561646978538196 8.1694642855436523 10.657989077546516 24.130864117290912 8.5623093641625001 1.4365234235010564 6.9376234776973424 45.583300369529752 159.62728021066141 16.926531715762394 0.78584370530370407 1.9484657027060155 0.39877835995866906 0.23659380135359143 28.857195537060761 0.58142216951819137 0.33971743443544244 0.23489931225776661 0.095982718135928624 0.79793598913238384 0.39544291276251886 0.68765659152995795 0.24425437708123388 0.04588161944411695 2.1290603677844047 3.6374965454160701
leaf_count=66118 10 417 57 1486 2137 745 385 3261 942 918 698 22192 13572 1128 35 963 29 306 1965 55 159 1 21 22 227 135 82 20 293 5255
internal_value=-9.69949e-05 -0.000577096 -0.00280786 -0.0190023 -0.0243522 -0.0625544 8.76696e-05 0.0252622 0.0446139 -0.0270481 -0.0048188 -0.01958 0.000785208 0.0129553 0.0160674 0.000744707 -0.0696258 0.0104366 0.0122825 -0.0928804 0.0590709 -0.110245 0.117161 0.14777 0.0705222 0.0752746 0.0774573 -0.0684238 0.0856889 0.0790446
internal_weight=380.102 377.042 323.684 49.0958 47.2397 18.7296 274.588 44.7877 32.6932 12.0945 229.801 63.2356 166.565 53.3584 51.4205 28.5101 1.93783 46.6017 45.7837 0.818016 3.05941 1.53905 1.85604 1.0724 4.81878 0.783639 2.67381 0.385599 2.37331 4.03294
internal_count=123634 123070 113652 5566 5331 2231 108086 5506 4203 1303 102580 88310 14270 9418 8971 3100 447 3454 3093 361 564 418 235 79 5517 156 385 179 375 5482
is_linear=0
shrinkage=0.08


Tree=111
num_leaves=31
num_cat=0
split_feature=17 12 26 10 0 0 12 0 11 27 9 12 27 1 10 12 11 27 11 7 3 3 3 25 1 3 7 13 26 11
split_gain=1.57566 2.14122 2.30005 2.0163 2.08492 2.65023 3.39431 2.54524 3.91568 2.03397 2.8155 2.22509 2.03198 3.73037 1.92455 2.47907 1.76273 3.98963 3.32066 1.90313 1.89231 4.08198 3.32774 1.70745 1.46285 1.46389 1.07488 0.910705 0.928089 0.764821
threshold=1.0000000180025095e-35 0.69397994875907909 0.82575756311416637 0.9855765998363496 0.51113310456275951 0.26894375681877142 0.43874999880790716 0.11852502077817918 0.58960863947868358 0.84650033712387096 0.8657626509666444 0.19292803853750232 0.8782135844230653 0.8521554470062257 0.957820624113083 0.27525253593921667 0.71707642078399669 0.66794872283935558 0.77154105901718151 1.5000000000000002 0.73606809973716747 0.73375529050827037 0.84924244880676281 -1.0000000180025095e-35 0.71330726146698009 0.28831169009208685 19.500000000000004 1.0000000180025095e-35 0.55050507187843334 0.93515834212303173
decision_type=2 2 2 2 2 2 2 2 2 2 2 2 2 2 2 2 2 2 2 2 2 2 2 2 2 2 2 2 2 2
left_child=3 2 16 9 5 7 -7 8 -5 10 14 -11 13 -13 15 -1 20 18 -18 -19 21 -2 -22 -14 25 -4 -8 29 -29 -3
right_child=1 27 24 4 -6 6 26 -9 -10 11 -12 12 23 -15 -16 -17 17 19 -20 -21 22 -23 -24 -25 -26 -27 -28 28 -30 -31
leaf_value=-0.0096523376129480781 -0.0090672076656321474 0.052182654057191538 0.030918758632054181 -0.078363800536004447 0.078150463178422808 0.095752996737700977 -0.037447266950433718 0.099418358514390126 0.092504132969138286 -0.080155247165729429 0.1097927273926973 -0.085631130039382372 -0.024946973455360868 0.075180304607725429 -0.075441447979074733 0.015788477849216807 0.11599556668387682 0.07068026892611734 0.51451683266520798 0.0086153331554683771 0.031541500879869948 -0.31206768222722064 -0.0010515373581114985 0.015804477219619643 0.082970471791386752 -0.10131968317634617 -0.12642171853046208 -0.075458908151550402 0.072810775782439677 -0.097632656286441188
leaf_weight=95.450666944236218 53.643759370632324 0.4302952607977194 0.6664838985307141 1.9275682961451841 3.3209892359882351 1.1532233990728853 4.2777714278781787 2.8810483368579298 1.5474313066806642 4.0740653202901731 1.3954910396132607 5.3444016404246204 15.743775060996997 1.1159818926244041 2.3988014498027033 32.984755626093829 0.95595257281093171 3.6629612779943299 0.15559386789391283 23.117972452251706 27.635287925284501 0.28607148471928567 73.026737991560367 11.305434995018002 0.41944113271892991 2.7316331926558632 1.0904961163760161 0.28600467115757044 4.8854050684167305 0.44221071954234503
leaf_count=41477 25738 163 24 50 3972 8 138 137 277 26359 167 489 2707 244 65 1951 91 1807 65 1893 5703 65 5742 1643 101 71 8 60 2355 64
internal_value=-8.4582e-05 0.00499233 0.00347203 -0.00533437 0.0216334 0.00705823 -0.0287708 0.0438199 -0.00227562 -0.00790683 -0.00323904 -0.0243294 -0.0175422 -0.0578522 -0.00444465 -0.00311863 0.0047577 0.0232683 0.17178 0.0171043 0.0014179 -0.0106745 0.0078964 -0.00791458 -0.0579847 -0.0753833 -0.0555213 0.0518552 0.0646107 -0.023748
internal_weight=378.358 192.346 186.302 186.012 16.1985 12.8775 6.52149 6.35605 3.475 169.813 132.23 37.5837 33.5096 6.46038 130.834 128.435 182.484 27.8925 1.11155 26.7809 154.592 53.9298 100.662 27.0492 3.81756 3.39812 5.36827 6.04392 5.17141 0.872506
internal_count=123634 43942 41300 79692 4590 618 154 464 327 75102 43660 31442 5083 733 43493 43428 41104 3856 156 3700 37248 25803 11445 4350 196 95 146 2642 2415 227
is_linear=0
shrinkage=0.08


Tree=112
num_leaves=31
num_cat=0
split_feature=22 22 0 0 22 8 27 22 10 2 11 10 8 18 8 5 5 7 0 12 10 5 7 8 12 26 10 22 9 12
split_gain=1.64727 4.91357 3.85041 7.17664 3.43313 2.99779 2.68569 2.49403 2.44822 2.34711 7.43762 7.59655 6.58008 2.88584 8.48153 7.72574 7.22325 5.09931 3.56425 2.87672 1.93364 2.47589 1.68771 2.7597 1.61835 1.56306 1.30126 1.13594 1.04885 0.96152
threshold=0.46265329420566564 1.0000000180025095e-35 0.40224719047546392 0.12599206715822223 0.75809821486473095 0.79449471831321727 0.38918128609657293 0.48808848857879644 0.60054644942283641 0.11852502077817918 0.54295176267623912 0.73443555831909191 0.21103239059448245 0.66801637411117565 0.66915422677993786 0.074175827205181136 0.30384616553783422 6.5000000000000009 0.55351883172988903 0.13423423469066623 0.61302095651626598 0.2264957278966904 6.5000000000000009 0.81322672963142406 0.62828946113586437 0.39230769872665411 0.78297102451324474 0.83096903562545787 0.36400441825389868 0.11882352828979494
decision_type=2 2 2 2 2 2 2 2 2 2 2 2 2 2 2 2 2 2 2 2 2 2 2 2 2 2 2 2 2 2
left_child=1 9 3 4 5 -2 -7 8 -5 10 11 -1 -12 14 17 19 -17 -11 -16 -15 21 -9 23 25 -25 26 -3 -4 -22 -29
right_child=2 22 27 7 -6 6 -8 20 -10 13 12 -13 -14 15 18 16 -18 -19 -20 -21 28 -23 -24 24 -26 -27 -28 29 -30 -31
leaf_value=0.74363361724884514 -0.078120080106794942 -0.080885179402840249 -0.080372663871024902 0.38751126335909858 0.075745849923817124 -0.040646891970091373 0.020813061609445627 -0.084887151042939119 0.12980987222343721 0.1110770733686577 -0.13211348485928029 0.10306805553464431 0.11357506527569865 -0.075590548265179539 -0.061441312898328104 -0.050302853556944624 0.0042741920856911595 -0.00034136863076981939 0.013817206260499213 0.079656179580298039 0.24780458647744597 0.20751569450537169 -0.088238016994457796 -0.082875430742269704 0.086627213076656134 -0.030006048432634692 0.13644447205607352 -0.084704472124790695 0.087616754896050308 0.083570368458002614
leaf_weight=0.19334579662245177 3.0690874661231708 0.21032983722397913 3.2606235835955877 0.33065237931077607 3.9973583970422615 6.0295171415491522 18.54972011298014 0.85147297288131063 0.82366069781710394 2.7880809935013522 1.1493556997011185 0.30602603708393872 1.7751937936118336 0.82441698150432685 23.893796635571565 16.737927141621185 213.29680224522599 46.051366440806305 4.844016302153249 10.405243129498556 0.27803751314058889 0.23689272999763489 5.0218538182307384 3.6643216258635221 0.39982961816713203 1.0472488501691257 1.0904926881194112 0.34901739393535525 4.4241523336968385 0.57593065305263735
leaf_count=47 686 137 3129 84 622 160 1474 1738 22 252 32 5 31 3746 17767 28092 38351 17715 5961 1238 8 1 1292 495 14 42 6 224 210 53
internal_value=-7.61483e-05 -0.00197079 0.0147041 0.0226087 0.00644705 -0.00357208 0.00573636 0.0962523 0.203628 -0.000142249 0.0657411 0.351081 0.0170188 -0.000849746 -0.0142718 0.00346603 0.000303024 0.00601914 -0.0487558 0.0682589 0.0748475 -0.021243 -0.0535075 -0.0263077 -0.0661998 0.0427395 0.101304 -0.0581755 0.0970886 0.020074
internal_weight=376.476 333.7 42.7761 38.5906 31.6457 27.6483 24.5792 6.94487 1.15431 322.266 3.42392 0.499372 2.92455 318.842 77.5773 241.264 230.035 48.8394 28.7378 11.2297 5.79056 1.08837 11.4341 6.41222 4.06415 2.34807 1.30082 4.18557 4.70219 0.924948
internal_count=123634 115223 8411 5005 2942 2320 1634 2063 106 113237 115 52 63 113122 41695 71427 66443 17967 23728 4984 1957 1739 1986 694 509 185 143 3406 218 277
is_linear=0
shrinkage=0.08


Tree=113
num_leaves=31
num_cat=0
split_feature=25 12 27 12 22 12 0 2 2 2 6 0 1 2 2 4 10 18 12 25 8 11 28 28 27 18 18 7 8 5
split_gain=1.42581 3.92996 2.10716 2.82683 1.87689 2.28382 1.78708 2.56482 1.95644 1.77702 1.72791 5.00608 3.67555 4.8378 3.54196 2.38314 4.41387 3.62935 3.40571 2.58682 2.4385 1.71372 1.71329 5.29379 2.27973 1.56908 2.79647 1.28589 1.27135 1.16724
threshold=-1.0000000180025095e-35 0.080540537834167494 0.97309362888336193 0.71825397014617931 0.64174234867095958 0.10762548446655275 0.83910790085792553 0.86319074034690868 0.76339712738990795 0.77376341819763195 2.5000000000000004 0.60640108585357677 0.84292763471603405 0.77003204822540294 0.77003204822540294 1.0000000180025095e-35 0.5855005979537965 0.77378848195076 0.13100686669349673 1.0000000180025095e-35 0.79361054301261913 0.92342185974121105 0.80099010467529308 0.74682730436325084 0.28162176907062536 0.67677402496337902 0.67563894391059887 18.500000000000004 0.90098038315773021 0.58571431040763866
decision_type=2 2 2 2 2 2 2 2 2 2 2 2 2 2 2 2 2 2 2 2 2 2 2 2 2 2 2 2 2 2
left_child=1 6 21 28 10 -6 -1 8 -8 -10 15 25 14 -14 -13 17 20 18 -2 -19 -17 22 23 -3 -24 26 -12 -23 -4 -27
right_child=4 2 3 -5 5 -7 7 -9 9 -11 11 12 13 -15 -16 16 -18 19 -20 -21 -22 27 24 -25 -26 29 -28 -29 -30 -31
leaf_value=-0.082829028110351893 -0.048958432679873723 -0.0051124931757943201 -0.079864812631521911 0.068076627929630054 -0.0293413919478883 0.079863892401165371 -0.08302100304501335 -0.08197442442952621 0.24557795750840475 0.037934325717471504 -0.0016398022174149269 -0.0014429252133092139 0.058275627104597903 0.0048998920672974249 -0.094909336232058675 -0.013846601472755427 0.093284031886650617 0.011136319821310704 -0.0021947181071543011 0.062620222596432809 -0.066153372614341205 0.10766946343681895 0.10001618857493182 0.052054990042063924 -0.019491915059081429 0.040071027891627892 0.59364797263095326 -0.10066123960775018 0.0099903509379130201 0.15651343789638505
leaf_weight=6.0854968933854234 11.499405973914689 52.214629321020766 5.4754453822424685 1.2416388253768671 1.7346067856778962 4.1768326085584704 0.40838343041104996 1.4803012279589891 0.44384397038083967 0.65016910779013415 0.089095906740112141 7.4309078302685503 13.33336701353255 58.769976818191935 3.9871543632471003 14.733142873403272 1.8768573225097487 43.755650474140566 74.801133420351107 7.2860923545595133 9.307670238100398 1.4487602033477731 1.0538518972462032 12.935074230153985 33.34885124732682 0.98956182522670144 0.11660377190855797 0.21817191434092809 1.2350839085447658 1.2430457010632381
leaf_count=58546 9818 22379 1523 209 857 786 212 1129 14 366 64 595 1584 7303 172 214 1761 5167 4022 2377 182 382 20 917 2411 111 2 3 481 27
internal_value=-9.84941e-05 -0.0073604 -0.00315693 -0.0428097 0.00326701 0.0478195 -0.0579658 -0.00723815 0.066399 0.122176 0.00221024 0.0113904 0.00809178 0.0147701 -0.0340811 -0.00262332 -0.0248733 0.00157543 -0.00842591 0.0184855 -0.0340978 -4.16593e-05 -0.00138864 0.00623776 -0.015831 0.124382 0.335807 0.0804027 -0.0633268 0.104903
internal_weight=373.371 118.24 109.172 7.95217 255.131 5.91144 9.06819 2.9827 1.5024 1.09401 249.22 85.9597 83.5214 72.1033 11.4181 163.26 25.9177 137.342 86.3005 51.0417 24.0408 101.219 99.5524 65.1497 34.4027 2.43831 0.2057 1.66693 6.71053 2.23261
internal_count=123634 88592 28325 2213 35042 1643 60267 1721 592 380 33399 9858 9654 8887 767 23541 2157 21384 13840 7544 396 26112 25727 23296 2431 204 66 385 2004 138
is_linear=0
shrinkage=0.08


Tree=114
num_leaves=31
num_cat=0
split_feature=3 1 1 3 5 5 3 8 3 27 8 22 0 22 8 27 22 1 3 13 0 22 7 8 27 12 22 8 26 12
split_gain=1.45281 3.38066 3.05148 3.72831 5.99768 7.89457 4.9798 5.26597 4.80095 3.03572 2.73848 2.4569 2.34513 3.30597 2.27859 2.29943 2.22591 2.07104 1.96459 1.72662 1.59884 1.44026 1.3654 3.6395 1.28408 1.28244 1.15536 0.696046 0.520445 0.509586
threshold=0.11215933039784433 0.11374663189053537 0.20550528168678286 0.49675324559211737 1.0000000180025095e-35 0.19090909510850909 0.40289855003356939 0.4236596822738648 0.5912291705608369 0.38918128609657293 0.97014260292053234 0.66287881135940563 0.12599206715822223 0.46265329420566564 0.93582704663276683 0.5320124924182893 0.75809821486473095 0.10596491396427156 0.47538337111473089 1.5000000000000002 0.10063291341066362 0.66287881135940563 1.5000000000000002 0.9506097435951234 0.72298425436019909 0.11651583760976793 0.32690165936946874 0.21103239059448245 0.10818713530898096 0.5419580638408662
decision_type=2 2 2 2 2 2 2 2 2 2 2 2 2 2 2 2 2 2 2 2 2 2 2 2 2 2 2 2 2 2
left_child=9 16 11 6 8 -6 7 -4 -5 21 14 12 20 -14 17 -16 19 26 -8 22 -3 -1 23 -2 -17 -13 -11 -24 -27 -21
right_child=1 2 3 4 5 -7 18 -9 -10 10 -12 25 13 -15 15 24 -18 -19 -20 29 -22 -23 27 -25 -26 28 -28 -29 -30 -31
leaf_value=-0.1217954559023423 0.20531904793691161 0.16732891054830529 0.060859402966165897 -0.0018831635387089726 -0.064975940316686451 0.001466944138103562 -0.046745690804199887 -0.022924460382362163 0.075211638166748127 -0.065221039672872655 -0.1963882030021786 -0.081727042896079641 0.016029677454599628 0.099943134502849015 0.40177488529278987 -0.076107747143444912 0.064203243844454083 -0.079389047926017295 -0.12518927707471275 -0.0032157234442329041 -0.016864107525181572 0.024772385681056514 -0.12715391723388006 -0.040233112600750659 0.14654236522242112 0.1692663303489288 0.063015566962366848 -0.060060499289217452 0.082811776156240233 0.093141865036723961
leaf_weight=1.1197168603102898 0.44109319376002831 0.30973324181832396 6.4363038343581165 8.9615737764743262 12.031256869302522 234.83131711437818 14.158763212502892 18.89704088632061 12.217314405415889 0.48573710678465065 0.28476083488203663 0.28339433374639966 14.118268803489629 3.817227077233837 0.19974101035040792 0.20075011817971222 1.3123795981446154 0.84809410478192138 2.3879447058789074 0.78700646533979923 11.492100747978837 0.69567269142135035 1.1041068680424349 3.1103447134082671 0.95160807341744658 0.51736920420080457 6.0518825577673852 9.5416156098472111 3.2140355174487922 0.63440610756515525
leaf_count=30 21 29 460 4495 28169 67334 6368 4776 4249 80 21 260 1035 304 17 36 229 55 1906 43 922 38 53 245 78 8 362 1607 352 52
internal_value=-9.86703e-05 -0.000966044 0.000753219 -0.00173447 0.00173387 -0.00177126 -0.0239327 -0.00163795 0.04259 0.0287609 0.0477527 0.0235959 0.0156652 0.0338891 0.0557092 0.151189 -0.0358646 0.0382296 -0.0580663 -0.044273 -0.0120301 -0.0656294 -0.0526894 -0.00973522 0.107755 0.0823384 0.0534877 -0.067019 0.0947989 0.0397907
internal_weight=371.443 360.605 343.674 309.922 268.041 246.863 41.8801 25.3333 21.1789 10.838 9.02257 33.7521 29.7373 17.9355 8.73781 1.3521 16.931 7.38571 16.5467 15.6186 11.8018 1.81539 14.1972 3.55144 1.15236 4.0148 6.53762 10.6457 3.7314 1.42141
internal_count=123634 122917 120667 117757 104247 95503 13510 5236 8744 717 649 2910 2290 1339 628 131 2250 497 8274 2021 951 68 1926 266 114 620 442 1660 360 95
is_linear=0
shrinkage=0.08


Tree=115
num_leaves=31
num_cat=0
split_feature=21 2 3 5 8 3 18 3 5 5 28 12 27 26 22 7 12 8 28 13 3 18 5 18 3 28 18 13 8 7
split_gain=1.39771 2.45427 7.5194 5.8096 6.04623 4.35924 8.25298 4.05719 3.60537 3.57835 3.21814 2.98165 7.13597 3.58901 3.35981 2.78076 2.71089 2.47618 3.0383 2.35091 2.26317 2.23975 2.21634 3.77215 3.11367 2.1358 2.21335 2.08771 1.79564 1.50349
threshold=1.0000000180025095e-35 0.78611555695533764 0.85880398750305187 0.55050507187843334 0.64051282405853283 0.87585616111755382 0.75856643915176403 0.84924244880676281 0.64583334326744091 0.58571431040763866 0.85404962301254284 0.17519181966781619 0.3257120549678803 0.054093567654490478 0.67826876044273388 20.500000000000004 0.55902779102325451 0.49603174626827246 0.70291385054588329 2.5000000000000004 0.77032968401908886 0.90327954292297374 0.4083333313465119 0.92415231466293346 0.96824595332145702 0.56265702843666088 0.89465475082397472 1.0000000180025095e-35 0.80600360035896312 11.500000000000002
decision_type=2 2 2 2 2 2 2 2 2 2 2 2 2 2 2 2 2 2 2 2 2 2 2 2 2 2 2 2 2 2
left_child=1 3 7 11 17 19 -7 9 10 20 -9 12 15 -13 -15 -1 22 -5 -19 -6 -3 -14 23 -4 -24 -2 28 29 -27 -28
right_child=25 2 16 4 5 6 -8 8 -10 -11 -12 13 21 14 -16 -17 -18 18 -20 -21 -22 -23 24 -25 -26 26 27 -29 -30 -31
leaf_value=-0.0040437914426019409 0.26310848873003134 -0.099705726598109501 0.12792993560525742 0.10449769400199338 0.043687609376889674 0.37525929883269477 0.065908443038791426 -0.17514064592025169 0.083785168282782541 -0.091106859473442992 -0.47597500267364345 0.098174658149254024 -0.065778088225628542 -0.0013102271321063818 0.058048838276320847 0.12733933617957391 0.080349904038611461 -0.13018090271623342 -0.011667713087070429 -0.18284852276857508 0.028200815465241971 0.098775594717427362 -0.034599070169698522 -0.020704034451251709 0.006540232759476754 0.031827557188739412 0.012834816378942944 0.069025747553964539 -0.093764714312382688 -0.070609422446775275
leaf_weight=44.102575214892568 0.21589866037356742 1.1502765639434036 2.0344876842245858 0.86889023287221689 21.56308981645271 0.74146498475602074 2.1592449582749396 1.19659743435841 0.2736230217051342 6.5675936107254529 0.28102533030323673 2.4842835321469456 17.288487780555446 143.03015900852188 6.3746755552419918 1.0556933080297302 2.4187719145556903 1.7725504825284568 6.3230841409167624 0.29722602223046024 3.8439197331099422 0.54609866966711607 20.754012498076918 2.3608741161515354 27.213340969501587 1.0858529978595464 43.200482328789803 4.2214137697592369 2.2142983027479204 1.427605520650103
leaf_count=4177 104 262 309 96 2710 71 199 106 26 864 23 341 82000 13043 821 120 2636 92 774 78 554 759 2339 174 1642 317 2879 5458 599 61
internal_value=-9.95034e-05 -0.00210141 -0.0155577 0.00158433 0.0324536 0.0528349 0.144983 -0.0694844 -0.18296 -0.0522964 -0.232356 -0.00326057 -0.0178937 0.00280819 0.00122245 -0.000972365 -0.00245243 -0.0238419 -0.0376163 0.0406075 -0.00125896 -0.0607394 -0.00627729 0.0480944 -0.0112595 0.0120078 0.0109683 0.015252 -0.0524409 0.0101655
internal_weight=369.068 316.702 68.0945 248.608 33.7256 24.761 2.90071 13.313 1.75125 11.5618 1.47762 214.882 62.9929 151.889 149.405 45.1583 54.7815 8.96452 8.09563 21.8603 4.9942 17.8346 52.3627 4.39536 47.9674 52.3656 52.1497 48.8495 3.30015 44.6281
internal_count=123634 114216 8935 105281 4020 3058 270 1835 155 1680 129 101261 87056 14205 13864 4297 7100 962 866 2788 816 82759 4464 483 3981 9418 9314 8398 916 2940
is_linear=0
shrinkage=0.08


Tree=116
num_leaves=31
num_cat=0
split_feature=10 17 3 2 0 0 5 3 20 6 7 1 6 12 7 28 8 8 2 9 3 2 11 0 2 7 8 8 10 28
split_gain=1.41841 1.84071 1.90436 5.28505 6.38311 6.41679 5.77978 5.14291 3.77949 3.07174 2.33123 1.98624 1.93933 1.80355 1.74932 3.54046 2.80112 3.2932 1.73057 1.5479 1.54388 2.23571 1.66828 1.3824 1.31423 1.20087 1.90367 1.09136 1.03868 0.589448
threshold=0.9855765998363496 1.0000000180025095e-35 0.90366768836975109 0.74646764993667614 0.86706829071044933 0.59299960732460033 0.4083333313465119 0.91596046090126049 1.0000000180025095e-35 1.5000000000000002 3.5000000000000004 0.83225107192993175 1.5000000000000002 0.69397994875907909 19.500000000000004 0.3279555886983872 0.25211864709854132 0.44151847064495092 0.82413583993911754 0.88956639170646679 0.75162336230278026 0.32049381732940679 0.31074520945549017 0.44327485561370855 0.86319074034690868 26.500000000000004 0.21103239059448245 0.65419578552246105 0.75281468033790599 0.64882761240005504
decision_type=2 2 2 2 2 2 2 2 2 2 2 2 2 2 2 2 2 2 2 2 2 2 2 2 2 2 2 2 2 2
left_child=1 2 3 6 5 -5 9 10 -8 -1 18 29 -13 14 16 -16 -3 -18 -4 -17 21 22 -2 27 -25 26 -24 -23 -6 -9
right_child=20 13 7 4 28 -7 8 11 -10 -11 -12 12 -14 -15 15 19 17 -19 -20 -21 -22 23 25 24 -26 -27 -28 -29 -30 -31
leaf_value=-0.0091567071094272087 -0.099735807065344725 -0.11225378890278855 0.23017518506118267 0.095710952336501509 0.0651528842164633 -0.081755201814582928 -0.021803583652767897 -0.086983271061162618 0.054613985782423713 -0.059734562939424571 -0.044205425308290129 -0.078800024136652089 0.0016149748092954966 0.063121989064830866 0.1586882137423668 -0.037535485199373539 0.047915353589121724 0.0029379181009309896 0.032027454829597492 -0.20172754997212825 0.077359045918653863 -0.013562365607321873 -0.1487505302651918 0.060671132799772022 -0.14004480409675632 -0.04171197548381634 0.059169562711189255 -0.10493173195741108 -0.050654688087831405 0.12141727215349175
leaf_weight=64.652647398086629 0.563654914963993 1.2947002140936081 1.1224600644491136 1.4140772918144708 3.1460009112815892 16.746061345274939 5.779131824223442 0.094615689195051256 14.623434227738471 8.7217104717619787 0.3685199030478542 2.0072776880915617 43.825502160463657 3.2735363677493288 0.58350604810038831 7.7815047791809757 11.142759448357536 160.30675054532912 0.37678263290581515 0.38567984668770794 2.7321242570178574 1.606460879556834 0.29207567154662406 1.3418736213643567 0.24724774353671808 0.98098945053061548 8.0299699009046872 1.7459510947810484 0.58836584098753508 1.0598949774503124
leaf_count=48551 5 56 59 143 156 3446 1929 71 1850 13629 163 514 4144 1827 48 2103 1033 38035 140 6 4499 17 13 269 2 22 571 26 177 130
internal_value=-9.57868e-05 -0.00121054 -0.00736489 -0.0129584 -0.0483485 -0.0679364 -0.00469577 0.00587866 0.0329683 -0.0151687 0.136066 0.000703661 -0.00190685 0.00426959 0.0032081 -0.0316877 0.00497581 0.00586107 0.180378 -0.0452891 0.0221031 0.0119084 0.0339068 -0.0320155 0.0294422 0.042004 0.0518723 -0.0611479 0.0469069 0.104338
internal_weight=366.835 349.295 164.526 115.671 21.8945 18.1601 93.7769 48.8551 20.4026 73.3744 1.86776 46.9873 45.8328 184.768 181.495 8.75069 172.744 171.45 1.49924 8.16718 17.5403 14.8082 9.86669 4.94153 1.58912 9.30304 8.32205 3.35241 3.73437 1.15451
internal_count=123634 118210 75102 69881 3922 3589 65959 5221 3779 62180 362 4859 4658 43108 41281 2157 39124 39068 199 2109 5424 925 611 314 271 606 584 43 333 201
is_linear=0
shrinkage=0.08


Tree=117
num_leaves=31
num_cat=0
split_feature=3 1 2 3 5 5 3 8 3 28 28 12 27 0 10 27 27 0 26 18 22 28 26 27 0 22 3 12 22 10
split_gain=1.27708 2.92226 2.91887 4.06899 5.41248 6.83589 4.39109 3.91187 3.84078 2.9087 4.45351 2.68008 2.38978 4.61295 3.24155 2.85325 4.04097 2.75119 2.59905 2.04149 1.88243 1.76865 2.53329 2.10794 1.60244 1.65099 1.57124 1.32672 1.16667 0.733817
threshold=0.11215933039784433 0.11374663189053537 0.21778655797243121 0.49675324559211737 1.0000000180025095e-35 0.19090909510850909 0.40289855003356939 0.68801230192184459 0.5912291705608369 0.41982129216194158 0.42438536882400518 0.2788888961076737 0.76728257536888134 0.26158231496810919 0.88025155663490307 0.88935971260070812 0.89202436804771434 0.31503759324550634 0.70714285969734203 0.39289321005344396 0.75809821486473095 0.48022346198558813 0.20714285969734195 0.91413211822509777 0.090230666100978865 0.5604878067970277 0.47538337111473089 0.41421568393707281 0.32690165936946874 0.75281468033790599
decision_type=2 2 2 2 2 2 2 2 2 2 2 2 2 2 2 2 2 2 2 2 2 2 2 2 2 2 2 2 2 2
left_child=9 20 12 6 8 -6 7 -4 -5 11 -11 -1 13 18 -15 17 -17 -14 -3 28 21 -2 23 -23 -21 -26 -8 -24 -12 -30
right_child=1 2 3 4 5 -7 26 -9 -10 10 19 -13 15 14 -16 16 -18 -19 -20 24 -22 22 27 -25 25 -27 -28 -29 29 -31
leaf_value=-0.045489150557649571 -0.096874298352371796 0.040105179062621552 0.020628218768854453 0.00082014365677774564 -0.062677438838398131 0.0013367954840721057 -0.048780684790629539 -0.046702918590587741 0.071278297944261104 0.39917569433519784 -0.055831282641537687 -0.40350490280759338 -0.05918398459975812 0.088624256204449831 0.43131614726993361 0.29066337304543355 0.014611002576518808 0.21685512094600309 -0.060685416086567606 -0.16521949672010952 0.06145880116443421 0.039806410182724593 -0.06544167902314689 0.35321403795572293 -0.042904564208849964 0.050590712499374448 -0.12154119555508816 -0.010537062576957905 0.01399370168604382 0.10718608948936574
leaf_weight=0.84439078308423521 2.9898816044496952 19.744426364522958 14.877514797481128 8.5944674756719923 11.191133400490797 232.08839835566141 13.126242627327882 8.7824717945259163 11.681589777741463 0.21707158602657628 0.38860389764886205 0.15902271994855255 5.4297805366441008 0.40586138672369898 0.31280570942908525 0.35602641687000858 7.2572549109063402 0.24134975737251796 1.7854709490202356 0.35007434860744968 1.2217031213440339 0.60230861615491349 5.5919510778221575 0.17791817088436801 2.0639476853975793 2.9173517594244913 2.2208402960495723 5.6754526739241555 0.66249178152793353 2.9430267602438107
leaf_count=162 1057 1308 2203 4498 28165 67322 6372 2840 4248 6 74 2 756 41 5 19 920 13 51 25 229 176 528 53 65 208 1906 207 49 126
internal_value=-9.66999e-05 -0.000913162 0.00068 -0.00186733 0.00170179 -0.00160793 -0.0259825 -0.00436477 0.041413 0.0273372 0.0409612 -0.102228 0.0223705 0.038402 0.237784 -0.00447882 0.0275203 -0.0474364 0.0317466 0.0326229 -0.0340415 -0.0418003 -0.0281325 0.111274 0.000224899 0.011852 -0.0593097 -0.0377859 0.075868 0.0900626
internal_weight=364.901 354.355 338.096 302.563 263.556 243.28 39.0071 23.66 20.2761 10.546 9.54257 1.00341 35.533 22.2486 0.718667 13.2844 7.61328 5.67113 21.5299 9.3255 16.2592 15.0375 12.0476 0.780227 5.33137 4.9813 15.3471 11.2674 3.99412 3.60552
internal_count=123634 122917 120667 117554 104233 95487 13321 5043 8746 717 553 164 3113 1405 46 1708 939 769 1359 547 2250 2021 964 229 298 273 8278 735 249 175
is_linear=0
shrinkage=0.08


Tree=118
num_leaves=31
num_cat=0
split_feature=10 16 26 11 27 11 8 10 12 27 12 28 12 8 12 3 2 2 11 26 10 7 7 26 7 18 10 7 12 28
split_gain=1.36203 1.5664 2.13533 2.30091 3.31537 2.76379 2.58125 1.81926 2.2238 2.23739 2.74993 2.05251 1.74054 1.6828 1.45022 1.3834 1.86472 1.58521 1.28723 1.24183 1.13556 1.48062 1.14271 0.999754 1.36141 1.25088 0.663645 0.8405 0.441514 0.430465
threshold=0.9855765998363496 1.0000000180025095e-35 0.93303570151329052 0.71707642078399669 0.66794872283935558 0.77154105901718151 0.25211864709854132 0.957820624113083 0.71825397014617931 0.84650033712387096 0.27525253593921667 0.96999701857566845 0.19292803853750232 0.44151847064495092 0.69397994875907909 0.75162336230278026 0.3144462406635285 0.29459981620311743 0.31074520945549017 0.55050507187843334 0.97818154096603405 2.5000000000000004 2.5000000000000004 0.93303570151329052 3.5000000000000004 0.5687738060951234 0.88025155663490307 7.5000000000000009 0.77097901701927196 0.94864469766616832
decision_type=2 2 2 2 2 2 2 2 2 2 2 2 2 2 2 2 2 2 2 2 2 2 2 2 2 2 2 2 2 2
left_child=1 2 3 6 5 -5 -1 8 9 10 -3 20 -11 -8 -6 16 17 18 -2 -20 22 -22 -9 25 -25 -18 -4 -28 -13 -26
right_child=15 7 26 4 14 -7 13 11 -10 12 -12 28 -14 -15 -16 -17 23 -19 19 -21 21 -23 -24 24 29 -27 27 -29 -30 -31
leaf_value=-0.090729667387388094 -0.09767625386369988 -0.0085520728412184308 -0.14841277790384685 0.11073206103567444 0.014482178265993058 0.47775609181837214 0.033035468753187414 0.013322198426618899 0.094113042705901595 -0.079615246182029475 0.018414378973485461 0.084560291458667877 -0.018905487373634181 -0.00042952068470036582 0.078378165545469933 0.076775298141657122 -0.067273973749275934 0.12090385247246144 0.075071349723156336 0.0068018526019649984 -0.37673259459505998 -0.090390823188461158 -0.082971698901587954 0.063736617458329009 -0.096560974179530773 0.090747481616981832 0.048972551488677109 -0.090429533810885324 -0.046964414637770291 -0.03478028560469535
leaf_weight=1.9509051419081505 0.54571564123034644 92.450731409357104 0.61698221458936942 0.87656335253268725 27.339690562512263 0.15444535198184894 10.333662364435439 1.0500139080977522 1.4272456793551089 3.4072143509365587 32.784601884995936 0.74537359792157065 26.757699534959102 138.63535983983456 2.4795375850953851 2.5201112619834012 0.51623404165729769 1.1609658538363863 2.5533212854352314 5.1340885303361574 0.17137928016018111 0.35491513111628592 3.1694052095117513 0.56848885229555923 1.7674236064776778 0.84598703420488164 0.39922495152859461 0.90272710655699484 0.20918989815982059 1.2200431960518472
leaf_count=303 5 41479 24 95 3797 67 2128 111 268 26359 2052 446 4034 35122 1497 4499 6 17 55 529 14 41 214 163 24 68 45 30 84 58
internal_value=-0.000103404 -0.00118384 0.00387778 0.00476402 0.0246718 0.165712 0.000694578 -0.00690449 -0.00529084 -0.00620379 -0.00149269 -0.0512998 -0.0257628 0.00189187 0.0197953 0.0221196 0.0124957 0.0333895 0.021049 0.0294771 -0.0728294 -0.183633 -0.0590087 -0.027413 -0.0497374 0.0308629 -0.0800706 -0.0476839 0.055737 -0.0713305
internal_weight=363.049 346.217 183.689 181.77 30.8502 1.03101 150.92 162.528 156.827 155.4 125.235 5.70028 30.1649 148.969 29.8192 16.8324 14.3123 9.39409 8.23313 7.68741 4.74571 0.526294 4.21942 4.91818 3.55596 1.36222 1.91893 1.30195 0.954563 2.98747
internal_count=123634 118210 43108 43009 5456 162 37553 75102 74192 73924 43531 910 30393 37250 5294 5424 925 606 589 584 380 55 325 319 245 74 99 75 530 82
is_linear=0
shrinkage=0.08


Tree=119
num_leaves=31
num_cat=0
split_feature=25 12 3 13 22 1 27 0 2 1 9 27 1 6 8 10 10 2 8 12 28 26 10 2 2 12 27 2 11 27
split_gain=1.28255 3.25118 2.18414 1.98027 2.14333 2.52235 1.73738 1.7156 2.76584 2.62648 1.84446 1.71333 1.68586 4.70271 6.5404 3.80222 6.50941 2.79781 2.01743 1.6317 2.09653 1.43743 1.96083 2.44715 1.72835 1.7081 2.62884 2.95826 2.79258 1.98391
threshold=-1.0000000180025095e-35 0.0745370388031006 0.13423423469066623 1.0000000180025095e-35 0.75809821486473095 0.11852502077817918 0.88935971260070812 0.55351883172988903 0.34514106810092932 0.55603864789009105 0.6683848798274995 0.91627725958824169 0.38653083145618444 1.0000000180025095e-35 0.46211251616477972 0.87340134382247936 0.90976935625076305 0.59317129850387584 0.21103239059448245 0.098387096077203764 0.60054644942283641 0.5634920895099641 0.92605021595954906 0.27953489124774938 0.32049381732940679 0.26794873178005224 0.54186138510704052 0.10063291341066362 0.46037456393241888 0.70615220069885265
decision_type=2 2 2 2 2 2 2 2 2 2 2 2 2 2 2 2 2 2 2 2 2 2 2 2 2 2 2 2 2 2
left_child=1 -1 3 4 5 -3 21 8 10 -9 -8 -12 15 14 -14 18 -17 -15 -4 -11 -21 25 -23 -24 -25 29 28 -28 -27 -2
right_child=6 2 12 -5 -6 -7 7 9 -10 19 11 -13 13 17 -16 16 -18 -19 -20 20 -22 22 23 24 -26 26 27 -29 -30 -31
leaf_value=-0.057423177719251907 0.0011248464092631757 -0.071836477962757286 0.06816620467563976 0.064558588217498575 0.091414559832216469 0.057723834269268581 -0.079037007601379577 0.35712643412640482 -0.038864843708429929 -0.081010527477259786 0.10144834443953084 0.022869356775662583 0.3158712503164765 0.027091457312227094 0.038310669854090554 0.080921512834293205 -0.030177583468956274 -0.016981723304376434 -0.053033284076653801 0.28469507851865655 0.047689204524943317 -0.046936053013835355 -0.036901261003772022 0.12736033361346935 0.016613336915886567 -0.002047778785991862 -0.11054127372582646 0.011946425116798633 0.085854889461005501 -0.055758939692719736
leaf_weight=7.6693117775630517 164.41475346657171 2.9324485227007226 0.92667855336913163 5.4431603549455758 1.1991029572964178 1.4310068590420995 0.90441316801662353 0.17653528509254002 5.4500244964365256 0.6072711637862066 2.27394982863916 8.1072893434757116 0.59182118924945726 11.710078163465367 6.6320661162571923 5.1229099637712343 9.8934907968505268 43.320848145312993 17.075044358161904 0.24652278189751076 7.695737169131462 9.1173270558210806 5.7786129771266115 1.0634658001363275 5.9355235121693113 3.6320172074192651 1.3433031783788489 20.82838001185155 6.3692613138264278 4.0199113690105142
leaf_count=58709 10656 272 120 381 35 47 588 23 2241 1546 95 613 136 8668 2940 174 260 8187 8663 82 5923 569 232 10 3506 156 46 2119 304 6333
internal_value=-9.38724e-05 -0.0071192 -0.00348915 0.0302538 -0.00331468 -0.0293468 0.0031345 0.02293 0.00793517 0.0516885 0.0305357 0.0400816 -0.00738706 0.000363002 0.06105 -0.0219996 0.00772435 -0.00760335 -0.0467943 0.0453817 0.0550457 0.000869235 -0.0185941 0.00162895 0.0334409 0.00299353 0.0198841 0.00452533 0.0539326 -0.000232759
internal_weight=361.912 113.948 106.279 11.0057 5.56256 4.36346 247.964 25.4617 16.7357 8.72607 11.2857 10.3812 95.2729 62.2548 7.22389 33.0181 15.0164 55.0309 18.0017 8.54953 7.94226 222.503 21.8949 12.7776 6.99899 200.608 32.173 22.1717 10.0013 168.435
internal_count=123634 88592 29883 735 354 319 35042 11111 3537 7574 1296 708 29148 19931 3076 9217 434 16855 8783 7551 6005 23931 4317 3748 3516 19614 2625 2165 460 16989
is_linear=0
shrinkage=0.08


Tree=120
num_leaves=31
num_cat=0
split_feature=21 20 2 3 5 8 3 18 3 5 5 22 8 18 10 22 3 8 28 5 3 19 3 18 8 3 13 10 0 28
split_gain=1.23578 2.00531 1.95964 5.99977 4.98345 5.10944 3.61793 5.48535 3.11909 3.14136 2.69875 2.53082 3.46192 4.95774 2.88894 2.43659 2.26234 2.14499 2.43147 2.13192 2.98111 3.68968 2.83922 4.15447 2.65592 2.03268 1.71214 1.67959 1.65881 1.61612
threshold=1.0000000180025095e-35 1.0000000180025095e-35 0.78611555695533764 0.85880398750305187 0.55050507187843334 0.64051282405853283 0.87585616111755382 0.75856643915176403 0.84924244880676281 0.58571431040763866 0.64583334326744091 0.46265329420566564 0.86754387617111217 0.78597408533096325 0.80145984888076793 0.46621005237102514 0.61167800426483165 0.48435972630977636 0.70291385054588329 0.4083333313465119 0.97014260292053234 0.63333335518836986 0.96824595332145702 0.92415231466293346 0.79205974936485302 0.77032968401908886 1.0000000180025095e-35 0.83414238691329967 0.40224719047546392 0.56265702843666088
decision_type=2 2 2 2 2 2 2 2 2 2 2 2 2 2 2 2 2 2 2 2 2 2 2 2 2 2 2 2 2 2
left_child=2 27 4 8 11 17 16 -8 9 25 -10 12 14 -14 -1 -13 -7 -6 -19 20 21 -5 23 -21 -24 -4 29 -2 -17 -3
right_child=1 26 3 19 5 6 7 -9 10 -11 -12 15 13 -15 -16 28 -18 18 -20 22 -22 -23 24 -25 -26 -27 -28 -29 -30 -31
leaf_value=-0.012726013340941023 -0.076148301969150942 0.22063401974436 -0.09828744476377381 -0.0011115131844013071 0.10098735154837936 0.11389235462053593 0.30604195630804026 0.063546737175289816 -0.19986690151923811 -0.085868618357373819 0.083281884143291768 0.19584349763722647 -0.050192930138625649 0.0039978214369880841 0.01147715841372538 0.017612125316134781 0.028757392354054671 -0.1150441704069919 -0.010492339862349856 -0.0050683575741547696 -0.22736879463745052 0.14275531937660554 0.03332587437191864 -0.08094390533894702 -0.015883476058537221 0.02817251627374804 0.066469859295424275 0.083677791851088604 -0.048526301469745035 0.0098483446917175307
leaf_weight=63.574043066628292 2.6348877385189549 0.23402572218765172 1.0379422762271096 2.5933847924061402 0.82945524441311036 2.2285804556304418 0.8325792756149889 2.1099650359683437 1.5634903166428564 6.0436613938909431 0.24986201167484967 0.47256622520944702 24.989900937813218 19.034595497527334 62.682980514582596 35.235627495914741 19.279283827247127 1.8375163135642631 6.3196582154778298 14.18604294713805 0.2393330514023545 2.0370504695856653 14.258354130601221 6.847759516334917 13.825859795062568 3.7614725906805688 3.8647417287284034 0.50079295216710296 2.606523939928592 44.247821125349219
leaf_count=65380 446 42 262 635 91 147 71 199 129 864 26 35 16493 8589 2903 4973 2641 94 777 2250 26 252 1789 563 1585 554 5384 184 2888 3362
internal_value=-0.000100692 0.0113739 -0.00201446 -0.0141618 0.00133033 0.0300023 0.0489614 0.13216 -0.0637374 -0.0474964 -0.160852 -0.00326565 -0.00744556 -0.0267628 -0.000709835 0.015311 0.0375788 -0.0215808 -0.0340441 -0.00253973 0.047949 0.0621793 -0.0075454 -0.0297704 0.00910011 0.000823737 0.0153949 -0.0506228 0.0130566 0.0109573
internal_weight=360.16 51.4823 308.677 66.6442 242.033 33.437 24.4504 2.94254 12.6564 10.8431 1.81335 208.596 170.282 44.0245 126.257 38.3147 21.5079 8.98663 8.15717 53.9878 4.86977 4.63044 49.118 21.0338 28.0842 4.79941 48.3466 3.13568 37.8422 44.4818
internal_count=123634 9418 114216 8935 105281 4020 3058 270 1835 1680 155 101261 93365 25082 68283 7896 2788 962 871 7100 913 887 6187 2813 3374 816 8788 630 7861 3404
is_linear=0
shrinkage=0.08


Tree=121
num_leaves=31
num_cat=0
split_feature=7 8 7 10 9 2 8 22 7 7 8 13 27 26 8 28 0 8 8 0 2 0 1 3 1 10 7 3 8 28
split_gain=1.31757 5.62982 4.513 3.45224 5.62994 3.1595 2.49371 3.19144 3.53303 3.00216 3.21758 2.91931 2.48654 2.41664 3.3424 2.17865 2.11553 2.06713 3.43562 3.26293 12.4147 26.3338 2.33692 2.9466 2.58629 2.23526 3.2607 3.18479 2.88219 2.43019
threshold=4.5000000000000009 0.86576578021049511 2.5000000000000004 0.82397845387458812 0.80466571450233471 0.93419912457466137 0.92940199375152599 0.58123165369033825 1.5000000000000002 1.5000000000000002 0.96609193086624157 2.5000000000000004 0.77560555934906017 0.69615384936332714 0.86159002780914318 0.72783389687538158 0.55848154425621044 0.72821971774101268 0.71563342213630687 0.66312056779861461 0.70659971237182628 0.74115687608718883 0.097960814833641066 0.84292763471603405 0.84889996051788341 0.6959742307662965 7.5000000000000009 0.99350649118423473 0.58102023601531994 0.61128804087638866
decision_type=2 2 2 2 2 2 2 2 2 2 2 2 2 2 2 2 2 2 2 2 2 2 2 2 2 2 2 2 2 2
left_child=1 3 6 4 -1 -4 7 8 -3 10 -8 -11 -7 14 -5 -16 -15 18 25 -20 21 -21 -19 -24 -25 27 -27 29 -28 -2
right_child=17 2 5 13 -6 12 9 -9 -10 11 -12 -13 -14 16 15 -17 -18 22 19 20 -22 -23 23 24 -26 26 28 -29 -30 -31
leaf_value=0.017473093833492225 -0.017611282665718337 0.10585047328422381 -0.04039317259213776 0.07828117010987802 -0.49354638652720229 0.0883225499725145 0.027683166390096613 0.1244979851543386 0.0056709328935237195 -0.032898035614029944 -0.0065854938609449234 -0.36070772136370949 -0.053702363894813331 -0.021143865526654419 0.42391880382864022 0.0841724660411442 0.091169489055991773 0.050469103804707496 -0.013361018433434318 0.39035803579199396 0.07657501769013518 3.1679722874404952 -0.03875876498745251 0.070781661706476096 -0.011009360484300311 0.061932501943935306 0.011564629999660748 0.0023332940061465248 -0.030811725215261029 -0.078369108619476907
leaf_weight=36.561885918903499 10.256377353302016 2.5737044417328496 26.772995137829643 7.0622337626846257 0.13850046053994347 2.3288234699284653 24.928823342936084 1.9790686389860628 18.083538309505457 13.21081286931803 59.12485888786432 0.17618527039303522 1.1931524260435251 2.9813496796705294 0.30857272911816824 0.19850741658592597 1.6771366301109081 2.9386278154379388 1.6972748173229764 0.18111777851117983 2.259853486692009 0.024841006266797194 29.48106887339236 2.9370920566452705 15.701529794907401 6.3210719256603616 42.491981363360537 24.110746488498989 13.546809863284578 7.1506897013259723
leaf_count=9263 31536 615 9508 894 14 140 7538 228 6179 3555 15033 21 352 166 5 59 1033 293 2156 142 321 25 20508 508 1701 408 2511 1341 1785 5796
internal_value=-9.48403e-05 0.004239 -0.00343072 0.0278105 0.0155446 -0.0310228 0.00353065 0.0274501 0.0181524 -0.00202604 0.00357798 -0.0372123 0.0402083 0.0646253 0.092526 0.290918 0.0192909 -0.00552376 0.000744969 0.072006 0.130766 0.72537 -0.0187885 -0.023018 0.00187935 -0.00211095 0.00746447 -0.0164933 0.00132058 -0.0425701
internal_weight=358.399 199.3 150.372 48.9282 36.7004 30.295 120.077 22.6363 20.6572 97.4407 84.0537 13.387 3.52198 12.2278 7.56931 0.50708 4.65849 159.099 108.041 4.16309 2.46581 0.205959 51.0583 48.1197 18.6386 103.878 62.3599 41.5178 56.0388 17.4071
internal_count=123634 54603 43169 11434 9277 10000 33169 7022 6794 26147 22571 3576 492 2157 958 64 1199 69031 46021 2644 488 167 23010 22717 2209 43377 4704 38673 4296 37332
is_linear=0
shrinkage=0.08


Tree=122
num_leaves=31
num_cat=0
split_feature=20 18 5 2 3 7 1 8 12 28 18 5 15 4 1 18 12 2 21 18 9 8 17 26 4 10 27 9 8 21
split_gain=1.2633 7.36358 4.93882 3.40544 5.53562 5.14875 5.92775 4.37497 2.97529 5.46829 6.7011 4.9336 7.26929 4.62032 4.27373 3.95952 3.50057 2.71483 2.59479 2.57094 2.86766 10.1396 2.67177 2.33139 3.40178 3.62053 2.47255 6.28567 3.13369 2.25344
threshold=1.0000000180025095e-35 0.8240858018398286 0.27922078967094427 0.74115687608718883 0.78319624066352855 3.5000000000000004 0.80810147523880016 0.94494947791099559 0.13100686669349673 0.73713612556457531 0.82486379146575939 0.58571431040763866 1.0000000180025095e-35 1.0000000180025095e-35 0.90595519542694103 0.8240858018398286 0.10762548446655275 0.63453349471092235 1.0000000180025095e-35 0.8101586401462556 1.0000000180025095e-35 0.72046512365341198 1.0000000180025095e-35 0.34523810446262365 1.0000000180025095e-35 0.81375637650489818 0.40075758099555975 0.47332762181758886 0.3357843160629273 1.0000000180025095e-35
decision_type=2 2 2 2 2 2 2 2 2 2 2 2 2 2 2 2 2 2 2 2 2 2 2 2 2 2 2 2 2 2
left_child=8 19 29 5 7 6 -4 -5 9 13 11 12 -11 -1 -13 23 -15 -7 -6 22 21 -21 -2 26 25 -25 28 -28 -10 -3
right_child=1 2 3 4 18 17 -8 -9 15 10 -12 14 -14 16 -16 -17 -18 -19 -20 20 -22 -23 -24 24 -26 -27 27 -29 -30 -31
leaf_value=-0.061195780230508395 -0.0052724161239556264 -0.079367202831929634 0.024251286725456046 -0.10225952612352597 -0.010800742213787217 0.03036412016851657 0.11847582567747873 0.020384752803361418 0.12973294197156596 -0.081331916016963532 -0.078723066978039866 -0.089674550803071004 0.14265920769569188 -0.083622242310251324 0.027907877203616302 0.057890864937889773 0.62124357652636053 -0.019589751476847373 0.015128555690364179 1.3487370229223936 0.14085811417828265 -0.080486652238282982 0.095415596610136558 -0.043778879364506952 -0.16630974392563444 -0.0012576956779540465 0.098262195575662639 0.0075499741236415676 -0.024329981406051297 0.1271677247006705
leaf_weight=17.649859644547181 2.669548860347275 6.0579810266699488 14.839973455673318 6.1333104358691326 53.629301464487071 11.250003138202375 6.0010537035959706 2.6726528134022374 0.8976152699906369 1.198366127782722 4.810322921635815 2.6911979499272984 4.0991218878189102 0.075396723863376702 7.4687513873432181 7.2875141741096732 0.11219123005867004 18.271070542683447 45.789805576663639 0.055959954217541852 1.1892160350835181 0.073489270929712802 4.5809060572446469 15.561707920416664 0.8859273660582393 72.625641651247861 5.9290676663222248 27.863045383688586 14.405953243636757 0.35807954923257046
leaf_count=50474 7175 13133 3029 1449 5808 2669 795 348 12 2079 804 654 59 64 592 1404 1 4170 8116 24 1395 25 1835 4183 252 3795 2473 6211 499 107
internal_value=-0.000167935 0.00472509 0.000970038 0.00375395 -0.00424311 0.0209391 0.0513827 -0.0650364 -0.00479469 -0.024694 0.00373666 0.029398 0.0919893 -0.0569983 -0.00323771 0.000418333 0.337939 -0.00055314 0.00114161 0.0770308 0.179781 0.537356 0.0583432 -0.00261297 -0.0103281 -0.00876106 0.0113843 0.0234661 -0.0152936 -0.0678405
internal_weight=357.134 173.572 165.003 158.587 108.225 50.3621 20.841 8.80596 183.562 38.1052 20.2678 15.4574 5.29749 17.8374 10.1599 145.456 0.187588 29.5211 99.4191 8.56912 1.31867 0.129449 7.25045 138.169 89.0733 88.1873 49.0957 33.7921 15.3036 6.41606
internal_count=123634 50078 39624 26384 15721 10663 3824 1797 73556 54727 4188 3384 2138 50539 1246 18829 65 6839 13924 10454 1444 49 9010 17425 8230 7978 9195 8684 511 13240
is_linear=0
shrinkage=0.08


Tree=123
num_leaves=31
num_cat=0
split_feature=22 0 1 25 3 18 2 1 8 0 21 7 8 7 18 3 3 18 10 11 10 22 10 26 9 11 3 11 10 10
split_gain=1.1621 1.17418 3.57185 3.00106 2.93888 1.94773 4.22164 2.24729 1.77024 5.6289 3.86331 1.76708 1.37553 5.4805 2.70591 1.17275 0.79511 0.654809 0.308935 0.214873 0.192004 0.089189 0.0376039 0.0275556 0.0222431 0.0169628 0.0136906 0.00700202 0.00118984 0.000704102
threshold=0.83096903562545787 0.85847797989845287 0.89825496077537548 1.0000000180025095e-35 0.97014260292053234 0.95740577578544628 0.85880398750305187 0.87026646733284008 0.88516482710838329 0.94185259938240062 1.0000000180025095e-35 5.5000000000000009 0.96609193086624157 1.5000000000000002 0.91619548201560985 0.92907443642616283 0.89699381589889537 0.94667303562164318 0.53708994388580333 0.2356245890259743 0.5432812273502351 0.91734972596168529 0.44392034411430364 0.085144929587841048 0.24030075222253802 0.51244834065437328 0.96824595332145702 0.33620882034301763 0.5953289568424226 0.7729182541370393
decision_type=2 2 2 2 2 2 2 2 2 2 2 2 2 2 2 2 2 2 2 2 2 2 2 2 2 2 2 2 2 2
left_child=1 5 4 8 11 6 12 18 10 -10 -4 15 13 -1 -14 -3 19 -9 -8 -2 -5 29 -21 -24 -7 26 -26 -25 -22 -18
right_child=16 2 3 20 -6 24 7 17 9 -11 -12 -13 14 -15 -16 -17 21 -19 -20 22 28 -23 23 27 25 -27 -28 -29 -30 -31
leaf_value=0.037687618837692172 0.0070560611948318206 0.063785070489143322 -0.001852069653056348 0.022479128320678547 -0.21839011587267862 0.099194532062740537 -0.084265039970372893 -0.085080580667166575 -0.067163794552094827 0.0061876812208626628 0.074623778692816667 -0.064363192531984637 -0.028779943623887253 -0.0040059823029792484 0.050465253897568028 0.14860230163528496 -0.080788750581259186 -0.1601355228716064 0.086074243926590605 0.051200563949842168 0.085918222135293335 0.053646522488576556 0.11429607777579191 0.05677071010938517 -0.025999564300333216 0.081479210577811184 0.072000523229028057 0.08468110599564499 0.080249469336779192 -0.089469724404315235
leaf_weight=22.140752322344269 0.27136141946539272 5.7971127364435224 20.967916887238975 0.40989172249101047 0.23657284816727031 1.0388550385832775 0.07896450591942894 2.4746482890077464 9.2727673116678471 24.090368002987816 5.2951981523547138 0.59624706565227814 23.439615376664737 227.52031140138479 3.1254165675782124 1.2722976873992591 0.16241897290819896 1.0637140236431148 0.49721230389695847 0.20477412321451982 0.25837202585535157 0.034135577923734672 0.21445580463478098 0.060174607438966521 0.018191878538345807 0.25380379009584431 0.018301466712728143 1.3074297214188844 2.8608774025269668 0.094640076160430908
leaf_count=7317 10 605 1128 21 15 7 45 379 634 2737 359 32 7377 95361 197 149 155 44 171 90 16 16 11 6 38 97 2 275 6339 1
internal_value=-0.000198225 -0.000571741 0.00861799 0.00227344 0.0593243 -0.00289006 -0.00334813 -0.0837857 -0.00196922 -0.0141992 0.0135671 0.0678949 -0.00214996 -0.000308459 -0.0194566 0.0790498 0.0558799 -0.107644 0.0627294 0.0733854 0.0739548 -0.0678508 0.0834586 0.087634 0.0937238 0.0741463 0.0231476 0.083453 0.080719 -0.0839848
internal_weight=355.077 352.727 71.0576 63.1554 7.90223 281.67 280.341 4.11454 59.6263 33.3631 26.2631 7.66566 276.226 249.661 26.565 7.06941 2.34939 3.53836 0.576177 2.0582 3.52914 0.291195 1.78683 1.58206 1.32915 0.290297 0.0364933 1.3676 3.11925 0.257059
internal_count=123634 123070 12035 11234 801 111035 110891 639 4858 3371 1487 786 110252 102678 7574 754 564 423 216 392 6376 172 382 292 144 137 40 281 6355 156
is_linear=0
shrinkage=0.08


Tree=124
num_leaves=31
num_cat=0
split_feature=22 22 3 0 0 3 18 18 5 12 0 7 11 7 7 27 28 18 12 7 0 18 26 27 13 12 22 27 22 26
split_gain=1.14287 3.93388 4.02812 2.60152 5.50155 2.83724 1.96608 5.12116 3.27773 3.07921 3.31376 2.47249 2.20304 1.89423 1.69788 1.84096 1.78751 1.57478 1.93774 1.54466 1.231 1.25605 1.14873 1.76615 1.09631 1.02724 0.929036 0.876449 0.77547 0.419178
threshold=0.46265329420566564 1.0000000180025095e-35 0.21164613962173465 0.40224719047546392 0.12599206715822223 0.1627137288451195 0.66801637411117565 0.68010535836219799 0.074175827205181136 0.26794873178005224 0.54653680324554454 20.500000000000004 0.57212206721305858 9.5000000000000018 5.5000000000000009 0.38918128609657293 0.78964132070541393 0.62529116868972789 0.15504807978868487 6.5000000000000009 0.069570478051900878 0.47173796594142919 0.29285715520381933 0.25391484797000891 1.0000000180025095e-35 0.62828946113586437 0.67826876044273388 0.51010203361511242 0.64599359035491954 0.36931818723678594
decision_type=2 2 2 2 2 2 2 2 2 2 2 2 2 2 2 2 2 2 2 2 2 2 2 2 2 2 2 2 2 2
left_child=1 2 29 4 5 14 9 12 -9 11 -11 -4 -8 17 15 -2 -16 18 -6 20 27 25 23 -7 -5 -22 -24 -3 -26 -1
right_child=3 19 6 24 13 22 7 8 -10 10 -12 -13 -14 -15 16 -17 -18 -19 -20 -21 21 -23 26 -25 28 -27 -28 -29 -30 -31
leaf_value=0.16112262064852659 -0.016374240917989377 0.13163111735791852 -0.059730244217047951 -0.081213906174070094 -0.053137528620771229 0.20605436230885296 0.032532247903716678 0.052439493393743208 -0.001061212445777694 -0.0087377707908179048 0.073998014024650255 0.030530546480449887 0.12658295471304809 -0.081335809419635391 -0.066286822998410114 0.039269460122442312 0.072462751851521748 0.24392211270141761 0.10191781475809272 -0.087010976721151628 -0.064237083029693776 0.096195151305010274 -0.085466724423945414 -0.027830244975608379 -0.089982015437761409 0.08466592782632372 0.039279233783169942 -0.018107632194871156 0.067036767542206221 0.082540483213767876
leaf_weight=0.85714283410925307 5.097229898048691 0.50122314762847764 12.160566264819861 2.5053344146272134 0.57487350549854355 0.24849855704815027 3.7309349424340317 7.5861552547885358 216.05127560813708 55.507177515915828 3.2813904149952569 2.3114977915538466 2.7829034189053345 0.40498710810243199 2.6857757698508062 15.014006493885971 0.76308032777160395 0.43552161835395953 5.0218690056208288 4.3361559922759625 4.0077231648210727 0.39275440789788252 3.4095405746920737 1.2265758382818601 0.28856609588183335 0.32020322675816704 0.43030614267627232 0.49946682544759824 0.66563653370030806 0.88094679519417696
leaf_count=16 166 11 35079 3220 1260 8 4923 4223 62111 3926 268 2487 176 551 535 1422 26 22 230 1292 554 65 149 564 66 16 72 48 120 28
internal_value=-0.000175648 -0.00176991 -0.000147384 0.0127854 0.0192716 0.00436225 -0.000843056 0.00279026 0.000753621 -0.0122573 -0.00411972 -0.0453137 0.0727135 0.0861492 0.0162729 0.0251665 -0.0355876 0.0973936 0.0859912 -0.050998 -0.0237042 -0.0407893 -0.0484357 0.0115711 -0.0534209 -0.0532204 -0.0714873 0.0568931 0.0195518 0.121293
internal_weight=353.979 315.208 305.15 38.7718 35.3123 28.875 303.412 230.151 223.637 73.2606 58.7886 14.4721 6.51384 6.43725 23.5601 20.1112 3.44886 6.03226 5.59674 10.0575 5.72137 4.72068 5.31492 1.47507 3.45954 4.32793 3.83985 1.00069 0.954203 1.73809
internal_count=123634 115223 113237 8411 5005 2942 113193 71433 66334 41760 4194 37566 5099 2063 2149 1588 561 1512 1490 1986 694 635 793 572 3406 570 221 59 186 44
is_linear=0
shrinkage=0.08


Tree=125
num_leaves=31
num_cat=0
split_feature=22 28 0 27 27 12 12 1 0 3 3 6 4 3 0 12 15 7 10 0 3 25 27 0 3 12 25 10 4 22
split_gain=1.06776 1.14954 2.63335 2.20208 4.29736 3.81301 3.24008 2.63146 2.15265 1.49927 4.03911 4.54763 3.77678 5.18184 3.12753 2.38572 4.75822 3.24988 2.4443 1.85976 1.77789 1.12748 0.945807 0.669396 0.502729 0.378497 0.34162 0.106765 0.0358187 0.0139066
threshold=0.83096903562545787 0.6911335587501527 0.68801230192184459 0.58189269900321972 0.40075758099555975 0.17519181966781619 0.10762548446655275 0.11374663189053537 0.5388936996459962 0.97332859039306652 0.96449580788612377 2.5000000000000004 1.0000000180025095e-35 0.75905716419219982 0.86706829071044933 0.061553031206130988 1.0000000180025095e-35 12.500000000000002 0.38113766908645635 0.97915762662887584 0.97014260292053234 1.0000000180025095e-35 0.21521919220685962 0.75905716419219982 0.85145786404609691 0.10435571894049646 1.0000000180025095e-35 0.79262280464172374 1.0000000180025095e-35 0.83457711338996898
decision_type=2 2 2 2 2 2 2 2 2 2 2 2 2 2 2 2 2 2 2 2 2 2 2 2 2 2 2 2 2 2
left_child=1 2 3 4 7 -5 -6 -1 -7 10 12 20 14 -14 -3 16 22 -18 -17 -13 -12 -20 -11 25 -4 26 -2 -25 -26 -27
right_child=23 9 24 5 6 8 -8 -9 -10 15 11 19 13 -15 -16 18 17 -19 21 -21 -22 -23 -24 27 28 29 -28 -29 -30 -31
leaf_value=-0.068600371138358943 -0.083282836667773016 0.00029749448585416493 -0.079188117360038057 -0.080120782276885641 -0.080257454336436121 -0.02396306113751253 0.036730547896326744 -0.0056326057692337476 0.02349033285770764 -0.27637924998550917 -0.0954592793850981 -0.018352327522804811 0.090649029253276642 -0.059303777601111107 0.035432447199523376 0.19230801422842397 0.014747389348967297 -0.090332338369419715 0.023096380515637751 -0.20642108122970929 -0.3229532179239567 0.080008785674872629 -0.09566107227983002 -0.08328397809612556 -0.17334166167013074 0.10591190747432781 0.091933512124754632 0.080526545850712491 -0.21623485155596403 0.084364812367537234
leaf_weight=4.6405720165566882 0.17339603526124792 134.37097968446778 0.48414069162754358 6.0621101576434731 1.6206239945513541 21.736690161629671 23.278325712362857 50.154615700888826 8.5147152438366884 0.20567178726196234 0.3638259104845919 3.6469427802949212 1.6918190991200379 11.501626061493878 18.439558574380499 0.66046693771931941 43.432217240333557 1.96908888965845 10.890566167232462 0.37072203108982638 0.55562307991931448 2.8007100589456959 1.8752728361359912 0.22954051202759718 0.26438449661873165 0.2222738008131272 0.12084919901099056 0.028641065640840679 0.23566047718486516 1.3937335586961124
leaf_count=280 95 16428 447 67541 7456 7088 2001 5396 833 1 62 310 165 1481 2710 35 544 11 2724 36 20 6117 1334 174 45 20 2 11 5 262
internal_value=-0.000172144 -0.000519105 -0.00698833 -0.00588283 0.00155736 -0.0222112 0.029116 -0.0109653 -0.0106066 0.0027323 -0.00112916 -0.0724362 0.000991574 -0.0400751 0.00453721 0.0134074 0.00476821 0.01019 0.0419898 -0.035706 -0.232934 0.0347385 -0.113522 0.0557923 -0.137296 0.0721332 -0.0113199 -0.0651119 -0.193556 0.0873285
internal_weight=351.935 349.767 116.992 116.008 79.6941 36.3135 24.8989 54.7952 30.2514 232.775 170.941 4.93711 166.004 13.1934 152.811 61.834 47.4823 45.4013 14.3517 4.01766 0.919449 13.6913 2.08094 2.16843 0.984186 1.91025 0.294245 0.258182 0.500045 1.61601
internal_count=123634 123070 91092 90595 15133 75462 9457 5676 7921 31978 21212 428 20784 1646 19138 10766 1890 555 8876 346 82 8841 1335 564 497 379 97 185 50 282
is_linear=0
shrinkage=0.08


Tree=126
num_leaves=31
num_cat=0
split_feature=11 27 9 0 27 12 12 27 26 27 12 26 28 27 3 28 27 27 3 3 25 28 2 7 10 3 3 9 2 22
split_gain=1.01288 4.05134 3.23141 2.51561 2.49608 4.10303 2.57738 3.09035 2.09015 3.25598 4.92423 2.94857 2.06652 2.05084 3.10359 3.01917 1.97532 1.81671 2.72249 2.86477 2.23774 2.78716 2.20893 1.81341 1.6389 1.63184 2.06508 1.49025 2.08521 1.79729
threshold=0.75066137313842785 0.67759856581687938 0.7667919695377351 0.50242719054222118 0.5653955638408662 0.080540537834167494 0.38675214350223547 0.55600360035896312 0.39230769872665411 0.40075758099555975 0.065591398626565947 0.17914438992738727 0.96999701857566845 0.84650033712387096 0.37617924809455877 0.81705284118652355 0.51010203361511242 0.86222714185714733 0.87585616111755382 0.89512962102890026 -1.0000000180025095e-35 0.59473320841789257 0.72613638639450084 3.5000000000000004 0.84262126684188854 0.33589744567871099 0.28831169009208685 0.50607329607009899 0.6308579444885255 0.53410854935646068
decision_type=2 2 2 2 2 2 2 2 2 2 2 2 2 2 2 2 2 2 2 2 2 2 2 2 2 2 2 2 2 2
left_child=4 24 3 25 6 -6 8 16 9 11 -11 -1 13 15 -15 -4 -8 18 22 -20 23 -22 -7 -19 -2 26 -3 28 -10 -29
right_child=1 2 12 -5 5 17 7 -9 27 10 -12 -13 -14 14 -16 -17 -18 20 19 -21 21 -23 -24 -25 -26 -27 -28 29 -30 -31
leaf_value=0.0026389117826871641 0.35113497011374811 -0.02219855004801893 -0.031457971716753769 0.10529185148880482 -0.080252242074758368 -0.019251272028699442 0.081714115518779135 0.26690701891923402 -0.034147084312715043 -0.080826762572329167 0.0449465465611701 -0.036524378357733214 0.049353447346070438 0.015503858814617287 -0.038828645512880781 0.045737313315565187 -0.029145836047545087 0.018697341041067721 0.14894372581496607 0.0067446509806142006 -0.088929721141509238 0.043390081679986592 -0.077037361152703321 -0.034710242854940274 0.10534123399880649 -0.053299640929119735 0.13025867959311074 -0.08356943413869089 0.11909506743680974 0.010270046410304221
leaf_weight=152.61355033388827 0.19891169853508373 1.14113288273802 5.0524202737869919 3.4479678782226983 5.4599659174746185 42.293641643929732 2.7864540660521007 0.42395578607101914 1.7784319623024187 2.2157753953561068 19.747868950973498 13.382523744265198 4.6181730543539734 10.56831146356126 18.519647043685836 9.0518711947370303 1.6306052572617771 7.045619792777873 1.016529941218322 8.3943009223330574 1.1139362281646779 11.929881628937435 4.7045873629140251 9.6303092114067095 1.3652722836304745 1.5197122466342987 1.1333703489508478 4.5871182500413852 0.83517057262361039 1.8263248977309556
leaf_count=7409 43 51 210 389 61927 15250 144 12 100 6529 2874 525 5536 493 3139 1673 114 3058 144 1667 1379 2209 730 7205 238 194 18 300 30 44
internal_value=-0.00015732 0.00963947 0.00603226 0.0558316 -0.00204768 -0.013001 0.00292291 0.0605914 0.00150568 0.00331161 0.0322581 -0.000518414 -0.0015112 -0.00694971 -0.0190884 0.0180845 0.040789 -0.00873776 -0.0171712 0.0221046 0.00726926 0.03209 -0.0250357 -0.0121454 0.136598 0.0108849 0.0537699 -0.0360971 0.0148211 -0.0568472
internal_weight=350.033 56.6168 55.0526 7.24218 293.417 91.5888 201.828 4.84102 196.987 187.96 21.9636 165.996 47.8104 43.1922 29.088 14.1043 4.41706 86.1288 56.4091 9.41083 29.7197 13.0438 46.9982 16.6759 1.56418 3.79422 2.2745 9.02705 2.6136 6.41344
internal_count=123634 11984 11703 652 111650 93569 18081 270 17811 17337 9403 7934 11051 5515 3632 1883 258 31642 17791 1811 13851 3588 15980 10263 281 263 69 474 130 344
is_linear=0
shrinkage=0.08


Tree=127
num_leaves=31
num_cat=0
split_feature=22 0 5 2 5 3 3 9 18 1 8 0 7 8 27 2 8 28 2 7 4 27 10 8 3 0 0 0 10 5
split_gain=0.993245 2.88809 1.55916 5.13176 4.65993 7.44754 9.44031 5.88495 3.5811 3.26518 3.37176 3.03858 4.3424 12.9007 3.36785 3.385 2.90648 2.73649 2.88972 2.51915 2.35277 2.32007 2.05412 1.97356 1.63039 1.58258 1.42705 2.5473 1.34871 1.44343
threshold=0.64599359035491954 0.64899963140487682 0.30384616553783422 0.59317129850387584 0.080128207802772536 0.5912291705608369 0.59317129850387584 0.7667919695377351 0.57088929414749157 0.86319074034690868 0.95505049824714672 0.3442887961864472 3.5000000000000004 0.82891985774040233 0.92511683702468883 0.84273937344551098 0.43613053858280187 0.6911335587501527 0.74646764993667614 15.500000000000002 1.0000000180025095e-35 0.9260777235031129 0.58113884925842296 0.36140660941600805 0.75905716419219982 0.25176055729389196 0.48528139293193823 0.55625879764556896 0.85127449035644542 0.095454547554254546
decision_type=2 2 2 2 2 2 2 2 2 2 2 2 2 2 2 2 2 2 2 2 2 2 2 2 2 2 2 2 2 2
left_child=2 28 4 9 5 8 7 -7 22 10 24 12 13 -6 15 -13 -5 20 -19 -10 -18 -16 -1 -8 -4 -14 -11 -28 29 -2
right_child=1 -3 3 16 11 6 23 -9 19 26 -12 14 25 -15 21 -17 17 18 -20 -21 -22 -23 -24 -25 -26 -27 27 -29 -30 -31
leaf_value=-0.080317774564062611 0.0080823368094716901 -0.073704568942997664 0.080284588929944944 0.14646065653619253 1.4489991248597145 -0.080133877889479843 -0.04880753386982515 1.4075660863165402 -0.072605903973562272 -0.089057270600873956 -0.065019198921662039 -0.067855667823501317 0.14036451986901408 0.12127711378323833 0.28687654991583217 0.13936275567748282 -0.015610340535791606 0.023420977978438676 -0.0031806845982303151 0.022545362981316409 -0.084560494356954341 0.0078689539374033422 -0.00037884919552306232 0.06611587018317254 8.1411942228415974e-05 -0.065586810388661543 0.08143473602740145 -0.031722986284358538 0.084142102874868702 0.12071551535920523
leaf_weight=2.1115496773236364 6.7729971276012275 1.7250823084068532 12.71633916888277 0.85067544621051538 0.052207524677217232 0.024932230267949218 1.0579848325869523 0.053605400025844574 8.2364519954016924 1.1420656908649096 1.2872251840326487 17.812154793120506 0.31207919599000877 0.45519300721207401 0.20270689062453984 0.51923062291461874 26.307590172600616 33.253623455671914 122.07954101680843 2.2719627594342446 3.6008219024024575 3.231845813849759 80.009056842576683 9.9546045552615379 1.8593218550668087 1.0168048639361584 1.9942579988637588 3.5212293583554128 2.9238283617887646 0.81590507632063225
leaf_count=5585 2153 1062 5287 82 5 120 245 1 7134 187 820 40607 136 253 125 34 10691 6205 18436 1012 224 9659 5574 3959 509 1305 241 664 786 533
internal_value=-0.000152284 0.0222347 -0.000967824 0.00329002 -0.00794414 -0.00064331 0.061308 0.935287 -0.00806118 0.0393585 0.0590928 -0.0400277 0.0587975 0.257889 -0.0483651 -0.0619863 -0.0010749 -0.00175242 0.00251418 -0.0520338 -0.0239116 0.0243359 -0.0024343 0.0550751 0.0700536 -0.0172206 -0.00766217 0.00919193 0.0379779 0.0201919
internal_weight=348.173 12.2378 335.935 208.613 127.322 103.72 11.0911 0.0785376 92.629 22.5204 15.8629 23.6022 1.83628 0.507401 21.7659 18.3314 186.092 185.242 155.333 10.5084 29.9084 3.43455 82.1206 11.0126 14.5757 1.32888 6.65755 5.51549 10.5127 7.5889
internal_count=123634 4534 119100 43346 75754 23630 4325 121 19305 7708 6616 52124 1699 258 50425 40641 35638 35556 24641 8146 10915 9784 11159 4204 5796 1441 1092 905 3472 2686
is_linear=0
shrinkage=0.08


Tree=128
num_leaves=31
num_cat=0
split_feature=20 18 5 0 28 0 8 2 12 0 18 5 15 0 18 9 2 0 22 21 8 18 28 28 27 16 8 8 12 8
split_gain=1.00242 5.4026 3.7687 3.13797 3.33068 3.17178 3.01753 2.46672 2.17646 6.43461 5.80311 3.83235 4.68258 2.77946 2.66508 2.42002 2.13544 2.37898 2.29183 2.06548 1.95243 1.59578 2.47649 5.43623 2.35991 1.97116 1.44703 2.14339 1.31354 1.27083
threshold=1.0000000180025095e-35 0.8240858018398286 0.27922078967094427 0.61633428931236278 0.48502780497074133 0.64899963140487682 0.97014260292053234 0.74115687608718883 0.10762548446655275 0.73746865987777721 0.82486379146575939 0.58571431040763866 1.0000000180025095e-35 0.91715687513351452 0.8240858018398286 0.31045190989971166 0.25158227980136877 0.84680575132370006 0.6789083480834962 1.0000000180025095e-35 0.92206478118896495 0.80167940258979808 0.58735710382461559 0.60054644942283641 0.37549999356269842 1.0000000180025095e-35 0.91010102629661571 0.35160160064697271 0.47493734955787664 0.86576578021049511
decision_type=2 2 2 2 2 2 2 2 2 2 2 2 2 2 2 2 2 2 2 2 2 2 2 2 2 2 2 2 2 2
left_child=8 21 19 4 -4 6 -5 -7 9 -1 11 12 -11 -13 15 26 18 -18 -17 28 -6 25 -23 24 -24 -2 27 -10 -3 -12
right_child=1 2 3 5 20 7 -8 -9 14 10 29 13 -14 -15 -16 16 17 -19 -20 -21 -22 22 23 -25 -26 -27 -28 -29 -30 -31
leaf_value=-0.065861553420440741 0.083727406315533826 -0.087722484549866406 -0.094981453384965706 -0.035824823582170782 0.033032790809583122 0.0229270538766039 -0.21647043666800725 -0.0035591148424296451 0.16307561119096903 -0.081116328306004404 0.022220400347980479 -0.019096689692009623 0.11820335596595855 0.09749301089176847 0.04797701652382174 0.0019395629935947995 -0.017607183217572504 0.043430579436504378 0.056862511081177014 0.12462476866315186 0.10898445157325215 -0.080589375751554226 0.85049238301580465 0.10458918047582312 0.34009674487045011 -0.0068046920940735634 0.17210193011579833 -0.038556997883760311 0.041690165618922539 -0.093851194560682819
leaf_weight=13.310234755377676 4.0071316732355609 4.8962165070370238 1.1583997765192204 6.6891169916671052 13.105854212419215 28.802896087765475 0.64924258536120749 102.90558220922321 0.529323740222025 0.90856099026132398 0.7233645463556958 8.0370217825911805 4.4438839521026239 1.5631613594887301 6.9986253927509088 59.885314231190932 64.990455672896132 4.360921962754218 5.2921473837632211 0.35525907934425038 2.5950066048590079 0.28649278656848753 0.085378168616443761 1.2136342861995215 0.18065523793666216 2.4991921049095254 0.73627925584878529 0.93063635808175604 0.55930126001476299 3.6489672657844494
leaf_count=46836 1826 13063 479 1687 3249 4848 105 15321 5 1997 166 1148 59 65 1556 4220 15149 823 776 107 695 1215 5 182 54 7172 34 109 70 613
internal_value=-0.000182738 0.00420102 0.000975343 0.00333307 0.0359275 -0.000618968 -0.051807 0.00223306 -0.00440817 -0.0230585 0.00642243 0.0301285 0.0843695 -0.000112832 -0.000173248 -0.00263794 -0.00399784 -0.013769 0.00639909 -0.0622837 0.0455859 0.067259 0.134698 0.176382 0.503898 0.0489525 0.0806617 0.034547 -0.0744551 -0.0746482
internal_weight=346.348 169.989 161.717 155.906 16.8593 139.047 7.33836 131.708 176.359 32.6352 19.325 14.9526 5.35244 9.60018 143.724 136.725 134.529 69.3514 65.1775 5.81078 15.7009 8.27248 1.76616 1.47967 0.266033 6.50632 2.19624 1.45996 5.45552 4.37233
internal_count=123634 50078 39624 26384 4423 21961 1792 20169 73556 50884 4048 3269 2056 1213 22672 21116 20968 15972 4996 13240 3944 10454 1456 241 59 8998 148 114 13133 779
is_linear=0
shrinkage=0.08


Tree=129
num_leaves=31
num_cat=0
split_feature=25 12 27 12 11 8 7 8 22 0 0 2 2 27 28 22 2 28 10 8 8 7 28 28 18 8 28 22 22 5
split_gain=0.985739 2.19807 1.62444 2.32053 1.52112 1.58075 5.0527 2.55476 1.40919 1.39914 1.39399 2.33489 1.85815 1.26612 1.14725 2.02367 2.14621 1.41078 2.00422 1.35079 1.51128 1.09319 1.09267 0.980639 0.959341 0.94186 0.93064 0.897008 0.878529 0.694532
threshold=-1.0000000180025095e-35 0.0745370388031006 0.97309362888336193 0.71825397014617931 0.92342185974121105 0.48181217908859258 16.500000000000004 0.6238207519054414 0.64174234867095958 0.41882613301277166 0.83910790085792553 0.86319074034690868 0.76339712738990795 0.37549999356269842 0.34930197894573217 0.48435972630977636 0.23606811463832858 0.41337057948112493 0.87340134382247936 0.21103239059448245 0.30267794430255895 18.500000000000004 0.34054243564605718 0.36408419907093054 0.44142027199268347 0.90098038315773021 0.3279555886983872 0.6351073980331422 0.48808848857879644 0.78888890147209179
decision_type=2 2 2 2 2 2 2 2 2 2 2 2 2 2 2 2 2 2 2 2 2 2 2 2 2 2 2 2 2 2
left_child=1 10 4 25 5 6 -3 -7 14 23 -1 12 -12 -14 15 16 -2 18 27 24 -21 -6 28 -10 -19 29 -18 -16 -17 -4
right_child=8 2 3 -5 21 7 -8 -9 9 -11 11 -13 13 -15 17 22 26 19 -20 20 -22 -23 -24 -25 -26 -27 -28 -29 -30 -31
leaf_value=-0.083622433456663536 -0.092264301054376024 0.094155875626608002 -0.064884110310775123 0.066091661043380462 0.11066303465677231 -0.04908683209965619 -0.013599595034303058 -0.0014737052983861496 0.00018782724560289528 -0.048743830927843346 -0.08382152464512499 -0.097930769655516281 0.14980001008213531 -0.080491066578009779 -0.0847771087792345 0.15583430155762226 0.11016237101237528 -0.12891683828240078 0.032931877323554563 0.048133722204623829 0.001533924522088215 -0.094992864976621946 0.24001680300594186 0.09137077915864017 -0.015999061990556493 0.0071866338471360744 -0.080755215465555336 -0.25778915025314797 -0.080628644008196956 -0.16175512702139336
leaf_weight=3.7302090707735251 0.81165681369748144 4.3233151473395974 4.3342610143808988 1.0982522427948422 1.1960680955235137 8.010353941264837 7.8269879876479536 72.397027261717085 1.0354312935596675 0.81588938982531534 0.43604266274633152 1.0726974915887693 0.91537447349401169 0.18340473832722637 1.5961248872263234 0.24982134997844685 0.95624784317624267 0.83841539880086102 1.0591210629791019 4.5459448794281334 220.39246962514881 0.1919732131063937 0.45275077331098146 2.7856601095700171 1.1312681527124366 1.0776622635748934 0.19708528441697126 0.21798137051518995 0.16829910574233509 0.53179816441843275
leaf_count=57016 45 859 1578 209 382 4312 2132 19889 189 498 206 1111 16 360 1392 1 91 17 10 204 31318 3 24 956 89 508 102 16 90 11
internal_value=-0.000190513 -0.00655234 -0.00368425 -0.0407436 -0.00090636 -0.00215296 0.0247419 -0.00621703 0.00268735 0.0463562 -0.0522535 -0.00737835 0.0559094 0.111361 0.00181686 0.0523893 0.00739949 0.00119272 -0.0545133 0.0018981 0.00247569 0.0822198 0.153902 0.0666622 -0.0640636 -0.0604842 0.0775378 -0.105566 0.0606548 -0.0754709
internal_weight=344.58 107.325 100.988 7.04197 93.9457 92.5577 12.1503 80.4074 237.254 4.63698 6.33773 2.60752 1.53482 1.09878 232.617 2.83586 1.96499 229.781 2.87323 226.908 224.938 1.38804 0.870871 3.82109 1.96968 5.94372 1.15333 1.81411 0.41812 4.86606
internal_count=123634 88592 29883 2306 27577 27192 2991 24201 35042 1643 58709 1693 582 376 33399 353 238 33046 1418 31628 31522 385 115 1145 106 2097 193 1408 91 1589
is_linear=0
shrinkage=0.08


Tree=130
num_leaves=31
num_cat=0
split_feature=3 2 20 12 19 2 12 22 19 6 8 2 22 2 12 3 16 7 3 28 11 12 9 18 2 8 0 6 9 28
split_gain=0.993127 3.46191 3.26292 4.45878 4.24103 3.52844 3.36139 2.74205 2.71222 2.56056 2.41831 2.20539 2.35497 2.07816 2.03723 2.2683 4.26684 3.98306 3.65764 2.70376 2.6647 2.0222 1.89773 1.24727 1.24463 1.10753 5.37806 0.936812 1.06166 1.50723
threshold=0.80810147523880016 0.74646764993667614 1.0000000180025095e-35 0.10762548446655275 0.36666667461395269 0.59317129850387584 0.32666666805744177 0.48435972630977636 0.36666667461395269 1.5000000000000002 0.96922349929809581 0.25158227980136877 0.75809821486473095 0.56294015049934398 0.61721614003181469 0.84680575132370006 1.0000000180025095e-35 4.5000000000000009 0.855400711297989 0.68307831883430492 0.82699537277221691 0.11269841343164445 0.67986929416656505 0.94287842512130748 0.79205974936485302 0.72046512365341198 0.74115687608718883 3.5000000000000004 0.9525684416294099 0.96248644590377819
decision_type=2 2 2 2 2 2 2 2 2 2 2 2 2 2 2 2 2 2 2 2 2 2 2 2 2 2 2 2 2 2
left_child=1 2 3 25 7 13 -7 -4 -2 -3 23 12 -5 -6 15 16 17 -10 22 -18 -20 -13 -17 -11 -12 26 -1 -16 -29 -30
right_child=8 9 4 11 5 6 -8 -9 14 10 24 21 -14 -15 27 18 19 -19 20 -21 -22 -23 -24 -25 -26 -27 -28 28 29 -31
leaf_value=-0.043213797646920557 0.073370563618535861 0.075495186158797398 -0.090075477662250464 0.0040945245343465813 0.038836419501333354 -0.0093383375812911597 0.066936642184481837 0.088725864106753219 0.084116518613637281 -0.0765016267462411 0.078376955164076723 0.11567090645025921 0.083882398879027764 0.10718776727710505 0.080387073197664471 -0.071317288647730806 0.074416256908742151 -0.035333917514868925 0.0012105887018107845 -0.03647283741974941 -0.067154026806889505 -0.015788365340613845 -0.27105834771913528 0.10274573725047131 -0.080395558760039038 -0.07463406133542122 0.46056121024394481 0.080426706857804772 -0.13545451977707296 0.080084565131270102
leaf_weight=2.0482603731916229 3.5727495991586684 1.0267325469876585 3.2084476028612694 63.546706696826732 8.2995473067448966 15.748209868578671 4.832386404668795 0.66222431743699406 8.7563472816691483 9.3061603379082918 1.1532974309957342 0.75848928314735431 2.459128874965244 4.3332057790084937 3.1021836284307929 1.9174257854447199 1.7508856610202199 2.2445341282709714 124.5887971735101 7.1701326106540364 3.7590183596184934 59.223566229315111 0.36187823512591411 0.25526139567955475 0.43523704551989784 7.3482617620584278 0.14523943540370954 0.665508342644898 0.545750540739391 0.33515208783501294
leaf_count=16893 1376 250 13035 4518 5524 8140 473 507 664 2403 219 1614 506 2056 5417 379 1793 714 11966 1211 1307 13007 34 28 67 26950 70 1418 33 1062
internal_value=-0.00018397 -0.00417087 -0.0012626 -0.0070161 0.0197645 0.0290002 0.00857126 -0.0594848 0.00445632 -0.0453978 -0.0565301 -0.00302281 0.00706712 0.0622819 0.00286987 0.00125927 0.0264043 0.0597448 -0.0025756 -0.0147092 -0.000791657 -0.014126 -0.10303 -0.0717163 0.0348754 -0.0597429 -0.00985706 0.0550309 0.00416498 -0.0534496
internal_weight=343.561 184.79 172.614 135.53 37.084 33.2133 20.5806 3.87067 158.77 12.1767 11.15 125.988 66.0058 12.6328 155.198 150.549 19.9219 11.0009 130.627 8.92102 128.348 59.9821 2.2793 9.56142 1.58853 9.54176 2.1935 4.64859 1.54641 0.880903
internal_count=123634 96260 93293 63558 29735 16193 8613 13542 27374 2967 2717 19645 5024 7580 25998 18068 4382 1378 13686 3004 13273 14621 413 2431 286 43913 16963 7930 2513 1095
is_linear=0
shrinkage=0.08


Tree=131
num_leaves=31
num_cat=0
split_feature=10 24 26 12 9 12 1 9 7 8 11 3 1 12 0 11 13 7 8 26 12 3 11 12 11 13 10 0 11 2
split_gain=0.946621 1.38737 1.21116 2.78882 2.44113 2.51187 1.52523 1.88497 1.32715 2.53445 1.61763 1.09091 1.45832 1.82464 1.68421 2.51496 1.04739 1.04284 1.14826 0.957348 0.804536 0.746817 0.495871 0.247584 0.231055 0.192923 0.0571051 0.145645 0.0567293 0.00950274
threshold=0.9855765998363496 1.0000000180025095e-35 0.93303570151329052 0.71825397014617931 0.78699102997779857 0.47493734955787664 0.72613638639450084 0.9525684416294099 12.500000000000002 0.60172414779663097 0.92342185974121105 0.75162336230278026 0.27639257907867437 0.43874999880790716 0.11852502077817918 0.58960863947868358 1.0000000180025095e-35 24.500000000000004 0.65261757373809826 0.55050507187843334 0.5419580638408662 0.15504807978868487 0.3687546998262406 0.3717105239629746 0.93515834212303173 1.0000000180025095e-35 0.63925975561141979 0.52704679965972911 0.43703044950962072 0.13873296231031421
decision_type=2 2 2 2 2 2 2 2 2 2 2 2 2 2 2 2 2 2 2 2 2 2 2 2 2 2 2 2 2 2
left_child=1 2 3 8 5 23 20 -8 10 -10 -1 12 14 -14 15 21 -7 18 -15 -5 -6 -2 -16 -4 -21 -24 27 -3 -13 -17
right_child=11 26 4 19 6 16 7 -9 9 -11 -12 28 13 17 22 29 -18 -19 -20 24 -22 -23 25 -25 -26 -27 -28 -29 -30 -31
leaf_value=0.00037030064589846536 -0.017346538701432306 -0.081873198128249836 -0.088748705764403205 -0.087239725024457773 -0.10348299936175641 0.060264737364264256 0.082180877305028432 -0.070839868390789248 -0.0086964026610066684 -0.08051385908914549 0.10524255647407559 0.032232510228175817 0.089963055543404682 0.022925117270681562 -0.015508561277462585 0.085964138662962403 0.21838639589832323 -0.11689547828088191 -0.049197521000414399 0.092685628776368004 -0.044287840185530052 -0.12489138031944533 0.15375773824407787 0.011903368074276353 0.034992128253678735 0.086855822102161667 0.089485061986789044 0.085403883126765237 0.080312701310266896 0.10525908211751793
leaf_weight=268.96580460509904 0.93113256749347628 0.046024937782930375 0.51528941810829465 0.22666129823483006 2.3673449526540917 0.5813394390279425 1.129870728174865 0.94705686140514433 38.265200214740617 3.4264825664758964 0.94462809173273754 0.17268134657933742 0.97134138224646438 2.6150109606678598 0.28951020538806949 0.93300457638542844 0.49758148213732056 0.74169771256856609 3.0730025868397206 2.6336168504421953 3.8742336762225023 0.74301445885794237 0.3128958516463175 0.22457306398428045 0.53441480045148626 2.3305194637650857 1.0899744450871365 0.120601178961806 1.7356933908704375 0.1980315966065973
leaf_count=94620 39 70 76 35 104 24 298 269 16548 3207 710 16 8 51 2 313 20 5 288 1262 133 11 21 37 361 181 432 4 4483 6
internal_value=-0.00017615 -0.0010806 -0.00140486 -0.000528928 -0.0286226 0.0553344 -0.0469792 0.012405 -0.00131461 -0.0145988 0.000737331 0.019442 0.0112328 -0.0122349 0.0415017 -0.00281567 0.133188 -0.027674 -0.0160398 0.0715896 -0.0667398 -0.0650767 0.0838887 -0.0581974 0.0829533 0.0947749 0.0828171 0.0391991 0.0759621 0.0893425
internal_weight=341.438 326.391 325.134 314.997 10.1373 1.81878 8.31851 2.07693 311.602 41.6917 269.91 15.0475 13.1392 7.40105 5.73811 2.80518 1.07892 6.42971 5.68801 3.39469 6.24158 1.67415 2.93293 0.739862 3.16803 2.64342 1.2566 0.166626 1.90837 1.13104
internal_count=123634 118210 117704 116743 961 157 804 567 115085 19755 95330 5424 925 352 573 369 44 344 339 1658 237 50 204 113 1623 202 506 74 4499 319
is_linear=0
shrinkage=0.08


Tree=132
num_leaves=31
num_cat=0
split_feature=25 12 3 18 10 26 8 18 13 0 5 0 3 3 27 7 28 28 4 0 1 3 8 7 18 8 8 3 10 28
split_gain=0.863576 1.99351 1.47781 2.02725 2.25167 2.64594 2.11575 3.92983 1.57502 1.58146 1.44271 1.27048 1.74563 2.07743 1.21281 1.39813 2.22009 4.15247 3.47084 5.79334 2.62482 2.57561 1.6342 2.49768 3.06757 2.45624 1.90093 1.78733 1.47866 1.22611
threshold=-1.0000000180025095e-35 0.0745370388031006 0.13423423469066623 0.41249190270900732 0.97158998250961315 0.29285715520381933 0.48181217908859258 0.42300890386104589 1.0000000180025095e-35 0.10596491396427156 0.84523808956146251 0.83910790085792553 0.88047617673873912 0.86391696333885204 0.88935971260070812 12.500000000000002 0.61830145120620739 0.59711855649948131 1.0000000180025095e-35 0.72046512365341198 0.3260560035705567 0.94392031431198131 0.73123827576637279 6.5000000000000009 0.85001030564308178 0.71902412176132213 0.81322672963142406 0.77694860100746166 0.90976935625076305 0.59473320841789257
decision_type=2 2 2 2 2 2 2 2 2 2 2 2 2 2 2 2 2 2 2 2 2 2 2 2 2 2 2 2 2 2
left_child=1 11 8 4 5 -4 7 -5 9 -3 -8 -1 13 -13 15 22 17 20 21 -20 -17 -18 25 26 -25 28 -24 -27 -2 -16
right_child=14 2 3 6 -6 -7 10 -9 -10 -11 -12 12 -14 -15 29 16 18 -19 19 -21 -22 -23 23 24 -26 27 -28 -29 -30 -31
leaf_value=-0.083638464207693469 0.0073378535191847396 -0.042907685686395337 0.03747904769695086 0.26991241282766815 0.084062470009775653 -0.081499848829476917 -0.010318241890846833 0.01972368316131376 0.056436913331744103 0.049208437844387845 0.054794273848203928 -0.025901844004146961 -0.073449651175556144 0.18783893636680823 -0.080965114138949648 0.043668130442714323 -0.031976723407050371 0.11994197057264071 -0.028508263909073465 -0.26620012537314525 -0.054214585533503126 0.059459762145692312 0.025397003234706058 -0.091016413288611972 -0.0063991272728530293 -0.015271082017308087 -0.0012949494548484737 0.13774312119118387 0.065635088896851185 0.023385709686509069
leaf_weight=3.3616842923229333 29.316133434151197 3.0260240717525431 1.4921560026414207 0.41681949956182407 0.79007963021285821 6.0321623373056354 67.244924825690759 11.156521394310401 5.1554195514436287 1.96890601710038 2.2507630418040199 0.71769509271871379 1.2752549261167585 0.48953013759455644 0.74478499213728611 3.0610845023820747 12.393488140427509 1.9251152038632424 1.8278172091231675 1.0238862059195524 4.104130760562839 2.3446019621624137 19.962528870863025 4.1546955383655577 8.0635663612629269 0.67280302330982467 118.0902745146559 1.7841274699239873 3.0767804079114276 22.225374507886954
leaf_count=57016 3476 266 626 49 24 548 23996 2918 381 88 987 390 1259 44 2761 521 491 115 57 13 2041 135 1979 1316 433 338 12471 118 427 8350
internal_value=-0.000158427 -0.00617506 -0.00350881 -0.00679374 -0.0444145 -0.057905 -0.00293538 0.0287344 0.0254181 -0.00659727 -0.00820944 -0.0515848 -0.00817885 0.0607701 0.00254216 0.000648587 -0.0164726 0.0156287 -0.0330624 -0.11385 -0.0123977 -0.0174306 0.00311613 -0.000503609 -0.0351724 0.0187243 0.00256472 0.0958419 0.0128751 0.0200022
internal_weight=340.149 105.378 99.5338 89.3834 8.3144 7.52432 81.069 11.5733 10.1503 4.99493 69.4957 5.84416 2.48248 1.20723 234.771 211.801 26.6801 9.09033 17.5898 2.8517 7.16522 14.7381 185.121 150.271 12.2183 34.8498 138.053 2.45693 32.3929 22.9702
internal_count=123634 88592 29883 29148 1198 1174 27950 2967 735 354 24983 58709 1693 434 35042 23931 3373 2677 696 70 2562 626 20558 16199 1749 4359 14450 456 3903 11111
is_linear=0
shrinkage=0.08


Tree=133
num_leaves=31
num_cat=0
split_feature=11 9 7 8 2 27 28 12 27 10 27 12 12 26 11 11 26 27 12 26 7 8 3 3 9 2 10 9 13 11
split_gain=0.873417 3.37612 2.21815 2.82695 2.29293 2.16997 3.05222 2.91364 6.55631 2.17799 2.0088 3.29842 1.9942 2.26069 1.95012 1.77874 1.76841 2.78226 3.81251 2.52329 1.64612 1.55302 2.74148 2.63122 1.2851 1.85568 1.18226 1.06125 1.05603 0.998621
threshold=0.75066137313842785 0.77621760964393627 18.500000000000004 0.51471862196922313 0.52565789222717296 0.69779554009437572 0.81705284118652355 0.45804196596145635 0.93533453345298778 0.89672946929931652 0.5653955638408662 0.080540537834167494 0.38675214350223547 0.55050507187843334 0.38605175912380224 0.840967357158661 0.39230769872665411 0.40075758099555975 0.065591398626565947 0.17914438992738727 27.500000000000004 0.40967366099357611 0.55403152108192455 0.30901856720447546 0.50607329607009899 0.6308579444885255 0.89672946929931652 0.7667919695377351 1.0000000180025095e-35 0.8109998106956483
decision_type=2 2 2 2 2 2 2 2 2 2 2 2 2 2 2 2 2 2 2 2 2 2 2 2 2 2 2 2 2 2
left_child=10 2 3 -2 29 -3 15 8 -8 -9 12 -12 16 14 -14 -7 17 19 -19 -1 21 23 -23 -13 25 -18 -26 -6 -15 -5
right_child=1 5 -4 4 27 6 7 9 -10 -11 11 20 13 28 -16 -17 24 18 -20 -21 -22 22 -24 -25 26 -27 -28 -29 -30 -31
leaf_value=0.0023290144026736261 0.15291670565959375 0.091384816969307836 -0.077809588213911027 -0.050956518778240055 0.095088422065845224 -0.033298734653217019 0.10400804303135021 -0.048563288435854376 -0.084086069725744075 0.0060062102160518618 -0.080265481919894341 -0.074857202144161819 -0.089653353035605718 0.049974933818375318 0.11460327403935321 -0.1399382475868847 -0.033416012262457391 -0.080806644811026132 0.040673157971737192 -0.034428382278311215 -0.090641100639260938 -0.03094906487556388 0.0013303841474852742 0.038020476186770659 -0.090073018282923287 0.1148330113552315 -0.019236325191051777 -0.018493327540213905 -0.084352257262625796 0.076427858908000856
leaf_weight=150.18318586495116 1.8609211294096857 1.6140517754683958 0.74615467980038452 1.7935646013647786 3.3668627409861078 5.3907130575244073 4.6279834564338662 5.7609628485442981 1.5946792973991248 24.969808967391145 4.3097088802860517 1.546915651695598 0.33473158956621718 0.66383850332931593 2.814252580399625 1.2293390824925152 1.685538279198225 1.8083096609289011 19.302930236595785 12.985947642744575 1.5320389907392371 27.545147213939345 43.323000067266548 9.0765936602965649 2.9849149561778177 0.79537558084120963 3.0473609050095547 0.62406582051335124 0.8595817330351565 0.50469702517148096
leaf_count=7409 39 259 51 216 463 311 587 678 163 8991 61927 180 10 36 184 52 100 6529 2874 525 387 13158 16558 1359 225 30 119 149 40 25
internal_value=-0.000154141 0.00916577 0.0542133 0.0663002 0.040671 0.000297076 -0.003077 0.0058847 0.0558052 -0.00422369 -0.00192401 -0.0120269 0.0025442 0.0541863 0.0928911 -0.0531016 0.00129264 0.00293944 0.0302677 -0.000596353 -0.00848465 -0.00694012 -0.011216 0.0215841 -0.0343548 0.0141123 -0.054288 0.0773275 -0.0258185 -0.022983
internal_weight=338.883 54.0838 8.89627 8.15011 6.28919 45.1875 43.5735 36.9534 6.22266 30.7308 284.799 87.3334 197.466 4.6724 3.14898 6.62005 192.794 184.28 21.1112 163.169 83.0237 81.4917 70.8681 10.6235 8.51319 2.48091 6.03228 3.99093 1.52342 2.29826
internal_count=123634 11984 943 892 853 11041 10782 10419 750 9669 111650 93569 18081 270 194 363 17811 17337 9403 7934 31642 31255 29716 1539 474 130 344 612 76 241
is_linear=0
shrinkage=0.08


Tree=134
num_leaves=31
num_cat=0
split_feature=22 28 0 2 12 26 26 2 0 21 7 2 5 6 6 0 0 10 12 2 0 1 12 25 28 10 4 11 9 8
split_gain=0.846443 0.860377 2.17539 2.91769 1.58216 3.13082 1.42653 1.34138 3.14176 3.3579 2.73769 3.40697 2.68889 2.68597 2.48182 3.51267 2.94609 2.02871 2.69993 0.51468 0.499049 0.292616 0.237889 0.305087 0.232404 0.100429 0.0222218 0.0123158 0.00967055 0.00700686
threshold=0.83096903562545787 0.6911335587501527 0.68801230192184459 0.84680575132370006 0.27525253593921667 0.4083333313465119 0.4083333313465119 0.77003204822540294 0.78142958879470836 1.0000000180025095e-35 15.500000000000002 0.78611555695533764 0.47727273404598242 1.5000000000000002 1.5000000000000002 0.73746865987777721 0.48683299124240881 0.89672946929931652 0.70710784196853649 0.8539126217365266 0.77459675073623668 0.87026646733284008 0.10435571894049646 1.0000000180025095e-35 0.73357313871383678 0.79262280464172374 1.0000000180025095e-35 0.66841188073158275 0.45674151182174688 0.96720427274703991
decision_type=2 2 2 2 2 2 2 2 2 2 2 2 2 2 2 2 2 2 2 2 2 2 2 2 2 2 2 2 2 2
left_child=1 2 3 4 6 -6 -1 12 9 13 11 -10 14 -9 16 -16 -3 18 -14 -5 22 27 23 -2 -11 -22 -23 -4 -19 -24
right_child=20 7 21 19 5 -7 -8 8 10 24 -12 -13 17 -15 15 -17 -18 28 -20 -21 25 26 29 -25 -26 -27 -28 -29 -30 -31
leaf_value=-0.011457388706384993 -0.082545148377232924 -0.0016515497348782088 -0.082363072666048837 0.14102496673931295 0.028372685719523831 -0.019341971944501851 -0.070528629566831202 0.076500876021242656 0.092135239776162448 0.018282866868480841 -0.1947070566185311 -0.00035499187615752823 0.021118286108842126 -0.062998628199446835 -0.069819162264051104 0.02666351505240986 0.047801170060389052 0.037476567734185028 -0.26629841540018101 0.054360713841712462 -0.082917960740425747 -0.15228197734780044 0.086404700823295183 0.092294072036768468 0.099706913805208686 0.080568400084045366 -0.18558500332960612 -0.032074577340860964 0.08226949833541955 0.063579220046222837
leaf_weight=69.170088099699569 0.13465507588261871 53.443360088160262 0.38707935924230596 0.86605580612376687 19.590042532276129 15.980412538716335 2.7192793712165431 0.95653479747670367 2.6191994715900355 0.28680369448920906 0.45434087827743397 95.001446743231099 36.296004309609998 11.546452627570032 6.950786088140374 3.70084608462912 9.00960230109831 0.031110948766581159 0.21038710721768339 0.8885056288454507 0.18033927848227893 0.26691870946251584 1.2013784983355433 0.12151613790774718 1.0301826740924296 0.027747862302931026 0.24679133750032634 0.033897042099852115 3.6350333915888768 0.092714815327781142
leaf_count=86506 100 2794 452 10 1293 1483 1267 441 358 15 32 14912 3566 1937 2621 1188 1911 8 2 36 169 40 225 2 126 10 2 3 2067 58
internal_value=-0.000148692 -0.00043899 -0.00623289 -0.00519282 -0.00686365 0.00693636 -0.0136918 0.00239525 -0.00381735 -0.0395279 0.00121471 0.00212656 0.00853205 -0.0523263 -0.000604823 -0.0362968 0.00548261 0.025159 0.0194619 0.0971384 0.0552118 -0.12776 0.0708264 0.000390739 0.081975 -0.0611175 -0.168281 -0.0783138 0.0818894 0.0847694
internal_weight=337.08 335.321 110.149 109.214 107.46 35.5705 71.8894 225.172 111.895 13.82 98.075 97.6206 113.277 12.503 73.1046 10.6516 62.453 40.1725 36.5064 1.75456 1.75835 0.934686 1.55026 0.256171 1.31699 0.208087 0.51371 0.420976 3.66614 1.29409
internal_count=123634 123070 91092 90595 90549 2776 87773 31978 17821 2519 15302 15270 14157 2378 8514 3809 4705 5643 3568 46 564 497 385 102 141 179 42 455 2075 283
is_linear=0
shrinkage=0.08


Tree=135
num_leaves=31
num_cat=0
split_feature=22 22 3 1 2 3 7 10 25 7 3 1 3 25 27 7 3 5 26 10 10 2 18 12 7 27 7 3 10 27
split_gain=0.850795 3.16646 3.381 1.74465 2.81546 1.99128 1.47507 2.39516 1.64236 1.4571 1.43826 2.6905 3.25994 2.21516 1.88042 1.22168 1.5463 1.15912 1.01549 1.48665 1.05138 0.893669 1.05543 0.802988 0.653429 0.63754 0.442329 0.404689 0.403326 0.373345
threshold=0.46265329420566564 1.0000000180025095e-35 0.21164613962173465 0.78830561041831981 0.12599206715822223 0.1627137288451195 5.5000000000000009 0.90346473455429088 1.0000000180025095e-35 6.5000000000000009 0.26975052058696752 0.20550528168678286 0.49675324559211737 1.0000000180025095e-35 0.90493568778038036 9.5000000000000018 0.21164613962173465 0.095454547554254546 0.29285715520381933 0.7729182541370393 0.88949939608573925 0.069570478051900878 0.47173796594142919 0.62828946113586437 3.5000000000000004 0.51010203361511242 1.5000000000000002 0.1627137288451195 0.7729182541370393 0.85660174489021312
decision_type=2 2 2 2 2 2 2 2 2 2 2 2 2 2 2 2 2 2 2 2 2 2 2 2 2 2 2 2 2 2
left_child=1 2 -1 4 5 6 8 -8 -2 21 14 13 -13 -12 -4 16 27 -18 19 -7 -20 25 23 -23 -16 -3 28 -6 -5 -27
right_child=3 9 10 26 15 18 7 -9 -10 -11 11 12 -14 -15 24 -17 17 -19 20 -21 -22 22 -24 -25 -26 29 -28 -29 -30 -31
leaf_value=0.11425197106719318 0.040354177674076369 0.11393287979037636 -0.086983113610385299 -0.080666727093435309 0.044358271674331283 -0.072529940554918085 -0.080749378025222016 0.075594909113907316 -0.0085228977350680184 -0.086149089398278478 0.0049741031606773765 -0.024807343429298773 0.0016570142331533491 0.078595966959751851 -0.064496227982339976 -0.081061911967088479 -0.010113939155952423 0.078723126974535262 -0.10131972816048319 0.092704790356481104 -0.011118254380681215 -0.058829711803307358 0.09206507464426858 0.08424503544481747 0.079339663616168177 -0.083327912343163238 -0.090599183025225294 0.12159791410456505 0.086103590088572379 0.059106632071679731
leaf_weight=1.6459375000777061 11.826511771896557 0.48113380221184154 2.6014257087663277 0.1739594724640473 0.52068845515532247 0.65980391073935496 2.2519007129740198 0.86917047278257076 7.0064734665866117 3.77464426998813 5.5527803385084535 33.989632242129119 241.0884954470057 4.9448211280250689 0.27626154541212578 0.3748863428027106 1.9513976200541949 1.8135717107397793 2.1122948567281132 0.73857912316452712 1.3591642332467015 3.6161210466525522 0.3725346276332856 0.26978122605942179 0.75335039849596797 0.25233300302352291 1.2917610427675752 2.6115270165319089 0.19895953117520548 0.22086690218566218
leaf_count=44 1019 11 138 203 130 562 525 36 569 1292 467 12266 100067 184 21 1212 1594 1139 121 9 100 554 65 16 50 29 1029 138 25 19
internal_value=-0.000135628 -0.0015267 -8.15467e-05 0.011528 0.0154324 0.00346276 0.0137286 -0.0372099 0.0221703 -0.048295 -0.000732243 -9.60947e-05 -0.00161302 0.0396532 -0.0507644 0.0595838 0.0672284 0.0326785 -0.0428175 0.0147415 -0.0660036 -0.0208843 -0.0365651 -0.0488967 0.0407462 0.0490869 -0.068442 0.108758 0.00830848 -0.0168463
internal_weight=335.601 299.84 290.853 35.7606 34.096 26.8239 21.9541 3.12107 18.833 8.98741 289.207 285.576 275.078 10.4976 3.63104 7.27207 6.89718 3.76497 4.86984 1.39838 3.47146 5.21277 4.25844 3.8859 1.02961 0.954334 1.66468 3.13222 0.372919 0.4732
internal_count=123634 115223 113237 8411 7154 2941 2149 561 1588 1986 113193 112984 112333 651 209 4213 3001 2733 792 571 221 694 635 570 71 59 1257 268 228 48
is_linear=0
shrinkage=0.08


Tree=136
num_leaves=31
num_cat=0
split_feature=3 6 3 2 9 12 15 4 18 3 3 18 5 5 3 27 18 4 4 2 28 11 27 10 12 28 18 2 27 2
split_gain=0.800289 3.27418 3.09508 2.79379 2.88351 2.41448 3.83253 2.37825 5.69798 2.92532 4.73491 2.37278 2.18202 2.94663 2.36824 1.94798 2.36234 2.9497 1.17907 2.45808 1.93543 1.10211 0.914518 0.869901 0.850183 0.714759 1.02239 0.632625 0.570991 0.480219
threshold=0.97332859039306652 1.5000000000000002 0.97259759902954113 0.99462366104125988 1.0000000180025095e-35 0.061553031206130988 1.0000000180025095e-35 1.0000000180025095e-35 0.80167940258979808 0.9529346525669099 0.92907443642616283 0.97010219097137462 0.84523808956146251 0.78888890147209179 0.96449580788612377 0.45198893547058111 0.8101586401462556 1.0000000180025095e-35 1.0000000180025095e-35 0.78910306096076976 0.77448415756225597 0.65633013844490062 0.44310989975929266 0.74399384856224071 0.15075758099555972 0.5219533145427705 0.86972600221633922 0.72613638639450084 0.21521919220685962 0.77629500627517711
decision_type=2 2 2 2 2 2 2 2 2 2 2 2 2 2 2 2 2 2 2 2 2 2 2 2 2 2 2 2 2 2
left_child=2 3 7 23 -5 6 28 12 22 10 -10 -11 13 14 -1 27 17 -17 20 -20 -8 -18 -9 25 -24 26 -2 -7 -3 -27
right_child=1 5 -4 4 -6 15 18 8 9 11 -12 -13 -14 -15 -16 16 21 -19 19 -21 -22 -23 24 -25 -26 29 -28 -29 -30 -31
leaf_value=0.0011919278408510298 -0.08745283901715363 -0.2291598308623711 -0.32755153874451365 -0.63101749836930654 -0.056825428244834317 0.18720140658214937 0.056263181032921501 0.18526710269438629 -0.033324072846919649 -0.1428540240903883 -0.14876292116209783 0.05779422846432871 0.086075488493356167 -0.085927642287729547 -0.061338105001402972 0.017447279652106056 0.016911351402484058 -0.24068143783548454 -0.040964950802995642 0.010519901548407731 -0.0022841953644559634 0.06819269083277299 -0.076373386738021201 0.083291732074979863 0.095365727224636779 -0.098516050548482309 0.10391646975567044 0.086304578090713416 -0.093595799123514109 0.00012512535586008792
leaf_weight=240.01426535326664 0.35579424364914336 0.22722959518432517 0.18694829590094642 0.1107063591480254 0.11321813987160567 0.53393786144442801 7.2243050783872587 0.57348556046781496 7.1353921777535998 0.45450583786441656 3.337670558688842 2.2175284140903386 1.8679495493342972 2.5701185943471492 3.9400346044567405 0.77376860896038013 5.8725547133362834 0.4469996964908205 7.4635738134384146 28.977546308189631 7.2301777265965939 4.9371140091207053 0.22868517326878623 0.29118210926390009 0.95441751004545949 1.9726535050413079 0.3588969677912246 1.5588730557574306 1.5919952715012184 0.37608537755659188
leaf_count=109044 235 1 21 1 123 13 48 42 1052 45 212 314 453 99 346 486 1582 4 40 424 72 6329 158 202 242 326 19 231 1393 77
internal_value=-0.00013161 0.00744446 -0.00215635 -0.0671082 -0.340701 0.011436 0.00356574 -0.00192531 -0.0329673 -0.0510509 -0.0701134 0.0236645 -6.30218e-05 -0.000715705 0.000182024 0.0408118 0.0284199 -0.0770698 0.00764395 -2.48071e-05 0.0269776 0.0403331 0.102358 -0.0488455 0.0621698 -0.0614053 0.00864722 0.112046 -0.110528 -0.0827214
internal_weight=333.898 70.4166 263.481 3.57854 0.223924 66.8381 52.7148 263.294 14.9017 13.1451 10.4731 2.67203 248.392 246.524 243.954 14.1232 12.0304 1.22077 50.8956 36.4411 14.4545 10.8097 1.75659 3.35461 1.1831 3.06343 0.714691 2.09281 1.81922 2.34874
internal_count=123634 11606 112028 983 124 10623 1978 112007 2065 1623 1264 359 109942 109489 109390 8645 8401 490 584 464 120 7911 442 859 400 657 254 244 1394 403
is_linear=0
shrinkage=0.08


Tree=137
num_leaves=31
num_cat=0
split_feature=21 2 18 0 0 28 1 2 24 11 5 18 5 2 2 18 13 1 6 9 12 0 7 3 26 18 18 25 2 2
split_gain=0.797001 1.53824 3.66822 3.33772 2.83066 3.32625 2.58391 2.38047 2.61535 2.07284 2.03335 5.38433 3.95314 2.01384 1.83602 1.53748 1.43377 1.42596 1.42261 1.24275 1.23228 1.06252 2.71991 1.74731 1.35539 1.16994 1.0092 1.49372 1.11095 0.996486
threshold=1.0000000180025095e-35 0.88273492455482494 0.97010219097137462 0.87206766009330761 0.93127068877220165 0.93362700939178478 0.95282599329948436 0.91715687513351452 -1.0000000180025095e-35 0.64767315983772289 0.78888890147209179 0.93338736891746532 0.81666666269302379 0.87206766009330761 0.97259759902954113 0.85285884141922008 1.0000000180025095e-35 0.89039039611816417 3.5000000000000004 0.64468246698379528 0.43874999880790716 0.78142958879470836 11.500000000000002 0.81016731262207042 0.36931818723678594 0.90982207655906688 0.80167940258979808 -1.0000000180025095e-35 0.72065573930740368 0.76028168201446544
decision_type=2 2 2 2 2 2 2 2 2 2 2 2 2 2 2 2 2 2 2 2 2 2 2 2 2 2 2 2 2 2
left_child=1 3 6 10 -4 -6 19 9 -9 -8 13 12 -12 18 -7 20 21 -5 -1 -3 -2 23 25 24 -17 -23 28 -28 -19 -25
right_child=15 2 4 17 5 14 7 8 -10 -11 11 -13 -14 -15 -16 16 -18 26 -20 -21 -22 22 -24 29 -26 -27 27 -29 -30 -31
leaf_value=-0.0015235870111973164 -0.10200011691252153 -0.12591403784320301 0.081552388917984844 0.12276532353717666 -0.38695040455851287 0.05912892001680424 -0.056388072794678196 -0.20798369203123743 0.071129716632580012 0.081564298201745461 -0.10964450258635804 -0.30009206609984929 0.091584202982864418 -0.11371976086534574 -0.1967686532308332 -0.089897048782240266 0.063849756554387044 0.017038413638049036 0.041904035038709736 0.080937520625346177 0.085121968564429759 -0.047665065573006989 -0.13200499787100725 0.018354940386042844 0.10511991410366189 0.010834425425371465 -0.048499689978664148 0.041262101929117015 0.1214075251522007 0.11187672477757875
leaf_weight=247.10077080158953 1.2776726558540747 2.6437544550390171 3.0747581419163899 1.3338415481048276 0.17563236192654563 0.68992711994360434 8.4188960908140835 0.23806976061314378 2.2035015304936687 0.76001730723510341 1.3774421169509874 0.52450863297417516 1.1434808414705913 1.0126214221199905 0.24251856384216808 0.85185010883469547 3.1752341435494591 1.1838476296979918 4.9238267006312517 0.19994447576027585 0.27344110196281679 2.3279069676591453 0.918054881705756 1.1593468788232715 0.31148831453174353 36.393647850261914 1.6840197578312652 4.0160367325224797 1.4548846335455889 1.9651108137622939
leaf_count=109079 416 372 395 127 42 128 431 2 243 616 28 30 75 150 5 355 5517 222 571 153 31 219 25 131 11 2619 340 892 315 94
internal_value=-0.000106978 -0.00172563 -0.0239368 -0.000167152 0.042045 -0.0675823 -0.0430178 -0.0262911 0.0439143 -0.0449656 -0.00190958 -0.0668887 -0.0183679 -0.00112753 -0.00742714 0.00935472 0.0119354 0.0459637 -0.000675138 -0.11137 -0.0690129 0.00818285 0.00409077 0.0460131 -0.0376805 0.00731749 0.0336788 0.014743 0.0745831 0.077175
internal_weight=333.056 284.402 18.647 265.755 4.18284 1.10808 14.4642 11.6205 2.44157 9.17891 256.083 3.04543 2.52092 253.037 0.932446 48.6538 47.1026 9.67263 252.025 2.8437 1.55111 43.9274 39.6396 4.2878 1.16334 38.7216 8.33879 5.70006 2.63873 3.12446
internal_count=123634 114216 2387 111829 570 175 1817 1292 245 1047 109933 133 103 109800 133 9418 8971 1896 109650 525 447 3454 2863 591 366 2838 1769 1232 537 225
is_linear=0
shrinkage=0.08


Tree=138
num_leaves=31
num_cat=0
split_feature=25 3 18 8 28 18 18 3 1 13 26 13 10 11 1 3 22 6 0 1 8 18 4 10 3 18 0 3 11 0
split_gain=0.81138 1.3715 1.66191 1.70564 2.6361 4.22189 3.05427 2.04072 2.06053 1.65317 1.45854 2.16247 1.76265 1.61799 1.42266 1.29896 1.20394 1.23012 3.62404 2.85573 3.87704 2.49817 1.66222 2.86645 3.61449 2.00262 2.76468 2.32392 1.19249 1.1715
threshold=-1.0000000180025095e-35 0.11215933039784433 0.40496625006198889 0.50423729419708263 0.7697085738182069 0.4520928710699082 0.42300890386104589 0.18393234908580783 0.44327485561370855 1.0000000180025095e-35 0.26969698071479803 1.0000000180025095e-35 0.97158998250961315 0.33620882034301763 0.10596491396427156 0.17267081141471866 0.64174234867095958 2.5000000000000004 0.60640108585357677 0.84292763471603405 0.73123827576637279 0.76305484771728527 1.0000000180025095e-35 0.5855005979537965 0.99350649118423473 0.77378848195076 0.36882591247558599 0.64565756916999828 0.47148664295673376 0.41882613301277166
decision_type=2 2 2 2 2 2 2 2 2 2 2 2 2 2 2 2 2 2 2 2 2 2 2 2 2 2 2 2 2 2
left_child=1 9 10 4 6 -6 -4 15 -9 -1 11 13 -12 -3 28 -5 17 22 -19 20 -20 -21 25 24 -24 26 -2 -27 -11 -18
right_child=16 2 3 7 5 -7 -8 8 -10 14 12 -13 -14 -15 -16 -17 29 18 19 21 -22 -23 23 -25 -26 27 -28 -29 -30 -31
leaf_value=-0.037172743653792313 0.003981729960623015 -0.10058218504504227 0.17483939438079538 0.015759853518383878 -0.096428334465367249 0.092013861828815921 -0.023311510804163844 -0.042714114679687443 -0.0069058326857058018 -0.042998215500786564 -0.073235184295352224 -0.081468342617790401 0.091893634627026183 0.13243562103214621 -0.073826728796579769 0.10625759857200477 0.064204620442103275 0.10849651766953297 0.29163319858376874 0.061125771587599013 -0.040347438662658809 0.0078702995578164604 -0.091126139928361813 0.091208249596036031 -0.012390704726406314 -0.048023564926569375 -0.028678436773516034 0.019301676953615215 0.10950992819831948 -0.048006635399114761
leaf_weight=1.3488682639563183 49.966843163339945 0.23835908960972874 0.53552969553765972 4.7140717437168851 0.90270273783244181 4.8440555072738789 7.0749308937201931 12.540322981411917 57.179176272915356 0.38004304356218277 5.8033272537577432 0.84435261478211021 0.44547184674593143 0.95405806566486717 0.39355424553286855 1.2936357601538473 3.4790101476337432 2.3114092735122531 0.2303895785153135 6.217094737557999 9.8830775661663193 60.452912804135849 4.6522321396514661 1.3666305075894332 18.855014977758401 3.5494831628657257 24.831046881943621 43.428602418916853 2.4022566142448341 0.71841940030390095
leaf_count=223 3916 219 111 678 21 155 8323 10165 66864 67 618 447 28 500 18 80 1145 204 28 803 739 8084 133 1761 263 1538 9924 6006 75 498
internal_value=-8.65866e-05 -0.00602914 -0.0080299 -0.00484247 0.0215148 0.0624133 -0.00936811 -0.00949153 -0.0133466 0.0370263 -0.0423004 0.0164911 -0.0614633 0.0858564 0.0685406 0.0352467 0.00254675 0.00175741 0.0097986 0.00682751 -0.0327848 0.0128365 -0.00257957 -0.0214248 -0.0279729 0.00126975 -0.00686064 0.0142148 0.0886784 0.0449989
internal_weight=331.837 101.895 97.37 89.0844 13.3572 5.74676 7.61046 75.7272 69.7195 4.52472 8.28557 2.03677 6.2488 1.19242 3.17585 6.00771 229.942 225.745 79.0949 76.7835 10.1135 66.67 146.65 24.8739 23.5072 121.776 74.7979 46.9781 2.7823 4.19743
internal_count=123634 88592 88209 86397 8610 176 8434 77787 77029 383 1812 1166 646 719 160 758 35042 33399 9858 9654 767 8887 23541 2157 396 21384 13840 7544 142 1643
is_linear=0
shrinkage=0.08


Tree=139
num_leaves=31
num_cat=0
split_feature=16 12 26 3 2 18 0 0 5 3 18 18 2 12 2 1 7 18 1 2 6 4 12 9 3 3 2 2 3 7
split_gain=0.790566 1.52445 1.54828 1.40695 3.8708 5.19704 4.62127 4.26522 3.83081 3.80778 3.17023 3.12285 3.04152 2.04239 1.81486 1.78282 1.65544 1.62876 2.87511 2.06044 1.58409 1.35193 3.9523 5.6244 3.99738 1.91766 3.26803 3.05969 1.18498 1.04692
threshold=1.0000000180025095e-35 0.69397994875907909 0.86607143282890331 0.90366768836975109 0.74646764993667614 0.86119771003723156 0.86706829071044933 0.59299960732460033 0.58571431040763866 0.91596046090126049 0.87280967831611644 0.96678787469863903 0.6832355558872224 0.27525253593921667 0.58102023601531994 0.93957647681236278 3.5000000000000004 0.92415231466293346 0.91734972596168529 0.78611555695533764 1.5000000000000002 1.0000000180025095e-35 0.061553031206130988 0.81266710162162792 0.95488464832305919 0.74322345852851879 0.59317129850387584 0.78910306096076976 0.70900535583496105 2.5000000000000004
decision_type=2 2 2 2 2 2 2 2 2 2 2 2 2 2 2 2 2 2 2 2 2 2 2 2 2 2 2 2 2 2
left_child=1 2 21 4 5 12 7 28 10 16 -7 -8 13 -2 -11 -14 -5 18 -16 -19 -9 25 24 -24 -23 26 -1 -27 -6 -10
right_child=3 -3 -4 9 6 8 11 20 29 14 -12 -13 15 -15 17 -17 -18 19 -20 -21 -22 22 23 -25 -26 27 -28 -29 -30 -31
leaf_value=0.0051153134634913701 -0.025593602716247194 0.050579979964381981 -0.073054775868305888 0.1513367080282009 -0.093911705543946455 0.069685779174441034 0.062365938036013487 0.018580098094090582 0.14139028130557837 -0.085770945023781589 -0.026633228732024779 -0.23573607367842958 -0.079225081900336322 0.00320542762491509 -0.030926802406141558 0.10135390477588596 -0.034204067496578471 -0.10938913649116709 0.054413229701748445 -0.00012278109279639118 -0.079370023772501283 -0.095152573230669765 0.064029659663826649 -0.10233405420856855 -0.012187407684985913 0.033545127194595757 -0.043880215887466385 -0.0012227151949044304 0.11555695399088114 0.041947408806692357
leaf_weight=54.650296281247392 22.470299023730149 4.3257633493049061 1.7190218997056934 1.6080951156072831 0.20658794666997238 4.0558002599109368 3.2617681501760667 1.1458676012935018 2.6570254010366621 1.4363343099812471 4.7463243385045644 0.24156250040687144 5.1412033054102713 52.776975251093972 3.5314823397338833 0.37546209314314172 0.38060321743159864 1.1468094507217781 8.878722199577167 29.940587167247941 13.579001410369527 4.5042590202419914 7.4243710507944325 1.5768071463462545 21.25847475813498 33.525592262478312 10.365204531536618 31.345788591589553 1.0581898250547963 0.90948061165909155
leaf_count=22278 53306 2642 91 278 15 2665 560 397 316 355 3476 60 3088 3910 725 75 187 119 1342 5228 3229 405 1577 1564 808 6661 4591 3325 171 190
internal_value=-9.00715e-05 0.00369415 0.00247508 -0.00413869 -0.00898773 -0.00220257 -0.0414055 -0.0596383 0.0460883 0.00750017 0.0177482 0.0418111 -0.00959811 -0.00539452 0.0027058 -0.0669349 0.115827 0.00562739 0.0301286 -0.0041536 -0.0717477 0.00326364 -0.0107485 0.0348864 -0.0266927 0.00701394 -0.00269588 0.0167453 0.0813425 0.116032
internal_weight=330.244 170.696 166.37 159.548 112.626 93.1326 19.493 15.9896 12.3686 46.9226 8.80212 3.50333 80.7639 75.2473 44.9339 5.51667 1.9887 43.4976 12.4102 31.0874 14.7249 164.651 34.7639 9.00118 25.7627 129.887 65.0155 64.8714 1.26478 3.56651
internal_count=123634 43942 41300 79692 71458 67026 4432 3812 6647 8234 6141 620 60379 57216 7769 3163 465 7414 2067 5347 3626 41209 4354 3141 1213 36855 26869 9986 186 506
is_linear=0
shrinkage=0.08


Tree=140
num_leaves=31
num_cat=0
split_feature=22 3 2 20 12 19 2 22 1 18 4 3 18 18 2 6 3 9 8 6 8 2 7 3 27 21 12 25 12 10
split_gain=0.747582 0.767873 2.66545 2.51774 3.87585 3.53733 2.85883 2.41026 2.24299 2.01029 1.72033 5.29192 3.27211 3.07933 2.09513 4.56598 2.45458 1.67696 1.63422 1.49791 1.20035 0.96843 0.752271 0.386454 0.266309 0.392882 0.219286 0.26921 0.177988 0.0779421
threshold=0.83096903562545787 0.80810147523880016 0.74646764993667614 1.0000000180025095e-35 0.10762548446655275 0.46428571641445165 0.59317129850387584 0.48435972630977636 0.6291005313396455 0.94287842512130748 1.0000000180025095e-35 0.9529346525669099 0.8971708118915559 0.86629208922386181 0.78611555695533764 2.5000000000000004 0.81302964687347423 0.31045190989971166 0.96922349929809581 1.5000000000000002 0.72046512365341198 0.79205974936485302 15.500000000000002 0.89699381589889537 0.25391484797000891 1.0000000180025095e-35 0.10435571894049646 1.0000000180025095e-35 0.32666666805744177 0.79262280464172374
decision_type=2 2 2 2 2 2 2 2 2 2 2 2 2 2 2 2 2 2 2 2 2 2 2 2 2 2 2 2 2 2
left_child=1 2 3 4 20 7 -7 -5 22 18 14 12 -12 -13 15 -10 -16 -6 19 -4 -1 -20 24 26 -3 -26 27 -2 -24 -25
right_child=23 8 9 5 17 6 -8 -9 10 -11 11 13 -14 -15 16 -17 -18 -19 21 -21 -22 -23 28 29 25 -27 -28 -29 -30 -31
leaf_value=-0.0060490040423964242 -0.08221151556599661 0.13111344166944996 0.053479927660204409 -0.08847512132239968 0.071496372147610746 0.056902697125011732 0.0073766709897700317 0.079536143289473865 0.0042157141095562449 0.10194783049166031 0.054504066449539666 -0.13271273828859237 -0.086254687577290726 0.0045762574703310114 0.13027212799040394 0.062766853578872836 -0.0032312282938710859 -0.0041708956395911457 0.074347324130550715 -0.071228427451912033 -0.076667455147798783 -0.076937842453064662 -0.082068546431868589 -0.082451277748413612 0.084259524321675008 -0.071539793063607512 0.083622560487790293 0.090315680943380564 0.080437240597600879 0.080440828056420735
leaf_weight=2.039434907572284 0.12385369424737191 0.75217106717172999 0.66476177321964769 2.9551328653969899 1.9050323057890626 11.954021824564736 19.838851599428381 0.67045332892121212 25.722977173077197 0.58824276515952156 1.2338426819915165 1.0678359579032974 7.3725580135705968 50.206816269850606 0.89670363450568302 12.748587860301994 51.646181851892834 116.95998923391016 0.9722564688108839 8.4758204882700721 6.2962211059239053 0.37535168394242646 0.21474487912564644 0.14174997004374734 1.4751932803710586 0.11141186749591714 1.1467131220997542 0.10867236403282732 0.053977526033122558 0.021674324103514664
leaf_count=16963 107 12 205 13453 131 7392 8358 504 7713 62 445 92 698 8806 117 1947 6681 19268 228 2397 26865 66 99 162 515 16 283 2 37 10
internal_value=-8.47241e-05 -0.000346676 -0.00398996 -0.00140356 -0.00665623 0.0174607 0.0259983 -0.057406 0.00377586 -0.0419622 0.00250465 -0.00802632 -0.066075 0.0017171 0.00943328 0.0236182 -0.000952843 -0.00295819 -0.0500336 -0.0621588 -0.0593897 0.0322096 0.077341 0.0554753 0.0919064 0.0733193 0.0692583 -0.00157996 -0.0494265 -0.0608475
internal_weight=328.741 327.199 173.696 162.619 127.201 35.4185 31.7929 3.62559 153.503 11.0764 150.896 59.8811 8.6064 51.2747 91.0145 38.4716 52.5429 118.865 10.4882 9.14058 8.33566 1.34761 2.6075 1.54266 2.33878 1.58661 1.37924 0.232526 0.268722 0.163424
internal_count=123634 123070 95892 92934 63227 29707 15750 13957 27178 2958 26499 10041 1143 8898 16458 9660 6798 19399 2896 2602 43828 294 679 564 543 531 392 109 136 172
is_linear=0
shrinkage=0.08


Tree=141
num_leaves=31
num_cat=0
split_feature=21 20 18 8 2 2 6 2 18 0 0 4 2 19 5 18 5 2 28 18 8 28 0 9 18 2 3 27 9 12
split_gain=0.731344 1.38185 1.39898 1.70095 3.63404 4.5377 2.50705 1.29301 3.20344 2.93094 2.31976 2.2326 2.05323 1.96543 1.71864 3.88681 3.27999 1.67697 1.67074 1.59515 1.41108 1.23116 3.77797 1.29312 1.18764 1.25047 7.84113 1.39063 1.05988 1.03801
threshold=1.0000000180025095e-35 1.0000000180025095e-35 0.97245490550994884 0.88516482710838329 0.93908473849296581 0.93710443377494823 1.5000000000000002 0.88273492455482494 0.97010219097137462 0.87206766009330761 0.93127068877220165 1.0000000180025095e-35 0.93419912457466137 0.81666666269302379 0.78888890147209179 0.93338736891746532 0.81666666269302379 0.87206766009330761 0.93710288405418407 0.80167940258979808 0.96609193086624157 0.92874068021774303 0.92718276381492626 0.9190867841243745 0.80167940258979808 0.76506900787353527 0.86391696333885204 0.35946278274059301 0.64468246698379528 0.39009661972522741
decision_type=2 2 2 2 2 2 2 2 2 2 2 2 2 2 2 2 2 2 2 2 2 2 2 2 2 2 2 2 2 2
left_child=7 29 21 -4 5 -5 -6 9 12 14 -10 -12 13 28 17 16 -16 20 -13 -15 -1 22 23 -3 -11 26 -26 -27 -9 -2
right_child=1 2 3 4 6 -7 -8 8 10 24 11 18 -14 19 15 -17 -18 -19 -20 -21 -22 -23 -24 -25 25 27 -28 -29 -30 -31
leaf_value=0.0012492527120442729 -0.064433877420136773 0.028061358303868054 0.08008440045557895 0.081212835911468273 -0.23257540694931242 -0.30043736602382548 0.0027738799361780148 -0.1208135179884308 0.0794255181972333 0.081349244323188033 0.082686490357084322 -0.30953985827691471 0.086366034091948318 -0.13970900668279682 -0.099644684396841751 -0.24769341921120958 0.089764283349351257 -0.10728939146218909 -0.051570128918279938 -0.023075116677957898 -0.019350836418226935 0.083454090364731906 -0.20518966583593132 -0.14438917891616881 0.0081823216742167408 0.070342625363154443 -0.72479202257036224 -0.031032724236615735 0.080912962278476164 0.083600022387668532
leaf_weight=224.33889671512406 2.4150160756666987 19.651017777105164 1.5150705449123076 0.30646246296965074 0.29401762724592373 0.57062288463930599 19.632975529893884 2.5558845673585888 2.8717786330344088 3.4219785309978743 0.45508876328676684 0.25233320546249161 0.78087420943848052 0.81097613596648521 1.3423725528937209 0.58218980470701343 1.0372601527342338 0.94836719343584164 0.44234427193441661 10.058420831812326 23.511347931075761 2.1923232174740397 0.46444714091194228 0.2822829737997371 1.3663484114076707 3.2469707085401751 0.10026150994235639 1.1810155253260743 0.178320183254982 0.34666908525105089
leaf_count=102049 448 1927 286 115 154 17 5369 388 395 579 87 36 134 40 28 30 75 150 52 1108 7601 845 13 62 534 61 45 677 147 182
internal_value=-8.44215e-05 0.00907411 0.0124517 -0.00175347 -0.00771337 -0.167085 -0.000698638 -0.00164657 -0.0221402 -0.000201769 0.0409801 -0.0550453 -0.0397871 -0.0470285 -0.00183235 -0.0624129 -0.017083 -0.00111117 -0.145275 -0.0317773 -0.000704894 0.0264866 0.0203638 0.0256192 0.0438613 0.0220985 -0.0419258 0.0433042 -0.107657 -0.0458515
internal_weight=327.154 47.6709 44.9092 22.3191 20.8041 0.877085 19.927 279.483 18.406 261.077 4.02154 1.14977 14.3845 13.6036 251.76 2.96182 2.37963 248.799 0.694677 10.8694 247.85 22.5901 20.3977 19.9333 9.31657 5.8946 1.46661 4.42799 2.7342 2.76169
internal_count=123634 9418 8788 5941 5655 132 5523 114216 2387 111829 570 175 1817 1683 109933 133 103 109800 88 1148 109650 2847 2002 1989 1896 1317 579 738 535 630
is_linear=0
shrinkage=0.08


Tree=142
num_leaves=31
num_cat=0
split_feature=22 22 0 0 8 1 18 18 8 7 0 8 5 7 8 25 26 22 25 0 0 13 26 7 12 9 26 9 22 10
split_gain=0.722772 2.80711 1.79756 3.66704 1.81609 1.49732 1.90329 4.00465 2.85883 4.24479 2.52373 2.32985 2.29952 1.38613 1.94866 1.34034 1.96964 1.91936 1.23073 2.85784 1.60893 2.17341 1.48734 1.2076 1.14026 1.12474 0.931239 0.896313 0.885785 0.690806
threshold=0.46265329420566564 1.0000000180025095e-35 0.40224719047546392 0.12599206715822223 0.79449471831321727 0.20550528168678286 0.66801637411117565 0.68010535836219799 0.53923079371452343 16.500000000000004 0.55351883172988903 0.86285266280174266 0.074175827205181136 6.5000000000000009 0.81322672963142406 1.0000000180025095e-35 0.70714285969734203 0.64126753807067882 1.0000000180025095e-35 0.095811817795038237 0.16172623634338382 1.0000000180025095e-35 0.21825397014617923 9.5000000000000018 0.62828946113586437 0.87730616331100475 0.39230769872665411 0.91131749749183666 0.836786448955536 0.59026268124580394
decision_type=2 2 2 2 2 2 2 2 2 2 2 2 2 2 2 2 2 2 2 2 2 2 2 2 2 2 2 2 2 2
left_child=1 5 3 4 28 18 8 11 9 -7 -10 -8 -9 14 26 16 -6 -17 20 -20 21 -1 -21 27 -16 -22 -3 29 -2 -5
right_child=2 13 -4 23 15 6 7 12 10 -11 -12 -13 -14 -15 24 17 -18 -19 19 22 25 -23 -24 -25 -26 -27 -28 -29 -30 -31
leaf_value=0.080945894677436611 -0.074898118335024577 0.087697213945454336 -0.051960634565452017 0.030736461537746961 0.038354302410933558 0.040888012170554142 0.090172732317826396 0.047957067591620536 -0.040895772354173479 -0.026237950606202595 0.023965073127725556 -0.039845282285535813 -0.001262685963522946 -0.085593121243597081 -0.078435093863573599 -0.031768170856128271 -0.036004984976698386 0.075402060680705804 -0.086224320336387716 -0.013466814560301583 -0.060448326348579808 -0.033766784987237924 0.09385055083565641 -0.081116390489989421 0.085372624091966443 0.059168146830173622 -0.02209102903930809 -0.046611753730162707 0.089096721476612142 0.10435617128852503
leaf_weight=2.6852972639790078 2.3589629111429598 1.1564818869792346 2.6856206609536448 1.0123823342919411 12.286786136438421 11.527943946965935 4.8861954020876501 6.2624125948332212 25.585981078399531 12.639738828113876 4.5171806437137993 1.076372237261239 202.88109638724291 3.4754023362302178 2.618833580081628 7.0350561404702603 2.7991790675514503 1.2612661246457717 0.82785151398275036 1.0203858799177394 2.6809892611636319 1.7433055194778715 4.3501017528178636 0.30654301573758846 0.30348180269356806 0.61930763232521702 0.86376307432510646 0.32635085431684263 0.23147246008738864 4.1995102699293057
leaf_count=142 709 143 3406 1289 1316 3421 3526 4194 24833 5143 7617 1573 62111 1292 495 203 216 492 23 86 369 71 118 551 14 10 42 70 6 153
internal_value=-5.87988e-05 -0.00135382 0.0108905 0.0161956 0.00331192 -1.08666e-06 -0.00132352 0.00205417 -0.0147112 0.00578102 -0.031163 0.0667017 0.000211108 -0.0468796 -0.0196579 0.010353 0.024557 -0.0154754 0.025577 0.0521329 0.00428003 0.0357896 0.0734604 0.0734474 -0.0614237 -0.038002 0.0407569 0.0820025 -0.0602441 0.0900559
internal_weight=326.225 291.722 34.5031 31.8175 25.9727 283.304 269.377 215.106 54.2708 24.1677 30.1032 5.96257 209.144 8.41796 4.94256 23.3823 15.086 8.29632 13.9272 6.19834 7.7289 4.4286 5.37049 5.84479 2.92232 3.3003 2.02024 5.53824 2.59044 5.21189
internal_count=123634 115223 8411 5005 2942 113237 112418 71404 41014 8564 32450 5099 66305 1986 694 2227 1532 695 819 227 592 213 204 2063 509 379 185 1512 715 1442
is_linear=0
shrinkage=0.08


Tree=143
num_leaves=31
num_cat=0
split_feature=11 9 7 8 1 27 28 12 27 0 27 12 27 10 9 3 11 26 27 12 14 8 3 11 12 3 12 12 18 18
split_gain=0.847869 2.94803 1.8773 2.0115 1.91515 1.73218 2.54691 2.36121 5.57653 2.20574 2.52655 1.8215 1.68873 3.5256 2.80934 4.53269 2.6963 2.48165 3.61395 2.41217 3.1837 2.21152 1.93132 1.51688 2.79486 1.48548 1.41449 1.5603 1.36713 2.87199
threshold=0.75066137313842785 0.77621760964393627 18.500000000000004 0.51471862196922313 0.49719101190567022 0.69779554009437572 0.81705284118652355 0.45804196596145635 0.93533453345298778 0.18808962404727939 0.77560555934906017 0.71825397014617931 0.51010203361511242 0.48700156807899481 0.42387704551219946 0.11215933039784433 0.45876955986022955 0.17914438992738727 0.45198893547058111 0.0745370388031006 1.0000000180025095e-35 0.84045451879501354 0.62258651852607738 0.47380892932415014 0.3514705896377564 0.10435571894049646 0.29520697891712194 0.27525253593921667 0.66801637411117565 0.68010535836219799
decision_type=2 2 2 2 2 2 2 2 2 2 2 2 2 2 2 2 2 2 2 2 2 2 2 2 2 2 2 2 2 2
left_child=12 2 3 -2 -5 -3 9 8 -8 10 -7 -9 16 -14 15 -15 17 19 21 22 -21 -19 -1 26 25 -25 27 -18 -16 -30
right_child=1 5 -4 4 -6 6 7 11 -10 -11 -12 -13 13 14 28 -17 23 18 -20 20 -22 -23 -24 24 -26 -27 -28 -29 29 -31
leaf_value=-0.052902744076232418 0.13714622953566669 0.085631219230556208 -0.076273571103083734 -0.023121790773838986 0.073884166637730606 -0.089401305112396232 0.099827767340829002 -0.015576975235388682 -0.080216232110301405 -0.079975569848715899 0.098752017564838424 0.02838855114314235 -0.066494244005877598 0.58089048139587607 -0.018074383403982514 0.062905087517735603 0.078888192880184532 -0.0089977533131168162 0.056441659456815868 0.084674458488975812 0.0081282734951323293 -0.072068016380440136 0.0013400587331491368 0.1107498582802546 0.082505431510096539 -0.016184848968661722 -0.012129345489935772 0.22993051653239971 0.088626478334738509 -0.0028366477466762428
leaf_weight=4.3406492413878359 1.8361153972509763 1.4915988188949985 0.66210770077304903 1.9670236606325486 3.8556732035212917 0.76367522380314667 4.253545666957506 20.883739660181167 1.4855112678633302 4.4083048591710394 1.1364953552256336 8.4797436680855736 6.7193024498815239 0.11884762474073696 42.804451411153423 1.1976584873646059 1.8643762865394817 6.2719653315944042 2.6739780514653821 5.0911727299844651 10.971426502321265 8.2232128678660938 130.54382290695685 0.64589467342011442 3.3753273114925832 6.8241134197105566 0.73711681507120363 0.57201073324540619 2.3322834461550874 37.938194730327268
leaf_count=3327 39 259 51 233 620 10 587 4262 163 301 52 5407 74494 6 13918 798 84 365 231 502 1124 312 6879 7 186 403 27 10 618 8359
internal_value=-6.04625e-05 0.0093847 0.0529637 0.0641364 0.0411136 0.000932586 -0.00211821 0.00629248 0.0532247 -0.0489182 0.0231335 -0.00288038 -0.00183108 -0.0107232 -0.00628266 0.109666 0.00261708 -0.000193707 -0.0290137 0.00308436 0.0323902 -0.0447779 -0.000405502 0.0363245 0.0220895 -0.00520943 0.0849721 0.11435 -0.00812013 0.00246048
internal_weight=324.469 51.2235 8.32092 7.65881 5.8227 42.9026 41.411 35.1025 5.73906 6.30848 1.90017 29.3635 273.246 91.1107 84.3914 1.31651 182.135 168.116 17.1692 150.947 16.0626 14.4952 134.884 14.0188 10.8453 7.47001 3.1735 2.43639 83.0749 40.2705
internal_count=123634 11984 943 892 853 11041 10782 10419 750 363 62 9669 111650 98193 23699 804 13457 12740 908 11832 1626 677 10206 717 596 410 121 94 22895 8977
is_linear=0
shrinkage=0.08


Tree=144
num_leaves=31
num_cat=0
split_feature=11 9 7 8 1 27 28 27 10 3 0 27 27 10 9 3 11 26 27 12 14 8 8 12 27 16 3 11 12 3
split_gain=0.7279 2.54604 1.63064 1.6601 1.66774 1.50362 2.21074 2.19645 2.58372 2.24448 1.90587 2.20063 1.44625 3.24012 2.35991 2.34979 2.31854 2.11905 3.08278 2.03886 2.69237 1.92276 1.92172 1.83445 1.67393 1.94903 1.65722 1.31154 2.43866 1.30469
threshold=0.75066137313842785 0.77621760964393627 18.500000000000004 0.51471862196922313 0.49719101190567022 0.69779554009437572 0.81705284118652355 0.84389334917068493 0.86696165800094616 0.37617924809455877 0.18808962404727939 0.77560555934906017 0.51010203361511242 0.48700156807899481 0.47332762181758886 0.11215933039784433 0.45876955986022955 0.17914438992738727 0.45198893547058111 0.0745370388031006 1.0000000180025095e-35 0.84045451879501354 0.53923079371452343 0.13840996474027636 0.86222714185714733 1.0000000180025095e-35 0.92907443642616283 0.47380892932415014 0.3514705896377564 0.10435571894049646
decision_type=2 2 2 2 2 2 2 2 2 2 2 2 2 2 2 2 2 2 2 2 2 2 2 2 2 2 2 2 2 2
left_child=12 2 3 -2 -5 -3 10 8 -8 -9 11 -7 16 -14 15 -15 17 19 21 22 -21 -19 -1 -17 26 -26 -16 -18 29 -29
right_child=1 5 -4 4 -6 6 7 9 -10 -11 -12 -13 13 14 24 23 27 18 -20 20 -22 -23 -24 -25 25 -27 -28 28 -30 -31
leaf_value=-0.034506730962833819 0.12604923031984577 0.080754565347929672 -0.074638807784480052 -0.021527209943511566 0.069712849803958157 -0.086534839224567103 0.14833348081411446 0.028875131795520204 0.023089228222168603 -0.020772141258513902 -0.07524341301657371 0.092135908358091517 -0.065213470334945858 0.33295897241846223 -0.021232053033319251 -0.082079706394800805 0.079496656180598049 -0.0083003906645484089 0.051970618984423157 0.07782047827558658 0.007467346777824159 -0.067343345835738658 0.0022991509728909447 0.065713462066432429 0.030154389133898753 -0.013794512776807533 0.02722509485225769 0.10626633694610994 0.077906737090468872 -0.014920076298185699
leaf_weight=9.7906068717365979 1.8378449768642875 1.4566340778001166 0.62405381858116005 1.944673276011599 3.7634196427825373 0.72736153705045481 1.2510675128869468 8.5271214658860135 6.6980047251909127 18.409995578640519 4.3147437526495196 1.1213294062326893 6.3196428521337102 0.18452171015815011 49.297057818421308 0.64722563684335943 3.1234413584606946 6.2557028936716987 2.6718097757693604 5.0962313475338314 10.986442980092761 8.1014123149288917 124.90307089917223 3.1704580217246985 12.781336591356194 13.053767468394653 4.9725648890562288 0.62034837540704568 3.2921547881051083 6.810961325547396
leaf_count=1059 39 259 51 233 620 10 232 632 2225 7330 301 52 74494 27 9587 2225 121 365 231 502 1124 312 9147 1411 3504 5644 1301 7 186 403
internal_value=-6.21823e-05 0.00874089 0.0496421 0.0599202 0.0386285 0.000879402 -0.00195495 0.00584855 0.0428008 -0.00505597 -0.0461242 0.0218385 -0.00170181 -0.0099686 -0.0058176 0.0541341 0.00241341 -0.000182864 -0.0269333 0.00283838 0.0297606 -0.0416171 -0.000376193 0.0406576 -0.00881292 0.00794822 -0.0167921 0.0338766 0.0205888 -0.00480372
internal_weight=322.755 50.6762 8.16999 7.54594 5.70809 42.5063 41.0496 34.8862 7.94907 26.9371 6.16343 1.84869 272.079 90.4266 84.1069 4.00221 181.652 167.805 17.0289 150.776 16.0827 14.3571 134.694 3.81768 80.1047 25.8351 54.2696 13.8469 10.7235 7.43131
internal_count=123634 11984 943 892 853 11041 10782 10419 2457 7962 363 62 111650 98193 23699 3663 13457 12740 908 11832 1626 677 10206 3636 20036 9148 10888 717 596 410
is_linear=0
shrinkage=0.08


Tree=145
num_leaves=31
num_cat=0
split_feature=22 22 3 7 1 0 22 7 12 18 18 3 3 1 3 25 27 0 7 1 22 9 12 13 7 12 27 10 10 3
split_gain=0.732169 2.0485 2.7486 1.53526 1.33356 1.72182 1.36773 1.69588 2.0119 1.27195 1.20226 1.20265 1.17082 1.97293 2.5561 1.71652 1.4818 0.884422 0.835114 0.819831 0.846439 0.775544 0.604413 0.585558 0.567889 0.495312 0.463212 0.394507 0.310356 0.271515
threshold=0.48435972630977636 1.0000000180025095e-35 0.21164613962173465 7.5000000000000009 0.78830561041831981 0.12599206715822223 0.75809821486473095 2.5000000000000004 0.24568965286016467 0.40496625006198889 0.43144296109676367 0.10435571894049646 0.26975052058696752 0.20550528168678286 0.49675324559211737 1.0000000180025095e-35 0.90493568778038036 0.40224719047546392 9.5000000000000018 0.40838271379470831 0.4236596822738648 0.91131749749183666 0.5419580638408662 1.0000000180025095e-35 3.5000000000000004 0.10435571894049646 0.50170066952705394 0.80145984888076793 0.21294035762548449 0.24121212214231494
decision_type=2 2 2 2 2 2 2 2 2 2 2 2 2 2 2 2 2 2 2 2 2 2 2 2 2 2 2 2 2 2
left_child=1 2 -1 10 5 6 7 9 -9 -2 11 26 16 15 -15 -14 29 18 21 20 -12 -7 -13 -19 -18 28 -3 -6 -8 -4
right_child=4 3 12 -5 27 17 25 8 -10 -11 19 22 13 14 -16 -17 24 23 -20 -21 -22 -23 -24 -25 -26 -27 -28 -29 -30 -31
leaf_value=0.10532037884880432 0.0066484789570341674 0.077683408456237057 -0.036155670645898128 -0.086615844327106298 -0.087374265389997291 0.082967941472988083 0.08987708710171631 -0.081889653537387572 -0.0032893206171547302 0.071548930083382506 -0.027833107067990026 -0.067449134048812406 0.0042978417468675931 -0.022507708932598694 0.0015083027210490111 0.070933959163218332 -0.066629371190211367 -0.072756678895817273 -0.08111956074440331 -0.099753203138226249 0.12504876564182876 -0.045365807747509902 0.015893210535988994 0.050758838941161372 0.074765843587595249 0.080124873190091872 -0.017539602242099168 0.011848571280441167 -0.081946511193792912 -0.097637093683612938
leaf_weight=1.5746353707800143 6.8554320321000102 0.70518970373086431 0.6230415335812719 2.8696398490396859 1.0928811113781183 4.4514891680828432 0.09781846404075567 2.6374911272450836 9.934970395988783 2.6914019415180519 0.33132341418149713 3.5074991257706643 5.3976682476986735 32.298611317611176 232.78552987949752 4.5676720846931858 0.24714043594940438 0.53207265368882861 0.23208173984221492 0.19265245838505496 0.7713895977667562 0.32325833759387013 0.66201953717973072 0.45631210559986357 0.687514078883396 1.9350065626276771 0.60955168718646746 0.33508690225426097 0.21548762488419015 1.7536332853596832
leaf_count=44 509 11 33 1325 1213 1406 1 1117 364 224 62 665 467 12266 100067 184 21 2001 485 69 35 69 17 109 50 481 59 35 140 105
internal_value=-6.12885e-05 -0.00132647 -7.72481e-05 -0.0375677 0.0114633 0.0150166 0.00556714 -0.000475486 -0.0197783 0.0249449 -0.0168068 -0.0331797 -0.000673463 -0.000104182 -0.00141788 0.0348409 -0.0479597 0.0534242 0.0670763 0.0525117 0.0791136 0.0742795 -0.0542164 -0.0157327 0.0373783 0.0650156 0.0335353 -0.0640906 -0.0283008 -0.0815198
internal_weight=321.376 289.585 279.935 9.64927 31.7908 30.3628 24.3676 22.1193 12.5725 9.54683 6.77963 5.48426 278.361 275.049 265.084 9.96534 3.31133 5.99521 5.00683 1.29537 1.10271 4.77475 4.16952 0.988385 0.934655 2.24831 1.31474 1.42797 0.313306 2.37667
internal_count=123634 115480 113237 2243 8154 6906 2836 2214 1481 733 918 752 113193 112984 112333 651 209 4070 1960 166 97 1475 682 2110 71 622 70 1248 141 138
is_linear=0
shrinkage=0.08


Tree=146
num_leaves=31
num_cat=0
split_feature=12 27 11 26 27 3 9 26 0 8 18 8 9 2 5 27 8 12 0 9 22 3 18 18 27 1 9 1 3 18
split_gain=0.726266 2.47623 3.3609 4.06493 2.3398 2.33899 2.65447 1.83222 1.96295 4.96246 3.25062 1.94111 1.9488 1.77192 1.68591 1.67666 1.5043 2.32749 2.45935 2.29225 2.28742 2.00198 1.45796 1.42291 1.40749 1.32782 1.47241 1.6356 1.11724 2.92174
threshold=0.32666666805744177 0.67516234517097484 0.58960863947868358 0.34523810446262365 0.66794872283935558 0.93683511018753063 0.87106668949127208 0.34523810446262365 0.31503759324550634 0.38742592930793768 0.41699093580245977 0.3357843160629273 0.8657626509666444 0.58578637242317211 0.81666666269302379 0.68100523948669445 0.66915422677993786 0.41421568393707281 0.77003204822540294 0.85066050291061412 1.0000000180025095e-35 0.37617924809455877 0.96678787469863903 0.42300890386104589 0.9260777235031129 0.092665474861860289 0.6375219225883485 0.77015754580497753 0.80810147523880016 0.88810643553733837
decision_type=2 2 2 2 2 2 2 2 2 2 2 2 2 2 2 2 2 2 2 2 2 2 2 2 2 2 2 2 2 2
left_child=1 4 25 15 28 6 -5 8 10 -10 -2 -12 -13 23 16 -4 20 18 -18 -19 21 -9 -15 -11 -17 -3 -27 -28 -1 -30
right_child=7 2 3 5 -6 -7 -8 14 9 13 11 12 -14 22 -16 24 17 19 -20 -21 -22 -23 -24 -25 -26 26 27 -29 29 -31
leaf_value=-0.0086425561405829906 0.054174476744969287 0.1007781121266801 -0.14991905770160172 -0.060225197887643342 0.10972464015423698 0.08608043735471263 -0.38934498939008488 0.042255145523333128 0.28212308463041103 0.12400526157017552 0.068886626212869895 -0.093284355452886575 0.083217282937120524 0.08472145806749716 0.080956978539097141 0.069801538508440716 -0.022285294526879933 0.018083987198860858 -0.11196387540310983 -0.02211073921548402 -0.083773298218408718 0.0016453688358754196 -0.051750935158919126 -0.031729496846418591 -0.01263529256063782 -0.06082482124839144 -0.07952170133549237 0.068424187339285097 0.02363468183530721 -0.0035905378547879657
leaf_weight=63.791182264998042 3.9833144225558517 0.3742626408011408 0.27743416250450348 3.9902921522370889 1.2505815874446842 0.68813328121905204 0.16325402259826649 12.13221556166536 0.58140098676085283 0.44052625237964127 0.77621910267043848 3.1230250677326699 0.45923040364868928 4.4138508200194337 1.6461084506663599 5.6366447416039591 11.255485564804983 21.106999564090074 2.3690862271905635 15.936223801189042 1.5296260304457963 21.60400935265352 0.56514478873577889 2.5429684905393515 1.7330531991774476 14.083974544427294 0.77240248682937762 1.2557853121543301 35.772077377243477 85.585926275038219
leaf_count=25072 97 436 10 1310 867 51 1 412 13 3 18 154 5 719 4570 839 921 2228 178 5396 109 2459 547 283 414 70942 395 61 3131 1993
internal_value=-6.1495e-05 -0.00271647 -0.0244734 0.00683113 0.000665574 -0.0505286 -0.0731612 0.00541222 0.029541 0.0564928 0.00193623 -0.0458056 -0.0706576 0.0400178 0.000760112 0.0431477 -0.000776106 -0.00960663 -0.0378789 0.000791967 0.011911 0.0162494 0.0692311 -0.00873457 0.0504157 -0.0481872 -0.0516474 0.0120814 -7.10601e-05 0.0044345
internal_weight=319.84 215.375 28.9752 12.4888 186.4 4.84168 4.15355 104.465 16.8857 8.54389 8.34179 4.35847 3.58226 7.96249 87.5798 7.64713 85.9336 50.6678 13.6246 37.0432 35.2659 33.7362 4.979 2.98349 7.3697 16.4864 16.1122 2.02819 185.149 121.358
internal_count=123634 105522 74459 2625 31063 1362 1311 18112 1839 1565 274 177 159 1552 16273 1263 11703 8723 1099 7624 2980 2871 1266 286 1253 71834 71398 456 30196 5124
is_linear=0
shrinkage=0.08


Tree=147
num_leaves=31
num_cat=0
split_feature=9 24 7 22 12 12 9 1 0 13 26 12 18 0 27 12 24 2 18 27 27 10 25 26 12 7 0 1 10 0
split_gain=0.699715 0.877652 0.801869 2.72122 1.54703 2.98855 2.51124 1.72445 1.69037 1.6874 1.64144 1.70791 1.48674 2.35949 1.36754 1.33554 1.33396 1.23172 2.68838 2.66032 3.35365 2.07719 1.95507 1.1122 1.02626 0.596229 0.726694 1.83387 0.553251 0.257522
threshold=0.96462243795394909 1.0000000180025095e-35 9.5000000000000018 1.0000000180025095e-35 0.41421568393707281 0.37715516984462744 0.85066050291061412 0.72046512365341198 0.32305502891540533 1.5000000000000002 0.73863637447357189 0.75499999523162853 0.89465475082397472 0.77003204822540294 0.9723496437072755 0.70710784196853649 -1.0000000180025095e-35 0.25158227980136877 0.52118813991546642 0.83884635567665111 0.88935971260070812 0.81375637650489818 1.0000000180025095e-35 0.42261904478073126 0.26491229236125952 10.500000000000002 0.32690165936946874 0.43107089400291448 0.96019801497459423 0.3483316451311112
decision_type=2 2 2 2 2 2 2 2 2 2 2 2 2 2 2 2 2 2 2 2 2 2 2 2 2 2 2 2 2 2
left_child=2 25 4 17 5 9 7 8 -6 14 16 -12 13 -7 -1 -9 -8 19 23 22 -21 -20 -4 -19 -11 26 -2 -28 -29 -3
right_child=1 29 3 -5 6 12 10 15 -10 24 11 -13 -14 -15 -16 -17 -18 18 21 20 -22 -23 -24 -25 -26 -27 27 28 -30 -31
leaf_value=-0.00010527047206282094 0.090223452295007375 -0.13386401294327918 0.0078423946210534473 -0.083008339855171503 0.035488808318650353 -0.042767253040896354 -0.14167134102718934 0.070261402739130521 -0.012554481350113021 0.0047678991947861802 -0.044582234301193992 0.029303265189934466 0.082408497068083952 -0.17487208304210103 -0.067441611361581957 -0.073806941292711953 0.041219171019531223 -0.014256102132801832 -0.0153237453052157 -0.092099554858637703 0.018564320199319875 0.02405052187947037 0.079190534290645098 -0.08266816862552602 0.078608364765757263 0.090190252727098436 -0.092121039839624302 -0.094025443916645315 0.080378886166816529 0.080029058723357652
leaf_weight=189.94552295341555 0.73530730832135294 0.24599595507606853 5.3312981872950349 2.973251354977946 12.490100790782895 4.4172423196141599 0.27153257199097414 7.2398249025500254 7.5022990824181752 2.1208212679848648 8.4041799159385828 2.6285338801644675 0.45127465357654717 1.0760776797687865 1.9500966238533681 0.43664854270900821 4.2525319678243241 2.3499801612570073 29.214228521867426 2.7826035667521856 4.7348394628215829 12.137515724469266 4.5606444741788437 4.3107792116315977 2.788407133462897 1.1627105129009576 0.85301412489207029 0.13065918782376673 1.0673725492524679 0.042205412821203936
leaf_count=71138 241 3 467 2789 498 276 6 2816 481 277 1757 2010 172 29 4122 270 2404 1769 26218 170 437 1056 183 323 167 701 15 2 2611 226
internal_value=-5.86095e-05 0.0322338 -0.000493865 -0.00815607 0.00163667 -0.00129278 0.0153772 0.0298358 0.0174602 0.000395268 -0.0103386 -0.0269791 -0.0571781 -0.0686451 -0.000789561 0.0620666 0.0302422 -0.00475424 -0.0113642 0.0134751 -0.0223982 -0.00376666 0.0407372 -0.0585317 0.0467088 0.0420696 0.0219894 -0.0024727 0.0613581 -0.102541
internal_weight=318.608 4.23727 314.37 68.3951 245.975 202.749 43.2257 27.6689 19.9924 196.805 15.5568 11.0327 5.94459 5.49332 191.896 7.67647 4.52406 65.4219 48.0125 17.4094 7.51744 41.3517 9.89194 6.66076 4.90923 3.94906 2.78635 2.05105 1.19803 0.288201
internal_count=123634 3799 119835 33412 86423 76181 10242 4065 979 75704 6177 3767 477 305 75260 3086 2410 30623 29366 1257 607 27274 650 2092 444 3570 2869 2628 2613 229
is_linear=0
shrinkage=0.08


Tree=148
num_leaves=31
num_cat=0
split_feature=28 0 2 18 22 8 2 18 8 8 7 8 27 8 7 1 28 1 5 25 2 1 28 22 2 0 8 8 5 8
split_gain=0.652261 1.76232 2.20195 1.62803 1.411 1.29307 0.938791 3.43132 3.99164 2.20341 3.82707 2.13691 1.91017 1.89219 1.90483 1.63998 1.6266 1.44863 3.7916 5.11098 9.43054 1.60618 3.26776 1.34152 1.26303 4.43829 3.74879 4.26138 3.06432 2.47599
threshold=0.6911335587501527 0.68801230192184459 0.84680575132370006 0.94287842512130748 0.79431909322738659 0.96362435817718517 0.74115687608718883 0.86341637372970592 0.86159002780914318 0.86425063014030468 3.5000000000000004 0.6900656819343568 0.96684980392456066 0.53410854935646068 12.500000000000002 0.73765182495117199 0.7697085738182069 0.8521554470062257 0.58571431040763866 1.0000000180025095e-35 0.77629500627517711 0.83438816666603099 0.7987341880798341 0.65419578552246105 0.82807883620262157 0.83438816666603099 0.89528506994247448 0.89237451553344738 0.68333333730697643 0.89699381589889537
decision_type=2 2 2 2 2 2 2 2 2 2 2 2 2 2 2 2 2 2 2 2 2 2 2 2 2 2 2 2 2 2
left_child=1 2 3 4 5 -1 7 9 13 10 12 -12 -2 -9 -15 -10 -17 18 21 -20 -21 22 -8 -11 26 28 27 -19 -26 -28
right_child=6 -3 -4 -5 -6 -7 17 8 15 23 11 -13 -14 14 -16 16 -18 24 19 20 -22 -23 -24 -25 25 -27 29 -29 -30 -31
leaf_value=-0.0036630874790187819 0.10068842070971495 -0.11822566862511712 0.088193375883125716 -0.21711048347814252 0.064728184991576704 -0.035277831977923335 -0.031037744642311189 0.10987685120204871 0.0050350279204291176 -0.023509616611446203 0.015389954867386301 -0.020069614328317602 -0.083248615501365503 0.0083397699867617994 -0.10963983301096911 0.13436943153049971 0.047330775908525448 0.0037377032494656515 -0.08704520831046475 -1.3660467677640966 -0.020572005518195519 -0.05154181284365935 0.065039831268852114 0.079099685531073591 -0.085392657368369415 0.0018033520816945977 0.35901194147706705 -0.20244713627172461 0.088313912348583837 0.054484435841535332
leaf_weight=89.801543840170325 3.8178181078801563 0.87644437239487061 1.6212099023869075 0.23277771275752357 1.80850888479108 9.120769321786609 5.2361060153816634 1.0181186851659756 1.3239107921590392 21.733166981917751 33.558132419907452 16.092650916185903 0.39911287337781676 7.4115644947278252 0.99320253451514862 3.8637108276816434 2.1326559179833566 19.360528022654769 2.43179430139844 0.05780183210299572 0.07878037728369236 3.7520960091160296 3.9936088645818018 0.84725120335769943 5.9542284289427689 69.941577856996446 0.17455373040138411 0.66351666385889885 0.72959267731857824 8.1052283798053377
leaf_count=84164 252 497 46 3 353 6190 1622 448 380 3068 2145 2737 43 1154 172 305 620 2773 436 12 31 473 972 575 1077 11809 16 17 92 1152
internal_value=-5.20806e-05 -0.005266 -0.00430092 -0.00578613 -0.00529779 -0.00657801 0.00247255 0.0085019 0.0413037 0.00131786 0.0101112 0.00389691 0.0832796 0.00687516 -0.00560204 0.0856212 0.103413 -0.00219118 -0.0249785 -0.11379 -0.589979 -0.00740753 0.0105341 -0.0196596 0.00118582 -0.00414856 0.0156273 -0.00309444 -0.0664312 0.0609045
internal_weight=317.132 103.461 102.585 100.964 100.731 98.9223 213.671 93.1913 16.7432 76.4481 53.8677 49.6508 4.21693 9.42289 8.40477 7.32028 5.99637 120.479 15.5502 2.56838 0.136582 12.9818 9.22971 22.5804 104.929 76.6254 28.3038 20.024 6.68382 8.27978
internal_count=123634 91253 90756 90710 90707 90354 32381 11899 3079 8820 5177 4882 295 1774 1326 1305 925 20482 3546 479 43 3067 2594 3643 16936 12978 3958 2790 1169 1168
is_linear=0
shrinkage=0.08


Tree=149
num_leaves=31
num_cat=0
split_feature=22 22 3 7 8 8 8 8 7 9 8 18 12 10 7 26 8 18 26 3 8 3 6 19 18 12 28 9 10 18
split_gain=0.662822 1.60095 2.1776 1.33451 1.88493 1.1709 1.9493 1.68771 1.55709 2.25439 1.64063 1.48317 2.13635 1.98563 1.39621 1.33467 1.24465 1.13944 1.38912 1.13032 5.04717 3.94204 2.59364 4.42165 2.25195 1.07214 1.06961 1.16025 0.94057 0.929539
threshold=0.48435972630977636 1.0000000180025095e-35 0.21164613962173465 7.5000000000000009 0.81322672963142406 0.91458967328071605 0.9569842815399171 0.87026646733284008 4.5000000000000009 0.659215807914734 0.73123827576637279 0.40496625006198889 0.41421568393707281 0.71480709314346325 8.5000000000000018 0.70714285969734203 0.9740215837955476 0.43144296109676367 0.39230769872665411 0.49675324559211737 0.68801230192184459 0.47140522301197058 1.0000000180025095e-35 0.46428571641445165 0.60350322723388683 0.61721614003181469 0.5885961949825288 0.77621760964393627 0.92017701268196117 0.49878199398517614
decision_type=2 2 2 2 2 2 2 2 2 2 2 2 2 2 2 2 2 2 2 2 2 2 2 2 2 2 2 2 2 2
left_child=1 2 -1 4 17 7 11 8 15 10 -10 12 13 -7 -11 -2 -8 18 -3 20 21 -4 24 -24 -21 -6 28 -28 -18 -22
right_child=5 3 19 -5 25 6 16 -9 9 14 -12 -13 -14 -15 -16 -17 26 -19 -20 22 29 -23 23 -25 -26 -27 27 -29 -30 -31
leaf_value=0.09594709262748298 0.077551316711461121 0.057647872430939613 0.0082411022705579894 -0.085419063992014529 -0.069503318272613218 0.078062290438999926 -0.037851993399300378 -0.041824216515386474 0.043165164763453973 0.081505110888718521 -0.052744701155086893 0.098439517480402847 0.1042109973039259 -0.080504983699910618 -0.068318046626845194 -0.05243361589865371 0.09976213778233177 0.11429523364298877 -0.073451558199753977 -0.0071392093155091488 -0.031662406577290733 -0.14657213334017818 -0.054921517152488136 0.0014847312232510452 0.051200709404226927 0.075345643681626551 -0.07454284709933591 0.085976437089385224 -0.088906118848642121 -0.080241431751860798
leaf_weight=1.500446589605416 3.1383832583424076 1.2088792772346995 31.232431215511042 2.4150395156329978 3.1992078303246676 0.78066301015860418 3.1796771565450399 4.9517082404154271 1.483828234891005 2.300597588764504 4.9472562874129835 3.2197381982468869 1.3125717962029737 1.4335051683010531 0.4813777517993002 0.60263117909198616 1.437614266246783 0.78752245721398129 0.90414746297756199 6.5962265296984723 4.201428187138843 1.0893685962309962 9.2992476143908771 204.22861387843295 11.827124399686907 0.36427825212012965 0.84882467106763193 0.43632979417452589 0.19165691311354738 6.3022124245426312
leaf_count=44 327 190 5299 1325 570 184 879 1206 1958 155 1867 738 127 39 27 86 333 61 80 1377 936 552 30654 60675 7485 17 120 102 6 6215
internal_value=-3.81204e-05 -0.0012414 -0.000166799 -0.0346783 -0.0157209 0.0111217 0.0295573 -0.00209887 0.0130862 -0.00458786 -0.0306157 0.059182 0.0233418 -0.0245979 0.0555805 0.0566124 -0.00323868 0.0321623 0.00155146 -0.000691639 -0.0126328 0.0030233 0.00151308 -0.00097179 0.0303129 -0.0546961 0.0345249 -0.0200441 0.0775684 -0.06081
internal_weight=315.903 285.156 276.277 8.87907 6.46404 30.7464 12.8406 17.9058 12.9541 9.21306 6.43108 6.74648 3.52674 2.21417 2.78198 3.74101 6.0941 2.90055 2.11303 274.777 42.8254 32.3218 231.951 213.528 18.4234 3.56349 2.91443 1.28515 1.62927 10.5036
internal_count=123634 115480 113237 2243 918 8154 2528 5626 4420 4007 3825 1088 350 223 182 413 1440 331 270 113193 13002 5851 100191 91329 8862 587 561 222 339 7151
is_linear=0
shrinkage=0.08


Tree=150
num_leaves=31
num_cat=0
split_feature=25 12 0 2 2 12 12 27 11 27 0 2 10 18 7 8 18 0 0 8 12 8 8 7 8 12 8 2 0 27
split_gain=0.674932 1.35711 1.19353 1.33399 1.18586 1.15148 2.28294 1.61627 1.38508 1.01632 1.16777 1.722 1.43435 1.21868 1.05509 1.71848 2.60097 2.68743 1.73917 1.50021 1.44499 1.12983 2.31453 1.98691 0.950082 0.903607 0.832216 1.00174 0.738707 0.737196
threshold=-1.0000000180025095e-35 0.080540537834167494 0.83910790085792553 0.86319074034690868 0.76339712738990795 0.81534090638160717 0.80476191639900219 0.97309362888336193 0.90674948692321788 0.89303049445152294 0.55351883172988903 0.34514106810092932 0.75281468033790599 0.53866961598396312 12.500000000000002 0.43613053858280187 0.86341637372970592 0.32305502891540533 0.79772728681564342 0.6195238232612611 0.62828946113586437 0.73123827576637279 0.71902412176132213 4.5000000000000009 0.89323708415031444 0.19292803853750232 0.40175439417362219 0.49295215308666235 0.56635218858718883 0.37549999356269842
decision_type=2 2 2 2 2 2 2 2 2 2 2 2 2 2 2 2 2 2 2 2 2 2 2 2 2 2 2 2 2 2
left_child=1 2 -1 4 -4 6 7 8 -3 14 11 12 -11 -12 20 16 17 -16 19 -17 21 22 -2 -23 -14 -15 -13 -28 -27 -6
right_child=9 5 3 -5 29 -7 -8 -9 -10 10 13 26 24 25 15 18 -18 -19 -20 -21 -22 23 -24 -25 -26 28 27 -29 -30 -31
leaf_value=-0.083753656106409002 0.0095575076842944178 -0.0027490755931771928 -0.083109532456538793 -0.077527183781124151 0.11420666382684745 0.091272192515788997 -0.2646881376754161 -0.045737491815523307 0.056742306237932423 -0.079152273537055562 0.22299290753218048 0.077857898561047384 0.049472808980487941 -0.028315612887559988 0.0086920951095120699 -0.031703312171095011 0.10284951862472159 -0.087193862149437765 0.11720826282338896 -0.11339354225155895 0.054658413933171127 0.0032711002835786969 0.094223610233282781 -0.021498454727862649 -0.0175161328366925 -0.046724753535989462 -0.071993369160853193 0.024998361265568331 0.062666133034097141 -0.080591695126900884
leaf_weight=2.604087406425605 29.735336046678643 80.509752427193234 0.34796128509879087 0.96467375804240862 0.90244346670806386 0.8141019249742375 0.21498123394121549 5.4844926654022848 2.5850682644231702 0.76521885605325479 0.24325538067569041 0.36646910116360132 6.4474340278684377 1.0230988944085764 10.671650718725688 8.6737661662673364 1.5095800815615792 2.268346106473472 0.43953964902903031 1.7248889873872038 3.3851016311145932 113.82842369995342 2.220770921701841 25.340381460402568 1.7155163624520353 0.42993400538398407 2.8143527584961707 0.89925496694922902 4.8741095713812683 0.14420226088896015
leaf_count=58546 3645 25499 212 1129 16 260 22 2134 410 594 55 174 377 1733 415 2078 48 462 10 402 3088 9798 435 3826 297 34 953 1050 5568 364
internal_value=-4.41768e-05 -0.00569362 -0.0464132 -0.0051981 0.0448332 -0.00343818 -0.00430652 -0.00367458 -0.000898307 0.00239126 0.0197858 0.00590028 0.0255769 0.0472768 0.000686725 -0.0145852 0.00347642 -0.00811645 -0.0386652 -0.0452538 0.00289974 0.00187588 0.0154413 -0.00123903 0.0353945 0.0405212 -0.0371567 -0.0485067 0.0537992 0.0873682
internal_weight=313.948 94.5718 4.96337 2.35928 1.39461 89.6084 88.7943 88.5793 83.0948 219.376 19.5786 13.0082 8.92817 6.5704 199.798 25.2878 14.4496 12.94 10.8382 10.3987 174.51 171.125 31.9561 139.169 8.16295 6.32714 4.08008 3.71361 5.30404 1.04665
internal_count=123634 88592 60267 1721 592 28325 28065 28043 25909 35042 10835 3445 1268 7390 24207 3415 925 877 2490 2480 20792 17704 4080 13624 674 7335 2177 2003 5602 380
is_linear=0
shrinkage=0.08


Tree=151
num_leaves=31
num_cat=0
split_feature=3 25 0 2 7 22 13 22 0 3 3 5 0 16 12 2 0 28 9 9 22 18 9 9 22 12 9 11 18 13
split_gain=0.655712 1.91225 1.44482 2.60019 1.60345 1.48669 1.42203 1.35772 2.0581 1.61041 3.08209 2.53003 1.37726 1.35522 1.36087 1.33509 0.965894 0.963735 1.18699 0.760293 0.734576 0.906954 0.703474 0.529106 0.50563 0.498744 0.470788 0.421312 0.363527 0.227343
threshold=0.11215933039784433 1.0000000180025095e-35 0.10596491396427156 0.10596491396427156 1.5000000000000002 0.69282051920890819 1.5000000000000002 0.45923791825771337 0.40224719047546392 0.49675324559211737 0.47140522301197058 1.0000000180025095e-35 0.12599206715822223 1.0000000180025095e-35 0.3514705896377564 0.13873296231031421 0.069570478051900878 0.41982129216194158 0.42482461035251623 0.65240275859832775 0.47690120339393621 0.39683340489864355 0.659215807914734 0.67986929416656505 0.83096903562545787 0.41421568393707281 0.54589802026748668 0.39688599109649664 0.39935326576232916 1.0000000180025095e-35
decision_type=2 2 2 2 2 2 2 2 2 2 2 2 2 2 2 2 2 2 2 2 2 2 2 2 2 2 2 2 2 2
left_child=1 17 4 -4 13 15 16 9 12 10 -5 -11 -9 19 -15 28 -3 -1 -19 29 26 -22 -16 27 -10 -25 -20 -18 -6 -2
right_child=2 6 3 7 5 -7 -8 8 24 11 -12 -13 -14 14 22 -17 23 18 20 -21 21 -23 -24 25 -26 -27 -28 -29 -30 -31
leaf_value=-0.067056781337072838 0.15997794566326232 0.078025974759981867 0.20545088461830954 -0.010838791191649049 -0.050276916357978908 0.056654495483409707 0.093338804442466852 0.014554979275933484 -0.065434948473631432 0.030557789474878569 -0.11991727600891845 -0.00086949928310572986 0.066249788775983753 -0.077497134409721918 0.10391655871816699 0.077042732288912938 -0.034341481066061233 0.21454451872921787 0.05994041867321559 -0.03537146227102321 0.091068558262812419 0.015642126565780595 -0.0048823727230608953 -0.089753518045251127 0.028581940414574604 0.084961957983864703 -0.068235133007314958 -0.12156493210698587 -0.086581785926492072 0.073519051075180877
leaf_weight=0.43028784811212784 0.51859318911738161 0.29893731252377698 0.39552978007122774 42.81489987266832 3.9201883744071875 0.79594559640099749 0.4865858760458649 8.6880827605477879 1.8726472100302083 17.76558356307396 1.7246388993671633 212.39369825269796 5.3169649455176105 1.2377756769183181 0.58476800078642543 0.43949143954523595 0.50500105438550269 0.29087054593401251 0.28629147607534822 0.23535273763991427 2.6024445441435091 1.6782134309887622 1.0880143029171447 0.1935119405388831 0.45506586997726106 0.22749967457639286 0.5102877491772233 1.1886030286368621 3.2110204730615806 0.31159582726832014
leaf_count=141 33 22 13 11831 966 302 87 1029 3138 8838 1932 91542 2078 213 10 20 25 6 60 41 123 74 81 2 277 71 66 40 547 26
internal_value=-4.25915e-05 0.0216141 -0.000662738 0.000472707 -0.027472 -0.0473496 -0.0314234 0.000194129 0.0226032 -0.00113825 -0.0150625 0.00155632 0.0341807 0.0143552 -0.0139042 -0.0582841 -0.0565762 0.0481415 0.0573754 0.0915468 0.0483713 0.061498 0.0331513 -0.0756045 -0.0470547 0.0046565 -0.0221687 -0.0955565 -0.0666242 0.127527
internal_weight=312.468 8.69853 303.77 291.427 12.3427 8.36665 2.90014 291.032 16.3328 274.699 44.5395 230.159 14.005 3.9761 2.91056 7.5707 2.41355 5.7984 5.36811 1.06554 5.07724 4.28066 1.67278 2.11462 2.32771 0.421012 0.796579 1.6936 7.13121 0.830189
internal_count=123634 717 122917 120678 2239 1835 247 120665 6522 114143 13763 100380 3107 404 304 1533 160 470 329 100 323 197 91 138 3415 73 126 65 1513 59
is_linear=0
shrinkage=0.08


Tree=152
num_leaves=31
num_cat=0
split_feature=21 18 8 5 8 6 18 27 7 5 2 2 18 0 1 0 2 4 28 5 18 5 11 11 2 1 5 0 27 12
split_gain=0.640283 1.20872 1.277 2.2606 2.68087 2.29786 1.7026 1.98288 1.55392 1.37877 1.33348 1.20464 2.77329 2.40819 2.25452 2.11944 1.96536 1.84859 2.34134 1.66317 2.80285 2.8447 1.61178 1.58849 1.40009 1.11498 1.06696 0.928181 0.895548 2.58581
threshold=1.0000000180025095e-35 0.85285884141922008 0.93582704663276683 0.34848485887050634 0.94201681017875682 1.5000000000000002 0.94667303562164318 0.77560555934906017 2.5000000000000004 0.58571431040763866 0.78142958879470836 0.88273492455482494 0.97010219097137462 0.87206766009330761 0.95282599329948436 0.93127068877220165 0.91715687513351452 1.0000000180025095e-35 0.93362700939178478 0.78888890147209179 0.93338736891746532 0.81666666269302379 0.50112107396125805 0.64767315983772289 0.87206766009330761 0.89825496077537548 0.55050507187843334 0.93788579106330883 0.48947252333164221 0.30217391252517706
decision_type=2 2 2 2 2 2 2 2 2 2 2 2 2 2 2 2 2 2 2 2 2 2 2 2 2 2 2 2 2 2
left_child=11 -2 6 -4 9 -6 8 -8 -3 -5 -10 13 14 19 -13 -14 23 -17 -19 24 21 -21 -18 -16 26 -15 -1 -9 -27 -30
right_child=1 2 3 4 5 -7 7 27 10 -11 -12 12 15 25 16 17 22 18 -20 20 -22 -23 -24 -25 -26 28 -28 -29 29 -31
leaf_value=-0.0032308397849811718 -0.067466004729089535 0.089659532977398954 0.096731373950284513 -0.0065884072491847225 -0.23075723963069025 0.0021093797555801295 0.07989473839890375 0.042920836124470452 0.044399757161544838 -0.22624004529537026 -0.026640587737040131 -0.10645293845014558 0.077935386374783477 0.10869089724908036 -0.048144413567082184 0.082215306260921064 0.087033337457552665 -0.39553222362653745 -0.051255559993633612 -0.095782711832159043 -0.21222527656742604 0.088839235771047159 -0.063784014331222258 0.081257702949545541 -0.10224495321577623 0.047758016816542688 0.010226229369885043 -0.083464340708206838 -0.087083794281263532 0.081380022505364955
leaf_weight=187.3522224047847 1.299144512454858 1.2441023314077053 1.4829634019406537 0.28240460930283262 0.27405461228045425 26.03726551906766 5.6078742874578884 0.70376284747362639 2.3721132665723399 0.51905157784312905 5.8898502548327087 2.5224820271141661 2.6668524958149642 1.3220015705082895 8.6947554532161995 0.40662292119668542 1.6036885709254431 0.16517685864891973 0.53885537812311668 1.3057656117598524 0.62433087807221443 0.90386995358858246 0.63232130112737639 0.65270449390664076 0.86917589041968213 5.1310064858407713 47.208922207355499 0.78864515958412085 1.3047882737155307 1.0543161565765329
leaf_count=103767 447 285 231 48 124 6019 339 830 423 43 427 525 395 159 431 87 62 27 61 28 30 75 183 616 150 176 5883 202 311 1250
internal_value=-4.40514e-05 0.00861423 0.0108008 0.000553951 -0.00470658 -0.000316123 0.0284457 0.0580853 0.00630732 -0.148843 -0.00624401 -0.00156361 -0.0216138 -0.000112368 -0.0379166 0.0392642 -0.0229918 -0.0535913 -0.132028 -0.00163127 -0.0625517 -0.0202616 0.0443837 -0.0391087 -0.00089795 0.0409562 -0.000522404 -0.0238659 0.029001 -0.011795
internal_weight=311.461 46.5012 45.2021 28.5957 27.1128 26.3113 16.6063 7.10028 9.50607 0.801456 8.26196 264.96 17.8835 247.076 14.106 3.77751 11.5835 1.11066 0.704032 238.264 2.83397 2.20964 2.23601 9.34746 235.43 8.81211 234.561 1.49241 7.49011 2.3591
internal_count=123634 9418 8971 6465 6234 6143 2506 1371 1135 91 850 114216 2387 111829 1817 570 1292 175 88 109933 133 103 245 1047 109800 1896 109650 1032 1737 1561
is_linear=0
shrinkage=0.08


Tree=153
num_leaves=31
num_cat=0
split_feature=9 24 7 8 18 3 8 1 19 1 18 0 7 18 3 8 8 8 0 1 18 2 0 3 3 10 0 11 8 7
split_gain=0.694292 0.727471 0.683135 3.26256 2.48288 1.80556 1.57006 2.26985 2.57489 2.78494 1.66752 1.91577 1.56216 2.7362 2.23847 2.23435 2.06969 2.06621 1.56056 1.53197 1.38053 1.48807 1.20358 1.18923 0.986742 2.27587 0.566888 0.614178 0.482652 0.47869
threshold=0.96462243795394909 1.0000000180025095e-35 9.5000000000000018 0.60172414779663097 0.93338736891746532 0.26975052058696752 0.72821971774101268 0.92907443642616283 0.73214286565780651 0.81530213356018078 0.92000734806060802 0.79772728681564342 5.5000000000000009 0.77378848195076 0.85145786404609691 0.81322672963142406 0.81909090280532848 0.80707195401191723 0.49332858622074133 0.86319074034690868 0.3754898607730866 0.21778655797243121 0.84273937344551098 0.11852502077817918 0.86391696333885204 0.74399384856224071 0.24068965017795566 0.89588046073913585 0.75255101919174205 10.500000000000002
decision_type=2 2 2 2 2 2 2 2 2 2 2 2 2 2 2 2 2 2 2 2 2 2 2 2 2 2 2 2 2 2
left_child=2 29 6 5 24 26 7 8 19 -10 18 -12 15 23 -15 17 -17 -8 -9 -1 -7 -22 -6 -14 28 -26 27 -4 -5 -2
right_child=1 -3 3 4 22 20 12 10 9 -11 11 -13 13 14 -16 16 -18 -19 -20 -21 21 -23 -24 -25 25 -27 -28 -29 -30 -31
leaf_value=0.021661368186493377 0.024667964115791891 -0.093182740998018265 -0.078814842638179686 -0.080940446054818219 0.087334238211459067 -0.098256981720944533 0.013557578781180486 0.15082770879495466 0.32779871115439918 0.0576468596732468 0.086550991589303267 -0.011459598243667182 0.017753175554365976 -0.034752932420959497 0.030116223151249028 -0.059887189699100216 -0.00025620468257430372 0.075680663347098276 -0.05297143628780366 0.10882327415750996 0.037103437305504181 0.00010703738774356574 -0.05994901781901666 -0.063660056458149622 -0.052336866939097622 0.10314446529592715 0.094729920579457019 0.085669666424124741 0.045698865505875257 0.089437029210943125
leaf_weight=15.973465992671668 2.4933236939941708 0.26757913569235814 2.5288312190405122 6.3815278772131006 1.2492114216402104 0.82191281873838207 18.003001701380075 0.25284594304685182 0.38838318832131224 0.65793423109244031 1.8561072410120685 4.0864712407019397 1.3285107707115482 5.9182149509588262 8.0155363760086384 3.8137498793007572 160.29696597796374 4.231935756722577 4.9117964425122409 1.4039936442677561 8.3490161891913868 41.763358401079131 0.49612740378506703 8.4651743927570333 4.0812557971130445 0.70687715926760564 0.14186148431326717 0.15414179489016522 0.19860368321906197 1.0328044249836237
leaf_count=11297 2869 229 806 11062 56 110 5039 6 36 63 223 550 120 4159 765 961 51682 1276 664 247 531 19931 16 9335 450 173 4 5 268 701
internal_value=-2.54886e-05 0.0339885 -0.000446529 -0.00759589 -0.0433733 0.0011314 0.00154883 0.018821 0.0360422 0.157925 -0.00974412 0.0191531 -0.000879202 -0.0202123 0.00256373 0.00158249 -0.00164196 0.0253814 -0.042994 0.0287035 0.00458412 0.00627086 0.0454677 -0.0526164 -0.0570129 -0.029383 -0.0611242 -0.0693649 -0.0771182 0.0436389
internal_weight=310.271 3.79371 306.477 66.8727 13.1136 53.7591 239.604 29.531 18.4238 1.04632 11.1072 5.94258 210.073 23.7274 13.9338 186.346 164.111 22.2349 5.16464 17.3775 50.9343 50.1124 1.74534 9.79369 11.3683 4.78813 2.82483 2.68297 6.58013 3.52613
internal_count=123634 3799 119835 33412 12025 21387 86423 13086 11643 99 1443 773 73337 14379 4924 58958 52643 6315 670 11544 20572 20462 72 9455 11953 623 815 811 11330 3570
is_linear=0
shrinkage=0.08


Tree=154
num_leaves=31
num_cat=0
split_feature=11 7 8 18 7 12 12 12 18 12 10 11 20 11 2 9 8 9 9 10 8 18 18 25 7 9 8 10 12 9
split_gain=0.62571 1.3614 2.34271 1.76595 1.61687 1.49341 2.13942 1.20334 2.11314 1.57297 1.14815 2.0229 1.68535 1.06768 0.964797 1.09222 0.917811 1.57098 3.57294 1.35736 1.03946 2.73779 2.11912 2.26618 1.75122 0.873277 1.10848 0.846647 0.795495 0.775424
threshold=0.71707642078399669 1.5000000000000002 0.86754387617111217 0.68224915862083446 3.5000000000000004 0.80476191639900219 0.81534090638160717 0.51190477609634411 0.44142027199268347 0.69397994875907909 0.89672946929931652 0.84863269329071056 1.0000000180025095e-35 0.88937836885452282 0.12599206715822223 0.90148141980171215 0.25211864709854132 0.60390022397041332 0.59803447127342235 0.88025155663490307 0.30267794430255895 0.5416986644268037 0.52896809577941906 -1.0000000180025095e-35 24.500000000000004 0.91131749749183666 0.87939393520355236 0.96019801497459423 0.47493734955787664 0.73253381252288829
decision_type=2 2 2 2 2 2 2 2 2 2 2 2 2 2 2 2 2 2 2 2 2 2 2 2 2 2 2 2 2 2
left_child=16 3 4 14 13 -5 -7 8 -6 -9 11 12 -4 29 -2 -16 17 18 19 -1 21 22 23 -18 -22 28 -27 -15 -12 -3
right_child=1 2 10 5 7 6 -8 9 -10 -11 25 -13 -14 27 15 -17 20 -19 -20 -21 24 -23 -24 -25 -26 26 -28 -29 -30 -31
leaf_value=-0.088843920440240823 0.051359754327152514 -0.051453321876588028 -0.067147558620816172 0.094390590418068007 -0.041055889004622523 -0.23683730902726499 0.081796382361504355 -0.021632820236910072 0.036515226535204379 0.023572309668883303 -0.066156788399514499 -0.12401190667878703 0.062169321976970393 -0.074312121467909997 -0.056706375487653934 0.088401360748418936 -0.083582066079365566 -0.089458979540746456 0.35975619550856947 0.10109242490412688 -0.0012506834204903941 -0.08723210341005759 0.21093350813781192 0.10850197482563007 -0.088660622347384713 0.084342837927206843 -0.070498080919755082 0.087790895113008124 0.057022061873623998 0.11098913700697921
leaf_weight=0.75824128472140662 1.4136548860260512 0.20748594324686553 1.6764973994286247 3.5108546606461459 2.7200174688477992 0.22535957084619429 0.33584147343572113 14.273549896002807 12.938879913741401 7.5227283546537356 0.42006673784635529 1.9569341349124441 1.0483233103659586 0.51409911994414859 1.9645548990811224 0.39948231659946021 0.60695647912643824 1.9453906882990848 0.17565318819833908 0.35286170709878206 244.20078259484831 0.76221495465233591 0.6438209674133758 1.1155924756785678 1.4757639521340014 0.36260018980101438 1.6084106078087641 0.34430728518418618 1.6675226376355565 2.0098218292696401
leaf_count=405 184 32 152 3810 139 16 1539 1253 1174 2628 24 83 130 58 141 50 178 84 8 4 108371 301 29 50 1098 143 622 141 575 212
internal_value=-2.90953e-05 0.00753089 0.00260123 0.0384733 0.010702 0.0750208 -0.0461563 0.00612317 0.0230408 -0.0060308 -0.0349636 -0.0619602 -0.0173953 0.0664612 -0.000922002 -0.0321856 -0.00174247 -0.0440988 0.0244793 -0.0285243 -0.00119223 0.0446295 0.0871025 0.0408193 -0.00177575 -0.00382196 -0.0420125 -0.00929251 0.0322359 0.0957885
internal_weight=309.158 57.121 49.2712 7.84975 40.5309 4.07206 0.561201 37.4552 15.6589 21.7963 8.74036 4.68175 2.72482 3.07571 3.77769 2.36404 252.037 3.23215 1.28676 1.1111 248.805 3.12858 2.36637 1.72255 245.677 4.0586 1.97101 0.858406 2.08759 2.21731
internal_count=123634 13106 7366 5740 5637 5365 1555 5194 1313 3881 1729 365 282 443 375 191 110528 501 417 409 110027 558 257 228 109469 1364 765 199 599 244
is_linear=0
shrinkage=0.08


Tree=155
num_leaves=31
num_cat=0
split_feature=22 5 2 10 2 3 2 28 5 3 3 27 0 18 2 28 1 19 28 28 1 3 28 22 22 10 11 28 22 28
split_gain=0.589904 1.0484 3.51908 2.92766 3.01535 2.07054 2.61076 2.77877 1.94792 5.1192 2.46773 2.12313 2.34233 1.997 1.94151 1.86215 2.76706 1.72303 1.46579 1.46018 1.4364 2.12462 2.11138 1.04254 1.12676 1.03282 1.05912 1.03174 1.53215 1.01792
threshold=0.55217784643173229 0.30384616553783422 0.59317129850387584 0.59026268124580394 0.77849927544593822 0.78501400351524364 0.63453349471092235 0.54589802026748668 0.064583335071802153 0.5912291705608369 0.59317129850387584 0.92511683702468883 0.32305502891540533 0.57088929414749157 0.48313754796981817 0.65396711230278026 0.6705426573753358 0.46428571641445165 0.62460190057754528 0.6911335587501527 0.77459675073623668 0.76028168201446544 0.55585265159606945 0.48435972630977636 0.48808848857879644 0.90976935625076305 0.50112107396125805 0.54295176267623912 0.55403152108192455 0.52608895301818859
decision_type=2 2 2 2 2 2 2 2 2 2 2 2 2 2 2 2 2 2 2 2 2 2 2 2 2 2 2 2 2 2
left_child=1 3 14 4 23 15 18 -8 9 13 -11 12 -10 -5 19 -4 -17 -13 -7 -3 21 -16 -22 -1 -25 27 -27 29 -29 -2
right_child=25 2 5 8 -6 6 7 -9 11 10 -12 17 -14 -15 20 16 -18 -19 -20 -21 22 -23 -24 24 -26 26 -28 28 -30 -31
leaf_value=-0.077535365967895287 0.01177291634424728 -0.082558349020791746 -0.058580417682748312 -0.00075363165923642548 0.074048841352066616 0.020452615836085347 0.19621739785790179 8.2095802368571682e-05 0.068640504323583762 0.35884175588040768 0.053907735221219312 -0.040632053530379145 -0.060792031540412975 -0.044033133124208479 0.075310737150798404 0.12257034859860361 -0.015873530414085547 0.088086023882810893 0.11395386376150785 0.032085207212607998 0.088701419404207157 -0.096426299785200217 -0.004374220851835111 0.16088530827865991 -0.080623279815104532 -0.012092864791445817 0.079940766866933244 0.095363137024648451 -0.026749789142909545 0.085414015685991204
leaf_weight=7.1336718799307146 8.3500894724911685 1.4692636389650062 6.4872711036914579 55.768038155323666 1.0634163603999693 2.3076539868943646 0.4638395834754182 138.93887085007418 0.9896671165151919 0.17339808738324691 8.3004135368864791 1.1911276551600161 9.3379081257771741 7.7745149267993829 8.595257214808953 0.96553174470227787 21.456809483163397 1.5084609433251897 2.0056583225705253 1.3777879391664098 2.1066616732405219 0.48716434924972496 6.0090964416167481 0.25233789536559914 0.24240880003571874 1.1659461696763167 2.5515174488937191 0.72057454821196909 7.5237214617313839 1.4031696682427526
leaf_count=62043 3927 1551 5380 4928 199 433 218 22990 79 2 1092 302 1474 2184 3676 266 5933 172 359 284 400 273 1515 28 908 58 754 16 2022 168
internal_value=-2.6158e-05 -0.000990006 0.00238603 -0.00792937 -0.0521539 -0.00129823 0.00263137 0.000734704 -0.00340941 0.00174008 0.0601475 -0.0318767 -0.0483888 -0.00604894 0.0341141 -0.0208331 -0.00991198 0.0312923 0.06393 -0.0270783 0.0442441 0.0660991 0.019786 -0.0697469 0.0425544 0.0126863 0.0510753 0.00475695 -0.0160768 0.0223674
internal_weight=308.121 286.406 192.671 93.7354 8.69183 172.626 143.716 139.403 85.0435 72.0164 8.47381 13.0272 10.3276 63.5426 20.0452 28.9096 22.4223 2.69959 4.31331 2.84705 17.1982 9.08242 8.11576 7.62842 0.494747 21.715 3.71746 17.9976 8.2443 9.75326
internal_count=123634 116689 43278 73411 63178 35579 24000 23208 10233 8206 1094 2027 1553 7112 7699 11579 6199 474 792 1835 5864 3949 1915 62979 936 6945 812 6133 2038 4095
is_linear=0
shrinkage=0.08


Tree=156
num_leaves=31
num_cat=0
split_feature=6 28 1 1 7 18 5 2 3 2 28 8 7 7 18 18 2 19 8 1 2 0 8 8 22 7 18 11 8 3
split_gain=0.6323 0.956981 1.25687 3.44341 1.35676 2.06838 1.43381 1.30781 1.28736 0.887168 2.01248 0.886966 3.05948 3.00436 4.6361 4.32088 3.44245 3.326 2.35593 2.15053 1.98117 1.65913 1.58873 2.98566 2.40668 2.51319 2.15307 1.6661 1.31984 2.64714
threshold=3.5000000000000004 0.65838223695755016 0.92637759447097789 0.93957647681236278 5.5000000000000009 0.97508859634399425 0.84523808956146251 0.65030118823051464 0.94665718078613292 0.84273937344551098 0.86736327409744274 0.86425063014030468 2.5000000000000004 4.5000000000000009 0.85710549354553234 0.96678787469863903 0.91331186890602123 0.73214286565780651 0.86159002780914318 0.91024166345596325 0.93419912457466137 0.71209660172462474 0.96609193086624157 0.97100839018821727 0.58123165369033825 1.5000000000000002 0.97861903905868541 0.31264810264110571 0.72821971774101268 0.94494947791099559
decision_type=2 2 2 2 2 2 2 2 2 2 2 2 2 2 2 2 2 2 2 2 2 2 2 2 2 2 2 2 2 2
left_child=11 -2 7 8 5 -5 -6 -3 -4 -9 -11 13 22 14 16 28 21 18 -16 -19 -14 -1 24 26 25 -13 -24 -26 -15 -30
right_child=1 2 3 4 6 -7 -8 9 -10 10 -12 12 20 15 17 -17 -18 19 -20 -21 -22 -23 23 -25 27 -27 -28 -29 29 -31
leaf_value=0.039213835219382015 -0.090767731568033944 -0.11397201242063944 0.066852811211812121 0.070861371111526558 -0.033627505307288308 0.0046098450434874927 0.084286944332647981 0.079066674447095475 -0.1546895614665886 -0.095665978729135542 0.085776201952582162 0.02281860051141698 -0.038231268641500782 0.0019705162985060695 -0.064543047751063218 -0.41146797313544464 -0.27175113077269075 0.12097408704586016 0.13872300330793871 0.0075532925636581484 0.069184346180029221 0.092876801015904731 -0.04233426257812134 -0.00044266015998847694 -0.075645054213095184 -0.014887645376299339 -0.19368478635955863 0.081635222132570975 -0.024803900173588137 0.040656842809195369
leaf_weight=14.551647368480195 0.57032813180831254 0.30214002894900005 0.19795631667148228 4.6130347285779889 5.149637896089188 8.7109338846476003 0.75701156068680564 3.6294247650321267 1.1044057976178008 0.68820519641485567 0.9066469047247665 22.606866180849465 21.684894713669568 89.587269044137656 6.0604067660178798 0.16611126737552595 0.21141454164899087 1.1505640737832443 0.38831610734541744 15.258992200349894 1.1575850015942695 4.9387691100018847 7.8639989159792076 31.07206509277421 0.48212162470917874 22.645241030448233 0.65137439235695627 4.0696639573316133 30.550434671118865 4.5413196189610963
leaf_count=6892 135 28 78 1237 572 2595 57 324 66 55 95 7720 9766 45610 1544 18 18 95 126 1933 161 604 2263 9536 194 8976 40 984 21191 721
internal_value=-3.41634e-05 0.011745 0.0139886 0.00487375 0.0133994 0.0275475 -0.0185153 0.0478541 -0.121016 0.0572132 0.00748088 -0.00115588 -0.00665847 0.00253323 0.0208887 -0.00372422 0.049329 -0.00362427 -0.0523032 0.0155058 -0.0327878 0.0528117 1.84388e-05 -0.011944 0.00952698 0.00394949 -0.0539117 0.0649762 -0.00318098 -0.0163324
internal_weight=306.269 26.6297 26.0594 20.533 19.2306 13.324 5.90665 5.52642 1.30236 5.22428 1.59485 279.639 112.234 167.405 42.5601 124.845 19.7018 22.8583 6.44872 16.4096 22.8425 19.4904 89.3913 39.5874 49.8039 45.2521 8.51537 4.55179 124.679 35.0918
internal_count=123634 5242 5107 4605 4461 3832 629 502 144 474 150 118392 39640 78752 11212 67540 7514 3698 1670 2028 9927 7496 29713 11839 17874 16696 2303 1178 67522 21912
is_linear=0
shrinkage=0.08


Tree=157
num_leaves=31
num_cat=0
split_feature=25 12 0 2 2 12 27 12 12 27 0 2 12 3 27 28 28 6 0 3 1 8 4 10 3 2 2 9 3 11
split_gain=0.620843 1.27194 1.02143 1.15031 1.02214 0.959544 1.29559 1.41029 1.1592 0.857482 0.988357 1.52865 1.3232 1.47575 1.32747 1.17006 1.04507 0.937896 2.54556 1.86491 2.53435 1.15257 1.13983 1.71309 2.56246 1.52826 2.03022 0.835692 0.793576 0.793307
threshold=-1.0000000180025095e-35 0.080540537834167494 0.83910790085792553 0.86319074034690868 0.76339712738990795 0.81534090638160717 0.97309362888336193 0.80476191639900219 0.32666666805744177 0.89303049445152294 0.55351883172988903 0.34514106810092932 0.53589746356010448 0.49675324559211737 0.99655172228813182 0.62236940860748302 0.71471861004829418 2.5000000000000004 0.60120484232902538 0.61167800426483165 0.84292763471603405 0.91010102629661571 1.0000000180025095e-35 0.5855005979537965 0.99350649118423473 0.94494947791099559 0.94185259938240062 0.47138307988643652 0.70900535583496105 0.62529620528221141
decision_type=2 2 2 2 2 2 2 2 2 2 2 2 2 2 2 2 2 2 2 2 2 2 2 2 2 2 2 2 2 2
left_child=1 2 -1 4 -4 6 7 8 -3 17 11 12 13 -11 -14 29 -17 22 28 21 -21 -20 25 24 -24 26 -2 -18 -19 -12
right_child=9 5 3 -5 -6 -7 -8 -9 -10 10 15 -13 14 -15 -16 16 27 18 19 20 -22 -23 23 -25 -26 -27 -28 -29 -30 -31
leaf_value=-0.083741523477295202 -0.0002577561038316793 -0.010600625489033674 -0.083200976051760592 -0.077231411124024027 0.078993243696705906 0.089214864275574235 -0.042633553430414278 -0.1921529915307135 0.008587297674723729 -0.028327353044936783 0.041515378026232036 -0.036360234648881544 0.081586894648235986 0.12421344204150819 -0.01151501615939352 -0.067976559641012596 -0.08117449085395391 0.0059136867931479575 0.018476171831181679 -0.035989137841286753 0.0096745198966958403 0.18627868610801393 -0.079872504136520792 0.090376776757269239 -0.010734796517834861 0.088351436743776157 -0.22770190538856386 0.05295089919708075 0.12538679984294093 0.19838091211719466
leaf_weight=2.3306305008459267 96.93133056771876 40.475363728195589 0.32994847953341411 0.91770989619635646 1.0094459830870617 0.71053049787587852 5.2532719204673404 0.24790080104139534 40.127530050864152 3.3877317565347789 0.35625298553531948 3.8099170224095351 3.2361050669132965 0.46115646164980706 1.4059718742864786 0.60394788176472491 0.31900196962396865 0.46481888536982197 0.47592524616629706 8.9131716096144356 61.111791430672383 0.5827266322739888 4.2070322805993845 0.87816710988044988 18.596835633605224 1.2450587923303817 0.25182634450902597 4.3714452979220368 1.5173382777866207 0.49029922392219305
leaf_count=58546 16792 21941 212 1129 380 260 2141 15 3968 593 716 2177 344 59 272 620 416 64 28 564 5227 31 122 948 229 127 14 5634 61 4
internal_value=-2.31735e-05 -0.00554085 -0.0465936 -0.00823562 0.0390381 -0.00337141 -0.00413543 -0.00163402 -0.00104807 0.00233772 0.0188267 0.00574112 0.0246321 -0.0100506 0.0533886 0.0450385 0.0310749 0.000779701 0.00794894 0.00545544 0.00386219 0.110842 -0.00351008 -0.0192675 -0.0234899 0.000281187 -0.000847122 0.0438289 0.0973702 0.132367
internal_weight=305.02 91.4023 4.58773 2.2571 1.33939 86.8146 86.1041 80.8508 80.6029 213.618 18.4418 12.3009 8.49097 3.84889 4.64208 6.14095 5.2944 195.176 73.0658 71.0836 70.025 1.05865 122.11 23.682 22.8039 98.4282 97.1832 4.69045 1.98216 0.846552
internal_count=123634 88592 60267 1721 592 28325 28065 25924 25909 35042 10835 3445 1268 652 616 7390 6670 24207 5975 5850 5791 59 18232 1299 351 16933 16806 6050 125 720
is_linear=0
shrinkage=0.08


Tree=158
num_leaves=31
num_cat=0
split_feature=21 2 0 19 5 4 8 8 8 5 8 27 2 1 0 26 12 26 27 27 25 5 25 8 5 8 6 2 27 0
split_gain=0.54984 1.11183 2.40487 3.24854 4.37582 3.55486 2.58883 2.16915 2.52503 1.9031 3.33971 2.18973 2.14805 1.92754 3.08787 1.66209 1.45963 2.02208 1.9142 1.73745 1.3966 1.37663 1.05603 0.994745 1.90686 2.23978 1.91671 1.64476 1.67268 1.52904
threshold=1.0000000180025095e-35 0.82807883620262157 0.66312056779861461 0.77500000596046459 0.58571431040763866 1.0000000180025095e-35 0.78817018866539013 0.84698995947837841 0.81530213356018078 0.55050507187843334 0.68237251043319713 0.79425507783889782 0.65030118823051464 0.84292763471603405 0.62767899036407482 0.36038962006568914 0.26794873178005224 0.17156863212585452 0.9260777235031129 0.91413211822509777 -1.0000000180025095e-35 0.4083333313465119 1.0000000180025095e-35 0.93582704663276683 0.34848485887050634 0.94201681017875682 1.5000000000000002 0.85880398750305187 0.77560555934906017 0.78142958879470836
decision_type=2 2 2 2 2 2 2 2 2 2 2 2 2 2 2 2 2 2 2 2 2 2 2 2 2 2 2 2 2 2
left_child=1 9 -3 4 5 -4 -6 8 -5 16 11 12 -11 14 -12 -15 18 -18 19 -1 -9 -19 23 27 -25 -26 -27 29 -29 -2
right_child=22 2 3 7 6 -7 -8 20 -10 10 13 -13 -14 15 -16 -17 17 21 -20 -21 -22 -23 -24 24 25 26 -28 28 -30 -31
leaf_value=-0.0098266123484959875 0.041295634230268038 0.095680105133478813 0.029334254183014649 0.0059667922436676688 0.15761708050458351 -0.1125691660333048 -0.098352691481283422 -0.033532801049613398 -0.055398468690367873 0.10149448325228862 0.089072746391257826 0.098811858383978518 -0.040005906998939696 0.05610557985543782 -0.028978864456579531 -0.0043357608869046133 0.068619601673158129 -0.00069448523970484875 -0.081827126791716137 0.099303966044690037 0.059308272574093365 0.038260365820486343 0.075957923626477894 0.086489895716985968 -0.12986826766116519 -0.2137123610864565 -0.0013752624430221699 0.065497782392840959 -0.033950043928171574 -0.029101975607600323
leaf_weight=76.85864005328699 3.1625416011156648 1.2558238090350631 5.3278136487097054 13.840415994522123 0.26199914326934948 1.4339228197532063 7.2613470133837836 1.3017145342746506 6.2200188387814697 0.73875826373295872 1.8491875371000812 0.91849589934463516 9.726672075723398 16.192455627959138 6.082350329318615 3.5502514492418404 2.9975734904583069 87.97595155410454 2.3472403079108508 0.94516456045812347 5.0990434475424991 6.2161841234192243 1.4218913924378274 1.4374058934217853 0.93301726879599556 0.27504280980065487 25.196594168830416 6.3578291097528554 1.3045345643959079 5.2568770551442867
leaf_count=74738 765 235 1049 1695 11 99 1120 236 621 35 138 902 366 1810 903 1357 145 6887 17553 2556 652 1108 4933 166 49 67 2499 259 382 298
internal_value=-2.13617e-05 -0.00144721 -0.0133584 -0.016719 -0.0474625 -0.000758393 -0.0894386 -0.000122115 -0.0130604 0.000864694 0.0168508 -0.0196229 -0.0300173 0.0318544 -0.00145588 0.0452367 -0.00265614 0.00393486 -0.0106483 -0.00850089 0.0404273 0.00187633 0.00810378 0.00590723 -0.00324258 -0.0081274 -0.00366808 0.0217481 0.0485666 -0.00265889
internal_weight=303.747 258.401 42.0021 40.7463 14.2851 6.76174 7.52335 26.4612 20.0604 216.399 39.0582 11.3839 10.4654 27.6742 7.93154 19.7427 177.341 97.1897 80.151 77.8038 6.40076 94.1921 45.3457 43.9238 27.8421 26.4047 25.4716 16.0818 7.66236 8.41942
internal_count=123634 114216 5718 5483 2279 1148 1131 3204 2316 108498 5511 1303 401 4208 1041 3167 102987 8140 94847 77294 888 7995 9418 4485 2781 2615 2566 1704 641 1063
is_linear=0
shrinkage=0.08


Tree=159
num_leaves=31
num_cat=0
split_feature=3 25 13 1 22 22 2 0 0 8 3 3 22 2 18 1 26 22 25 22 12 8 26 3 26 10 22 11 12 22
split_gain=0.598618 1.56769 1.25654 1.22596 1.05518 1.74578 2.73864 1.60495 1.44147 1.30029 1.10665 0.958416 1.16642 1.11643 0.831096 0.81138 0.944792 0.834686 0.800421 0.979429 0.753968 0.687464 0.645606 0.595769 0.566639 0.521045 0.431801 0.387123 0.372844 0.361073
threshold=0.11215933039784433 1.0000000180025095e-35 1.5000000000000002 0.11374663189053537 0.43693181872367864 1.0000000180025095e-35 0.11852502077817918 0.40224719047546392 0.12599206715822223 0.91458967328071605 0.49675324559211737 0.1627137288451195 1.0000000180025095e-35 0.13873296231031421 0.39289321005344396 0.10596491396427156 0.24264705926179889 0.47690120339393621 -1.0000000180025095e-35 0.75809821486473095 0.62828946113586437 0.65821567177772533 0.32051283121109014 0.10435571894049646 0.42261904478073126 0.88025155663490307 0.83096903562545787 0.46899603307247167 0.11882352828979494 0.66287881135940563
decision_type=2 2 2 2 2 2 2 2 2 2 2 2 2 2 2 2 2 2 2 2 2 2 2 2 2 2 2 2 2 2
left_child=1 15 14 11 5 6 -5 8 9 -6 -8 12 -2 -13 -3 16 -1 22 19 -14 -7 -10 -18 -16 -20 -19 27 -9 -28 -17
right_child=3 2 -4 4 7 20 10 26 21 -11 -12 13 18 -15 23 29 17 25 24 -21 -22 -23 -24 -25 -26 -27 28 -29 -30 -31
leaf_value=-0.067106417265775195 0.14346495180953278 0.02044511909239502 0.093157767227679364 0.11964432923507898 -0.015623636024700164 -0.085013336799326697 -0.013153531173851379 -0.087914966976526551 -0.080993140107560285 0.043847088817179546 0.0013921613075560506 -0.068885364731855844 -0.068747804702524201 0.067220830803605483 -0.15071561761184962 -0.08942230836293133 0.098478088544392384 0.10614403069190781 0.030588574993343776 0.07461403838911411 0.084164039298037757 0.067733639916899652 -0.067098337010089007 -0.048252624636248805 -0.035930022632804336 0.046734375082088921 -0.082458469373977772 -0.0068922994450561726 0.076329824983688163 0.03521639059813618
leaf_weight=0.36630062895619442 0.3119543546345066 0.69721614251466291 0.4549709881794114 1.2139704244618759 5.3904671067725776 2.0571892036771255 39.387774844752585 1.1925672142274373 0.20683069270989918 4.1756514433027405 222.98941380194947 3.9794163947442485 2.234159652142353 0.42710055659699708 0.56015711681902747 0.37797817893306263 0.22119278192985792 2.2262464374798587 2.4984740936893108 0.35320704867626762 0.18364728172309686 5.192576707544049 0.47299410271807574 1.03281162438725 1.219707550066232 1.6413993633468633 0.13796617503066944 0.5521525038961953 0.30135863843315747 0.24528789332725864
leaf_count=210 3 62 87 38 652 791 12941 3070 419 458 100155 871 786 24 32 34 16 51 305 75 10 1736 51 66 186 89 224 120 53 19
internal_value=-1.53306e-05 0.0211767 -0.0282758 -0.00061335 0.000406279 -0.000834506 -0.000236755 0.0196394 0.0289887 0.0103356 -0.000791422 -0.0267868 -0.00753822 -0.0556933 -0.0524 0.0456309 0.0565076 0.0664334 -0.0150088 -0.0491772 -0.0711484 0.0620365 -0.0143398 -0.0842831 0.0087679 0.080931 -0.044424 -0.0622737 0.0264637 -0.0403704
internal_weight=302.302 8.29656 2.74516 294.006 282.982 265.832 263.591 17.1496 14.9655 9.56612 262.377 11.024 6.6175 4.40652 2.29018 5.5514 4.92813 4.56183 6.30555 2.58737 2.24084 5.39941 0.694187 1.59297 3.71818 3.86765 2.18404 1.74472 0.439325 0.623266
internal_count=123634 717 247 122917 120667 113935 113134 6732 3265 1110 113096 2250 1355 895 160 470 417 207 1352 861 801 2155 67 98 491 140 3467 3190 277 53
is_linear=0
shrinkage=0.08


Tree=160
num_leaves=31
num_cat=0
split_feature=11 27 9 0 28 27 28 3 27 11 11 8 11 3 8 9 9 7 11 8 11 18 3 3 27 4 11 25 26 28
split_gain=0.564705 2.13444 1.68427 1.42579 1.1923 1.2665 2.22579 1.80407 1.172 2.09751 1.48881 3.09656 1.49668 2.06326 1.57329 1.25693 1.27204 1.17171 1.16105 1.23836 1.22772 1.17957 1.09197 1.2509 1.00035 0.961882 0.919027 0.867992 0.850547 0.774071
threshold=0.75066137313842785 0.67759856581687938 0.7667919695377351 0.50242719054222118 0.96248644590377819 0.84650033712387096 0.89946490526199352 0.37617924809455877 0.51010203361511242 0.45876955986022955 0.39527921378612524 0.41742423176765447 0.31209774315357214 0.62258651852607738 0.96609193086624157 0.38032488524913793 0.38117386400699621 28.500000000000004 0.47380892932415014 0.66915422677993786 0.53861853480339061 0.40837912261486059 0.33589744567871099 0.28831169009208685 0.51524445414543163 1.0000000180025095e-35 0.8657626509666444 1.0000000180025095e-35 0.15587044507265094 0.56265702843666088
decision_type=2 2 2 2 2 2 2 2 2 2 2 2 2 2 2 2 2 2 2 2 2 2 2 2 2 2 2 2 2 2
left_child=8 -2 3 22 5 6 -4 -7 9 10 12 -12 13 -1 -14 28 -17 24 19 -11 21 -20 23 -3 -18 -13 -5 -21 -10 -22
right_child=1 2 4 26 -6 7 -8 -9 15 18 11 25 14 -15 -16 16 17 -19 20 27 29 -23 -24 -25 -26 -27 -28 -29 -30 -31
leaf_value=-0.040978304980105039 0.10906186313508685 -0.023874358612425709 0.0003745721602953151 0.10093461938737748 0.043253741388104006 0.01441447841446436 0.092790189182336516 -0.032269315202176858 -0.080100776648114561 0.20856594023126665 0.25773875614454839 -0.046747548080716989 0.036700308977556946 0.0013928504183200829 -0.032785373139400796 0.16408886034898273 -0.089948518415746789 -0.08943745417537162 0.040482553860900133 0.089993043056498176 -0.025250133356008675 -0.035972400849308486 -0.054994567703450493 0.10727833475556027 -0.0060172893321632989 0.075359619432812691 -0.091351866044787469 -0.012171118229765479 0.06983607163056188 0.067451410777143436
leaf_weight=7.7991497852663079 1.3039450936248602 0.88212379020842424 9.7506194720517652 2.4892751513434637 3.5782153860873214 8.1291920850344486 2.0120972131553563 15.211075512273963 2.3054012148879788 0.40344485870446023 0.22899639954630302 7.9711277664837308 12.793641320371078 129.20577581656426 2.4915944108024624 0.27531461244325228 0.91965425367652542 1.1193843384903619 2.1736425323615531 1.6624703035267887 0.68688988328267431 3.1823036706864514 1.1055516490887383 0.98526809038594365 77.235947651366132 0.43542955885641266 0.16993823782831885 0.78285493302973908 0.27055363680665312 3.5865727771015372
leaf_count=2781 281 51 1080 379 5870 471 779 2851 43536 20 28 713 2966 5810 351 730 140 441 53 55 53 277 194 18 53093 91 10 46 253 213
internal_value=-1.73046e-05 0.00818182 0.00521337 0.0460868 -0.000737995 -0.00522228 0.0161829 -0.0160098 -0.00148101 0.00224757 -0.000202482 -0.0325162 0.00162986 -0.00101917 0.0253737 -0.00935366 -0.00757271 -0.00816888 0.0338449 0.0787102 0.0205719 -0.00494413 0.00801847 0.0453241 -0.00700491 -0.0404228 0.0886465 0.0572859 -0.0643528 0.0525511
internal_weight=301.147 45.6173 44.3134 5.63216 38.6812 35.103 11.7627 23.3403 255.53 173.404 160.926 8.63555 152.29 137.005 15.2852 82.1263 79.5503 79.275 12.4782 2.84877 9.62941 5.35595 2.97294 1.86739 78.1556 8.40656 2.65921 2.44533 2.57595 4.27346
internal_count=123634 11984 11703 652 11051 5181 1859 3322 111650 13457 12740 832 11908 8591 3317 98193 54404 53674 717 121 596 330 263 69 53233 804 389 101 43789 266
is_linear=0
shrinkage=0.08


Tree=161
num_leaves=31
num_cat=0
split_feature=10 3 3 27 26 28 12 12 27 12 12 18 2 8 26 8 8 8 9 12 27 4 3 3 18 0 8 3 3 10
split_gain=0.546479 1.34009 1.96048 1.23726 1.17493 2.49961 1.6268 1.43476 2.0076 1.50533 1.0886 1.1324 1.09706 1.29718 1.0289 2.28018 2.63873 1.92958 1.77449 2.9589 1.48051 0.938268 0.845664 0.98337 0.768583 0.761692 0.901786 0.638643 0.596615 0.541198
threshold=0.88025155663490307 0.93683511018753063 0.92907443642616283 0.9723496437072755 0.59166666865348827 0.73192510008811962 0.37715516984462744 0.61721614003181469 0.93717104196548473 0.23669467866420749 0.51190477609634411 0.66111487150192272 0.21778655797243121 0.71291208267211925 0.34523810446262365 0.84292763471603405 0.92403846979141246 0.80707195401191723 0.67986929416656505 0.40454545617103582 0.67516234517097484 1.0000000180025095e-35 0.49675324559211737 0.5030120611190797 0.53222787380218517 0.92907443642616283 0.90098038315773021 0.87226107716560375 0.10435571894049646 0.6072751283645631
decision_type=2 2 2 2 2 2 2 2 2 2 2 2 2 2 2 2 2 2 2 2 2 2 2 2 2 2 2 2 2 2
left_child=3 2 4 10 7 24 -7 9 -9 -2 14 12 -12 -14 18 17 -17 -16 20 -20 -1 -4 28 -24 -6 -3 -27 -25 -5 -29
right_child=1 25 21 22 5 6 -8 8 -10 -11 11 -13 13 -15 15 16 -18 -19 19 -21 -22 -23 23 27 -26 26 -28 29 -30 -31
leaf_value=0.0017470670593133788 -0.028731846142787464 0.080537410603164439 0.012119123240896985 0.071844626233956085 -0.082665702192037185 0.10536576125694942 0.0020762219783166834 -0.084975373938660309 0.094601467520926463 0.041601169288899217 0.058307739678273296 0.096759130380402639 -0.12696693541903745 0.030508302038390559 -0.0072958390440385403 -0.071185099932391319 -0.0044656591047748089 0.060246080404554966 0.082239151246098957 -0.035613059992878768 -0.020803566809403977 -0.15846624578927337 0.12990753826417767 -0.057270074090965697 -0.01054719570450657 -0.052637339640079918 0.080036625557606711 -0.082992016736055968 -0.09422658447887429 0.08129767295104158
leaf_weight=168.60813322598165 2.2846549574169357 2.3773957066623548 0.29336059964771166 0.14958487847616142 2.9343341230560318 1.0065776050905686 32.013930288725533 1.5648413349990726 0.53453396909753781 13.199935389278833 1.4267649302200873 1.4454937973787307 0.62314850161783375 0.72342455969192088 17.473949056304267 7.5514399184921768 7.6239559275509237 3.2033011146850177 4.0914505037690097 2.0448684157745447 20.947456142365581 0.69582147939945571 0.27714803879052885 1.5837533841097413 1.395544686616631 0.75454556658951311 0.57983911120390985 0.17587832206072551 1.8594923699174613 0.47463330191385467
leaf_count=30160 71 3863 133 10 122 23 4361 116 81 635 34 367 17 24 3270 878 1225 429 474 295 66445 30 132 4395 75 412 3797 347 1205 208
internal_value=-1.68289e-05 0.00683782 0.00374825 -0.00171806 0.00575822 -0.00226935 0.00522484 0.0228097 -0.0392523 0.031224 -0.000923163 0.0393491 0.00942642 -0.0423659 -0.00165694 -0.014116 -0.037666 0.00316769 0.000625684 0.0429661 -0.000744964 -0.107876 -0.0431756 -0.0122274 -0.0594215 0.0533869 0.00501437 -0.0298584 -0.0818618 0.0368788
internal_weight=299.919 59.6353 55.9235 240.284 54.9344 37.3504 33.0205 17.584 2.09938 15.4846 235.763 4.21883 2.77334 1.34657 231.545 35.8526 15.1754 20.6773 195.692 6.13632 189.556 0.989182 4.52049 2.51141 4.32988 3.71178 1.33438 2.23427 2.00908 0.650512
internal_count=123634 13719 5647 109915 5484 4581 4384 903 197 706 103618 442 75 41 103176 5802 2103 3699 97374 769 96605 163 6297 5082 197 8072 4209 4950 1215 555
is_linear=0
shrinkage=0.08


Tree=162
num_leaves=31
num_cat=0
split_feature=22 12 9 3 9 16 3 3 28 22 22 20 18 5 28 12 2 18 22 25 28 22 22 12 12 10 5 10 11 12
split_gain=0.542336 0.954588 1.09691 0.924085 1.00545 1.34736 0.903082 2.50018 0.746179 0.905968 1.22364 0.681749 2.67563 2.7397 1.80613 2.9572 2.67702 1.28709 0.673242 0.645347 0.643041 0.437497 0.708065 0.428656 0.422376 0.27121 0.24006 0.175642 0.0621633 0.0160779
threshold=0.55217784643173229 0.19292803853750232 0.36676529049873358 0.10435571894049646 0.37296918034553533 1.0000000180025095e-35 0.10435571894049646 0.12599206715822223 0.53583100438117992 0.60120484232902538 0.60347411036491405 1.0000000180025095e-35 0.8240858018398286 0.27922078967094427 0.76220238208770763 0.10762548446655275 0.88067796826362621 0.77988386154174816 0.79431909322738659 1.0000000180025095e-35 0.64237999916076671 0.47690120339393621 0.33568075299263006 0.53589746356010448 0.29520697891712194 0.99777778983116161 0.58571431040763866 0.80145984888076793 0.55705243349075328 0.41421568393707281
decision_type=2 2 2 2 2 2 2 2 2 2 2 2 2 2 2 2 2 2 2 2 2 2 2 2 2 2 2 2 2 2
left_child=6 8 -3 19 -5 -6 21 23 9 -2 -11 14 17 -14 15 -9 -16 -13 -12 24 -21 22 28 25 -4 29 -10 -28 -1 -8
right_child=1 2 3 4 5 -7 7 11 26 10 18 12 13 -15 16 -17 -18 -19 -20 20 -22 -23 -24 -25 -26 -27 27 -29 -30 -31
leaf_value=0.029091324043997006 -0.087400744748533654 0.12805755607762728 -0.051412109046405099 -0.10306168296203735 0.066469090064848108 0.010786354729303158 -0.086277414285621468 -0.051036149416556126 -0.088116562178936778 0.18154861815974152 -0.022379918334498535 0.031694735660006933 -0.060493104445260695 0.0027785577933944297 0.011077318879757015 -0.0061908955547481702 -0.044916032703041141 0.11273836711192153 0.053365973843354217 -0.14535899446213169 0.014870008919145573 0.081509881007445509 -0.079533934373521825 0.041676557972930565 0.095342492269458096 -0.024488188236715273 -0.080915759978529553 0.089189375442096389 0.081755159259305654 -0.099539565989183607
leaf_weight=0.22925109431343971 0.65784330488827691 0.60995285882381622 0.24865280475932994 0.38245804479811241 4.0866241191979471 8.7058570921690261 1.4064967682184035 11.541446165502292 0.98645358108751657 0.26080083507349661 2.3488913030309964 4.4752452169186645 4.5195627563862208 141.74665573535276 51.644651320504181 50.978070026941168 6.1112462178571141 1.7424638727038653 1.1039405476481077 0.50774610094958916 0.23425927829157445 1.2388357167837964 0.3583486446277675 0.19439560221508134 0.25345377079429454 0.45566193386912335 0.067021640433267748 0.092416569590568542 0.3832561342860572 1.0016900979680938
leaf_count=41 806 10 7 5 381 737 365 43588 1661 24 2824 8528 13210 26247 5627 16607 894 1453 256 11 73 37 41 12 38 7 111 1 12 20
internal_value=-1.52635e-05 0.012527 0.0229749 0.0185297 0.0247532 0.0285745 -0.000942141 -0.00135024 -0.0159327 -0.00086998 0.0144583 -0.000543726 0.0030084 0.000823491 -0.00504708 -0.0144696 0.00515257 0.0544066 0.00183758 -0.0473759 -0.0947729 0.0499974 0.00978673 -0.0732817 0.0226668 -0.081085 -0.0733956 0.0176838 0.062044 -0.0917938
internal_weight=298.574 20.5464 15.029 14.4191 13.1749 12.7925 278.027 275.818 5.51737 4.37148 3.71363 272.759 152.484 146.266 120.275 62.5195 57.7559 6.21771 3.45283 1.24411 0.742005 2.20969 0.970856 3.05824 0.502107 2.86385 1.14589 0.159438 0.612507 2.40819
internal_count=123634 6945 1262 1252 1123 1118 116689 116558 5683 3910 3104 116154 49438 39457 66716 60195 6521 9981 3080 129 84 131 94 404 45 392 1773 112 53 385
is_linear=0
shrinkage=0.08


Tree=163
num_leaves=31
num_cat=0
split_feature=17 12 26 3 3 2 18 0 12 8 1 0 26 18 28 2 18 1 8 7 18 4 12 5 11 3 2 2 12 3
split_gain=0.525981 1.26686 1.18231 1.12788 3.04615 3.01248 3.96378 3.44778 3.42449 3.11859 3.12557 3.08607 2.84527 1.85722 1.83956 1.4007 1.57546 2.24168 1.54618 1.29758 1.14648 1.04081 2.82218 3.00509 2.539 1.24374 2.22834 2.11163 0.930592 0.836662
threshold=1.0000000180025095e-35 0.69397994875907909 0.86607143282890331 0.90366768836975109 0.91596046090126049 0.74646764993667614 0.84602960944175731 0.86706829071044933 0.27525253593921667 0.7245689630508424 0.79277813434600841 0.59299960732460033 0.5634920895099641 0.96678787469863903 0.38903903961181646 0.58102023601531994 0.92415231466293346 0.91734972596168529 0.64549729228019725 3.5000000000000004 0.95009577274322521 1.0000000180025095e-35 0.061553031206130988 0.64583334326744091 0.840967357158661 0.74322345852851879 0.78910306096076976 0.59317129850387584 0.43874999880790716 0.70900535583496105
decision_type=2 2 2 2 2 2 2 2 2 2 2 2 2 2 2 2 2 2 2 2 2 2 2 2 2 2 2 2 2 2
left_child=3 2 21 5 19 6 8 11 14 28 -11 29 -10 -9 -1 -6 17 -17 -18 -5 -13 25 23 -23 -24 27 -27 -2 -8 -7
right_child=1 -3 -4 4 15 7 9 13 12 10 -12 20 -14 -15 -16 16 18 -19 -20 -21 -22 22 24 -25 -26 26 -28 -29 -30 -31
leaf_value=0.021113322058936394 0.0046990559135664271 0.050525420140494978 -0.067777572307226072 0.13527590360960309 -0.08250639828193157 -0.090596262382009671 -0.090260345963582775 0.05579449364036531 0.022163183937796239 0.014186587924189125 0.091061893912702474 -0.069687563185366952 -0.017717534467490057 -0.15267311982232515 -0.049922516696328197 -0.026176112359735867 -0.094530432857916194 0.052257150135016632 -0.0010593950436410245 -0.03047224801551025 0.10324467352214335 -0.065339660224267751 0.050593000382179662 -0.0048128465843443333 -0.080044603049231 0.029217474358432759 -0.0015271938992219383 -0.036676415938556958 0.084565068833427737 0.1043673879579179
leaf_weight=2.7349228606260594 47.854993385014723 3.5360947623594248 1.5345478002127482 1.6060992098791746 1.2048315092779365 0.16654011875016539 1.488348871960169 2.9110941923372589 21.77087310398565 7.9119718161309702 5.9155441613024777 12.792633884071162 24.149295334631461 0.30186768063140323 15.881150064984238 3.2500120269360186 1.1800041474853085 8.2576092871677229 28.208673677489969 0.37237033225665062 0.25015152563719389 7.4827443095946391 6.7317145561064526 17.592238907262072 1.1090119251566646 31.148562837585359 29.261148462348956 9.4538019569386034 0.22421953234879755 0.91398218543235998
leaf_count=2971 22278 2642 91 278 355 15 3559 560 1975 7308 1027 3600 2004 60 48145 725 101 1342 5246 187 26 516 2142 697 999 6661 3325 4591 37 171
internal_value=-2.0103e-05 0.00318815 0.00208812 -0.00355062 0.00706743 -0.00835532 -0.00180941 -0.0385909 -0.0105435 0.0344623 0.0470746 -0.0556073 0.00119002 0.0362083 -0.0394865 0.00250848 0.00501307 0.0301058 -0.00481241 0.10408 -0.0663708 0.00279986 -0.00977592 -0.0228749 0.0321153 0.00631623 0.0143254 -0.00212635 -0.0673712 0.0743178
internal_weight=297.197 155.705 152.169 141.492 44.0796 97.4126 80.0763 17.3363 64.5362 15.5401 13.8275 14.1233 45.9202 3.21296 18.6161 42.1011 40.8963 11.5076 29.3887 1.97847 13.0428 150.634 32.9157 25.075 7.84073 117.719 60.4097 57.3088 1.71257 1.08052
internal_count=123634 43942 41300 79692 8234 71458 67026 4432 55095 11931 8335 3812 3979 620 51116 7769 7414 2067 5347 465 3626 41209 4354 1213 3141 36855 9986 26869 3596 186
is_linear=0
shrinkage=0.08


Tree=164
num_leaves=31
num_cat=0
split_feature=22 22 3 7 8 3 1 3 27 27 12 1 0 8 3 12 26 18 26 25 8 22 22 3 10 7 1 8 10 3
split_gain=0.539188 1.08244 1.37603 1.07656 1.6473 0.952034 1.14645 1.73806 1.39225 1.13086 0.853101 0.850722 0.967231 1.10167 1.07644 0.932152 0.834656 0.759772 1.06382 0.685662 0.878724 1.15209 0.657262 0.611008 0.604486 0.465471 0.41611 0.378476 0.252868 0.222065
threshold=0.48435972630977636 1.0000000180025095e-35 0.21164613962173465 7.5000000000000009 0.81322672963142406 0.26975052058696752 0.20550528168678286 0.49675324559211737 0.5653955638408662 0.90493568778038036 0.61721614003181469 0.78830561041831981 0.12599206715822223 0.79449471831321727 0.1627137288451195 0.26794873178005224 0.5634920895099641 0.43144296109676367 0.39230769872665411 1.0000000180025095e-35 0.84292763471603405 0.48808848857879644 0.836786448955536 0.10435571894049646 0.9745212495326997 9.5000000000000018 0.18350168317556384 0.94028520584106456 0.7729182541370393 0.1627137288451195
decision_type=2 2 2 2 2 2 2 2 2 2 2 2 2 2 2 2 2 2 2 2 2 2 2 2 2 2 2 2 2 2
left_child=1 2 -1 4 17 9 8 -8 -7 -4 23 12 13 22 15 -15 -16 18 -3 20 25 -22 24 -6 -2 -14 -11 -13 -29 -21
right_child=11 3 5 -5 10 6 7 -9 -10 26 -12 27 19 14 16 -17 -18 -19 -20 29 21 -23 -24 -25 -26 -27 -28 28 -30 -31
leaf_value=0.080859546175868935 -0.08542846049957982 0.055701583704752082 -0.077488752103278657 -0.084255892980047611 0.014518757905811964 0.10228722085516749 -0.019536962965935122 0.0012572211770812312 0.014623594042694928 0.081212749055135064 0.072383466127266691 -0.084851422392066014 0.075063944038974081 -0.0049120201546315597 -0.00096829697641320517 0.035390839598717902 -0.086895201067156411 0.10281807037374502 -0.067552169738842482 0.0030675511562246252 0.14425606407603023 -0.040759683980301491 0.087509457743408403 -0.086058801540298754 0.054340401427205802 -0.080480342856291284 -0.036493774411268332 -0.080396736338666494 0.084676667175578368 0.10252795363145925
leaf_weight=1.3317391343734915 1.5118601579856754 1.1134633523288351 2.0810036642815244 1.8425369588471765 0.4681138432024462 1.3574728123639923 29.157938892092034 218.51949453879388 7.9488025814225693 0.48252811978090893 0.30626816349104036 0.83060661896979471 1.7621781772766092 5.8281331654548039 2.1207091652072445 9.9312920147385721 1.0981062331047722 0.72071424810064844 0.75009650146967022 0.16171720983402327 0.25130545076990518 1.507658391084078 0.19571830722270522 2.2190584720979132 0.22788731040782284 0.13238007396034834 0.31947954313545779 0.0922260436536817 0.16681396880449029 1.28724775745286
leaf_count=44 634 190 138 1325 34 46 12266 100067 605 32 17 995 1055 872 426 777 98 61 80 43 7 1721 6 536 23 1109 39 225 28 135
internal_value=-2.30469e-05 -0.00110817 -0.000252223 -0.0312382 -0.0137244 -0.000667896 -0.000155022 -0.00119078 0.0274108 -0.0463841 -0.0541198 0.0107305 0.013631 0.00601185 0.0118755 0.0204861 -0.0302825 0.0330667 0.00609104 0.04486 0.0263917 -0.0143262 -0.0514838 -0.0685379 -0.0671203 0.0641955 0.0343244 -0.0585213 0.0259056 0.0914273
internal_weight=295.725 268.619 261.198 7.42025 5.57771 259.867 256.984 247.677 9.30628 2.88301 2.99344 27.1058 26.0162 20.9137 18.9782 15.7594 3.21882 2.58427 1.86356 5.10249 3.65352 1.75896 1.93547 2.68717 1.73975 1.89456 0.802008 1.08965 0.25904 1.44896
internal_count=123634 115480 113237 2243 918 113193 112984 112333 651 209 587 8154 6906 2836 2173 1649 524 331 270 4070 3892 1728 663 570 657 2164 71 1248 253 178
is_linear=0
shrinkage=0.08


Tree=165
num_leaves=31
num_cat=0
split_feature=22 12 3 0 8 7 28 0 2 18 28 11 20 8 3 3 4 8 2 13 22 12 12 13 2 15 25 11 18 11
split_gain=0.529458 1.1374 0.882644 0.7303 0.705271 0.984195 0.61216 1.42742 1.62636 1.20193 1.03517 3.76532 1.87184 0.970571 0.666714 2.46909 1.74183 1.49962 1.97591 1.47328 0.589338 0.503399 0.421475 0.358935 0.312367 0.309662 0.231508 0.156026 0.106855 0.0325283
threshold=0.66287881135940563 0.24568965286016467 0.15504807978868487 0.73375529050827037 0.96225070953369152 5.5000000000000009 0.6911335587501527 0.68801230192184459 0.84680575132370006 0.94287842512130748 0.69399762153625499 0.71707642078399669 1.0000000180025095e-35 0.44151847064495092 0.97332859039306652 0.97259759902954113 1.0000000180025095e-35 0.79449471831321727 0.89022758603096019 1.0000000180025095e-35 0.6705426573753358 0.0745370388031006 0.10435571894049646 1.5000000000000002 0.8539126217365266 1.0000000180025095e-35 -1.0000000180025095e-35 0.41797162592411047 0.90327954292297374 0.61887633800506603
decision_type=2 2 2 2 2 2 2 2 2 2 2 2 2 2 2 2 2 2 2 2 2 2 2 2 2 2 2 2 2 2
left_child=6 2 4 -3 5 22 7 8 9 13 11 12 -8 -1 15 16 -12 19 -19 -16 25 -14 -2 27 -10 -4 -6 -22 29 -9
right_child=1 3 20 -5 26 -7 10 28 24 -11 14 -13 21 -15 17 -17 -18 18 -20 -21 23 -23 -24 -25 -26 -27 -28 -29 -30 -31
leaf_value=0.013822827916006235 -0.02750320683743537 0.0799830467305125 -0.08208079430605722 -0.065880943029401506 -0.092039602796184283 -0.088867112566981529 -0.086297466123192931 -0.081813100816960929 0.11581867347959081 -0.18308078886646151 0.0016506440253209579 0.38578506331354112 -0.083239379515406359 -0.009651839219599518 0.018021085288289686 -0.27684434734461671 -0.030091256036788562 -0.094815135283788016 0.0013862479715532753 0.094833292972488825 -0.083271700898314066 0.156349894945119 0.083832804661157931 0.075288917427779073 0.040745456760809623 0.11393008635666772 0.025204504263568638 -0.024906837111366337 -0.13747248646164217 0.048818165342348285
leaf_weight=13.331846240829007 0.2508249779957622 2.2166967307784948 0.068289498826971218 0.24384234091121459 0.35510696775236272 0.29127590026973837 0.56771874501236996 0.27860340462211652 0.73841212705155956 0.24608092492053302 129.72881621273677 0.20726195629686106 0.064366474042344635 72.963508926153736 23.635060960181367 0.20806689180244475 12.095803331452769 1.4351008917929018 28.550912080647322 1.7139926825620921 1.2186746744800983 0.43835112083706917 1.6433553351962471 0.11807739948562801 0.68262544306344353 0.21085315296659246 0.1547613156872103 0.38598260634262249 0.48149604089121567 0.012758309720084071
leaf_count=5751 181 818 221 17 58 111 247 449 10 3 17967 17 133 82338 1532 20 1735 170 6761 2259 2395 37 52 8 36 2 20 257 25 4
internal_value=-2.61391e-05 0.0214658 -0.00161522 0.0655278 0.0282714 0.0480375 -0.000561435 -0.00608583 -0.00513475 -0.00652868 0.00190632 0.0736827 0.0132522 -0.00602522 0.00144167 -0.00146054 -0.00105653 0.00889097 -0.00321785 0.0232148 -0.0418545 0.125674 0.0690898 -0.0593271 0.0797557 0.065978 -0.0564523 -0.0692327 -0.114333 -0.0760929
internal_weight=294.539 7.15774 4.6972 2.46054 2.69532 2.18546 287.381 88.7353 87.9625 86.5414 198.645 1.2777 1.07044 86.2954 197.368 142.033 141.825 55.3351 29.986 25.3491 2.00188 0.502718 1.89418 1.72273 1.42104 0.279143 0.509868 1.60466 0.772858 0.291362
internal_count=123634 4140 3305 835 422 344 119494 88616 88138 88092 30878 434 417 88089 30444 19722 19702 10722 6931 3791 2883 170 233 2660 46 223 78 2652 478 453
is_linear=0
shrinkage=0.08


Tree=166
num_leaves=31
num_cat=0
split_feature=25 12 12 27 12 11 9 27 27 18 9 18 3 8 12 3 18 7 28 28 28 4 0 2 12 8 27 0 26 7
split_gain=0.50354 1.11764 0.852857 1.01726 1.10997 1.02914 0.838495 1.24089 0.710513 0.841273 1.14741 0.959388 1.15596 1.40247 0.90135 1.75917 1.06322 0.718944 1.72331 2.34461 2.16983 1.89195 2.68559 2.14345 1.11109 0.92487 0.959085 0.672601 0.663159 0.845268
threshold=-1.0000000180025095e-35 0.0745370388031006 0.81534090638160717 0.9723496437072755 0.80476191639900219 0.90674948692321788 0.39936709403991705 0.37549999356269842 0.89303049445152294 0.87885165214538585 0.52995726466178905 0.54785186052322399 0.53694942593574535 0.60172414779663097 0.53589746356010448 0.49675324559211737 1.0000000180025095e-35 12.500000000000002 0.61830145120620739 0.59711855649948131 0.55585265159606945 1.0000000180025095e-35 0.72046512365341198 0.69282051920890819 0.62828946113586437 0.36140660941600805 0.54186138510704052 0.56635218858718883 0.93303570151329052 5.5000000000000009
decision_type=2 2 2 2 2 2 2 2 2 2 2 2 2 2 2 2 2 2 2 2 2 2 2 2 2 2 2 2 2 2
left_child=1 6 3 4 5 -3 -1 -8 17 11 -11 14 13 -13 15 -10 -16 24 19 20 -19 23 -23 -20 25 -2 -27 -5 -26 -30
right_child=8 2 -4 27 -6 -7 7 -9 9 10 -12 12 -14 -15 16 -17 -18 18 21 -21 -22 22 -24 -25 28 26 -28 -29 29 -31
leaf_value=-0.06838894120089728 0.10555554253496466 -0.0026886617854596788 0.088812646665169401 -0.064668194382792296 -0.16767328974395526 0.051520969567063542 0.10397619377965799 -0.080348574916141918 -0.023770404421748711 -0.079060985119399838 0.084970374568357418 0.050254849567436852 0.0132642428410619 -0.087698719011555917 -0.11551282672175071 0.11161648075977766 0.068491544993282139 0.020297573226603537 -0.026013469018706471 0.098865295930541261 -0.096110150731380628 -0.024031441830748075 -0.17926851178333933 0.074809179256587255 0.076804857748082642 0.0038470146418704207 -0.013783705318513723 -0.005817626128381102 0.082832794034201657 -0.070457171678260627
leaf_weight=2.9175666144228667 0.54687845170701521 74.984853434573097 0.64015467040007834 2.8173407811614188 0.25677605680539173 2.3103601588154552 0.50402946145914018 0.43589966245940559 3.080383680020534 0.31610714545604368 1.9979910634556288 0.62617859747842919 4.737122930332589 1.9109710034063025 0.21291917562484775 0.76721962214605799 3.5831210572832788 4.6174384423929977 11.415104806226735 1.7924268760307311 1.3171324709683174 1.8270495198376004 1.1699391232687046 1.5304439051287761 2.0293749975753594 139.08577677364519 23.014277808847964 2.2240757593240232 0.40409205417017791 0.53506087205460062
leaf_count=45615 12 26881 260 1538 15 406 18 13076 542 282 4551 120 4068 491 1 145 635 2243 505 116 346 58 13 134 2242 6397 11295 783 738 108
internal_value=-2.00187e-05 -0.00512171 -0.0031707 -0.00388363 -0.00161996 -0.00106833 -0.0472188 0.0184941 0.00213143 0.0176835 0.0625636 0.0107216 -0.0100748 -0.0536512 0.0305131 0.00322601 0.0581708 0.000715613 -0.0123261 0.0186802 -0.00553823 -0.0273542 -0.0846316 -0.0140941 0.00257952 0.00169428 0.00134388 -0.0387056 0.0510822 -0.00450065
internal_weight=293.608 87.0911 83.2336 82.5934 77.552 77.2952 3.8575 0.939929 206.517 17.232 2.3141 14.9179 7.27427 2.53715 7.64364 3.8476 3.79604 189.285 23.6695 7.727 5.93457 15.9425 2.99699 12.9455 165.615 162.647 162.1 5.04142 2.96853 0.939153
internal_count=123634 88592 29883 29623 27302 27287 58709 13094 35042 10835 4833 6002 4679 611 1323 687 636 24207 3415 2705 2589 710 71 639 20792 17704 17692 2321 3088 846
is_linear=0
shrinkage=0.08


Tree=167
num_leaves=31
num_cat=0
split_feature=22 12 28 10 7 8 11 27 3 3 10 5 2 5 2 8 8 8 0 12 22 22 22 8 7 12 3 10 27 11
split_gain=0.483451 0.838678 1.00315 0.861379 1.37133 1.86243 1.23706 1.08297 0.773584 2.21761 0.598039 0.561076 3.00943 2.61789 4.07474 1.82225 1.7741 1.71787 0.453656 0.380885 0.379128 0.623526 0.352361 0.378635 0.458191 0.280877 0.364789 0.269776 0.117925 0.265076
threshold=0.55217784643173229 0.13423423469066623 0.35651239752769476 0.89672946929931652 2.5000000000000004 0.96609193086624157 0.52655076980590831 0.28162176907062536 0.10435571894049646 0.12599206715822223 0.96647939085960399 0.30384616553783422 0.59317129850387584 1.0000000180025095e-35 0.56294015049934398 0.43613053858280187 0.8169856369495393 0.9529346525669099 0.6900656819343568 0.53589746356010448 0.47690120339393621 0.33568075299263006 0.66287881135940563 0.84292763471603405 5.5000000000000009 0.10762548446655275 0.1627137288451195 0.99777778983116161 0.50170066952705394 0.82699537277221691
decision_type=2 2 2 2 2 2 2 2 2 2 2 2 2 2 2 2 2 2 2 2 2 2 2 2 2 2 2 2 2 2
left_child=8 22 -3 4 5 -4 10 -6 20 19 -5 13 17 14 -11 -14 -15 -13 -8 27 21 28 -2 24 -24 -25 -27 -10 -1 -30
right_child=1 2 3 6 7 -7 18 -9 9 11 -12 12 15 16 -16 -17 -18 -19 -20 -21 -22 -23 23 25 -26 26 -28 -29 29 -31
leaf_value=0.087552844699376728 -0.084004098535443716 0.10489235220259807 0.066843795799039263 -0.067338284842927643 0.10205429668290107 -0.028352534628110177 0.087289486831497717 -0.029150766632040581 -0.09122072533037949 -0.0048211223226135884 0.040476327074330201 0.038712665126260586 0.12235238159905472 -0.059074372239473164 0.066485331422979008 -0.0020897392185887649 -0.0076179003274898785 -0.054248306203216988 -0.065060151755628057 0.040667887010002242 0.077922679061250472 -0.079048591021098971 0.079072715651008429 -0.081515643962479165 -0.080971804424558438 0.073665541049561453 -0.08245257030763066 -0.022123697203544977 -0.081006163417850288 0.086998256578207173
leaf_weight=0.35380895517300759 0.64712343314772924 0.81301858852384867 3.644444352830762 0.69182856699626361 0.43000778183341015 2.0580371050491522 2.4151388328009493 6.3217875650561837 2.187700878889018 59.838224558932097 0.62831372285290854 17.696719658956912 0.75654012556515127 8.7358045023563609 5.6097024811692782 165.66698433177453 8.4227939825104823 1.3707838234568033 0.1319232057139742 0.17947527696378518 1.1659585690076708 0.32919836836845207 0.4330285343116882 0.55554665618410581 0.15562943201348389 0.22418787104106741 0.16724999474172364 0.4332469468936323 0.10472525982368097 0.14106711046770215
leaf_count=8 2222 22 153 41 6 96 778 402 385 19729 38 6722 82 32396 2071 35497 18680 977 19 12 37 41 127 1921 1067 15 38 7 41 4
internal_value=-1.70433e-05 0.0122135 0.0181631 0.0138428 0.00360174 0.0324872 0.0468242 -0.0207946 -0.000882493 -0.00125698 -0.0160246 -0.000517209 0.0019251 -0.00600135 0.00129073 -0.00152404 -0.0338155 0.0320296 0.0793986 -0.0720783 0.0475464 0.00941378 -0.0344897 -0.0136242 0.0367601 -0.0449437 0.00696082 -0.0797989 0.0579822 0.0154163
internal_weight=292.31 19.3173 17.1345 16.3215 12.4543 5.70248 3.8672 6.7518 272.993 270.898 1.32014 268.098 185.491 82.6065 65.4479 166.424 17.1586 19.0675 2.54706 2.80042 2.09476 0.9288 2.18277 1.53564 0.588658 0.946985 0.391438 2.62095 0.599601 0.245792
internal_count=123634 6945 1555 1533 657 249 876 408 116689 116558 79 116154 43278 72876 21800 35579 51076 7699 797 404 131 94 5390 3168 1194 1974 53 392 53 45
is_linear=0
shrinkage=0.08


Tree=168
num_leaves=31
num_cat=0
split_feature=12 3 0 2 0 5 27 11 26 11 2 9 9 11 1 11 27 27 26 3 9 11 26 12 11 26 0 0 3 2
split_gain=0.465609 2.25416 1.75204 1.66091 2.00517 3.02932 1.49317 1.81142 3.22739 3.38344 3.18675 2.81763 3.32334 2.7545 1.98587 1.90636 1.62799 1.52899 1.24123 1.38094 1.21714 0.836508 0.82588 1.06117 2.0947 0.934329 0.787065 0.772187 0.709052 0.958454
threshold=0.3717105239629746 0.93683511018753063 0.86706829071044933 0.77003204822540294 0.84273937344551098 0.4083333313465119 0.67516234517097484 0.56675580143928539 0.34523810446262365 0.57212206721305858 0.11189358308911325 0.7667919695377351 0.74347630143165599 0.62529620528221141 0.95538970828056347 0.51958277821540844 0.68100523948669445 0.66794872283935558 0.42261904478073126 0.73765182495117199 0.88251724839210521 0.90180006623268139 0.42261904478073126 0.27525253593921667 0.42887799441814428 0.17156863212585452 0.92907443642616283 0.13873296231031421 0.83096903562545787 0.86319074034690868
decision_type=2 2 2 2 2 2 2 2 2 2 2 2 2 2 2 2 2 2 2 2 2 2 2 2 2 2 2 2 2 2
left_child=6 2 3 4 5 -2 17 10 13 -10 15 12 -12 14 -9 -8 -15 22 -5 -20 -11 -3 23 25 -25 -1 -23 -17 -24 -30
right_child=1 21 -4 18 -6 -7 7 8 9 20 11 -13 -14 16 -16 27 -18 -19 19 -21 -22 26 28 24 -26 -27 -28 -29 29 -31
leaf_value=0.0020201345676282073 0.00024012838871006475 0.084030393294418512 0.081864165873134956 0.082223064423480763 -0.14267723659387452 0.069574390819921519 -0.073737581124959026 -0.057517885418306325 0.16394722475770182 -0.051351242044353693 -0.053556646954250844 0.12873519686981472 -0.39318150062837093 -0.13166053983918843 0.082302565647143347 0.11024178087360965 0.067416114041572925 0.09205105065140165 -0.25132270705473664 -0.045747665198622174 0.11454441394692672 0.080152654866198852 -0.042660539494118112 -0.029056574255069228 0.05584543117621385 -0.017443089947420026 -0.045708250479896212 0.2917549084432855 0.1027906186233036 -0.063857675992853316
leaf_weight=146.76559055113489 60.725183526223191 3.0597295948527963 1.7149601494347724 0.46170426300886802 0.595075023258686 4.3199192548509009 0.32799442133273149 2.9051394729654043 0.51805436357972112 8.9898890093427291 12.058837648974981 0.53544623617199327 0.18726160700316619 0.27402238150534675 0.83754000232147507 0.60900940945612092 6.4773947917492478 1.1721434966398181 0.21906846578349348 4.6089129127576598 0.29224206774961281 0.55080937817547215 4.6412851190398206 2.7289586675979063 5.8393532440932177 17.687573453261848 0.75229015295553836 0.19901560246944427 0.53869072097586457 0.374382798509032
leaf_count=27248 3605 5606 1935 106 55 811 1091 1272 91 2330 69952 30 18 8 44 116 740 874 7 785 7 1852 560 141 344 2160 1765 1 35 45
internal_value=-1.58727e-05 0.00531843 0.00196417 3.23247e-05 0.00350752 0.00484491 -0.00193578 -0.0172545 -0.00201025 -0.0350232 -0.0394833 -0.0508959 -0.05875 0.0288197 -0.0262287 0.0889215 0.0593361 0.000979871 -0.0430916 -0.0550756 -0.0461281 0.0611698 0.000382094 0.00135687 0.0288046 -7.32105e-05 0.00749211 0.154948 -0.0299827 0.0344607
internal_weight=290.967 77.0077 72.6448 70.9299 65.6402 65.0451 213.96 34.2118 20.2943 9.80019 13.9176 12.7815 12.2461 10.4941 3.74268 1.13602 6.75142 179.748 5.28969 4.82798 9.28213 4.36283 178.576 173.021 8.56831 164.453 1.3031 0.808025 5.55436 0.913074
internal_count=123634 16527 7304 5369 4471 4416 107107 75700 4492 2428 71208 70000 69970 2064 1316 1208 748 31407 898 792 2337 9223 30533 29893 485 29408 3617 117 640 80
is_linear=0
shrinkage=0.08


Tree=169
num_leaves=31
num_cat=0
split_feature=22 28 8 10 28 0 0 3 8 25 26 10 10 10 22 3 11 26 3 2 28 11 9 10 2 3 3 22 8 11
split_gain=0.481348 1.39981 1.41016 1.96019 1.36701 0.811091 1.63239 1.02443 0.904836 0.8192 0.750042 1.02178 0.75429 0.733893 0.733468 1.15371 0.895758 1.01188 0.71081 0.682377 0.792266 0.663368 0.562798 0.649646 1.64091 0.460504 0.371611 0.326105 0.289675 0.336147
threshold=0.45664159953594213 0.44499449431896215 0.3357843160629273 0.64541527628898632 0.44838035106658941 0.40224719047546392 0.12599206715822223 0.1627137288451195 0.79449471831321727 1.0000000180025095e-35 0.29285715520381933 0.7729182541370393 0.88949939608573925 0.74399384856224071 1.0000000180025095e-35 0.21164613962173465 0.35731539130210882 0.29285715520381933 0.26975052058696752 0.58280590176582348 0.36932876706123358 0.36074022948741918 0.91131749749183666 0.59026268124580394 0.43792808055877691 0.1627137288451195 0.88047617673873912 0.83096903562545787 0.92052632570266735 0.46899603307247167
decision_type=2 2 2 2 2 2 2 2 2 2 2 2 2 2 2 2 2 2 2 2 2 2 2 2 2 2 2 2 2 2
left_child=1 2 3 -1 13 6 7 8 21 -10 11 -9 -12 -3 15 -6 -16 -18 -17 -4 -21 -2 23 24 -8 -25 -22 28 -7 -30
right_child=5 4 19 -5 14 27 22 10 9 -11 12 -13 -14 -15 16 18 17 -19 -20 20 26 -23 -24 25 -26 -27 -28 -29 29 -31
leaf_value=-0.085593328084362527 0.049438267674375147 -0.080323924215219555 -0.083276700406657855 0.10272221579568049 0.076347056642237676 -0.082115052007376704 -0.086663526946012009 -0.06957101708101153 0.032183336340193505 -0.0060434991143966709 -0.094210906406001133 0.08337237724085908 -0.0037596139096973341 0.24295727523921806 0.064718085713343282 -0.041731081296747859 0.029404836187412364 -0.066192540404525324 0.00022173844813383473 0.11891798616545655 -0.097833531250069272 -0.076408202325507324 -0.055901672118682653 0.0029967399668770975 0.12074663705142179 0.091951857164640591 0.087957070483936944 0.02885008412488627 -0.077850605269080733 0.07442400400826929
leaf_weight=0.60247766106658562 0.34991856856073766 0.05640780652288313 3.1291600253883876 0.85691018956276821 1.2660108242271224 1.0156679523593073 0.54206397908774206 0.48214479333228089 9.7976274148604698 5.6608000482974594 1.5197128212785176 0.66535033343825489 0.96455043038076826 0.22109762177569792 0.54122804579196682 2.6118802370929179 0.91276141994558191 3.168524103008167 248.44258584523072 0.24856525822224274 0.34326213464169086 1.146102406579075 0.26678215025458474 0.42684397943958208 0.44414323012551904 2.9229214054066688 0.086203064654000627 0.32656692732689396 0.18043626503776966 0.19098307071544696
leaf_count=763 175 429 11168 10 39 2485 1685 572 1104 583 126 9 102 3 54 187 622 577 100667 43 582 301 70 61 151 124 5 277 628 32
internal_value=-8.86365e-06 -0.00105339 -0.0418815 0.0249801 -0.000217442 0.0101826 0.0138057 0.00417589 0.0124355 0.0181849 -0.0343832 0.0191099 -0.0590919 0.177245 -0.000409106 0.000169423 -0.0319882 -0.0448126 -0.000214724 -0.0675111 0.00524829 -0.0469728 0.0568758 0.0638147 0.00674465 0.0806167 -0.0605413 -0.0430737 -0.060007 0.000448691
internal_weight=289.39 262.487 5.26658 1.45939 257.22 26.9026 25.189 20.5862 16.9544 15.4584 3.63176 1.1475 2.48426 0.277505 256.943 252.32 4.62251 4.08129 251.054 3.80719 0.67803 1.49602 4.60275 4.33597 0.986207 3.34977 0.429465 1.71365 1.38709 0.371419
internal_count=123634 115149 12571 773 102578 8485 5063 2972 2163 1687 809 581 228 432 102146 100893 1253 1199 100854 11798 630 476 2091 2021 1836 185 587 3422 3145 660
is_linear=0
shrinkage=0.08


Tree=170
num_leaves=31
num_cat=0
split_feature=22 1 9 26 13 22 28 0 2 26 2 3 28 11 20 3 3 3 7 0 3 11 10 9 2 7 7 3 10 3
split_gain=0.476198 0.846471 0.712011 0.690805 0.571899 0.712431 0.56823 1.27467 1.44246 1.15654 1.11919 1.07646 0.999493 2.84651 1.64723 0.635829 4.67886 1.91262 1.84632 2.80155 1.77828 1.03474 0.528642 0.437009 0.290823 0.285732 0.227667 0.175715 0.17394 0.15981
threshold=0.66287881135940563 0.84680575132370006 0.46920476853847509 0.29285715520381933 1.0000000180025095e-35 0.680425524711609 0.6911335587501527 0.68801230192184459 0.84680575132370006 0.5634920895099641 0.69282051920890819 0.34891304373741155 0.69399762153625499 0.71707642078399669 1.0000000180025095e-35 0.36032786965370184 0.37617924809455877 0.49675324559211737 9.5000000000000018 0.25176055729389196 0.3712316900491715 0.76112800836563121 0.65176862478256237 0.35493414103984838 0.8539126217365266 1.5000000000000002 5.5000000000000009 0.13423423469066623 0.7729182541370393 0.15504807978868487
decision_type=2 2 2 2 2 2 2 2 2 2 2 2 2 2 2 2 2 2 2 2 2 2 2 2 2 2 2 2 2 2
left_child=6 2 3 4 5 -2 7 8 9 11 -11 -1 13 14 -8 18 20 -18 19 -14 -17 -20 -4 -16 -10 28 -24 -28 -3 -6
right_child=1 25 22 -5 29 -7 12 -9 24 10 -12 -13 15 -15 23 16 17 -19 21 -21 -22 -23 26 -25 -26 -27 27 -29 -30 -31
leaf_value=0.012382984830459827 0.081313981446543795 -0.080330078458352008 -0.074759726099021179 -0.090560643109469971 0.091823272945515053 -0.043770656092570318 -0.085444073793503467 -0.11078436190027395 0.11213851473783193 -0.050619001309618293 0.10397152904651259 -0.0092457166550515696 0.022923924361212045 0.33300670804672605 -0.082913824054093047 0.023054617278815796 -0.032670679294283869 0.0028416735431282809 -0.084450143836366162 -0.079796919762201129 0.12081532913306683 -0.018789173672002987 0.082929494116148139 0.1501632785878608 0.038682088389019993 -0.085477788719634754 0.076768125676576704 -0.0092705737120702941 0.084581982640769354 0.017796511381897497
leaf_weight=19.617538899571855 0.39873237765186775 0.061637110612536961 0.1724838642790022 0.42118075377948105 0.64740173170139304 1.0827642444297678 0.50139747605817209 0.73539246309792261 0.70331971623818279 5.2066399919931419 0.31802997266640876 59.075883003915351 10.007336963906711 0.2223423877148889 0.058627218641959189 2.0440399763174346 10.328865075920474 161.01190022128867 2.7829735971754408 2.0468173005356212 2.8528970582701731 3.4281412433774676 2.0049726223278417 0.42254252200905285 0.67696105976574472 0.57462687764223119 0.26523037522565562 0.35558108502300456 0.12185980146023212 0.26224259740729394
leaf_count=4520 402 164 116 12 59 1827 247 478 10 805 6 82761 448 17 74 83 732 28721 163 119 64 114 768 96 36 653 25 20 14 80
internal_value=-1.44783e-05 0.0216181 0.0323391 0.00391149 0.020552 -0.0101052 -0.000502959 -0.00590937 -0.00500837 -0.00633788 -0.0417199 -0.00385388 0.001882 0.0745196 0.0160273 0.00143203 0.00290455 0.000700897 -0.012776 0.00548174 0.0800088 -0.0482095 0.0609096 0.121764 0.0761117 -0.0577241 0.0698215 0.0274879 0.0291876 0.070482
internal_weight=288.41 6.36871 5.61059 2.81232 2.39114 1.4815 282.042 86.3338 85.5984 84.2181 5.52467 78.6934 195.708 1.20491 0.982567 194.503 176.238 171.341 18.2653 12.0542 4.89694 6.21111 2.79827 0.48117 1.38028 0.758124 2.62578 0.620811 0.183497 0.909644
internal_count=123634 4140 3309 2380 2368 2229 119494 88616 88138 88092 811 87281 30878 434 417 30444 29600 29453 844 567 147 277 929 170 46 831 813 45 178 139
is_linear=0
shrinkage=0.08


Tree=171
num_leaves=31
num_cat=0
split_feature=9 7 18 18 16 27 11 11 8 1 7 27 8 12 26 12 18 1 18 4 12 19 26 13 0 7 12 7 22 9
split_gain=0.472895 0.611432 0.813135 1.18333 0.497596 1.11933 1.72852 1.41454 1.25148 1.99444 1.76355 1.19123 1.20223 1.03598 1.09914 0.994641 1.3558 1.15976 0.994607 0.982741 2.35697 1.06232 0.504208 0.666329 0.484595 0.456399 0.334415 0.329669 0.32776 0.110439
threshold=0.96462243795394909 10.500000000000002 0.58187252283096325 0.55625566840171825 1.0000000180025095e-35 0.78805705904960643 0.60650449991226207 0.840967357158661 0.96609193086624157 0.95282599329948436 2.5000000000000004 0.7949768900871278 0.3357843160629273 0.69397994875907909 0.82575756311416637 0.39009661972522741 0.88209089636802684 0.092665474861860289 0.7307361662387849 1.0000000180025095e-35 0.061553031206130988 0.77500000596046459 0.55050507187843334 1.0000000180025095e-35 0.18808962404727939 9.5000000000000018 0.75499999523162853 27.500000000000004 0.80901724100112926 0.87730616331100475
decision_type=2 2 2 2 2 2 2 2 2 2 2 2 2 2 2 2 2 2 2 2 2 2 2 2 2 2 2 2 2 2
left_child=4 2 3 25 13 7 15 8 10 -10 -6 -8 -13 14 19 17 -17 -7 24 21 -21 -1 -15 26 -16 -2 -24 29 -4 -9
right_child=1 -3 28 -5 5 6 11 27 9 -11 -12 12 -14 22 18 16 -18 -19 -20 20 -22 -23 23 -25 -26 -27 -28 -29 -30 -31
leaf_value=0.002967036513279482 0.087012053832721536 0.088393533156874898 0.081480632251963683 -0.1021040637091709 0.025555918250205215 0.090589275640960948 -0.091589355661102961 0.085454894925485317 -0.039554991356376017 0.012666348645817893 -0.0026209407110188774 0.061604107222942163 -0.0076431288197966463 -0.067986599779457826 -0.0038836478452696018 -0.042015179856445838 0.088328802663764541 -0.076630426961801792 0.08215397982743218 -0.021339030540427944 0.029694054079108849 0.024088867759113671 -0.065046437932711157 0.085323864685947035 -0.089924251199921437 -0.056159373169022364 0.085010920266428189 0.18502813984153893 -0.0825014534879734 -0.03272786441352693
leaf_weight=94.982619172079694 0.48795145344047319 0.85681225028565666 0.8614870828205311 0.70708214805927128 18.515957244876972 0.27970366369868127 1.0050136609497737 0.46416332864828191 11.711203685973489 7.7967776276745999 61.218849224142446 1.7278164540293826 22.497469718069624 0.20118196772455066 0.55641712661599729 1.9958912022120787 0.68636629023603735 5.2065390209224915 0.31955224212288147 24.852641190117538 7.5520668944636773 18.151985988304205 0.33007073016051469 1.8675034741027046 1.6955969163209372 0.20127967710141093 0.13349070964613929 0.24542573094367981 0.085775890227523632 0.056797252040269086
leaf_count=35119 237 745 2794 6 5194 223 110 183 2552 541 25566 100 4932 50 27 213 251 36853 105 1213 3055 1618 89 1667 64 9 85 1 8 24
internal_value=-1.73501e-05 0.0305627 0.00941972 -0.0293931 -0.000361894 -0.00391996 -0.0166004 0.000314754 -0.000521333 -0.0186836 0.00392227 -0.00624483 -0.00270422 0.00278909 0.00192163 -0.0485858 -0.00866129 -0.0681051 -0.0499243 0.00283771 -0.00944553 0.00635595 0.0535268 0.064014 -0.0686657 0.045201 -0.0218348 0.108583 0.0666318 0.0725701
internal_weight=287.251 3.20039 2.34358 1.39631 284.051 133.408 33.3988 100.009 99.2428 19.508 79.7348 25.2303 24.2253 150.643 148.111 8.1685 2.68226 5.48624 2.57157 145.539 32.4047 113.135 2.53225 2.33106 2.25201 0.689231 0.463561 0.766386 0.947263 0.520961
internal_count=123634 3799 3054 252 119835 76743 42682 34061 33853 3093 30760 5142 5032 43092 41201 37540 464 37076 196 41005 4268 36737 1891 1841 91 246 174 208 2802 207
is_linear=0
shrinkage=0.08


Tree=172
num_leaves=31
num_cat=0
split_feature=21 20 18 3 3 8 2 3 8 3 8 2 3 1 0 2 7 8 8 0 3 27 8 2 5 18 0 18 5 3
split_gain=0.470093 1.08303 1.29087 1.50749 4.62303 1.19597 1.1585 1.13293 1.20058 2.76219 1.24032 1.00865 2.02787 3.492 3.00682 3.13641 3.08558 2.28213 1.71791 1.57014 2.44644 1.79546 1.89363 1.31062 3.27676 3.80083 2.85944 3.2637 2.65184 1.19686
threshold=1.0000000180025095e-35 1.0000000180025095e-35 0.97245490550994884 0.91734972596168529 0.91596046090126049 0.88516482710838329 0.93908473849296581 0.78086888790130626 0.78501400351524364 0.97014260292053234 0.81530213356018078 0.82807883620262157 0.89699381589889537 0.86526826024055492 0.83438816666603099 0.88067796826362621 8.5000000000000018 0.93142634630203258 0.943650782108307 0.81302964687347423 0.88493064045906078 0.93116611242294323 0.8532998561859132 0.78611555695533764 0.88749998807907116 0.91619548201560985 0.80206185579299938 0.90327954292297374 0.5634920895099641 0.79205974936485302
decision_type=2 2 2 2 2 2 2 2 2 2 2 2 2 2 2 2 2 2 2 2 2 2 2 2 2 2 2 2 2 2
left_child=11 -2 7 4 -4 -5 -7 -3 9 -9 -10 19 17 18 16 -16 -15 29 -14 23 21 22 -21 26 25 -25 28 -28 -1 -13
right_child=1 2 3 5 -6 6 -8 8 10 -11 -12 12 13 14 15 -17 -18 -19 -20 20 -22 -23 -24 24 -26 -27 27 -29 -30 -31
leaf_value=-0.0024991218012372822 -0.044430872049094079 -0.061257247894923497 0.082575089285500475 0.075309291848320706 -0.55594125702511077 -0.11222793711200944 -0.0020521807785846818 -0.10012441043506104 0.10895787639823493 0.034268334840226344 0.032225202230893119 -0.087648903701685127 0.13225939358883892 -0.057932510993129495 0.034023992060824883 -0.022326581063784705 -0.40945734545582035 -0.10085690473229492 -0.058363463148680211 -0.060556771439988326 0.085767899788045415 -0.080202111019326949 0.040102045950971561 -0.067028238168930138 -0.3768847129916057 0.027918600677697997 -0.067665437191326186 -0.54834323986675659 0.026671965106433979 0.023220161853026246
leaf_weight=155.04243706922011 2.4209977823468298 0.93402297237298881 0.17538071269155153 1.243159204932456 0.12379680731100962 0.63126849621767434 18.844538534207459 1.4094617194582522 1.4968380432519541 3.2030954442816437 13.576248823514559 0.84599614498028985 1.6411128620029551 4.6007168711980766 10.107679163790637 16.875664732400764 0.16556114282866463 3.2793277545947603 0.37096853154616827 1.474092704150278 3.4415313679878627 1.3063543875759931 6.3428590834419083 5.7218035381163155 0.169358800849296 5.1065224887070144 0.32851150147553099 0.12472613373756758 22.888848479307853 2.3658967384276366
leaf_count=100916 630 470 89 283 17 60 5492 158 144 367 1708 139 258 849 1472 2155 30 386 88 206 584 484 1152 1843 15 537 125 5 2631 341
internal_value=-1.54641e-05 0.00758558 0.01061 -0.00334181 -0.181637 -0.000767264 -0.0056233 0.0248315 0.0289161 -0.00679813 0.0398452 -0.00139818 -0.0129618 -0.00508837 -0.0115653 -0.00121824 -0.0701431 -0.0539124 0.0971142 0.000906726 0.0282929 0.00661196 0.0211202 -0.00091025 -0.0277135 -0.0222523 0.000742211 -0.199943 0.00125341 -0.00598218
internal_weight=286.259 44.0588 41.6378 21.0181 0.299178 20.719 19.4758 20.6197 19.6856 4.61256 15.0731 242.2 40.2529 33.7617 31.7496 26.9833 4.76628 6.49122 2.01208 201.947 12.5648 9.12331 7.81695 189.382 10.9977 10.8283 178.385 0.453238 177.931 3.21189
internal_count=123634 9418 8788 5941 106 5835 5552 2847 2377 525 1852 114216 5718 4852 4506 3627 879 866 346 108498 2426 1842 1358 106072 2395 2380 103677 130 103547 480
is_linear=0
shrinkage=0.08


Tree=173
num_leaves=31
num_cat=0
split_feature=10 27 26 28 22 12 12 11 27 27 27 5 11 27 25 28 7 27 9 9 10 17 3 9 9 27 3 3 2 10
split_gain=0.514937 1.0657 0.998135 1.70804 1.69613 1.20269 1.07186 1.6232 1.60516 0.994633 1.01047 0.98044 0.904186 1.50562 1.57791 2.36344 1.76763 1.22698 1.28671 2.34556 1.8666 0.865703 1.30932 0.835646 1.97432 0.695416 0.687426 0.789316 0.686433 0.707411
threshold=0.88025155663490307 0.9723496437072755 0.59166666865348827 0.73192510008811962 0.54653680324554454 0.37715516984462744 0.61721614003181469 0.57790625095367443 0.93717104196548473 0.85307607054710399 0.84389334917068493 0.4083333313465119 0.69831877946853649 0.66794872283935558 1.0000000180025095e-35 0.74095860123634349 3.5000000000000004 0.76728257536888134 0.81266710162162792 0.7667919695377351 0.82397845387458812 1.0000000180025095e-35 0.43951219320297247 0.7949514389038087 0.74347630143165599 0.88261792063713085 0.49675324559211737 0.5030120611190797 0.27953489124774938 0.957820624113083
decision_type=2 2 2 2 2 2 2 2 2 2 2 2 2 2 2 2 2 2 2 2 2 2 2 2 2 2 2 2 2 2
left_child=1 12 6 28 5 -5 7 21 -8 10 -9 -7 17 -14 16 -16 -15 23 19 -19 -20 22 -2 24 -1 -11 -3 -28 -4 -30
right_child=2 26 3 4 -6 11 8 9 -10 25 -12 -13 13 14 15 -17 -18 18 20 -21 -22 -23 -24 -25 -26 -27 27 -29 29 -31
leaf_value=-0.00014609903475085994 0.012723948569312846 -0.079625469261690396 -0.078146672440100956 0.098546414167312177 0.081873325952778062 -0.0083917149947672805 -0.072439484764017778 0.066616708150158147 0.092799962077679543 -0.082260245239186749 0.21947458838852169 0.027445351230053708 0.12440493145704284 0.033289326471952103 0.10448339246726647 5.4777795220896722e-05 -0.026551130395755376 -0.020729975091670433 -0.28891575667494507 0.10056308511649416 -0.047260242330218361 0.039056883124418719 -0.073390969650528937 0.1121193037882197 -0.19614697151812718 0.037477214269521317 0.1148989002990953 -0.030662382940987453 -0.041537209755455197 0.087708482332334317
leaf_weight=180.96796433916438 3.8305996266171878 1.7793422770811265 2.3467362149822288 0.7897172909288227 1.7527222541248182 25.120730582952095 1.5361045593599549 5.0717547789663504 0.49829585568659229 0.45039647992962251 0.29275223456716037 6.0655003534611742 0.77878630981649877 5.0756450857734334 2.4995685309258979 3.1162846907463972 8.3672654382171441 22.232958547794745 0.26211768212669884 1.0694426938789536 0.93172554524062434 3.3439623503873008 1.6027729581401216 0.42263939433905662 0.32951234301435661 0.99893768482434098 0.27139940732649881 1.9619048483033337 1.0198584363897678 0.36912873259279866
leaf_count=48154 111 1215 115 34 720 1901 321 584 256 66 31 8783 93 621 99 830 899 52601 13 135 92 383 75 39 42 254 132 4950 76 9
internal_value=1.32032e-06 -0.00166223 0.00694862 -0.000437407 0.00524743 0.00104727 0.0226481 0.0297745 -0.0319666 0.0590714 0.0749585 -0.00142166 -0.000936805 0.0153761 0.0109209 0.0465351 -0.00395715 -0.00250607 -0.0193134 -0.0151633 -0.100318 0.0070313 -0.0126788 -0.000240403 -0.000502335 0.000267486 -0.0425291 -0.0129732 -0.051764 -0.00718967
internal_weight=285.157 230.067 55.09 37.4644 33.7287 31.9759 17.6256 15.5912 2.0344 6.81384 5.36451 31.1862 226.054 19.8376 19.0588 5.61585 13.4429 206.216 24.4962 23.3024 1.19384 8.77733 5.43337 181.72 181.297 1.44933 4.01265 2.2333 3.73572 1.38899
internal_count=123634 109915 13719 11638 11438 10718 2081 1504 577 935 615 10684 103618 2542 2449 929 1520 101076 52841 52736 105 569 186 48235 48196 320 6297 5082 200 85
is_linear=0
shrinkage=0.08


Tree=174
num_leaves=31
num_cat=0
split_feature=10 24 11 0 0 9 0 8 3 7 9 7 27 20 0 12 12 12 7 8 26 8 8 10 12 0 0 7 0 13
split_gain=0.481417 1.0064 0.715183 0.912834 0.995631 1.12284 0.940909 0.815715 0.733058 0.593143 1.08089 0.656973 1.234 0.522187 2.10999 1.65694 0.340424 0.312113 0.242763 0.156077 0.129655 0.0493811 0.100502 0.0272579 0.0271723 0.0165191 0.0604551 0.0113363 0.0043755 0.00241822
threshold=0.9855765998363496 1.0000000180025095e-35 0.31074520945549017 0.26894375681877142 0.44327485561370855 0.67986929416656505 0.10596491396427156 0.74388790130615245 0.15504807978868487 28.500000000000004 0.81266710162162792 27.500000000000004 0.77823317050933849 1.0000000180025095e-35 0.61633428931236278 0.78019323945045482 0.72902098298072826 0.72474747896194469 6.5000000000000009 0.28165064752101904 0.86607143282890331 0.82891985774040233 0.98979592323303234 0.63925975561141979 0.72474747896194469 0.91715687513351452 0.52704679965972911 38.500000000000007 0.31072796881198889 1.5000000000000002
decision_type=2 2 2 2 2 2 2 2 2 2 2 2 2 2 2 2 2 2 2 2 2 2 2 2 2 2 2 2 2 2
left_child=1 9 -2 6 5 -5 8 -7 18 11 27 13 19 15 -15 -1 17 -6 -4 -13 -10 24 -23 25 -8 26 -3 -11 -25 -29
right_child=2 23 3 4 16 7 21 -9 20 10 -12 12 -14 14 -16 -17 -18 -19 -20 -21 -22 22 -24 28 -26 -27 -28 29 -30 -31
leaf_value=-0.0055392956341516432 -0.088546581631372551 -0.08092569610531497 0.084934030271964792 0.076849834284979823 0.037613935396002864 -0.0097084302264952675 0.10391434770047787 -0.090150734152892723 -0.091518207925256695 -0.082651341827963062 0.051940544772726742 0.1462336414660852 -0.088524506381089288 0.025395104978882647 -0.0016220677342979242 0.098617609571745229 0.081059081309053288 -0.09168231535013531 -0.030650743886920871 0.057067985700752243 -0.020650847398004601 0.082643174172977507 -0.059557038794556538 0.094498235393602886 0.081931197035763501 0.083642134897560311 0.0831694950582436 -0.093498480190965516 0.082296816216910124 -0.10574948676592991
leaf_weight=121.85364216183984 0.39748701243661244 0.023632329548035069 0.57293759725143745 0.74008386081550259 0.59545268604415458 3.2252252383404993 1.1533352252190523 1.0758988413799668 0.32273322001856286 0.80293580382840335 0.49483028324902978 0.49535781482336361 0.23856200118166271 21.699565822998125 125.48443162540389 0.98539106604584858 1.152555475648114 0.14948290081520099 0.14591239715809934 0.16833402284419208 0.33854586864617886 0.16724169376902853 0.039280443321331404 0.46767022361746058 0.52305401886405878 0.043242866115178913 0.036656584590673447 0.23424882849531059 0.31465434443816775 0.18420526385307312
leaf_count=70525 5 70 213 7 520 123 17 27 7 604 9 13 99 24816 21197 274 4158 13 8 66 33 138 21 10 134 3 1 100 422 1
internal_value=2.72853e-06 -0.000645505 0.0167313 0.0208332 0.00442271 -0.0141691 0.0557293 -0.0298306 0.00555191 -0.00092211 -0.0478048 -0.000625125 0.0675263 -0.000852846 0.00236112 -0.00470377 0.0538171 0.0116686 0.0614726 0.123618 -0.0552372 0.0925081 0.0555967 0.0844857 0.0970553 0.0459103 0.0188467 -0.0882153 0.0895908 -0.0988914
internal_weight=284.127 273.527 10.5992 10.2017 6.9387 5.04121 3.26304 4.30112 1.38013 272.642 1.71622 270.925 0.902254 270.023 147.184 122.839 1.89749 0.744936 0.71885 0.663692 0.661279 1.88291 0.206522 0.885856 1.67639 0.103532 0.0602889 1.22139 0.782325 0.418454
internal_count=123634 118210 5424 5419 4848 157 571 150 261 117704 714 116990 178 116812 46013 70799 4691 533 221 79 40 310 159 506 151 74 71 705 432 101
is_linear=0
shrinkage=0.08


Tree=175
num_leaves=31
num_cat=0
split_feature=6 8 7 7 18 28 9 28 26 3 2 27 8 8 3 9 6 3 20 12 28 28 19 1 3 3 3 21 7 10
split_gain=0.450463 0.441734 2.48591 2.22533 3.32331 3.09317 2.05692 1.7067 1.69763 2.04946 1.63948 1.66651 1.42789 1.90168 1.80935 1.25558 1.15442 1.47085 1.03614 2.71804 2.42398 3.33175 2.53928 1.88601 1.34536 0.967454 1.90349 1.21139 0.867497 0.705628
threshold=5.5000000000000009 0.87138131260871898 2.5000000000000004 4.5000000000000009 0.85710549354553234 0.84384033083915722 0.42631272971630102 0.91683137416839611 0.69615384936332714 0.91734972596168529 0.93419912457466137 0.25391484797000891 0.72821971774101268 0.71563342213630687 0.77694860100746166 0.8956778645515443 4.5000000000000009 0.94494947791099559 1.0000000180025095e-35 0.20942982286214831 0.77815064787864696 0.70291385054588329 0.63333335518836986 0.8216732144355775 0.90521115064620983 0.92907443642616283 0.81016731262207042 1.0000000180025095e-35 3.5000000000000004 0.65895724296569835
decision_type=2 2 2 2 2 2 2 2 2 2 2 2 2 2 2 2 2 2 2 2 2 2 2 2 2 2 2 2 2 2
left_child=1 3 18 4 8 6 -6 -7 9 -1 25 -12 13 15 -15 -5 17 -14 19 24 21 -20 -22 -21 -3 26 -4 -27 -10 -18
right_child=-2 2 10 12 5 7 -8 -9 28 -11 11 -13 16 14 -16 -17 29 -19 20 23 22 -23 -24 -25 -26 27 -28 -29 -30 -31
leaf_value=0.061091827932757664 0.078035493085160126 -0.051129809701683362 -0.048926632577715914 -0.0027520523579609986 -0.066106434597969499 0.0057681868147467577 0.031573309227324986 0.075088290704478186 0.032368580801786846 -0.018791903683005304 0.087463780642833167 -0.04296695595081744 -0.020654240718703233 -0.025691360003324649 0.098675903976322768 0.03379340469690089 -0.13158222549638157 0.023416037183614517 0.0028604988728264747 0.0002057390800111754 0.080702628819554909 0.066093886511225344 -0.0091482985561907922 0.072886345383974677 -0.00029790298763167431 -0.12868341842370914 0.018556291795904657 0.025668127803098861 -0.055084466393940039 0.0077538509769769807
leaf_weight=15.462464587008531 0.47269579336989309 10.437908804861761 11.098948134379503 75.785174328588255 6.0390411074827197 13.515198637829601 1.7882687985006667 2.7327035774505921 1.3328648168644568 2.3705477350322317 1.4102575783617788 1.128730063774128 30.287376518924816 1.082921597352992 2.4255755086492172 6.5355574347249776 0.86217524419771396 5.7702047972479695 13.028423634519415 16.260997179148038 2.1269726900591186 9.0284074714686522 37.570838353005456 2.6585888435238294 4.8950496419397487 1.442900606661168 3.5246369747974304 0.42018090174133238 1.5942132889431377 0.31855415512472973
leaf_count=8244 263 13057 7298 41799 1464 1289 382 1175 104 209 31 437 21659 2141 502 1566 27 970 6560 2128 382 1066 7815 942 817 279 670 68 233 57
internal_value=4.65138e-06 -0.000125713 -0.00394467 0.00249071 0.0177495 -0.00247581 -0.04379 0.017427 0.0412045 0.0504729 -0.0303629 0.0294796 -0.00306828 0.00260771 0.0602891 0.000149342 -0.0161507 -0.0136018 0.0012906 -0.00986864 0.00748014 0.0287435 -0.00433417 0.0104189 -0.0349017 -0.0395788 -0.0326616 -0.0938725 -0.0152621 -0.0939901
internal_weight=283.408 282.936 115.033 167.903 44.8353 24.0752 7.82731 16.2479 20.7601 17.833 19.0257 2.53899 123.068 85.8292 3.5085 82.3207 37.2383 36.0576 96.0072 34.2525 61.7546 22.0568 39.6978 18.9196 15.333 16.4867 14.6236 1.86308 2.92708 1.18073
internal_count=123634 123371 41550 81821 13100 4310 1846 2464 8790 8453 8783 468 68721 46008 2643 43365 22713 22629 32767 16944 15823 7626 8197 3070 13874 8315 7968 347 337 84
is_linear=0
shrinkage=0.08


Tree=176
num_leaves=31
num_cat=0
split_feature=9 7 18 18 3 26 12 9 28 24 1 5 12 12 2 7 12 12 26 9 27 10 10 8 13 3 8 10 0 26
split_gain=0.41939 0.540981 0.665001 0.997458 0.569787 0.456705 1.92472 1.39086 1.88387 0.894471 0.813583 1.53277 0.817596 1.41753 0.669817 0.645645 1.78352 1.28019 0.635975 0.528996 0.358905 0.397543 0.326286 0.0767495 0.171053 0.0481448 0.0287416 0.0259016 0.0168872 0.0104369
threshold=0.96462243795394909 10.500000000000002 0.58187252283096325 0.55625566840171825 0.41763564944267279 0.93303570151329052 0.73508772253990184 0.78699102997779857 0.77448415756225597 1.0000000180025095e-35 0.71834936738014232 0.78888890147209179 0.5419580638408662 0.56696429848670971 0.23606811463832858 12.500000000000002 0.62828946113586437 0.41421568393707281 0.55050507187843334 0.93192851543426525 0.59008195996284496 0.90976935625076305 0.96019801497459423 0.39504285156726843 1.0000000180025095e-35 0.38529014587402349 0.37176080048084265 0.63925975561141979 0.91715687513351452 0.82575756311416637
decision_type=2 2 2 2 2 2 2 2 2 2 2 2 2 2 2 2 2 2 2 2 2 2 2 2 2 2 2 2 2 2
left_child=5 2 3 4 -2 6 9 8 20 15 12 -12 26 -14 -10 17 -17 -1 -8 -13 -7 -22 -4 -20 -25 -16 -9 28 -11 -3
right_child=1 29 22 -5 -6 7 18 10 14 27 11 19 13 -15 25 16 -18 -19 23 -21 21 -23 -24 24 -26 -27 -28 -29 -30 -31
leaf_value=-0.0014222516377389565 0.086403070230874526 0.10199015240622743 -0.08737657692853612 -0.097651543044923156 -0.08875758173155808 -0.086587809548633626 -0.073881878969554143 -0.11548818434151806 0.26832960037831144 0.01641482017295327 0.081016678454509994 0.080389635108771867 0.10888835918884032 -0.039613521138574019 0.12523383483891729 -0.0051560771354915158 -0.06950588606253813 0.015758783692057854 0.10578571920058963 -0.10152386289514398 -0.049711153126724222 0.072216676257504511 0.081403384427070624 0.0077057605128913022 0.083999326459457485 0.075638500986208876 -0.087426011561517192 0.088968032164378 0.083531674924151589 0.08177068720877588
leaf_weight=196.8470495322116 0.48597218018403487 0.23647079351940181 0.081187884468817972 0.6371994799701497 0.15733536673360504 0.34955775504931696 0.17849615698651122 0.28434045449830403 0.20998005289584387 0.056127536130360478 1.038823989697448 0.12327882156023395 0.44910918676760037 4.8976530844265653 0.23073317110538483 33.32818329127997 3.0050768005748969 32.311995519839002 0.66628479943028684 0.60136768030497478 0.33259054459267645 0.35256169180502184 0.75503242100603529 0.2184889739655772 1.3511929818741917 0.27406744588734 1.3086372272664446 0.7113885759972618 0.041905352845788002 0.52864142907856149
leaf_count=88811 242 35 2 6 4 14 27 6 2 71 875 465 14 309 1 19653 132 6662 28 196 89 19 2800 231 1719 55 98 355 3 710
internal_value=5.37378e-06 0.0303676 0.00952865 -0.0267072 0.0435636 -0.000308053 0.000330125 -0.0167142 0.0483738 -0.000314564 -0.029798 0.018724 -0.042128 -0.0271399 0.148255 -0.000570568 -0.0104784 0.00100032 0.0714356 -0.0705762 -0.0206242 0.0130298 0.0650167 0.0830363 0.0733798 0.0983074 -0.092435 0.0836555 0.0451047 0.0880199
internal_weight=282.051 2.88184 2.11673 1.28051 0.643308 279.169 268.716 10.4527 1.74949 266.302 8.70321 1.76347 6.93974 5.34676 0.714781 265.492 36.3333 229.159 2.41446 0.724647 1.03471 0.685152 0.83622 2.23597 1.56968 0.504801 1.59298 0.809421 0.0980329 0.765112
internal_count=123634 3799 3054 252 246 119835 117692 2143 180 115687 1963 1536 427 323 58 115258 19785 95473 2005 661 122 108 2802 1978 1950 56 104 429 74 745
is_linear=0
shrinkage=0.08


Tree=177
num_leaves=31
num_cat=0
split_feature=22 12 3 7 8 0 25 8 0 28 7 2 8 11 8 2 8 13 16 12 12 27 3 8 22 27 27 6 0 3
split_gain=0.492676 0.879386 0.694194 0.559755 0.725061 0.522332 0.512919 0.86041 2.49824 3.15576 2.94124 2.43842 1.239 1.59788 1.53449 1.41757 1.10526 1.72776 1.06624 0.910936 0.800394 0.670743 0.979523 1.0578 1.26259 1.10372 0.880855 0.759015 1.93425 1.46756
threshold=0.66287881135940563 0.24568965286016467 0.15504807978868487 5.5000000000000009 0.94201681017875682 0.73375529050827037 -1.0000000180025095e-35 0.48181217908859258 0.26158231496810919 0.68307831883430492 16.500000000000004 0.48999600112438207 0.6238207519054414 0.91693207621574413 0.64760348200798046 0.58280590176582348 0.28165064752101904 1.0000000180025095e-35 1.0000000180025095e-35 0.41421568393707281 0.70710784196853649 0.92511683702468883 0.53694942593574535 0.61167800426483165 0.4236596822738648 0.96791350841522228 0.93086379766464245 2.5000000000000004 0.57932874560356151 0.61167800426483165
decision_type=2 2 2 2 2 2 2 2 2 2 2 2 2 2 2 2 2 2 2 2 2 2 2 2 2 2 2 2 2 2
left_child=6 2 3 4 -2 -3 7 8 16 11 -11 -10 13 15 18 -9 17 -1 -14 -16 -18 27 23 25 -25 -23 -24 -8 -29 -30
right_child=1 5 -4 -5 -6 -7 21 12 9 10 -12 -13 14 -15 19 -17 20 -19 -20 -21 -22 22 26 24 -26 -27 -28 28 29 -31
leaf_value=0.062762876478277954 0.067028581337297888 0.07917004542778773 -0.039718371378720099 -0.086960825362050742 -0.046896290877137176 -0.059222823127955002 -0.0033988958855449727 -0.080640231170897483 -0.081607502099483448 0.18880745351610553 0.024238690886876527 0.080423952037783353 0.093490669823507594 0.11270782125015705 -0.014731187118962777 -0.0036754758664074272 -0.060708913571393658 -0.06631104026367414 -0.049032411000613021 0.0073248853978715835 0.067985522479651631 -0.073678007596803916 0.13057771094500786 -0.077193100972352588 0.030342129227929018 0.056796822856546705 0.033705812832360793 0.10616903705818428 0.098034725807800122 0.0038876195650302614
leaf_weight=1.8981280292014147 1.6284047984599967 1.8155486297018799 1.6027790928499142 0.24014384818838141 0.45811940744533775 0.19310631603002537 116.1542904676694 4.0087212532789627 1.3760025721225022 1.5110363174644592 1.2870843492710262 1.0464841413863721 1.5742280396138988 0.40419328382267838 40.380450520405475 2.4785348826508198 3.2741079492495833 1.020593537854438 0.42708202888957192 17.042078510985448 0.34155396069400001 0.50426741578212242 0.7023434989450833 1.7730187501606454 1.1533321951596915 2.3424091024962763 4.1528117855473283 1.239763945697631 1.0763950612927136 68.119733953085415
leaf_count=252 217 818 2883 111 94 17 18983 10329 4145 80 121 1565 1005 38 60161 2836 807 111 2072 2413 7 125 319 502 157 198 6657 86 73 6452
internal_value=6.99844e-06 0.0228058 0.000794687 0.028703 0.0420151 0.0658654 -0.000484783 -0.00597325 0.0139746 0.0552354 0.113109 -0.0116119 -0.00950918 -0.0416194 -0.00578532 -0.0512349 -0.0189905 0.0176294 0.0630761 -0.0081853 -0.0485518 0.00168786 0.0212362 -0.00103625 -0.0348114 0.0336842 0.0477192 0.000574392 0.00712665 0.00535214
internal_weight=281.227 5.9381 3.92945 2.32667 2.08652 2.00865 275.289 78.0703 11.755 5.22061 2.79812 2.42249 66.3153 6.89145 59.4238 6.48726 6.53438 2.91872 2.00131 57.4225 3.61566 197.218 10.6282 5.77303 2.92635 2.84668 4.85516 186.59 70.4359 69.1961
internal_count=123634 4140 3305 422 311 835 119494 85942 7088 5911 201 5710 78854 13203 65651 13165 1177 363 3077 62574 814 33552 7958 982 659 323 6976 25594 6611 6525
is_linear=0
shrinkage=0.08


Tree=178
num_leaves=31
num_cat=0
split_feature=22 28 7 12 13 22 22 18 0 3 28 27 8 22 27 27 12 12 26 9 28 7 8 22 3 18 8 8 28 10
split_gain=0.476376 1.05573 1.79553 0.976095 0.651249 0.815679 1.06647 0.718891 1.02933 0.686901 1.29075 1.0048 0.996928 1.09707 0.705364 0.65166 0.858619 0.756917 0.650112 0.638928 0.625235 1.73409 1.26251 0.710154 0.913088 0.699988 0.679922 0.931464 0.671396 0.523626
threshold=0.48435972630977636 0.4350078701972962 21.500000000000004 0.13100686669349673 1.5000000000000002 0.51668518781661998 0.56980520486831676 0.40496625006198889 0.40224719047546392 0.11215933039784433 0.68307831883430492 0.55134195089340221 0.9740215837955476 0.62988328933715831 0.95190361142158519 0.69779554009437572 0.26794873178005224 0.3717105239629746 0.5634920895099641 0.37296918034553533 0.46437034010887152 16.500000000000004 0.40967366099357611 1.0000000180025095e-35 0.21164613962173465 0.49251613020896917 0.6900656819343568 0.81322672963142406 0.47083130478858953 0.60054644942283641
decision_type=2 2 2 2 2 2 2 2 2 2 2 2 2 2 2 2 2 2 2 2 2 2 2 2 2 2 2 2 2 2
left_child=1 2 -1 -4 7 -6 -7 9 15 10 11 -2 13 -11 -12 16 -9 -17 -14 -8 21 25 -23 24 -22 -3 -25 -28 -26 -24
right_child=4 20 3 -5 5 6 19 8 -10 12 14 -13 18 -15 -16 17 -18 -19 -20 -21 23 22 29 26 28 -27 27 -29 -30 -31
leaf_value=-0.068749408899295317 0.011993259737224361 0.054528740858215657 -0.08186301588847672 0.097670732393770943 0.099280604102671144 -0.053275265387632345 -0.093469106657947679 0.01961707050190831 -0.047377637117011852 -0.075582356028703238 0.10628030598022205 -0.087650366546448491 0.072643786145557207 0.0054945169660408156 -0.022618891624196537 -0.079065341185811433 0.079216897384929527 0.027873794730750624 -0.043077784267924177 0.079923197651425498 0.069609329298164116 -0.077637389473182883 -0.080250506410087824 -0.084160419163679417 -0.071857985282172465 -0.051424973194839282 0.028362048410174076 -0.048615269814541007 -0.00017393217951002551 0.23908882557971128
leaf_weight=3.3147107829017832 2.5034831446901138 0.75749838565388861 0.25930152516195881 0.76738102097624505 1.1195072413829614 0.87423726214910891 0.15349019342102099 3.8351634291921055 1.2097613619428091 2.8315109455024867 1.1378904481334755 0.87372554555713566 0.90097857165437722 1.7151056368661555 0.35692789050153795 0.65844003453548783 2.5929104008282593 1.1876752063726597 0.47423753080693132 1.19431130594603 1.1974335425620655 0.11678405443035433 0.03547555148088577 1.1514043213398952 0.83909688324251774 0.84334499752822012 1.8049308265597117 2.2730062213408928 242.73147270627419 0.44608928306843154
leaf_count=9189 118 402 1013 57 22 26 6 1167 3324 566 92 138 103 610 57 1227 75 191 41 391 38 476 587 612 2024 5740 301 375 94656 10
internal_value=-2.80605e-07 -0.00100125 -0.0401164 0.0523272 0.0108716 0.0435956 0.0155404 0.00547909 0.0215487 -0.00864034 0.0136092 -0.0137858 -0.0269456 -0.044998 0.0755022 0.0316263 0.043658 -0.0102674 0.0327377 0.060177 -0.000327912 0.0421417 0.158338 -0.000701512 -7.82867e-05 -0.00128905 -0.0298726 -0.0145444 -0.000420883 0.215564
internal_weight=280.157 256.538 4.34139 1.02668 23.6194 3.34155 2.22204 20.2778 9.48395 10.7939 4.87203 3.37721 5.92183 4.54662 1.49482 8.27419 6.42807 1.84612 1.37522 1.3478 252.197 2.19919 0.598349 249.997 244.768 1.60084 5.22934 4.07794 243.571 0.481565
internal_count=123634 115480 10259 1070 8154 445 423 7709 5984 1725 405 256 1320 1176 149 2660 1242 1418 144 397 105221 7215 1073 98006 96718 6142 1288 676 96680 597
is_linear=0
shrinkage=0.08


Tree=179
num_leaves=31
num_cat=0
split_feature=17 12 26 3 2 18 1 3 6 8 2 2 12 9 18 18 1 6 1 3 2 5 18 4 12 9 3 2 18 8
split_gain=0.439628 1.06311 0.949934 0.877741 2.61427 3.1601 3.29549 2.41921 2.05314 1.85546 1.82242 1.67834 1.63163 2.68395 1.80703 1.52809 1.36274 1.20041 1.56358 1.44846 1.15833 1.06565 1.00957 0.839212 1.95586 3.80253 2.47373 1.01689 1.63347 0.588479
threshold=1.0000000180025095e-35 0.69397994875907909 0.82575756311416637 0.90366768836975109 0.74646764993667614 0.86341637372970592 0.79277813434600841 0.91596046090126049 1.5000000000000002 0.70412456989288341 0.57932874560356151 0.86729559302330028 0.27525253593921667 0.62279614806175243 0.84602960944175731 0.96678787469863903 0.83225107192993175 1.5000000000000002 0.99462366104125988 0.9529346525669099 0.78611555695533764 0.81666666269302379 0.75856643915176403 1.0000000180025095e-35 0.061553031206130988 0.81266710162162792 0.96824595332145702 0.97915762662887584 0.95740577578544628 0.53410854935646068
decision_type=2 2 2 2 2 2 2 2 2 2 2 2 2 2 2 2 2 2 2 2 2 2 2 2 2 2 2 2 2 2
left_child=3 2 23 4 5 12 10 22 20 -8 -7 21 14 -14 -1 -13 -9 18 -18 -19 -6 -10 -5 27 26 -26 -25 28 -2 -4
right_child=1 -3 29 7 8 6 9 16 11 -11 -12 15 13 -15 -16 -17 17 19 -20 -21 -22 -23 -24 24 25 -27 -28 -29 -30 -31
leaf_value=-0.038235579816258219 0.0048243370971198371 0.051252173903564117 -0.097162220686711195 -0.062845624998518007 -0.037870156045489767 0.10700093273372954 -0.065395130930991946 0.09378756440026001 -0.063931396469933538 0.10095744165743138 -0.026869144907129817 0.03527782344915277 0.036971861980272296 -0.010446255004411473 0.023693328236132977 -0.16717637780202108 0.037843971187791751 -0.028624363659606453 -0.12351730613380787 0.010325208291951327 0.099841806541095091 0.059778211276921803 0.11435566060217753 -0.072875401322830977 0.056820038271941424 -0.086481391131251598 -0.0073544097894023873 -0.12743877906776688 0.05964692675333897 -0.015283939419456962
leaf_weight=16.449511983382539 106.57262732760819 2.8637744962998104 0.94879920581297428 0.23380820424108506 0.63220816250395984 0.77012120116114413 0.47315187717094875 1.0069935861820329 11.508277695149896 4.6103407811708621 4.2012287441482385 2.1998335568687248 10.010611951398458 32.253395518207071 3.6923837638005343 0.26763145644508757 0.59395663568534351 7.6521087010205511 1.0889487849492525 30.332272552265749 1.0241547105024436 0.46359749307339448 1.7159225390369099 4.4969986248092964 5.8563287474371455 1.4857464669767066 20.495240924509744 0.36335888753455847 3.5956936354377822 1.3772901449628987
leaf_count=51116 36192 2642 25 110 291 295 376 276 3336 802 4531 315 1070 3024 5812 51 149 1172 477 5695 257 182 355 433 1571 1531 780 29 568 171
internal_value=-4.84407e-06 0.00298307 0.00203101 -0.00337714 -0.00791713 -0.00143887 0.0401823 0.00605525 -0.0370814 0.085474 -0.00613108 -0.0467586 -0.00814487 0.000785154 -0.0268829 0.0133188 0.00188245 -0.00045065 -0.0665672 0.00247866 0.0472793 -0.0591409 0.093106 0.0028567 -0.00847965 0.0278215 -0.019144 0.00617297 0.00661365 -0.0486816
internal_weight=279.236 148.056 145.192 131.18 88.5564 72.4607 10.0548 42.624 16.0957 5.08349 4.97135 14.4393 62.4059 42.264 20.1419 2.46747 40.6743 39.6673 1.68291 37.9844 1.65636 11.9719 1.94973 142.866 32.3343 7.34208 24.9922 110.532 110.168 2.32609
internal_count=123634 43942 41300 79692 71458 67026 6004 8234 4432 1178 4826 3884 61022 4094 56928 366 7769 7493 626 6867 548 3518 465 41104 4315 3102 1213 36789 36760 196
is_linear=0
shrinkage=0.08


Tree=180
num_leaves=31
num_cat=0
split_feature=22 12 7 21 18 28 8 1 27 18 1 12 18 18 0 5 8 8 18 0 28 7 28 7 1 12 27 0 8 1
split_gain=0.469538 0.766299 0.499483 0.460437 0.984288 1.05305 1.08775 4.09513 1.91128 0.979238 1.36631 0.95921 0.85178 3.29569 2.56721 4.56794 1.89349 1.39005 1.1764 1.54992 1.37898 1.16628 0.79673 15.5302 1.84431 0.61541 0.471237 0.458787 0.4349 0.423252
threshold=0.66287881135940563 0.24568965286016467 5.5000000000000009 1.0000000180025095e-35 0.85285884141922008 0.91683137416839611 0.95916664600372326 0.93957647681236278 0.77560555934906017 0.95009577274322521 0.92637759447097789 0.32666666805744177 0.8756280541419984 0.86341637372970592 0.81661397218704235 0.58571431040763866 0.87026646733284008 0.44151847064495092 0.97010219097137462 0.93127068877220165 0.89946490526199352 11.500000000000002 0.54589802026748668 1.5000000000000002 0.76253134012222301 0.43874999880790716 0.83884635567665111 0.73375529050827037 0.96490147709846508 0.89825496077537548
decision_type=2 2 2 2 2 2 2 2 2 2 2 2 2 2 2 2 2 2 2 2 2 2 2 2 2 2 2 2 2 2
left_child=3 2 28 12 25 9 8 -8 -7 10 -6 -11 13 14 16 -16 -1 21 20 -20 -19 -14 23 -15 -24 -5 -23 -3 29 -2
right_child=1 27 -4 4 5 6 7 -9 -10 11 -12 -13 17 22 15 -17 -18 18 19 -21 -22 26 24 -25 -26 -27 -28 -29 -30 -31
leaf_value=0.0016861442944251888 0.034604094958497415 0.078239043557481333 -0.07841115118473109 -0.09103062266527992 0.027422741554603641 0.062022525096452452 -0.13427813567466262 0.00084514759587003341 -0.047649417815218906 0.073993984006286387 -0.036674965011015581 -0.043326265246436686 -0.049792369497124296 1.4373633557163947 0.10009887034533284 -0.0010402014155785838 -0.019159677150271906 -0.0081572207791692931 0.074726053767946499 -0.041021757562478681 -0.039618561196558079 0.11218907755488931 -0.029818401844716014 0.049894162849017397 0.063723363977306366 0.082816522483229418 -0.0054413718717262506 -0.054914992926422282 -0.050165990041164385 -0.086721782689507573
leaf_weight=92.283422351392801 2.5689581383996942 1.6679885839839697 0.43520028602483751 0.95658505259484516 9.9817125902634434 3.6933661322473226 1.5547167924560223 18.711462200723872 1.4034221736983452 3.5070388773256118 2.7051643793874964 0.51100062123077794 0.49499088665379476 0.053908865994342636 4.3001122018049491 8.5220472024948304 39.964087662039674 59.766606753723408 2.2060793263681258 1.1144095812605881 10.479673255528722 1.2494419270533397 1.8110785893900354 1.2218539494785998 5.2868045398095092 0.1508737406002183 0.26401886436542543 0.18386359576106759 0.5820261673115964 0.19822210952543162
leaf_count=66965 1325 818 1116 416 1197 277 267 5406 1192 152 167 313 73 120 477 1595 24497 8781 396 188 2963 67 2055 566 1236 31 97 17 662 202
internal_value=-4.85309e-06 0.02285 0.00221536 -0.000478105 0.00709988 0.00905972 -0.00121243 -0.00952081 0.0318239 0.0246559 0.0137555 0.0590736 -0.00190673 0.00151727 -0.00129954 0.0328784 -0.00461329 -0.00885862 -0.0106513 0.0358792 -0.0128508 0.0568051 0.0503173 0.108523 0.0398555 -0.0673467 0.0916688 0.0650187 0.0126921 0.0259131
internal_weight=277.83 5.63626 3.78441 272.194 43.1753 42.0679 25.363 20.2662 5.09679 16.7049 12.6869 4.01804 229.019 153.443 145.07 12.8222 132.248 75.5752 73.5668 3.32049 70.2463 2.00845 8.37365 1.27576 7.09788 1.10746 1.51346 1.85185 3.34921 2.76718
internal_count=123634 4140 3305 119494 9418 8971 7142 5673 1469 1829 1364 465 110076 97511 93534 2072 91462 12565 12328 584 11744 237 3977 686 3291 447 164 835 2189 1527
is_linear=0
shrinkage=0.08


Tree=181
num_leaves=31
num_cat=0
split_feature=22 28 7 12 7 1 10 28 22 12 22 22 12 12 3 22 22 22 28 7 0 9 18 7 1 18 28 7 18 28
split_gain=0.474795 0.914897 1.60419 0.847987 0.649343 0.885525 0.729588 1.02558 0.832172 1.06104 0.862571 0.829843 1.22475 0.653497 1.33945 0.816515 0.713009 0.631715 0.603173 0.600304 1.87604 1.5688 1.65765 0.770934 1.56655 0.879523 0.604122 1.77058 0.755244 0.547043
threshold=0.48435972630977636 0.4350078701972962 21.500000000000004 0.13100686669349673 2.5000000000000004 0.092665474861860289 0.86696165800094616 0.71471861004829418 0.53144779801368724 0.24568965286016467 0.53907206654548656 0.79431909322738659 0.32666666805744177 0.30901856720447546 0.1627137288451195 0.48808848857879644 0.58123165369033825 0.61311829090118419 0.76552855968475353 24.500000000000004 0.22756041586399081 0.81266710162162792 0.42300890386104589 23.500000000000004 0.18350168317556384 0.88810643553733837 0.46437034010887152 16.500000000000004 0.52896809577941906 0.30532014369964605
decision_type=2 2 2 2 2 2 2 2 2 2 2 2 2 2 2 2 2 2 2 2 2 2 2 2 2 2 2 2 2 2
left_child=1 2 29 -4 5 17 7 11 -8 -10 -11 12 -6 15 -15 -7 -17 -2 -16 23 21 22 -21 26 -25 -26 27 -3 -28 -1
right_child=4 19 3 -5 6 13 8 -9 9 10 -12 -13 -14 14 18 16 -18 -19 -20 20 -22 -23 -24 24 25 -27 28 -29 -30 -31
leaf_value=0.012984479905233069 -0.10796444410839719 -0.0013143995953925794 -0.081741137780717746 0.09089233549907208 -0.038318753386670713 0.1221614595652966 -0.025813034587124566 -0.08011966474249041 -0.093906725137306357 0.16998395667782262 0.041359139524399791 0.068881674988746852 0.044294027463992185 0.097869629964954186 -0.063416982742020331 -0.035438027786210885 0.029565260531131957 0.027686180189616535 0.082929341688356292 0.14050892074693949 -0.078068148942342097 0.10406635018338277 -0.06178317486522248 0.1601808322836083 -0.058709046056881355 0.12415992328184322 -0.012540758274145891 0.16478914803794217 0.0011262512215327867 -0.080887715282663988
leaf_weight=0.46758702743181801 0.50274645568424858 1.5620659484156925 0.23928366893267117 0.76206140671911271 3.9620353044408585 0.44686564764469761 1.6474160180077886 1.3280802889004233 0.33602380880620364 0.37260481499834019 3.1937647562717757 0.88825209935134797 1.6173257386690236 2.1948049283973892 0.60513760407047801 1.5681952006291338 3.4687146323587967 0.39027425342192146 0.25670294522024051 0.31626455650507468 2.4487376056360972 0.91144366840308055 1.4380183661724002 0.57977004769463636 0.63117346154672305 0.22953889932250604 29.47203670023282 0.55722091839106713 212.16509175594399 2.6434223062542515
leaf_count=88 25 6142 1013 57 4470 7 37 469 11 7 467 136 45 309 39 289 1626 82 135 46 899 37 157 24 246 2 5265 803 91600 9101
internal_value=-1.29065e-05 -0.00100358 -0.0384312 0.0496395 0.0110522 0.0271177 -0.000303843 -0.0160862 0.0218653 0.041993 0.0547975 -0.00293742 -0.0143712 0.0350435 0.0646843 0.0185218 0.00932709 -0.0486814 -0.0198271 -0.000388687 -0.0275151 0.0189229 -0.0253137 0.000177132 0.0585304 -0.00994067 -0.000167707 0.042359 -0.000540689 -0.0667787
internal_weight=277.203 254.424 4.11235 1.00135 22.7789 9.43344 13.3455 7.79569 5.54981 3.90239 3.56637 6.46761 5.57936 8.54042 3.05665 5.48378 5.03691 0.893021 0.861841 250.311 5.11446 2.66573 1.75428 245.197 1.44048 0.860712 243.756 2.11929 241.637 3.11101
internal_count=123634 115480 10259 1070 8154 2512 5642 5120 522 485 474 4651 4515 2405 483 1922 1915 107 174 105221 1139 240 203 104082 272 248 103810 6945 96865 9189
is_linear=0
shrinkage=0.08


Tree=182
num_leaves=31
num_cat=0
split_feature=10 24 11 1 2 7 3 26 27 18 7 2 9 7 27 17 8 7 9 8 3 22 10 12 2 1 2 18 9 12
split_gain=0.420692 0.829394 0.556571 0.703462 1.00207 0.864178 0.836144 0.834627 1.21741 0.546639 0.493139 0.902137 0.593906 0.541997 0.968551 0.483041 1.15481 1.00417 0.183581 0.0991176 0.0741438 0.230143 0.0239248 0.0176299 0.0158593 0.0131896 0.0541619 0.0067072 0.0205072 0.00494282
threshold=0.9855765998363496 1.0000000180025095e-35 0.31074520945549017 0.26975052058696752 0.10063291341066362 24.500000000000004 0.15504807978868487 0.93303570151329052 0.80082646012306224 0.47173796594142919 28.500000000000004 0.19433516263961795 0.81266710162162792 27.500000000000004 0.77823317050933849 1.0000000180025095e-35 0.21103239059448245 21.500000000000004 0.47895757853984838 0.28165064752101904 0.19756097346544269 0.46265329420566564 0.63925975561141979 0.72474747896194469 0.26365442574024206 0.91734972596168529 0.86729559302330028 0.60701581835746776 0.8366680145263673 0.46410256624221807
decision_type=2 2 2 2 2 2 2 2 2 2 2 2 2 2 2 2 2 2 2 2 2 2 2 2 2 2 2 2 2 2
left_child=1 10 -2 4 6 7 18 9 -9 -5 13 12 -12 15 19 17 -17 -1 -4 -15 21 -6 25 -22 -7 26 -3 29 -29 -13
right_child=2 22 3 5 20 24 -8 8 -10 -11 11 27 -14 14 -16 16 -18 -19 -20 -21 23 -23 -24 -25 -26 -27 -28 28 -30 -31
leaf_value=-0.0056069563481715816 -0.084386478836619525 -0.080824058068358282 -0.08169621393086246 -0.087238542579566203 -0.067884934509374967 -0.11315691285125221 -0.081017650338537681 -0.077527540552356902 0.021048817228422525 0.068649583662599309 -0.081102414140257123 -0.080857088369408206 0.10883052429586815 0.13070870316720648 -0.086593996306388948 -0.072896865218940093 0.0030227160473179021 0.04572923605622236 0.084667879720629738 0.059048924595463945 0.10205297275256088 0.08357961383424227 0.088049649785620354 0.083843742683787192 -0.084145441808189572 0.082824225933775142 0.082863979868549167 -0.080318680547597693 0.080289464693718671 -0.092908515823737811
leaf_weight=117.35213496491099 0.3378891630563875 0.021129322500427317 0.047446577926164912 0.15641116490587581 0.07688461011275638 0.21195443804754166 0.53094535374111729 1.1327619405310545 2.7444137775792115 1.809065246614409 0.15832062005938397 0.31886900838912857 0.31500943598803133 0.47309537607452412 0.2083095902421519 1.2939355617863828 142.33539540990944 2.4903390813395836 0.40318233876860177 0.16718698095564832 0.91209404944675021 0.3892449785835197 0.67063112972573435 0.542797304206033 0.27977219770036754 0.034124278026865795 0.033367909491062164 0.032239813876230872 0.0060415218176785848 0.68725100299343467
leaf_count=73216 5 70 3 3 3 7 25 355 3621 814 59 448 4 13 99 101 42175 1320 174 66 9 223 432 124 58 3 1 184 3 16
internal_value=-1.54959e-05 -0.000607221 0.0164602 0.0201492 0.0527632 0.0052045 -0.012995 0.0137768 -0.00775141 0.0562441 -0.000845688 -0.0463166 0.0453013 -0.000584593 0.0632478 -0.000790185 0.00233877 -0.00454018 0.0671515 0.111997 0.0863633 0.0585967 0.0828873 0.0952594 -0.0966506 0.0438218 0.0193999 -0.0878385 -0.0549717 -0.0890891
internal_weight=276.172 266.597 9.57486 9.23697 2.9026 6.33438 0.981574 5.84265 3.87718 1.96548 265.838 1.51773 0.47333 264.32 0.848592 263.472 143.629 119.842 0.450629 0.640282 1.92102 0.46613 0.759253 1.45489 0.491727 0.0886215 0.0544972 1.0444 0.0382813 1.00612
internal_count=123634 118210 5424 5419 561 4858 202 4793 3976 817 117704 714 63 116990 178 116812 42276 74536 177 79 359 226 506 133 65 74 71 651 187 464
is_linear=0
shrinkage=0.08


Tree=183
num_leaves=31
num_cat=0
split_feature=22 12 9 3 3 1 27 3 3 25 18 8 22 7 28 8 9 8 12 7 9 22 27 8 12 7 22 27 11 8
split_gain=0.423641 0.696701 0.831979 0.722238 0.913248 1.25538 0.702506 0.629203 1.77646 0.519605 0.938708 1.25646 0.870235 0.892442 0.667286 0.590897 0.461157 0.519461 0.445821 0.295454 0.367439 0.287505 0.285281 0.200919 0.315122 0.231 0.164183 0.282269 0.40082 0.106025
threshold=0.55217784643173229 0.13423423469066623 0.35493414103984838 0.10435571894049646 0.11215933039784433 0.11374663189053537 0.51524445414543163 0.10435571894049646 0.12599206715822223 -1.0000000180025095e-35 0.40496625006198889 0.48181217908859258 0.48435972630977636 4.5000000000000009 0.5085725486278535 0.36140660941600805 0.40431345999240881 0.91010102629661571 0.64495798945426952 6.5000000000000009 0.85066050291061412 0.66287881135940563 0.41202270984649664 0.87026646733284008 0.10762548446655275 5.5000000000000009 0.47690120339393621 0.51010203361511242 0.82699537277221691 0.94935896992683422
decision_type=2 2 2 2 2 2 2 2 2 2 2 2 2 2 2 2 2 2 2 2 2 2 2 2 2 2 2 2 2 2
left_child=7 21 -3 16 6 -6 -5 19 18 10 14 -12 15 -14 -10 -11 -4 -18 29 26 -21 -2 23 25 -25 -23 27 -1 -29 -9
right_child=1 2 3 4 5 -7 -8 8 9 12 11 -13 13 -15 -16 -17 17 -19 -20 20 -22 22 -24 24 -26 -27 -28 28 -30 -31
leaf_value=0.08585659785523593 -0.083599846419504742 0.10420135458958822 -0.13082456318903701 0.0034066363085815577 -0.035495408806417911 0.026870791639876754 0.093929622897529777 -0.084211386954211653 0.039031016046230452 0.021159912255841042 0.021291587449502176 -0.009220201265044279 0.073572436357149454 -0.067289176815447591 -0.069603476038305884 7.4553933788242601e-05 0.05619301040536407 -0.068173276218558704 0.081998914777624332 -0.085335891611062392 0.083666914474734122 0.066245209755214085 -0.080981038990266929 -0.081978706620719849 0.059907232562173597 -0.08109968367451087 0.085413286862123988 -0.083090745734967955 0.086619017798507156 -0.017375979932094054
leaf_weight=0.33515469392295816 0.53697927802852774 0.68788708231295359 0.30270011059474089 0.82734496262855772 2.8912113129626942 7.2342083563917186 1.628935011116482 2.0222369265582074 0.42967806639694517 8.9411309292458991 10.204294970079898 56.260125419551059 1.8572199215432186 0.34065465889898394 2.2931870897596127 174.81774429266716 0.36809489775987458 0.51661965371567931 0.11562317598145444 0.21580251630666669 0.1331231789663434 0.42357869446368546 0.30382359469876974 0.28174978428887698 0.15545298118377104 0.081140391488588648 0.80857874329012702 0.22330893791513517 0.14816073479596525 0.16424318356348511
leaf_count=6 2222 22 5 39 426 777 153 365 435 708 6757 75879 94 227 519 31535 57 76 10 50 4 56 2714 236 9 153 22 43 6 29
internal_value=-1.40112e-05 0.0125205 0.0183393 0.0140497 0.0196784 0.00906275 0.0634389 -0.000799008 -0.00113434 -0.000503098 -0.0064218 -0.00453572 0.00169902 0.0517399 -0.0524606 0.0011005 -0.0455914 -0.0164294 -0.0710951 0.0455116 -0.0208574 -0.0346663 -0.0135735 0.00816933 -0.0315294 0.0425575 0.0607953 0.0326254 -0.015402 -0.0791909
internal_weight=275.55 16.2397 14.457 13.7691 12.5817 10.1254 2.45628 259.31 257.446 255.144 69.1873 66.4644 185.957 2.19787 2.72287 183.759 1.18741 0.884715 2.3021 1.86413 0.348926 1.78272 1.24575 0.941922 0.437203 0.504719 1.5152 0.706624 0.37147 2.18648
internal_count=123634 6945 1555 1533 1395 1203 192 116689 116558 116154 83590 82636 32564 321 954 32243 138 133 404 131 54 5390 3168 454 245 209 77 55 49 394
is_linear=0
shrinkage=0.08


Tree=184
num_leaves=31
num_cat=0
split_feature=6 28 2 28 8 2 18 20 2 28 8 7 8 7 18 1 2 2 18 9 8 8 18 11 22 7 11 8 8 8
split_gain=0.409471 0.783688 1.00552 1.73535 1.3331 1.70325 1.32589 1.47836 0.869404 0.758995 0.70043 2.20559 2.15043 1.81931 2.46207 2.9379 1.96819 1.37306 1.24056 2.25397 1.5921 1.12279 2.37273 2.5603 1.37125 1.99519 1.22137 0.994485 0.985858 2.26033
threshold=3.5000000000000004 0.65838223695755016 0.84273937344551098 0.85404962301254284 0.66915422677993786 0.77849927544593822 0.79399442672729503 1.0000000180025095e-35 0.64899963140487682 0.86736327409744274 0.86425063014030468 2.5000000000000004 0.86159002780914318 3.5000000000000004 0.88209089636802684 0.88493064045906078 0.66312056779861461 0.93419912457466137 0.85184797644615184 0.50101214647293102 0.88516482710838329 0.91458967328071605 0.84141510725021373 0.64767315983772289 0.48435972630977636 1.5000000000000002 0.87106668949127208 0.92940199375152599 0.81016731262207042 0.80707195401191723
decision_type=2 2 2 2 2 2 2 2 2 2 2 2 2 2 2 2 2 2 2 2 2 2 2 2 2 2 2 2 2 2
left_child=10 -2 4 -4 5 -3 -5 -8 9 -6 12 21 13 14 16 -16 -1 18 19 -13 -20 22 23 -12 25 -23 -24 -26 29 -15
right_child=1 2 3 6 8 -7 7 -9 -10 -11 11 17 -14 28 15 -17 -18 -19 20 -21 -22 24 26 -25 27 -27 -28 -29 -30 -31
leaf_value=0.038152396082994082 -0.089067481617098335 0.064538826969694138 -0.091380446393509868 -0.11930920503817374 -0.12248281086514425 -0.12424378007580753 0.090475826195627246 0.004155125439715128 0.059174384122593085 0.077984294343496366 -0.080616755567964715 0.01467188128906702 0.065555633107557881 -0.00027336449667634519 -0.08821918295344984 0.085478422908953341 0.14458029426659555 0.063282331089705601 -0.028260801731210851 -0.052037723324805614 -0.11565341468839524 -0.0017906490737507788 0.068305309365729538 0.041138576166704563 0.085855012776168471 -0.040680799267996892 -0.068856215863628417 0.013569770727272704 -0.016912085701391095 0.070169960867061953
leaf_weight=6.075597400365039 0.50141639839830787 0.55138232540866983 1.2129207306352352 0.50473359908937609 0.32858567498988112 0.68693171798895492 1.4076645467248425 12.96378984054536 5.914506982072453 0.1912142304754525 2.215548109960535 5.9156389017748605 3.3801960649682306 112.14201906299411 1.8698685981594283 0.93473968371654326 1.3612440001656976 0.95298890758567623 2.9731480407722293 7.1709255235814453 2.4201227484516039 51.185339221284266 5.4063502518579298 2.205824029071664 1.4566128621813712 10.110431946553943 0.4500830324814159 7.4386057135941428 22.035082372905777 2.9930267531012751
leaf_count=2023 135 187 86 47 24 59 249 3408 971 76 2484 6499 1085 63252 372 247 516 161 982 1304 981 18251 1120 155 184 5155 150 2214 10153 1104
internal_value=-1.55008e-05 0.00990806 0.0119966 0.000632054 0.0358276 -0.0401848 0.00813424 0.0126101 0.0504565 -0.0487387 -0.000975945 -0.00617116 0.00246596 0.00101929 0.033545 -0.030328 0.057633 -0.0303598 -0.0351888 -0.0218824 -0.0674765 -0.00032972 0.0243657 -0.019873 -0.00394577 -0.00820539 0.0577641 0.0254066 -0.00140916 0.00155787
internal_weight=274.957 24.2631 23.7617 16.0891 7.67262 1.23831 14.8762 14.3715 6.43431 0.5198 250.693 99.9016 150.792 147.412 10.2414 2.80461 7.43684 19.4328 18.4798 13.0866 5.39327 80.4688 10.2778 4.42137 70.191 61.2958 5.85643 8.89522 137.17 115.135
internal_count=123634 5242 5107 3790 1317 246 3704 3657 1071 100 118392 39640 78752 77667 3158 619 2539 9927 9766 7803 1963 29713 3909 2639 25804 23406 1270 2398 74509 64356
is_linear=0
shrinkage=0.08


Tree=185
num_leaves=31
num_cat=0
split_feature=10 9 0 8 7 12 12 0 10 0 8 10 7 22 0 12 19 6 0 3 13 6 0 12 1 0 28 17 7 0
split_gain=0.419187 1.97305 1.17477 1.71483 2.22107 1.78543 1.68526 1.55076 2.46794 1.77115 1.54201 2.33614 1.53892 1.30722 1.10712 1.04126 0.887607 3.45023 2.538 3.25478 2.49056 1.6739 1.64972 1.60783 1.36911 1.62564 1.15921 1.03992 1.03965 0.617901
threshold=0.82397845387458812 0.8207041621208192 0.86706829071044933 0.87026646733284008 4.5000000000000009 0.43167701363563543 0.42582418024539953 0.77003204822540294 0.89672946929931652 0.64051282405853283 0.60172414779663097 0.84262126684188854 8.5000000000000018 0.63859337568283092 0.55625879764556896 0.42582418024539953 0.63333335518836986 1.5000000000000002 0.65545505285263073 0.67028987407684337 1.0000000180025095e-35 1.5000000000000002 0.25176055729389196 0.11651583760976793 0.61938297748565685 0.56773442029953014 0.55013227462768566 1.0000000180025095e-35 16.500000000000004 0.92907443642616283
decision_type=2 2 2 2 2 2 2 2 2 2 2 2 2 2 2 2 2 2 2 2 2 2 2 2 2 2 2 2 2 2
left_child=1 16 3 4 5 6 -2 9 15 13 11 -6 -12 -5 -7 -9 17 18 22 -20 21 27 -1 -22 25 -19 -23 -18 -25 -4
right_child=2 -3 29 7 10 14 -8 8 -10 -11 12 -13 -14 -15 -16 -17 20 24 19 -21 23 26 -24 28 -26 -27 -28 -29 -30 -31
leaf_value=0.0086326923966386082 0.057559891827595758 -0.16009791866179082 0.080766549730828766 -0.025806763305559061 0.081644726272051757 -0.0090492536553076763 0.17978357412304191 -0.15073572537066596 0.058916637722875607 0.054500392129496922 0.00088305629617557236 0.0070895857290810453 -0.049164360456769862 0.059517968333117517 0.084941774841009871 -0.043024057880257718 -0.12912095847183086 -0.08145153382874179 0.32172450045201217 0.037707858734372511 -0.046420883047199234 0.049886312525119297 -0.024517302004256062 0.055746185102809827 -0.076701006591363349 0.11239339241747606 -0.0011795997778260316 -0.02550224994650882 -0.084052285340510069 0.017696737191766454
leaf_weight=18.382909693593888 2.8170811839299845 0.50364893065125116 1.8719242683964687 13.18252883824062 3.0589776961496709 3.2994996379129589 0.97080666426336382 1.4523233546642584 0.74042226316851145 2.5050546529237172 13.037351417797256 22.289417019615939 5.6303358712593754 1.2588923716730267 1.0596335612663095 0.95020585603197094 0.99136143231294149 0.52968951602087944 0.27557826684801412 4.1031277341901387 1.2434721473498473 2.9081584231153093 20.127237305621748 8.9566748858805987 6.1194147969192727 0.58012983886237635 130.9558133891444 1.6542316270661104 0.35390940764409684 2.1201481476118715
leaf_count=5785 87 30 2434 752 117 238 32 26 477 521 1541 1678 876 648 616 94 402 2865 396 2985 1105 2024 62040 1031 10209 760 17574 275 23 5993
internal_value=-1.45829e-05 -0.00195811 0.00502456 0.00269039 0.0103389 0.0487092 0.0888849 -0.0171693 -0.0687811 -0.00759717 0.00323684 0.0160867 -0.0142117 -0.0183688 0.0137984 -0.108136 -0.00155419 -0.0107486 -0.00213088 0.0555827 0.00157918 -0.00131559 -0.00869307 0.0390211 -0.0618747 0.019876 -7.02067e-05 -0.0643304 0.0504322 0.0472708
internal_weight=273.93 197.685 76.2446 72.2525 52.1631 8.14702 3.78789 20.0894 3.14295 16.9465 44.0161 25.3484 18.6677 14.4414 4.35913 2.40253 197.182 50.1181 42.8889 4.37871 147.064 136.51 38.5101 10.5541 7.22923 1.10982 133.864 2.64559 9.31058 3.99207
internal_count=123634 107504 16130 7703 5185 973 119 2518 597 1921 4212 1795 2417 1400 854 120 107474 85040 71206 3381 22434 20275 67825 2159 13834 3625 19598 677 1054 8427
is_linear=0
shrinkage=0.08


Tree=186
num_leaves=31
num_cat=0
split_feature=6 12 26 9 28 26 5 27 26 9 19 12 7 1 8 3 18 11 3 9 13 3 13 13 11 3 6 28 27 11
split_gain=0.394466 0.372441 2.67837 1.75202 2.05536 1.4972 1.48419 1.30603 1.27497 2.98221 2.83775 2.33837 1.84941 1.70783 1.48262 0.833194 1.21692 0.793134 0.747105 0.535316 0.368509 0.152885 0.319302 0.0824108 0.0681158 0.0337486 0.0129851 0.00585798 0.000227783 0.000311745
threshold=5.5000000000000009 0.21240601688623431 0.20714285969734195 0.68942219018936168 0.42438536882400518 0.064583335071802153 0.88749998807907116 0.42382092773914343 0.074175827205181136 1.0000000180025095e-35 0.63333335518836986 0.061553031206130988 16.500000000000004 0.89512962102890026 0.53923079371452343 0.93683511018753063 0.90327954292297374 0.64057394862174999 0.91366460919380199 0.37055103480815893 1.0000000180025095e-35 0.68614074587821972 1.0000000180025095e-35 1.0000000180025095e-35 0.41797162592411047 0.87226107716560375 2.5000000000000004 0.78142958879470836 0.53711354732513439 0.44098526239395147
decision_type=2 2 2 2 2 2 2 2 2 2 2 2 2 2 2 2 2 2 2 2 2 2 2 2 2 2 2 2 2 2
left_child=1 2 8 4 7 18 15 -4 9 14 12 -11 -10 -12 -1 16 -7 -17 21 -6 -20 24 -23 -5 -3 -2 -22 -8 -27 -30
right_child=25 5 3 23 19 6 27 -9 10 11 13 -13 -14 -15 -16 17 -18 -19 20 -21 26 22 -24 -25 -26 28 -28 -29 29 -31
leaf_value=-0.030677607971957774 -0.012001333479731568 0.12487343795945581 -0.029323482615243323 0.069547277739392344 0.012890399597735688 0.0012561614688842001 0.097449616996592034 0.13632696455788149 -0.035770982148066524 -0.076519108345907388 0.074818962019965463 -0.005958045860737035 0.061916448758888604 0.0099012764256072878 0.0035100237947856988 0.066770841621923621 -0.036151126235741876 0.0087725226717635715 -0.066143369125798296 -0.074643854375710292 0.030424471316803318 -0.046124980449776205 0.089636933601747557 0.1394548845959408 0.087978240435640384 0.083413468113677322 0.085098916906995573 0.080746148051320132 0.063337154356009853 0.080272590715822198
leaf_weight=8.7665014582598797 0.025770387648662019 0.47107470322589495 0.70416762641979935 0.18572096474963551 0.47818615370988471 97.466930487752506 0.14991311985067923 0.53684431768033392 6.351570673303061 5.9425666575202722 5.9899422209023196 6.0823532727565635 1.5413108123029813 4.5741273702287799 109.81774882306127 2.2584047004183949 5.9028985265358633 4.5477274175627826 0.3605616659624501 6.8847375900390944 0.03447466273792088 0.15681974990002334 0.37841651630878914 0.25763756118249148 1.000236503590713 0.31835939642041922 0.14360817576380214 1.2963493646548157 0.0076576666615437708 0.075967410130033386
leaf_count=370 30 19 66 43 67 11085 3 167 9239 65572 959 14013 1322 342 3551 887 1593 4653 14 4152 42 69 32 9 104 10 67 4931 9 214
internal_value=-1.58875e-05 -0.000136484 -0.00265067 -0.0449147 -0.0529062 0.00334547 0.00196209 0.0423346 -8.55305e-05 -0.00286681 0.019596 -0.0408284 -0.0166947 0.0467103 0.000982657 0.000905174 -0.000879969 0.0280175 0.0640154 -0.0689589 -0.01964 0.0864722 0.0498598 0.110171 0.0997911 0.0767479 0.0745146 0.0824776 0.0824375 0.0787218
internal_weight=272.709 272.281 158.113 9.04729 8.60394 114.167 111.622 1.24101 149.066 130.609 18.457 12.0249 7.89288 10.5641 118.584 110.176 103.37 6.80613 2.54519 7.36292 0.538645 2.00655 0.535236 0.443359 1.47131 0.427755 0.178083 1.44626 0.401984 0.0836251
internal_count=123634 123371 99872 4504 4452 23499 23152 233 95368 83506 11862 79585 10561 1301 3921 18218 12678 5540 347 4219 123 224 101 52 123 263 109 4934 233 223
is_linear=0
shrinkage=0.08


Tree=187
num_leaves=31
num_cat=0
split_feature=22 3 3 16 28 8 18 18 3 13 28 2 2 8 8 2 18 8 20 8 18 2 18 8 8 27 8 3 3 0
split_gain=0.377144 0.63722 1.72029 2.23292 2.2367 2.3858 1.679 1.63889 2.8487 2.33337 2.30618 6.49463 2.93476 1.9864 1.62126 1.45054 1.79916 1.26425 1.6162 1.46068 1.22341 1.1498 1.10419 1.07336 1.00823 0.925889 0.700911 0.576213 0.844134 0.866163
threshold=0.55217784643173229 0.80810147523880016 0.84680575132370006 1.0000000180025095e-35 0.68307831883430492 0.68237251043319713 0.8713662624359132 0.88810643553733837 0.86729559302330028 1.0000000180025095e-35 0.81705284118652355 0.88067796826362621 0.78910306096076976 0.98979592323303234 0.83935481309890758 0.74646764993667614 0.90327954292297374 0.82650500535964977 1.0000000180025095e-35 0.79795917868614208 0.67895323038101207 0.65030118823051464 0.94287842512130748 0.96922349929809581 0.86576578021049511 0.70615220069885265 0.97259759902954113 0.10435571894049646 0.11215933039784433 0.10596491396427156
decision_type=2 2 2 2 2 2 2 2 2 2 2 2 2 2 2 2 2 2 2 2 2 2 2 2 2 2 2 2 2 2
left_child=1 15 3 14 6 -6 -5 10 13 -10 12 -12 -4 -9 20 16 17 19 -19 -1 -3 -16 23 25 -18 -17 -25 -2 -29 -30
right_child=27 2 7 4 5 -7 -8 8 9 -11 11 -13 -14 -15 21 22 24 18 -20 -21 -22 -23 -24 26 -26 -27 -28 28 29 -31
leaf_value=-0.00082217016783800619 -0.041119123703529978 0.078475965561492542 0.016898134449929908 -0.01004622647274934 0.13706298015202334 -0.043515959287642236 0.13613890491411038 -0.029670955240314982 -0.0058139776078472384 0.053789853029257699 0.094775050623882071 -0.033997076379565831 -0.054020257045853039 -0.13675276638373796 -0.077793927276647953 -0.072135833255592918 -0.076194848459423509 -0.027347666886650215 0.0037469923697125208 0.038584799487019344 -0.037846372204910148 0.076040395702377958 0.090564377015071376 0.077654314852361572 0.10367639060323677 -0.0079470824702169377 -0.058790135861278604 0.058145060630601757 -0.024492846976399019 0.021949888910858358
leaf_weight=58.094442356777563 1.2070803563965444 0.83206989587142777 15.106787349334587 0.94298869013323416 0.50959364081745651 5.7717869145330951 1.0772753347014257 3.4107416651640952 77.945847802260687 4.443159405735968 6.5482920278827788 4.0612455112486714 4.9608954380641981 1.6426741979412325 0.32486759224775585 5.1570479367990139 0.23086605485059308 25.527049182714904 18.415737850433516 6.7158250418298158 1.9000698294121319 7.260607284390062 0.41600003761777848 0.71179108226169752 1.4652452509321845 1.9944116382398531 0.36425956385028258 2.5557160682533313 3.7301480855051059 8.2638123947875766
leaf_count=48492 189 284 3471 1538 104 1426 425 496 5704 8170 1868 536 1071 178 16 904 76 21161 11501 5692 616 739 62 85 254 1617 203 273 1046 5437
internal_value=-1.78584e-05 -0.00075771 0.00296839 0.0255693 -0.00531615 -0.028866 0.0679048 -0.000594201 -0.00617571 -0.0025996 0.0153153 0.0454821 -0.000633472 -0.0644792 0.0504199 -0.00503591 -0.00256603 -0.00384115 -0.0143164 0.00326129 -0.00242054 0.069452 -0.0365967 -0.0430263 0.0791932 -0.0542348 0.0314658 0.0119946 0.0164011 0.0075061
internal_weight=271.588 255.832 136.739 18.6193 8.30164 6.28138 2.02026 118.12 87.4424 82.389 30.6772 10.6095 20.0677 5.05342 10.3176 119.093 110.449 108.753 43.9428 64.8103 2.73214 7.58547 8.64351 8.22751 1.69611 7.15146 1.07605 15.7568 14.5497 11.994
internal_count=123634 116689 26642 5148 3493 1530 1963 21494 14548 13874 6946 2404 4542 674 1655 90047 87176 86846 32662 54184 900 755 2871 2809 330 2521 288 6945 6756 6483
is_linear=0
shrinkage=0.08


Tree=188
num_leaves=31
num_cat=0
split_feature=25 12 28 2 2 12 12 3 8 1 12 15 3 3 4 16 9 11 8 8 4 18 3 2 8 26 28 19 5 12
split_gain=0.378949 0.801855 0.683924 1.05097 0.747322 0.65397 0.749863 0.58929 1.08027 1.01712 0.538704 4.40674 2.37798 1.83568 1.51543 1.42677 1.74988 1.35739 1.28862 1.92031 2.23793 1.48781 1.28124 2.17916 1.6434 0.921607 0.798811 0.622053 0.528833 0.512094
threshold=-1.0000000180025095e-35 0.0745370388031006 0.83893525600433361 0.86319074034690868 0.76339712738990795 0.81534090638160717 0.80476191639900219 0.96922349929809581 0.84409722685813915 0.89825496077537548 0.050641026347875602 1.0000000180025095e-35 0.85880398750305187 0.85145786404609691 1.0000000180025095e-35 1.0000000180025095e-35 0.57205790281295787 0.56189060211181652 0.53923079371452343 0.48435972630977636 1.0000000180025095e-35 0.86341637372970592 0.62258651852607738 0.72065573930740368 0.93142634630203258 1.0000000180025095e-35 0.6683848798274995 0.58571431040763866 0.21111111342906955 0.24568965286016467
decision_type=2 2 2 2 2 2 2 2 2 2 2 2 2 2 2 2 2 2 2 2 2 2 2 2 2 2 2 2 2 2
left_child=1 2 -1 4 -4 6 7 9 -9 -3 11 -2 13 14 25 26 29 -15 19 21 -21 -13 24 -24 -20 -12 28 -18 -14 -17
right_child=10 5 3 -5 -6 -7 -8 8 -10 -11 12 18 15 17 -16 16 27 -19 22 20 -22 -23 23 -25 -26 -27 -28 -29 -30 -31
leaf_value=-0.08450917534415138 -0.093948102067303682 -0.0021824960012308474 -0.08260472542020017 -0.092798528740889105 0.071492273732727277 0.087795939648984161 -0.1378684006550511 0.04126108259757074 -0.023669483475403329 -0.034748068570245504 0.047740890077556872 -0.090424450257103356 0.084492957501202226 -0.16194186766038937 0.099457120889888312 -0.0921073793677121 -0.037089432614889908 0.080808605587965432 -0.093037323888483028 0.01011291135433298 -0.13144061842820018 0.017720135562882364 0.029050739838923562 -0.00048440222473012745 0.034008029708206482 -0.00012462932250704531 0.082375247352965822 0.073796296525982491 -0.066238052801973132 0.070412562910570256
leaf_weight=1.4521825401791368 3.2031859849555522 59.34366809092171 0.26212139306153381 0.63475712957369967 0.8697456413888176 0.50369923737707623 0.26552412734599684 4.6855285936026112 2.5228458318379126 6.8462557863417706 2.6935697708772741 0.98354696548630993 0.23222220091701995 0.71126983649810327 1.0384023047408835 1.0474223643577718 0.41045804660825513 0.18596695144151454 1.8858170967541803 1.1312234730503405 1.9417717903852463 4.7279052607191261 19.570228283017059 87.340407032694202 0.9956993372470605 58.201059283024961 4.860864869750003 1.5333392600232398 0.41551995886402437 0.14075929672981136
leaf_count=57016 10048 27031 206 1111 376 260 22 789 921 860 2220 184 24 45 248 164 347 150 719 145 8 33 1484 1185 172 7942 5464 4399 36 25
internal_value=-1.54712e-05 -0.00474606 -0.043836 -0.0104023 0.035806 -0.00304959 -0.00367078 -0.0031853 0.0185362 -0.00555087 0.00187887 -0.00135693 0.00739238 0.00198089 0.00362676 0.0467422 0.00362933 -0.111628 0.0011443 -0.0283393 -0.0793323 -0.000903023 0.00350328 0.00492207 -0.0491372 0.00199262 0.0712545 0.0503813 -0.0121994 -0.0728543
internal_weight=270.637 77.3863 3.21881 1.76662 1.13187 74.1675 73.6638 73.3983 7.20837 66.1899 193.251 121.78 71.4709 62.8303 61.933 8.64059 3.13198 0.897237 118.577 8.78445 3.073 5.71145 109.792 106.911 2.88152 60.8946 5.50861 1.9438 0.647742 1.18818
internal_count=123634 88592 58709 1693 582 29883 29623 29601 1710 27891 35042 13978 21064 10605 10410 10459 4935 195 3930 370 153 217 3560 2669 891 10162 5524 4746 60 189
is_linear=0
shrinkage=0.08


Tree=189
num_leaves=31
num_cat=0
split_feature=21 18 28 8 2 27 18 8 18 1 8 12 9 2 0 18 1 0 4 8 5 18 5 11 28 8 27 12 2 18
split_gain=0.396158 0.909763 0.941085 0.978049 3.82875 1.65893 1.42936 1.32922 0.871199 1.22056 2.05554 0.83448 0.987472 0.747101 1.526 1.43055 2.04929 1.54161 1.36242 1.24994 1.14368 2.43677 1.81614 1.09068 1.00217 0.9692 0.859706 1.89154 1.13009 2.28945
threshold=1.0000000180025095e-35 0.85285884141922008 0.91683137416839611 0.95916664600372326 0.93908473849296581 0.77560555934906017 0.96368685364723217 0.9607692062854768 0.95009577274322521 0.92637759447097789 0.73123827576637279 0.32666666805744177 0.59803447127342235 0.88067796826362621 0.87206766009330761 0.97010219097137462 0.95282599329948436 0.93127068877220165 1.0000000180025095e-35 0.84698995947837841 0.78888890147209179 0.93338736891746532 0.81666666269302379 0.50112107396125805 0.93362700939178478 0.81530213356018078 0.48947252333164221 0.30217391252517706 0.79205974936485302 0.9384731948375703
decision_type=2 2 2 2 2 2 2 2 2 2 2 2 2 2 2 2 2 2 2 2 2 2 2 2 2 2 2 2 2 2
left_child=13 -2 8 5 7 -4 -6 -5 9 -3 -11 -10 -13 14 20 16 -15 -17 -19 25 -1 22 -22 -21 -20 -18 28 -28 29 -16
right_child=1 2 3 4 6 -7 -8 -9 11 10 -12 12 -14 15 26 17 19 18 24 23 21 -23 -24 -25 -26 -27 27 -29 -30 -31
leaf_value=-0.00055057001383268262 -0.068442242795944519 0.026928444849521466 0.060529524196712182 -0.33291502922957256 0.086951600198467136 -0.044337152240252697 -0.0043355784638172057 -0.10312509227935676 0.072320239952383653 0.025137562692257281 -0.11762946446199748 -0.14369445666430855 0.080475938444645373 -0.095601904766036944 0.061412796231270585 0.073615768627061859 0.0058997852216749946 0.082666601978127335 -0.24744736151764571 0.085171748717686444 -0.075389742210135405 -0.18979798988901145 0.087721905282158494 -0.046224283070713197 -0.043745337363202796 -0.044231634522286394 -0.06949590368522332 0.08311502019128153 0.095043771598082999 -0.14698963057180983
leaf_weight=200.88540048023782 0.99574640544812965 9.6477630054787387 3.4948282848363332 0.18336195321535576 1.171410220658802 1.3339666830261192 17.456303436896633 1.327408514549461 3.2816724044860162 1.5498846402542761 1.10601925640276 0.26715693199366786 0.23761827535599878 2.367241938627104 1.4318532052639046 2.0167241590734188 3.9769899998618694 0.35309770836101939 0.22881504007409603 1.3279255229863345 1.0578276505575552 0.63949224536372629 0.74424594763877383 0.58128980427863997 0.47638765647207038 6.5056091166115948 1.1985877451943454 0.91780823724184291 2.4238409718964249 0.4413623450527665
leaf_count=109773 447 1197 277 16 177 1192 5211 269 152 107 60 9 304 568 99 396 496 89 27 83 28 30 75 213 61 617 326 1253 60 22
internal_value=-1.85151e-05 0.00711501 0.00894747 -0.000775585 -0.00852896 0.0315598 0.00140505 -0.131015 0.0240349 0.013708 -0.034316 0.0575909 -0.0381683 -0.00133671 -1.0671e-07 -0.017056 -0.0273982 0.0325827 -0.0456109 -0.014369 -0.00121203 -0.0556352 -0.00802558 0.0451662 -0.10984 -0.0252123 0.0384218 -0.00331379 0.0589774 0.0123095
internal_weight=269.628 42.0531 41.0574 24.9673 20.1385 4.82879 18.6277 1.51077 16.0901 12.3037 2.6559 3.78645 0.504775 227.574 209.74 17.8341 14.7591 3.07502 1.0583 12.3918 203.327 2.44157 1.80207 1.90922 0.705203 10.4826 6.41345 2.1164 4.29706 1.87322
internal_count=123634 9418 8971 7142 5673 1469 5388 285 1829 1364 167 465 313 114216 111666 2550 1977 573 177 1409 109906 133 103 296 88 1113 1760 1579 181 121
is_linear=0
shrinkage=0.08


Tree=190
num_leaves=31
num_cat=0
split_feature=10 9 18 18 4 10 2 11 3 5 0 2 2 11 2 3 2 26 26 2 3 10 26 23 3 18 11 10 9 17
split_gain=0.404271 1.71656 1.18684 2.16537 1.18871 1.27512 1.55473 1.05719 1.05168 0.979092 2.13356 2.01994 2.74373 1.44295 1.20604 1.85343 1.63553 0.950809 1.17053 0.939819 0.878013 0.710917 1.27125 0.592751 0.532355 0.523776 0.521342 0.471865 0.399192 0.286748
threshold=0.82397845387458812 0.8207041621208192 0.91289132833480846 0.90982207655906688 1.0000000180025095e-35 0.83414238691329967 0.3647450208663941 0.85781672596931469 0.87585616111755382 0.30384616553783422 0.25176055729389196 0.38742592930793768 0.39152845740318304 0.7278747856616975 0.58885449171066295 0.7243877947330476 0.58759590983390819 0.73863637447357189 0.75961539149284374 0.8539126217365266 0.76631206274032604 0.57739216089248668 0.17156863212585452 1.0000000180025095e-35 0.15504807978868487 0.88209089636802684 0.95529049634933483 0.96315687894821178 0.94164240360260021 1.0000000180025095e-35
decision_type=2 2 2 2 2 2 2 2 2 2 2 2 2 2 2 2 2 2 2 2 2 2 2 2 2 2 2 2 2 2
left_child=1 9 3 4 5 6 -2 -5 -7 10 21 23 -13 14 16 -16 -11 28 19 -19 -6 24 -23 -12 -1 -22 -20 -28 -4 -15
right_child=2 -3 17 7 20 8 -8 -9 -10 13 11 12 -14 29 15 -17 -18 18 26 -21 25 22 -24 -25 -26 -27 27 -29 -30 -31
leaf_value=0.0043128499712796874 0.0098691951631418879 -0.15087839151502089 0.081033262667721859 0.081872932753078498 0.086895070944123187 0.0010975240484668561 0.11455215138794314 -0.14576185497755145 0.064249898065340261 0.016641498391867768 -0.078107822804821009 0.20026368985943432 -0.020898426755169178 0.030675252410552904 -0.036776573671160565 0.0005769525328047807 0.14465850696396104 -0.10370960222300692 0.080467125205549467 0.080512167832134732 -0.10178364051900529 0.059013778105295199 0.0014506284035791775 0.038353437598607258 -0.083588108420965923 0.080902682184029462 -0.097760745714788697 0.080133907316156508 -0.020993825050339008 0.093027127334727469
leaf_weight=0.84916961779026923 2.3458891823320296 0.49393599979521141 2.6810444516895582 0.15307155410118756 0.21333037732620042 61.427757741786991 1.4813677350248324 0.88840030431856576 1.7353341433936282 13.313128340025056 5.2836999470852133 0.36844342196741209 14.013538184613422 0.76931445714580937 9.0951828959990717 130.2276886569615 0.67089703824285685 0.77935415943102293 1.0383493397666823 0.2293996447151585 1.2786399456390425 3.0128429580836409 13.270495443987782 0.2953317958908882 0.91727642110299712 0.10900426441185107 0.24043787295522623 0.15822476099310734 0.27016351782549453 1.2216082122922671
leaf_count=1344 124 30 3703 74 69 4143 90 81 1692 6766 9629 534 58684 106 6493 17990 161 141 2873 658 327 226 1845 1020 2379 177 30 1395 553 297
internal_value=-1.79761e-06 -0.00193209 0.00498416 0.002183 0.00392135 0.00554945 0.0503875 -0.112305 0.00283256 -0.0015515 -0.0130596 -0.0310829 -0.0152326 0.00126524 0.000386459 -0.00186154 0.0227832 0.0411252 0.00423987 -0.0618159 -0.0642037 0.00687203 0.0121013 -0.0719428 -0.0413322 -0.087433 0.0506097 -0.0271563 0.0716934 0.0689337
internal_weight=268.832 193.803 75.0298 69.6328 68.5913 66.9903 3.82726 1.04147 63.1631 193.309 38.0108 19.961 14.382 155.298 153.307 139.323 13.984 5.39697 2.44577 1.00875 1.60097 18.0498 16.2833 5.57903 1.76645 1.38764 1.43701 0.398663 2.95121 1.99092
internal_count=123634 107504 16130 6777 6622 6049 214 155 5835 107474 75661 69867 59218 31813 31410 24483 6927 9353 5097 799 573 5794 2071 10649 3723 504 4298 1425 4256 403
is_linear=0
shrinkage=0.08


Tree=191
num_leaves=31
num_cat=0
split_feature=10 18 8 7 8 3 7 8 25 27 12 18 2 7 3 12 10 27 9 12 11 18 11 3 2 18 8 10 0 25
split_gain=0.373614 0.864581 0.976873 2.74191 1.3489 1.73653 1.27148 0.798312 0.727594 0.720796 0.631228 0.901112 0.973733 1.00849 0.559004 0.655876 0.540139 0.522587 1.37767 1.11457 2.2501 0.972105 0.945556 0.518368 0.437903 0.419426 0.359114 0.379064 0.306957 0.254601
threshold=0.88025155663490307 0.3754898607730866 0.28165064752101904 19.500000000000004 0.44151847064495092 0.45035210251808172 8.5000000000000018 0.21103239059448245 1.0000000180025095e-35 0.9723496437072755 0.51190477609634411 0.66111487150192272 0.21778655797243121 7.5000000000000009 0.49675324559211737 0.39009661972522741 0.87340134382247936 0.67516234517097484 0.75490951538085949 0.21807064861059192 0.58960863947868358 0.39289321005344396 0.62529620528221141 0.10435571894049646 0.23606811463832858 0.93338736891746532 0.25211864709854132 0.93492376804351818 0.16172623634338382 -1.0000000180025095e-35
decision_type=2 2 2 2 2 2 2 2 2 2 2 2 2 2 2 2 2 2 2 2 2 2 2 2 2 2 2 2 2 2
left_child=9 26 7 4 5 -4 -6 8 -3 10 17 12 -12 -14 23 25 -17 18 22 20 -19 -21 -1 -11 -5 -16 -2 -28 -9 -30
right_child=1 2 3 24 6 -7 -8 28 -10 14 11 -13 13 -15 15 16 -18 19 -20 21 -22 -23 -24 -25 -26 -27 27 -29 29 -31
leaf_value=0.0010714067733413727 -0.094355420924123037 -0.047419347627441412 0.087518167729691801 -0.013041457411881958 0.012648210973474938 -0.0084575484990660598 -0.021827943130821415 0.14175312260050815 0.090124266682737736 0.073554364767971794 0.054696413617473738 0.091185772351144459 0.024468621957077379 -0.12183752157826341 -0.07744720431607531 0.069383694870706503 -0.078911603627015089 -0.056601536430933949 0.13324764521044111 0.047244898441750172 0.04033574877562307 -0.0062319002379096714 -0.047535328652395938 -0.088681489215213072 -0.0978304436804463 0.048645168281466977 -0.081055487528531672 0.059470103023085849 0.0045830753497039488 0.092738649677665763
leaf_weight=161.46852327635543 0.75199199188500532 0.67910751371527955 2.9900947675341731 0.49635387613670845 29.595508415382938 2.0227255824702297 8.9065590264281109 0.531142666353844 0.38607742914609844 0.13870104885791024 1.2468929718343131 1.1398038757142783 0.62520565872546263 0.58241670188726857 0.85981475098287796 0.75575171415584907 0.19847346255119191 6.7641680322994358 0.50036834969614474 2.3192132782587569 1.9814076751663376 35.111945455744717 2.6026689415957653 1.3813075138547217 1.8165131691484928 0.21008571954143918 0.23160172373172827 0.26163376198383048 0.29827141532587098 0.70586748861751403
leaf_count=30844 7 20 76 11 11603 174 1473 17 51 10 34 367 23 18 4734 178 37 64424 52 211 736 6643 266 1205 167 133 22 29 10 59
internal_value=-2.95285e-06 0.00625805 0.00795046 0.00524388 0.00975525 0.048791 0.00467295 0.0556483 0.00243348 -0.00143033 -0.000838653 0.0324045 0.00510825 -0.0460925 -0.0372136 -0.00968102 0.0385391 -0.00140562 0.000704573 -0.00892622 -0.0346393 -0.00291851 0.000300356 -0.0738774 -0.0796343 -0.0526877 -0.0595616 -0.00651454 0.0925689 0.0665527
internal_weight=267.56 49.6734 48.4282 45.8278 43.5149 5.01282 38.5021 2.60047 1.06518 217.887 214.343 3.59432 2.45452 1.20762 3.54413 2.02413 0.954225 210.748 164.572 46.1767 8.74558 37.4312 164.071 1.52001 2.31287 1.0699 1.24523 0.493235 1.53528 1.00414
internal_count=123634 13719 13661 13504 13326 250 13076 157 71 109915 103618 442 75 41 6297 5082 215 103176 31162 72014 65160 6854 31110 1215 178 4867 58 51 86 69
is_linear=0
shrinkage=0.08


Tree=192
num_leaves=31
num_cat=0
split_feature=6 28 4 5 27 9 7 2 6 0 18 28 18 8 16 2 18 2 12 5 18 2 18 7 28 7 2 11 12 21
split_gain=0.399223 0.717271 0.855836 2.79852 1.56031 0.913028 1.21763 0.848659 1.42788 0.766456 0.79579 0.763921 0.726271 0.627053 0.504143 0.990357 1.79047 1.90299 2.15099 1.83182 2.43558 2.11939 1.36059 1.81019 1.77782 1.75852 1.63798 1.01477 0.985083 0.962965
threshold=3.5000000000000004 0.65838223695755016 1.0000000180025095e-35 0.73214286565780651 0.48947252333164221 0.68942219018936168 8.5000000000000018 0.94494947791099559 4.5000000000000009 0.81661397218704235 0.89232516288757335 0.84866103529930126 0.79399442672729503 0.97467949986457836 1.0000000180025095e-35 0.82413583993911754 0.86503341794013988 0.81375637650489818 0.27525253593921667 0.4083333313465119 0.86707893013954174 0.74115687608718883 0.94287842512130748 8.5000000000000018 0.90506869554519664 4.5000000000000009 0.89022758603096019 0.46899603307247167 0.69397994875907909 1.0000000180025095e-35
decision_type=2 2 2 2 2 2 2 2 2 2 2 2 2 2 2 2 2 2 2 2 2 2 2 2 2 2 2 2 2 2
left_child=14 -2 4 -4 9 13 -7 11 -9 10 -3 -5 -11 -6 28 16 17 18 -16 20 -18 -21 23 27 26 -26 -24 -17 29 -1
right_child=1 2 3 7 5 6 -8 8 -10 12 -12 -13 -14 -15 15 22 19 -19 -20 21 -22 -23 24 -25 25 -27 -28 -29 -30 -31
leaf_value=-0.00089637107827528315 -0.088330677819495107 -0.029366739871860007 -0.10229071578158924 -0.026594842230400845 -0.083343245707062419 0.082411700613952019 -0.045420122467018514 -0.018857913806358359 0.080292410921683821 0.0097882519320620937 0.053783881187499105 0.071918423195145367 0.084838776334516044 0.044592993002679875 -0.030075028784320019 -0.053633583812848606 0.20114418911628476 0.10857245025255008 0.0012386611393338184 0.057122070309071904 -0.038098051423859483 0.0030534320733592592 -0.0065649366930823497 -0.26721394097652768 -0.021690951996316245 -0.19989665893487918 0.068322480915293277 0.019719074055480072 0.052960998892802577 0.021773401665664424
leaf_weight=113.96404179379851 0.46442474548848878 1.3471548229535986 1.5776965313907574 0.65391771156646283 1.3404127366352443 0.99942585697863229 0.91211807002036949 5.7043819331138366 1.1105402545945251 1.0650430262030566 1.6253973880229748 2.1941505794366094 3.6648214423767058 0.30007630294312537 21.229684848358204 6.2445408032899676 0.28874986105847966 0.88799244392248411 41.452566661213496 9.1537357316938159 4.7913484528226036 9.4090253391722154 4.8556647661780543 0.22996787731472057 10.279709963067486 0.36704558603378323 3.039271396091408 1.4962296431185675 2.4249548252628292 13.402432447566978
leaf_count=37062 135 24 149 23 367 940 295 1584 701 10 19 845 101 49 58872 1048 622 137 4230 1489 5094 1568 401 34 2582 170 254 639 1922 2268
internal_value=-5.70866e-06 0.0100787 0.0121104 -0.0035033 0.0277051 -0.016159 0.0214151 0.0126259 -0.00270066 0.0479333 0.0161002 0.0492997 0.0679393 -0.0599413 -0.000956501 -0.00484513 -0.000728981 -0.00771943 -0.00936689 0.0180667 -0.0244997 0.029716 -0.0183853 -0.0460263 -0.00650288 -0.0278346 0.0222641 -0.0394551 0.00245078 0.00148911
internal_weight=266.477 22.9596 22.4951 11.2407 11.2544 3.55203 1.91154 9.66299 6.81492 7.70242 2.97255 2.84807 4.72986 1.64049 243.517 113.726 87.2131 63.5702 62.6823 23.6429 5.0801 18.5628 26.5124 7.97074 18.5417 10.6468 7.89494 7.74077 129.791 127.366
internal_count=123634 5242 5107 3302 1805 1651 1235 3153 2285 154 43 868 111 416 118392 77140 72012 63239 63102 8773 5716 3057 5128 1721 3407 2752 655 1687 41252 39330
is_linear=0
shrinkage=0.08


Tree=193
num_leaves=31
num_cat=0
split_feature=6 3 2 2 5 16 5 2 27 11 12 27 26 26 28 0 11 27 18 18 0 10 9 3 3 13 18 9 24 12
split_gain=0.349205 0.712486 1.56474 0.944457 0.894439 0.936532 0.888437 0.777831 0.844497 0.746893 0.488712 1.93809 1.45387 1.43835 1.32847 1.1737 1.09398 1.03364 0.964796 1.28981 1.21549 1.10992 0.750816 0.782271 0.429959 0.634947 0.170924 0.122732 0.112876 0.0922177
threshold=3.5000000000000004 0.8216732144355775 0.78142958879470836 0.78611555695533764 0.64583334326744091 1.0000000180025095e-35 0.64583334326744091 0.80982521176338207 0.40075758099555975 0.58351215720176708 0.21240601688623431 0.82772755622863781 0.064583335071802153 0.27922078967094427 0.84384033083915722 0.83910790085792553 0.59498903155326854 0.82531976699829113 0.97010219097137462 0.96678787469863903 0.85145786404609691 0.82397845387458812 0.58745628595352184 0.88493064045906078 0.68614074587821972 1.0000000180025095e-35 0.94667303562164318 0.70031845569610607 1.0000000180025095e-35 0.24568965286016467
decision_type=2 2 2 2 2 2 2 2 2 2 2 2 2 2 2 2 2 2 2 2 2 2 2 2 2 2 2 2 2 2
left_child=10 6 26 -4 -5 -6 -2 8 -8 -10 11 13 24 16 15 -15 17 -1 19 20 -14 -21 28 -24 -12 29 -3 -18 -13 -26
right_child=1 2 3 4 5 -7 7 -9 9 -11 12 22 18 14 -16 -17 27 -19 -20 21 -22 -23 23 -25 25 -27 -28 -29 -30 -31
leaf_value=-0.0021163192120336126 -0.096351775639654247 0.094428854429101095 -0.14541313595145014 0.10621939464987071 -0.011321006964240481 0.026700441762405637 0.088279495133363112 -0.071528236221594751 -0.076794134482233684 0.083290148589096641 0.094392280232965975 -0.084761068090089403 0.00018310364276805005 -0.055833083414485854 0.095434383516051755 -0.23972974864057939 0.065969823823249202 0.15608726834973363 0.080715548972488907 -0.16407104631220801 0.048864736799527922 0.08040666894778184 -0.08064671934439524 0.083631627013825482 -0.084723005569336748 0.082702177222420334 0.0026848805457703228 0.12888068184397355 0.076173069834986562 0.0077349953887109026
leaf_weight=127.81990985154778 0.835200168342911 1.6259652716876214 0.25277212959554418 0.60115891859186632 8.6576684840265461 7.9565290222240028 0.80395188229158543 0.69308325149586369 0.58550105293579691 0.27373079773315112 1.3934582146503083 2.6620732162186869 99.779433624794365 2.8582134966577541 0.34469027852173884 0.24083629064261902 0.62720612796328978 0.26485985275917201 0.98239238915993965 0.52578769039246154 3.3941221057239082 0.1535592657419329 0.34526867624754221 0.40094101948488969 0.25692758208970179 0.46373712006607093 0.14125664929451875 0.29033790531684645 0.028187732452124581 0.094410311252431711
leaf_count=55896 198 397 24 125 2137 1904 24 53 96 246 122 40374 13206 1391 17 2 90 356 3217 22 2618 205 637 16 43 101 38 9 35 35
internal_value=-1.91753e-07 0.00955131 0.0153595 0.00810205 0.0103561 0.00688744 -0.0254552 -0.000325313 0.0293464 -0.0257951 -0.00088198 -0.00406675 0.0031608 -0.00252778 -0.0535532 -0.0701242 -0.00116564 -0.00178918 0.00180758 0.00106115 0.00178459 -0.108809 -0.0633809 0.0076206 0.067396 0.021243 0.0870956 0.0858767 -0.0830748 -0.059878
internal_weight=265.353 22.4268 19.2354 17.4681 17.2154 16.6142 3.19147 2.35627 1.66318 0.859232 242.926 135.883 107.044 132.446 3.44374 3.09905 129.002 128.085 104.835 103.853 103.174 0.679347 3.43647 0.74621 2.20853 0.815075 1.76722 0.917544 2.69026 0.351338
internal_count=123634 5242 4625 4190 4166 4041 617 419 366 342 118392 98823 19569 57761 1410 1393 56351 56252 19268 16051 15824 227 41062 653 301 179 435 99 40409 78
is_linear=0
shrinkage=0.08


Tree=194
num_leaves=31
num_cat=0
split_feature=22 12 3 0 7 3 3 6 6 5 12 15 27 4 3 5 0 2 12 17 28 28 12 22 14 1 22 3 7 9
split_gain=0.404533 0.607756 0.503515 0.430286 0.423041 0.394644 2.38769 3.09047 1.84036 1.2581 1.08755 2.63311 1.21834 0.992874 2.55968 1.17965 1.12058 1.01695 0.994312 0.811199 0.704908 0.402944 0.372182 0.360862 0.29515 0.407126 0.210369 0.245805 0.20552 0.1907
threshold=0.66287881135940563 0.24568965286016467 0.15504807978868487 0.73375529050827037 5.5000000000000009 0.97332859039306652 0.97014260292053234 2.5000000000000004 1.5000000000000002 0.36931818723678594 0.061553031206130988 1.0000000180025095e-35 0.45198893547058111 1.0000000180025095e-35 0.75905716419219982 0.84523808956146251 0.89039039611816417 0.94185259938240062 0.10435571894049646 1.0000000180025095e-35 0.5219533145427705 0.71812930703163158 0.29520697891712194 0.6705426573753358 1.0000000180025095e-35 0.10596491396427156 0.78910306096076976 0.92031747102737438 2.5000000000000004 1.0000000180025095e-35
decision_type=2 2 2 2 2 2 2 2 2 2 2 2 2 2 2 2 2 2 2 2 2 2 2 2 2 2 2 2 2 2
left_child=5 2 4 -3 24 6 13 -8 19 -10 11 -11 -12 15 18 17 -16 -1 -15 22 -21 -22 28 29 25 -2 -25 -28 -7 -4
right_child=1 3 23 -5 -6 8 7 -9 9 10 12 -13 -14 14 16 -17 -18 -19 -20 20 21 -23 -24 26 -26 -27 27 -29 -30 -31
leaf_value=-0.0014927436064934207 -0.064676312769320746 0.077377189881134817 0.10139367817730438 -0.057892881092172166 -0.085314123556471097 -0.19151391469903195 -0.21743858209079925 0.084205553990361767 0.18637502754600405 -0.10713025742042452 0.10010689459809984 0.0058366970946078312 0.020158167735119008 -0.083982792544973983 -0.063565243219241674 0.082218990440612733 -0.0094699629199424106 0.040102946587294117 0.095817015532324815 0.071257317634960141 -0.074586860508314964 0.01402989864461752 0.081182567642719514 -0.078701834933549736 0.08784775144938084 0.043939227350914004 0.033468420728396862 -0.08504027983485013 -0.10579281853776097 -0.081776002345127011
leaf_weight=179.92839428075695 0.28738040467442239 1.4331188834121347 0.16868870746111486 0.16815837758986152 0.18764977846603859 0.24504057088779463 0.70431031032421632 0.31441929536322277 0.25266139680979804 1.3579130754342248 1.4415019233711044 47.95734522677958 7.9353753940658862 0.23010670835083047 5.4983989369584361 1.106720898500497 4.4215967230725255 3.8420243488035331 1.3617840959659586 0.37759200144728344 1.1833809126046615 0.45452489978924848 0.057379134426810197 0.70180999259559917 0.58188039423475846 0.9542308223872169 0.30496193870885691 0.1770409857267623 0.66420211042498067 0.046377836255146576
leaf_count=104527 116 818 2 17 111 28 21 72 39 1352 239 583 8379 277 584 452 1082 792 112 121 97 260 95 2023 45 150 354 283 382 221
internal_value=2.65326e-06 0.0225158 0.00342455 0.0631718 0.0290627 -0.000432383 -0.0021803 -0.12434 0.00513954 0.00824153 0.0074747 0.00272611 0.0324486 -0.00154662 -0.024342 -0.000127203 -0.0394536 -0.000623117 0.0698271 -0.0561748 -0.0272794 -0.0499954 -0.116424 -0.0334349 0.0408328 0.0187993 -0.0507536 -0.0100601 -0.128895 0.0618942
internal_weight=264.346 5.0113 3.41002 1.60128 2.01114 259.335 197.408 1.01873 61.9269 58.9448 58.6921 49.3153 9.37688 196.389 11.5119 184.877 9.92 183.77 1.59189 2.98212 2.0155 1.63791 0.966622 1.39888 1.82349 1.24161 1.18381 0.482003 0.909243 0.215067
internal_count=123634 4140 3305 835 422 119494 107919 93 11575 10592 10553 1935 8618 107826 2055 105771 1666 105319 389 983 478 357 505 2883 311 266 2660 637 410 223
is_linear=0
shrinkage=0.08


Tree=195
num_leaves=31
num_cat=0
split_feature=22 28 7 28 10 22 12 2 1 28 28 12 3 8 7 8 7 9 8 10 9 7 10 10 8 9 11 1 11 18
split_gain=0.362383 1.00046 1.16067 0.736349 1.14639 0.695759 0.670207 0.646509 0.728819 0.603283 1.1636 2.76129 0.675994 0.573093 0.559483 0.718405 0.833053 0.743477 0.697081 0.485951 0.292641 0.355564 0.270246 0.238355 0.10262 0.102304 0.0783311 0.0674622 0.0343869 0.0341105
threshold=0.45664159953594213 0.44499449431896215 21.500000000000004 0.46437034010887152 0.59026268124580394 0.46621005237102514 0.13100686669349673 0.58280590176582348 0.58380147814750682 0.47083130478858953 0.47279773652553564 0.2788888961076737 0.49675324559211737 0.46737588942050939 9.5000000000000018 0.74106001853942882 5.5000000000000009 0.78699102997779857 0.81909090280532848 0.99777778983116161 0.31045190989971166 39.500000000000007 0.72427368164062511 0.83414238691329967 0.21103239059448245 0.91468143463134777 0.38364128768444067 0.43534001708030706 0.31752844154834753 0.8857233226299287
decision_type=2 2 2 2 2 2 2 2 2 2 2 2 2 2 2 2 2 2 2 2 2 2 2 2 2 2 2 2 2 2
left_child=1 2 7 4 -3 28 -4 24 27 19 11 -11 -12 -6 15 22 18 -18 -17 29 -8 -22 -7 -15 -1 -16 -24 -9 -2 -5
right_child=5 3 6 9 13 14 20 8 -10 10 12 -13 -14 23 25 16 17 -19 -20 -21 21 -23 26 -25 -26 -27 -28 -29 -30 -31
leaf_value=0.018087709011447479 0.12790523661692882 -0.080169129165354444 -0.081487106004935125 -0.083456781291352963 0.15472797378189002 -0.080565248220938024 0.11835508232031559 -0.014165651698066757 -0.093165240708082617 -0.088949738033649445 -0.010462267039135154 0.37640674730522983 0.0013275737215408432 -0.026553534685160585 -0.08199711342552321 0.067225337248584899 -0.070331714372819432 0.055962508166972687 0.0071655953897520634 0.086164182013231408 -0.082061377937955801 0.097902627571857595 0.11387938945032505 0.086336568560068036 -0.083283219196768898 0.082155226314436572 0.067301455572425811 0.10103625694432745 0.084162081068394942 -0.12166009875017668
leaf_weight=0.065589804954924946 0.24119913960817285 0.29402235681857192 0.22706867326360214 0.44412437819187189 0.54987685956803012 0.067734012183570114 0.42558314942289144 0.036461357798543648 0.24213990262626339 0.15855996211928314 36.941419900914866 0.16814425075426698 197.67534580037727 0.21842080647547846 0.49775485018221743 1.3342838735259253 1.4752966655639728 0.37393117689498456 16.926660706922121 0.10852639563381672 0.13262841954974647 0.14942322671413422 0.36771267652511597 0.26483582265791483 2.4990249214471874 0.025545375421643257 0.62186045666021528 0.30193899228106602 0.21984747248461645 0.22553594071359839
leaf_count=25 17 4632 1131 2057 19 472 4 48 416 371 9768 2 85637 73 1813 198 1217 34 4584 2 70 1 3 6 10712 1 54 164 92 11
internal_value=6.49602e-06 -0.000893094 -0.0401723 -0.000217059 0.0592055 0.00979878 0.0380998 -0.0634338 0.0128006 -0.000551619 -0.000318696 0.150554 -0.000528787 0.0988706 0.00773174 0.00975191 0.00637256 -0.0447938 0.011554 -0.0708735 0.0764733 0.0132786 0.0740277 0.0353129 -0.0806907 -0.0739839 0.0846092 0.0886237 0.107047 -0.0963233
internal_weight=263.28 241.129 4.07986 237.049 1.32716 22.1518 0.934703 3.14515 0.58054 235.722 234.943 0.326704 234.617 1.03313 21.6908 21.1675 20.1102 1.84923 18.2609 0.778187 0.707635 0.282052 1.05731 0.483257 2.56461 0.5233 0.989573 0.3384 0.461047 0.66966
internal_count=123634 115149 12571 102578 4730 8485 1206 11365 628 97848 95778 373 95405 98 8376 6562 6033 1251 4782 2070 75 71 529 79 10737 1814 57 212 109 2068
is_linear=0
shrinkage=0.08


Tree=196
num_leaves=31
num_cat=0
split_feature=22 12 3 0 13 28 0 2 26 12 9 28 2 12 20 2 0 5 18 3 3 2 22 9 22 1 12 22 3 9
split_gain=0.353082 0.560871 0.458715 0.389595 0.369323 0.365584 1.05327 0.975209 0.902771 1.53577 0.896671 0.869805 1.75089 2.63263 0.624349 0.492711 1.2516 2.76739 1.81799 0.936402 3.27034 1.33465 0.318943 0.388997 0.30315 0.298648 0.285963 0.192279 0.221658 0.168634
threshold=0.66287881135940563 0.24568965286016467 0.15504807978868487 0.73375529050827037 1.0000000180025095e-35 0.6911335587501527 0.68801230192184459 0.84680575132370006 0.5634920895099641 0.34057971835136419 0.49238499999046331 0.69399762153625499 0.3647450208663941 0.43874999880790716 1.0000000180025095e-35 0.83910790085792553 0.85847797989845287 0.88749998807907116 0.75367295742034923 0.90366768836975109 0.92403846979141246 0.77629500627517711 0.76253134012222301 0.37356017529964453 0.6705426573753358 0.8521554470062257 0.19292803853750232 0.78910306096076976 0.92031747102737438 1.0000000180025095e-35
decision_type=2 2 2 2 2 2 2 2 2 2 2 2 2 2 2 2 2 2 2 2 2 2 2 2 2 2 2 2 2 2
left_child=5 2 4 -3 22 6 7 8 9 -1 -10 12 -7 14 -14 19 17 -17 -18 21 -21 -13 26 -24 29 -9 -2 -26 -29 -4
right_child=1 3 24 -5 -6 11 -8 25 10 -11 -12 15 13 -15 -16 16 18 -19 -20 20 -22 -23 23 -25 27 -27 -28 28 -30 -31
leaf_value=-0.0079300875092544847 -0.085290294874425798 0.076517401129798907 0.097966445377672309 -0.054899703916039988 0.083380121360279238 -0.084751202503018222 -0.10621867152060295 0.10048685631164947 0.065877237290507706 0.024811104387584885 -0.050221846490592921 0.0041311046383953245 -0.079375120984152961 0.4386813952911971 0.10831143798827643 -0.023132140068765773 0.22567153755058486 -0.33305521078556327 -0.00017367847233565762 0.077356192237565222 0.0040571152575045307 -0.025539371615109149 -0.045441289036684991 0.083953325882727053 -0.077312325957725955 0.017760189134312595 0.019079816586316158 0.030733918352678767 -0.0847010194783481 -0.081663222278360981
leaf_weight=60.56702659801357 0.33925849443676204 1.3298076383125588 0.15252422116463993 0.16195740055627528 0.54871237952579566 0.32484841272162046 0.65208601969709334 0.71639616823085706 0.47217476424157112 10.804559329502807 4.3302672050422188 77.37668462081092 0.14658640958782598 0.14910781383514404 0.50154914009704044 11.533271514558461 0.22910335173582907 0.18738790139104899 52.743421394480265 4.7934251955084646 20.798619947341194 11.094027740420414 0.21579812220352323 0.47818286584288217 0.65610553266168359 0.45773102100974938 0.33284747484140098 0.30098309305515158 0.16472509779487154 0.042843113784556408
leaf_count=86568 256 818 2 17 55 40 478 25 23 713 788 11464 222 1 171 2032 4 24 10570 658 3151 2541 59 45 2023 21 7 354 283 221
internal_value=1.94448e-07 0.0216744 0.00294628 0.0622498 0.0279433 -0.000396828 -0.00497105 -0.00411748 -0.00523272 -0.00297358 -0.038807 0.00158669 0.0718014 0.135591 0.0658631 0.00114593 -0.00443104 -0.0280871 0.00080309 0.00430903 0.0177861 0.000410494 0.00567615 0.0437172 -0.0333921 0.068236 -0.033603 -0.0494084 -0.0100964 0.0585745
internal_weight=262.602 4.72375 3.23198 1.49177 1.9148 257.878 78.0002 77.3482 76.174 71.3716 4.80244 179.878 1.12209 0.797243 0.648136 178.756 64.6932 11.7207 52.9725 114.063 25.592 88.4707 1.36609 0.693981 1.31718 1.17413 0.672106 1.12181 0.465708 0.195367
internal_count=123634 4140 3305 835 422 119494 88616 88138 88092 87281 811 30878 434 394 393 30444 12630 2056 10574 17814 3809 14005 367 104 2883 46 263 2660 637 223
is_linear=0
shrinkage=0.08


Tree=197
num_leaves=31
num_cat=0
split_feature=22 28 7 12 8 8 8 22 11 28 1 25 3 11 1 27 22 3 10 7 9 8 8 18 3 8 9 28 1 7
split_gain=0.320569 0.733798 1.11147 0.580818 0.562395 0.753706 0.73103 0.830502 1.23272 0.777549 0.689211 1.29509 1.55958 0.850841 0.813388 0.518164 0.514613 0.64268 0.553724 0.492086 0.9075 0.516908 2.21542 1.25807 1.29035 1.20319 0.476277 0.464212 0.600024 0.396214
threshold=0.48435972630977636 0.4350078701972962 21.500000000000004 0.13100686669349673 0.91458967328071605 0.87026646733284008 0.92940199375152599 0.48808848857879644 0.34913147985935217 0.42438536882400518 0.12834591418504718 1.0000000180025095e-35 0.13423423469066623 0.61887633800506603 0.6705426573753358 0.25391484797000891 0.73286384344100963 0.10435571894049646 0.65176862478256237 28.500000000000004 0.81266710162162792 0.44151847064495092 0.45199692249298101 0.3754898607730866 0.37617924809455877 0.46211251616477972 0.87106668949127208 0.30532014369964605 0.58280590176582348 9.5000000000000018
decision_type=2 2 2 2 2 2 2 2 2 2 2 2 2 2 2 2 2 2 2 2 2 2 2 2 2 2 2 2 2 2
left_child=1 2 27 -4 5 10 -6 -8 -9 -10 11 12 -2 -13 29 -7 17 -17 -18 21 -21 23 26 -3 -25 -24 -23 28 -1 -12
right_child=4 19 3 -5 6 15 7 8 9 -11 14 13 -14 -15 -16 16 18 -19 -20 20 -22 22 25 24 -26 -27 -28 -29 -30 -31
leaf_value=-0.082495357750594633 0.052082542507747978 -0.069314586615102675 -0.081452429107352634 0.076273318839407467 0.072182495711385977 0.077097294514549747 0.10723629253089008 -0.077519881954457637 0.08180298442608909 0.0054871229328733832 0.069999352466291354 -0.074306612209232542 -0.079379748483212484 0.054069310866947246 -0.074441246964567998 0.07776400997482559 -0.079557235606058388 -0.073719155431739056 0.083592313567695614 -0.087053331381398424 0.048598553786949807 -0.10699083217277743 0.083546049886207091 0.041226935827172288 0.00075059902917015947 -0.00094854863373180435 0.083569649577561481 -0.079881653770277353 0.10848648891139247 -0.080626959622697947
leaf_weight=0.2124965494213028 2.8538498985833507 1.1699872102766473 0.19269534294130597 0.6653773816260582 1.6945004730482631 0.24285403712565257 0.55820201927690494 0.97169033386603576 1.0594912664477076 4.414679423406028 2.1323993999948252 1.8762383764499193 0.72408089222744809 0.40104171556231438 0.3187514134734214 0.19552960315604728 0.21076214119955228 2.1521315322991086 0.36149068659597106 1.0435470423012692 0.45248475007610967 1.4732603352375679 1.0841195421958207 8.0445563174889703 13.498880571996152 211.50414464714902 0.089012635164181009 2.1040900480851406 0.20867580020149035 0.11794757555310287
leaf_count=83 437 137 1013 57 310 28 12 771 335 1100 1295 121 489 76 1153 23 318 646 191 391 38 497 538 553 3419 99614 34 9101 5 849
internal_value=-1.50946e-06 -0.000812084 -0.0378073 0.0408532 0.00965808 -0.00188317 0.0250318 0.0136246 0.00551798 0.0202576 0.0106186 -0.0045386 0.025478 -0.0516989 0.0451631 -0.0351827 -0.0445212 -0.0611026 0.0235039 -0.000286966 -0.0460245 1.91172e-06 -0.00121519 0.0114772 0.0158649 -0.000517658 -0.0961334 -0.0645357 0.0121293 0.0621046
internal_weight=262.029 241.743 3.38334 0.858073 20.2856 11.5871 8.69856 7.00406 6.44586 5.47417 8.42431 5.85521 3.57793 2.27728 2.5691 3.16277 2.91991 2.34766 0.572253 238.36 1.49603 236.864 214.151 22.7134 21.5434 212.588 1.56227 2.52526 0.421172 2.25035
internal_count=123634 115480 10259 1070 8154 5626 2528 2218 2206 1435 4420 1123 926 197 3297 1206 1178 669 509 105221 429 104792 100683 4109 3972 100152 531 9189 88 2144
is_linear=0
shrinkage=0.08


Tree=198
num_leaves=31
num_cat=0
split_feature=7 8 4 12 3 28 9 0 18 8 28 5 28 2 28 7 18 8 8 1 0 18 27 8 10 20 2 3 0 12
split_gain=0.314713 1.3751 2.04963 3.52063 2.44436 1.25592 2.53342 1.21409 2.31622 1.10827 1.41811 1.79567 1.95549 2.43343 1.57565 1.22047 1.78666 2.11766 1.17163 1.33725 1.07749 1.24047 1.01849 0.938738 0.935195 0.900265 2.36851 2.09375 1.80848 4.81039
threshold=12.500000000000002 0.48683299124240881 1.0000000180025095e-35 0.0745370388031006 0.83457711338996898 0.47279773652553564 0.47138307988643652 0.64899963140487682 0.89465475082397472 0.6760731339454652 0.6911335587501527 0.64583334326744091 0.70291385054588329 0.73746865987777721 0.69399762153625499 9.5000000000000018 0.87885165214538585 0.72821971774101268 0.63373982906341564 0.81302964687347423 0.62115561962127697 0.88810643553733837 0.86061230301857006 0.6195238232612611 0.72427368164062511 1.0000000180025095e-35 0.59491634368896495 0.71834936738014232 0.74115687608718883 0.050641026347875602
decision_type=2 2 2 2 2 2 2 2 2 2 2 2 2 2 2 2 2 2 2 2 2 2 2 2 2 2 2 2 2 2
left_child=9 7 4 -4 5 6 -3 8 20 10 18 14 -13 -14 -12 25 -17 -18 -1 24 21 -2 -7 -16 -20 28 -27 -28 29 -11
right_child=1 2 3 -5 -6 22 -8 -9 -10 15 11 12 13 -15 23 16 17 -19 19 -21 -22 -23 -24 -25 -26 26 27 -29 -30 -31
leaf_value=-0.025590068362795856 0.0022741678824430627 -0.080504976744586634 -0.15077861302740134 0.13233366465686894 0.043981168903920176 -0.081836755095111458 0.29489344549740276 0.11914208723646576 -0.26335160322413687 -0.084998295847671809 0.25191908347700548 -0.23881689169230022 0.09089749272459581 -0.025712401483847614 0.025728860488077345 -0.09176948565339639 0.09123062877398809 -0.062524562090393435 -0.081205472945759291 0.12245111590871383 0.10338416097267893 -0.11802341246169055 0.0040916460048035733 0.070128929490137978 0.046276728843774068 0.041972471566322798 -0.038338130417070716 0.0041803925740769325 0.012039344533727627 -0.0066814621617704651
leaf_weight=7.5178754906666558 25.113454441283935 0.27436367968880215 1.6947825634608755 0.33701557421591122 2.9574454659908724 3.4691473726798563 0.19814655700020012 0.56003198121356845 0.21184916714992041 5.6042691156562219 0.2250751112246715 0.22639415740013547 1.474061797300237 5.1356396128558117 10.476735913322953 2.2984389752381267 1.0572679798567608 1.252386512835528 0.61341564498911816 0.80864531091839342 0.65720000488909036 0.56084708384696469 1.1841245280454016 4.2977840492576425 0.92159313498268602 9.8088954376644306 8.0517909231504046 93.313438806411568 22.794546161072503 48.094522121905698
leaf_count=8172 8956 3018 74 67 1095 4645 25 62 11 23143 39 22 239 581 773 3832 137 92 4606 261 121 59 2555 646 96 10900 5892 19386 5629 18500
internal_value=-6.6108e-06 -0.0068188 -0.0319901 -0.103819 -0.0139353 -0.0473517 0.0769179 0.00257517 0.000115749 0.0011254 0.0149855 0.0263571 -0.00762538 0.000293341 0.0418447 -0.00115948 -0.0418343 0.00785845 -0.0101939 0.0391931 0.00223547 -0.000353695 -0.0599704 0.0386445 -0.00466733 -0.00016073 0.00443538 0.000802999 -0.00684064 -0.014855
internal_weight=261.191 37.2184 10.115 2.0318 8.08323 5.12578 0.47251 27.1034 26.5434 223.973 31.6972 21.8357 6.8361 6.6097 14.9996 192.276 4.60809 2.30965 9.86153 2.34365 26.3315 25.6743 4.65327 14.7745 1.53501 187.667 111.174 101.365 76.4933 53.6988
internal_count=123634 20688 11479 141 11338 10243 3043 9209 9147 102946 15435 2300 842 820 1458 87511 4061 229 13135 4963 9136 9015 7200 1419 4702 83450 36178 25278 47272 41643
is_linear=0
shrinkage=0.08


Tree=199
num_leaves=31
num_cat=0
split_feature=22 12 3 3 3 17 7 28 28 28 8 2 5 6 8 8 28 1 3 6 1 7 12 1 3 0 28 2 12 28
split_gain=0.315812 0.509084 0.400546 0.359479 1.64793 1.80704 2.04174 1.90688 2.18822 1.37851 1.36227 1.24257 1.27771 2.03273 1.94134 2.74544 1.76446 1.38029 1.16486 1.02899 1.21676 1.64548 0.909272 0.861376 0.738966 1.04595 1.02934 0.657921 0.528689 0.391722
threshold=0.66287881135940563 0.24568965286016467 0.15504807978868487 0.80810147523880016 0.84680575132370006 1.0000000180025095e-35 4.5000000000000009 0.68307831883430492 0.80735492706298839 0.59473320841789257 0.7245689630508424 0.74646764993667614 0.58571431040763866 2.5000000000000004 0.96824595332145702 0.91010102629661571 0.55013227462768566 0.72613638639450084 0.855400711297989 1.5000000000000002 0.86526826024055492 2.5000000000000004 0.67333334684371959 0.72255688905715953 0.84924244880676281 0.67028987407684337 0.85404962301254284 0.52027395367622387 0.39009661972522741 0.63185164332389843
decision_type=2 2 2 2 2 2 2 2 2 2 2 2 2 2 2 2 2 2 2 2 2 2 2 2 2 2 2 2 2 2
left_child=3 2 -2 11 5 7 9 10 -9 -7 -5 12 13 17 15 -14 -15 -1 24 -13 28 -22 23 -20 25 -6 -26 -8 -21 -16
right_child=1 -3 -4 4 18 6 27 8 -10 -11 -12 19 14 16 29 -17 -18 -19 22 20 21 -23 -24 -25 26 -27 -28 -29 -30 -31
leaf_value=-0.0052056075814693407 0.027029384985872689 0.06186079411926855 -0.03304375887797599 -0.08465863856523162 0.10839446133072152 -0.036133481627400155 0.077089428556529477 -0.072065038276925245 0.024905646811472028 0.076565379375020073 0.09389991297591907 0.061891516119767627 0.0017135592901488281 0.11713726835094143 -0.16577522020379651 0.093329791089139885 -0.07524680530331633 0.023021057571845426 0.061685711376281878 -0.085749745661710425 0.063356351845958156 -0.054140741088297112 0.080217037961170357 -0.0013447836390839407 -0.12239115521164765 -0.078682191830356935 0.079156214960066737 -0.046719457713496282 -0.016149834606880721 -0.050267476118111568
leaf_weight=89.417573032212204 1.7584427790484363 1.3642067671335096 1.1917877079363277 0.32729677201530272 0.33919123047598931 0.76850868168457953 0.33101475266903424 3.1288845578071687 2.8421921633853344 7.2253796913309998 1.6622107349041924 0.65662410785489456 5.2133201544811492 0.33235996964094638 0.25151214307698033 3.4979568872740856 3.7210276120329127 12.656856726633746 1.4054547187223523 3.2856138829945394 1.3112452635746197 1.8238231763591555 0.89943636470525135 109.36845900960247 1.1819058633761867 0.43859996197215878 0.18796766466221004 1.6144862103787998 0.88708004516956851 0.74298416515739518
leaf_count=76864 422 835 2883 1265 93 65 95 1016 515 772 716 248 692 251 9 482 2074 9057 595 1774 155 624 5966 14452 221 108 84 743 71 487
internal_value=-1.50163e-05 0.0214488 0.00276198 -0.000377432 0.00253157 0.0250956 0.0478435 -0.00330674 -0.0259076 0.0657308 0.064525 -0.00347261 -0.001371 -0.00391191 0.0264126 0.0385015 -0.0594722 -0.0017056 -0.00101695 -0.0340384 -0.042658 -0.00499747 0.000105394 -0.000545078 -0.0593759 0.00290109 -0.0947358 -0.0256542 -0.0709534 -0.0794799
internal_weight=259.833 4.31444 2.95023 255.519 131.721 17.9 9.93939 7.96058 5.97108 7.99389 1.98951 123.798 115.834 106.128 9.70577 8.71128 4.05339 102.074 113.821 7.96439 7.30776 3.13507 111.673 110.774 2.14766 0.777791 1.36987 1.9455 4.17269 0.994496
internal_count=123634 4140 3305 119494 26706 5187 1675 3512 1531 837 1981 92788 89916 88246 1670 1174 2325 85921 21519 2872 2624 779 21013 15047 506 201 305 838 1845 496
is_linear=0
shrinkage=0.08


Tree=200
num_leaves=31
num_cat=0
split_feature=3 3 6 18 0 6 3 4 18 17 9 2 3 5 1 12 15 27 17 28 27 3 2 18 12 28 0 18 25 10
split_gain=0.317028 2.19992 1.94648 1.98317 2.79691 1.57469 1.25462 1.24002 2.74739 1.46649 1.42631 1.08917 1.36525 0.996639 0.972552 0.883831 2.29846 1.06939 0.73852 0.654629 0.516985 0.492676 0.550049 0.428484 0.319881 0.313393 0.535948 0.422307 0.186821 0.221091
threshold=0.97332859039306652 0.96449580788612377 2.5000000000000004 0.93338736891746532 0.97915762662887584 1.5000000000000002 0.9607692062854768 1.0000000180025095e-35 0.8971708118915559 1.0000000180025095e-35 0.55013227462768566 0.95180022716522228 0.95040982961654674 0.36931818723678594 0.95861870050430309 0.061553031206130988 1.0000000180025095e-35 0.45198893547058111 1.0000000180025095e-35 0.5219533145427705 0.7649616301059724 0.97014260292053234 0.83910790085792553 0.86503341794013988 0.29520697891712194 0.71812930703163158 0.79772728681564342 0.90982207655906688 -1.0000000180025095e-35 0.52657252550125133
decision_type=2 2 2 2 2 2 2 2 2 2 2 2 2 2 2 2 2 2 2 2 2 2 2 2 2 2 2 2 2 2
left_child=1 6 21 -4 20 18 7 11 10 -10 -9 12 -1 -7 -15 16 -16 -17 24 -20 -5 22 -3 -8 -2 27 -27 -21 29 -25
right_child=5 2 3 4 -6 13 23 8 9 -11 -12 -13 -14 14 15 17 -18 -19 19 25 -22 -23 -24 28 -26 26 -28 -29 -30 -31
leaf_value=0.000721258366294798 -0.12372050043474087 -0.13604001848353534 -0.10804046148907363 0.087315554508974852 -0.16946002055154233 0.16418020566432823 -0.082196983679960603 0.075920239251715704 -0.014510374197073198 -0.089033524521875476 -0.034491243521651761 0.084382909810580303 -0.088983504571913147 0.080358687247186519 -0.10413172738833316 0.094553128887444354 0.0042907728752313926 0.017164219193806094 0.071036191635111268 -0.043730104424761364 -0.04035788202177857 -0.18575584541248957 0.082649313318869044 -0.083260546969941576 0.081103289405779683 0.092882096254239349 -0.08221089886083302 -0.16069487545151848 0.099184213748200509 0.081422488929252412
leaf_weight=179.65740504530118 0.86048369201807795 0.24884365268007858 1.1956153273099519 1.380292116200508 0.39269743291333714 0.2599191690430861 0.10452552264155102 1.9468738507593442 2.9902224029451645 3.8864367856403987 1.2168033664647735 0.98850764068174513 1.0924289672936982 1.1393880101682032 1.2858970477902847 1.3419652814791314 46.574410634115338 7.6986402586026088 0.36873056099375401 0.92126236222247804 0.23797811027361593 0.75698458109945932 0.10452766530397639 0.084205620137254189 0.051732485087995883 0.23579713104300015 0.21290379958554695 0.2514904400359228 1.1238183774385104 0.13715513844726956
leaf_count=108713 410 19 86 69 35 39 68 514 472 482 401 356 308 197 1348 241 571 8227 121 86 178 21 55 26 95 161 99 11 184 41
internal_value=-1.76465e-05 -0.00157631 -0.0580579 -0.0264471 0.0220641 0.00501329 -0.000314447 -0.000874914 -0.0282435 -0.0566281 0.0334541 0.000637094 0.000179094 0.00787645 0.00717649 0.00571108 0.00137771 0.0286516 -0.0524987 -0.0251779 0.0685403 -0.149347 -0.0713514 0.0738287 -0.112105 -0.0470577 0.00980234 -0.0688126 0.0859525 0.0187771
internal_weight=258.748 197.545 4.31694 3.20658 2.01097 61.2026 193.228 191.779 10.0403 6.87666 3.16368 181.738 180.75 58.3002 58.0403 56.9009 47.8603 9.04061 2.9024 1.99018 1.61827 1.11036 0.353371 1.4497 0.912216 1.62145 0.448701 1.17275 1.34518 0.221361
internal_count=123634 112028 463 368 282 11606 111565 111246 1869 954 915 109377 109021 10623 10584 10387 1919 8468 983 478 247 95 74 319 505 357 260 97 251 67
is_linear=0
shrinkage=0.08


Tree=201
num_leaves=31
num_cat=0
split_feature=25 27 3 18 18 18 7 8 11 28 0 8 8 7 3 8 18 7 28 9 28 0 10 27 27 28 13 27 27 28
split_gain=0.315633 0.606027 0.806808 0.929537 0.83317 0.709002 0.589881 1.04596 1.66308 1.43951 1.11829 1.01581 1.53078 1.38222 1.46762 1.38254 1.19979 1.19091 0.89766 0.573137 1.6855 1.7718 1.85764 1.47649 3.7705 1.54572 1.455 3.74782 1.47416 1.27348
threshold=-1.0000000180025095e-35 0.92511683702468883 0.53694942593574535 0.52118813991546642 0.49251613020896917 0.59303179383277904 12.500000000000002 0.44151847064495092 0.88937836885452282 0.83388519287109386 0.79772728681564342 0.73123827576637279 0.71902412176132213 4.5000000000000009 0.81754159927368175 0.8169856369495393 0.46299391984939581 6.5000000000000009 0.76552855968475353 0.71126025915145885 0.80099010467529308 0.26158231496810919 0.8582010567188264 0.89202436804771434 0.88935971260070812 0.5085725486278535 1.0000000180025095e-35 0.41202270984649664 0.30455486476421362 0.81266710162162792
decision_type=2 2 2 2 2 2 2 2 2 2 2 2 2 2 2 2 2 2 2 2 2 2 2 2 2 2 2 2 2 2
left_child=19 6 3 4 -3 -4 11 8 9 -8 18 12 16 15 -15 -13 -2 -14 -9 23 21 22 -21 24 26 -25 28 -28 -1 -22
right_child=1 2 5 -5 -6 -7 7 10 -10 -11 -12 13 17 14 -16 -17 -18 -19 -20 20 29 -23 -24 25 -26 -27 27 -29 -30 -31
leaf_value=0.029851879053716449 0.055996379133372395 0.0061966314011853065 0.11347526136195585 -0.043961757783082304 0.10744355703572524 0.031173853914477311 0.00051104825284432063 -0.023665931534458395 -0.080414700719897036 0.076545654983539421 0.10436147917605108 0.032840914904664134 -0.037388991854359642 -0.042751680565365192 -0.00061155286428601267 0.00015638642350542398 0.0046674987834021599 0.11191278148832762 -0.083774708778546869 -0.08072172680833202 -0.078793244450766672 0.053872305669750972 0.031047852476312456 0.07529678339023195 0.36871795043862388 -0.060997009403818428 -0.056675494456749638 0.034753551095101358 -0.028634191967525285 -0.0040442842651009295
leaf_weight=3.2530849741053798 3.2968065652194189 2.658219358648465 0.8303356067764297 1.9215871348216067 0.64673131697645647 3.4671845979628415 9.3103804678530668 6.8804544019922069 1.3512107867572911 1.92265314715405 0.3700447071532843 9.0968879041256496 0.42983939300574947 9.4929802314911758 11.944872563404259 92.541779667717037 25.132291849078456 1.6717246510356742 2.0679770844690211 1.5763250503878246 1.5918627537030285 6.8567364653717959 2.401675872701162 0.59146921380681661 0.17248092320437436 5.3460007059194368 3.7964750239516425 11.750490034398807 18.128818816102864 17.435540977609435
leaf_count=825 295 706 312 512 87 6735 987 2438 39 60 15 853 104 3593 829 12855 4007 402 213 180 66 759 86 7632 418 16439 615 7088 51928 2556
internal_value=-1.30517e-05 0.00174352 0.0213975 0.0002837 0.0260092 0.0470755 0.000677001 -0.0116052 0.00343855 0.0135252 -0.0319213 0.00242832 0.0154903 -0.00081188 -0.0192718 0.00308172 0.0106199 0.0813756 -0.037557 -0.00447151 0.00404422 0.0292311 -0.013242 -0.0103801 -0.00445246 -0.0474199 -0.0061954 0.0124271 -0.019736 -0.0102979
internal_weight=257.935 185.034 9.52406 5.22654 3.30495 4.29752 175.51 21.9027 12.5842 11.233 9.31848 153.607 30.5307 123.077 21.4379 101.639 28.4291 2.10156 8.94843 72.901 29.8621 10.8347 3.978 43.0388 37.1013 5.93747 36.9289 15.547 21.3819 19.0274
internal_count=123634 35042 8352 1305 793 7047 26690 3752 1086 1047 2666 22938 4808 18130 4422 13708 4302 506 2651 88592 3647 1025 266 84945 60874 24071 60456 7703 52753 2622
is_linear=0
shrinkage=0.08


Tree=202
num_leaves=31
num_cat=0
split_feature=22 28 7 10 18 8 8 9 7 22 8 18 11 8 26 26 28 11 7 3 27 22 10 7 18 9 8 8 8 27
split_gain=0.343978 0.634241 1.01175 0.498847 0.470312 0.457375 0.687264 0.799196 0.833767 0.818942 0.678781 0.697158 0.878555 0.689023 0.655125 0.630296 0.733651 0.580982 0.575745 0.542428 0.637963 0.556393 0.472576 0.437877 1.44526 1.54788 1.50938 0.827268 1.15043 1.34082
threshold=0.48435972630977636 0.4350078701972962 21.500000000000004 0.83414238691329967 0.41249190270900732 0.91458967328071605 0.86425063014030468 0.659215807914734 4.5000000000000009 0.56980520486831676 0.9569842815399171 0.40496625006198889 0.39775866270065313 0.9740215837955476 0.70714285969734203 0.48076923191547399 0.77448415756225597 0.40329357981681829 8.5000000000000018 0.10435571894049646 0.25391484797000891 0.73286384344100963 0.65895724296569835 24.500000000000004 0.42300890386104589 0.81266710162162792 0.28165064752101904 0.21103239059448245 0.32037734985351568 0.73706510663032543
decision_type=2 2 2 2 2 2 2 2 2 2 2 2 2 2 2 2 2 2 2 2 2 2 2 2 2 2 2 2 2 2
left_child=1 2 -1 4 -4 6 7 8 14 -10 11 12 -7 -12 -2 22 -17 -14 -9 -8 -21 -22 -15 27 -25 -26 -27 -3 29 -29
right_child=5 23 3 -5 -6 10 19 18 9 -11 13 -13 17 15 -16 16 -18 -19 -20 20 21 -23 -24 24 25 26 -28 28 -30 -31
leaf_value=-0.063850410557646439 0.064528812037178002 -0.066103020566035273 0.079925101386872047 0.11065241846321883 -0.081727205734917555 -0.073197059893939653 0.074664291415793449 0.071564627811240206 -0.085508956105885978 -0.0014634311275154171 -0.032289200418255948 0.079437091726826461 0.15532764419467568 -0.08175500579618046 -0.092237265738075738 -0.086643766116329637 0.083845190818255269 0.024427691703815084 -0.060292355006467721 0.073770432256931126 -0.067723054776230987 0.02378263520915562 0.082268788200858797 0.10828329509305555 -0.073672652526953264 0.09820748111009614 -0.092725615211571757 -0.038049583043982323 -0.0003803555282620183 0.062491070039990521
leaf_weight=2.306771371243769 1.4189479750546086 1.2016475339653414 0.19696536145931975 0.35628549754619598 0.2774287667988915 0.5443077062313918 0.28935852032736908 1.7860660066235143 0.9913104445782327 2.9503426879620633 2.0385060351632092 2.0866567555540314 0.25245855087450753 0.12424032673197904 0.1939248852431773 0.46164530890382582 0.24849042136520438 1.5451002293380041 0.24047003893429053 0.28781145718312506 2.3503311042412069 0.5192181321560837 1.1814535747835178 0.46433195713541309 2.7759350260464548 0.80214265546237562 0.39569666953502747 1.1037295577798421 223.75395819643973 3.6771562723267834
leaf_count=9189 251 96 22 2 1046 125 59 247 1017 2758 879 738 4 403 2 22 103 221 27 34 723 508 33 58 972 53 56 111 103470 405
internal_value=-1.882e-05 -0.000858309 -0.0365888 0.039116 -0.0146102 0.0101921 -0.000550743 0.0129155 -0.00277389 -0.0226006 0.0241578 0.0458106 0.0158486 0.000506567 0.0456799 0.0336713 -0.0269863 0.042812 0.0559184 -0.0301697 -0.0397773 -0.051166 0.0666615 -0.000379595 -0.0252689 -0.0408743 0.0351343 0.000101222 0.000449327 0.03928
internal_weight=256.823 237.312 3.13745 0.83068 0.474394 19.5106 11.0278 7.58106 5.55453 3.94165 8.48286 4.42852 2.34187 4.05434 1.61287 2.01583 0.710136 1.79756 2.02654 3.44672 3.15736 2.86955 1.30569 234.175 4.43811 3.97377 1.19784 229.736 228.535 4.78089
internal_count=123634 115480 10259 1070 1068 8154 5626 4302 4028 3775 2528 1088 350 1440 253 561 125 225 274 1324 1265 1231 436 105221 1139 1081 109 104082 103986 516
is_linear=0
shrinkage=0.08


Tree=203
num_leaves=31
num_cat=0
split_feature=6 2 18 3 18 18 28 9 4 12 3 8 28 16 8 13 0 7 18 18 18 12 2 12 18 0 18 0 0 27
split_gain=0.312877 0.563799 1.38179 1.14247 1.38779 1.90192 0.9301 1.05763 1.75369 1.18429 0.812446 0.800955 0.508527 0.477538 0.923961 1.26447 1.24851 1.97723 1.72003 1.23462 1.03232 1.18113 0.992272 0.84252 0.848238 3.08091 2.98486 1.51888 1.01146 0.97722
threshold=3.5000000000000004 0.84273937344551098 0.79399442672729503 0.8216732144355775 0.92830836772918712 0.93338736891746532 0.84866103529930126 1.0000000180025095e-35 1.0000000180025095e-35 0.065591398626565947 0.80243903398513805 0.74106001853942882 0.76220238208770763 1.0000000180025095e-35 0.96720427274703991 1.5000000000000002 0.90521115064620983 4.5000000000000009 0.96042427420616161 0.95740577578544628 0.91619548201560985 0.30217391252517706 0.93908473849296581 0.69397994875907909 0.96368685364723217 0.89512962102890026 0.95387959480285656 0.85847797989845287 0.91331186890602123 0.88836967945098888
decision_type=2 2 2 2 2 2 2 2 2 2 2 2 2 2 2 2 2 2 2 2 2 2 2 2 2 2 2 2 2 2
left_child=13 3 -3 10 -5 -6 -4 8 -8 -9 11 -2 -13 23 16 20 18 22 19 -15 21 -16 -18 24 25 27 -27 -1 -26 -30
right_child=1 2 6 4 5 -7 7 9 -10 -11 -12 12 -14 14 15 -17 17 -19 -20 -21 -22 -23 -24 -25 28 26 -28 -29 29 -31
leaf_value=3.6002300503175652e-05 -0.092717671056343265 -0.10894634574946163 -0.091679723211525607 0.085665417637806038 -0.1072183993107672 0.069264760238976639 0.08422937335293687 -0.12862826232968669 0.0046589345726000654 -0.0060485753918896193 -0.089440013070928845 -0.026890979669791142 0.074512380891596314 -0.00029042857603129294 -0.077671209761499022 0.082613058524593608 -0.041911178419688833 -0.28171640183956198 0.067603318297224407 -0.096647378225012431 -0.0060306130372839092 -0.01412546729931031 0.057568870287583576 0.05065083330588812 0.088366470537113759 -0.0067152289729211336 -0.12752274751976495 0.038445669093601857 0.020057852244002233 -0.10124365059037979
leaf_weight=100.6379112757246 0.364985140787215 0.70520528782617375 0.59867489591215317 2.8525793643916586 0.69245738818062796 0.89714143688252079 2.3687595129013044 0.59778524837429303 7.0444352012127638 3.2300009853597658 0.68791916303234746 0.478307745364418 0.93568361233246833 84.681619178157064 4.0861900226795989 0.69329603511596438 4.8570421164959034 0.20502130272870989 2.3861891592096063 0.8596737350217144 7.0848583177821638 3.4546915779719711 0.73939870647336636 2.2833093671151792 1.3453110574737355 2.9756132492720999 2.3368913238555251 7.0506807442811796 8.3571608114079901 0.44782657460200503
leaf_count=36112 43 52 65 666 41 162 39 194 174 3266 100 145 295 69042 4337 299 736 22 352 141 1629 394 188 1922 199 461 132 762 1208 456
internal_value=-2.06348e-05 0.00922661 0.000288337 0.0280433 0.052286 -0.00761443 0.00585443 0.0102643 0.0246822 -0.0251918 -0.0156108 0.0129385 0.0402109 -0.000866709 -0.00473874 -0.0229537 -0.00176168 -0.037707 0.000609993 -0.0012588 -0.0279579 -0.0485591 -0.0287679 0.00249948 0.00160672 -0.000383159 -0.0598566 0.00255079 0.0237596 0.0138884
internal_weight=255.937 21.4539 14.5449 6.90907 4.44218 1.5896 13.8397 13.241 9.41319 3.82779 2.4669 1.77898 1.41399 234.483 109.048 15.319 93.7289 5.80146 87.9275 85.5413 14.6257 7.54088 5.59644 125.435 123.151 113.001 5.3125 107.689 10.1503 8.80499
internal_count=123634 5242 3790 1452 869 203 3738 3673 213 3460 583 483 440 118392 77140 6659 70481 946 69535 69183 6360 4731 924 41252 39330 37467 593 36874 1863 1664
is_linear=0
shrinkage=0.08


Tree=204
num_leaves=31
num_cat=0
split_feature=20 18 5 28 28 28 1 10 0 18 3 18 3 11 5 3 0 18 5 12 12 4 12 26 3 28 6 18 16 13
split_gain=0.312404 1.73214 1.97689 1.65508 1.85108 1.57857 1.37872 1.18843 1.97358 2.72587 1.81802 3.00316 1.59457 1.90028 1.7009 2.48987 1.67188 1.46515 1.4059 1.85923 1.17477 1.14872 1.213 1.30029 1.26043 1.07497 1.09199 1.02362 1.12562 0.993268
threshold=1.0000000180025095e-35 0.8240858018398286 0.27922078967094427 0.55585265159606945 0.48502780497074133 0.56765475869178783 0.71834936738014232 0.58113884925842296 0.73746865987777721 0.82486379146575939 0.77694860100746166 0.7341316044330598 0.83096903562545787 0.54295176267623912 0.10555555671453477 0.5912291705608369 0.38924963772296911 0.58929899334907543 0.58571431040763866 0.41885964572429663 0.13100686669349673 1.0000000180025095e-35 0.21240601688623431 0.069047622382640853 0.99350649118423473 0.81705284118652355 1.5000000000000002 0.77378848195076 1.0000000180025095e-35 1.0000000180025095e-35
decision_type=2 2 2 2 2 2 2 2 2 2 2 2 2 2 2 2 2 2 2 2 2 2 2 2 2 2 2 2 2 2
left_child=7 27 -3 4 -4 -5 -6 8 21 10 -10 -12 14 20 15 16 -9 -17 19 -16 -14 22 24 -24 -1 26 -15 28 -2 -7
right_child=1 2 3 5 6 29 -8 12 9 -11 11 -13 13 25 18 17 -18 -19 -20 -21 -22 -23 23 -25 -26 -27 -28 -29 -30 -31
leaf_value=-0.063267700624714443 0.055707056994019191 -0.05665633292346315 -0.085903068537636976 -0.13086344668862857 -0.028111589542773346 -0.0010350276805147526 0.095008976391952465 0.0017295912612019873 -0.061686491822471219 -0.065636333586807663 0.11018132606293937 0.0072649929170438667 -0.086694472943857154 0.055527608078076607 -0.063055950818625417 -0.050316838590880035 -0.057395166266339233 0.068933595817896431 0.043278635503848799 -0.0016463890277817453 0.082535772396232887 0.11678260102668135 0.093357624825140151 -0.08645321800150646 0.083735977177522999 0.047407729461082848 -0.071665326074073374 0.10235201804678884 -0.032112762291560799 0.023301211130809522
leaf_weight=9.1849713557508572 2.706331518912747 3.7326145334276353 0.54949175959120466 0.58086917212562994 0.72072389241111556 110.42291115101546 3.0263052390234861 59.462240799682149 1.682680823297974 3.2609349338313214 2.2535572542232094 9.3169091344382178 0.28078631202515492 0.57462724471224724 7.1117362092004424 0.75819145431159896 3.2269972877493265 5.0601743397646715 1.6208796019236604 5.6716733965913591 4.0372496401178068 0.27764145049786826 0.73427313853608278 0.3963074013872756 0.38910090240972373 1.4686905446369563 1.7402790431115134 1.5105280339314502 1.4264126471815073 11.889109486552796
leaf_count=54324 1815 13240 479 346 665 14887 572 7632 1108 818 539 1809 8 124 1751 52 1205 356 346 308 284 66 73 621 176 1901 55 1474 7165 9435
internal_value=-9.52255e-06 0.00259856 0.000728002 0.00241205 0.0512188 0.000705699 0.0713273 -0.00301495 -0.0175902 -0.000111861 0.0160104 0.0273098 0.00138841 0.0352635 -0.00192166 0.00333244 -0.00131392 0.0533941 -0.0269104 -0.0358101 0.0715313 -0.0438723 -0.0480391 0.0303277 -0.0572933 -0.00612716 -0.0400923 0.0459948 0.0253961 0.00133053
internal_weight=255.075 136.565 130.922 127.189 4.29652 122.893 3.74703 118.51 27.4964 16.5141 13.2531 11.5705 91.0135 8.10163 82.9119 68.5076 62.6892 5.81837 14.4043 12.7834 4.31804 10.9823 10.7047 1.13058 9.57407 3.7836 2.31491 5.64327 4.13274 122.312
internal_count=123634 50078 39624 26384 1716 24668 1237 73556 59534 4274 3456 2348 14022 2372 11650 9245 8837 408 2405 2059 292 55260 55194 694 54500 2080 179 10454 8980 24322
is_linear=0
shrinkage=0.08


Tree=205
num_leaves=31
num_cat=0
split_feature=22 2 5 5 8 2 5 8 10 10 0 7 11 19 2 12 27 2 13 22 22 9 13 22 22 11 0 22 12 12
split_gain=0.310333 0.529593 2.47602 2.53072 2.16887 1.71997 1.72294 1.41342 1.32559 1.23476 1.42254 1.10985 0.8316 0.980058 1.15416 0.492674 0.467058 0.466593 0.43651 0.557448 0.656543 0.445666 0.409997 1.19243 0.886601 1.07964 0.857657 0.791488 0.734994 0.653243
threshold=0.48435972630977636 0.51471862196922313 0.074175827205181136 0.19090909510850909 0.87026646733284008 0.59317129850387584 0.2264957278966904 0.43613053858280187 0.65176862478256237 0.57207792997360241 0.54653680324554454 3.5000000000000004 0.53456813097000133 0.63333335518836986 0.12599206715822223 0.26794873178005224 0.73592454195022594 0.62767899036407482 1.5000000000000002 0.51668518781661998 0.56980520486831676 0.37296918034553533 1.0000000180025095e-35 0.55217784643173229 0.60347411036491405 0.61266466975212108 0.11852502077817918 0.63859337568283092 0.20942982286214831 0.47493734955787664
decision_type=2 2 2 2 2 2 2 2 2 2 2 2 2 2 2 2 2 2 2 2 2 2 2 2 2 2 2 2 2 2
left_child=1 4 8 -4 9 6 -5 -7 17 15 11 -11 -6 14 -14 -1 -12 -3 22 -20 -21 -22 24 -24 25 -2 -25 -26 -29 -27
right_child=18 2 3 5 12 7 -8 -9 -10 10 16 -13 13 -15 -16 -17 -18 -19 19 20 21 -23 23 26 27 29 -28 28 -30 -31
leaf_value=-0.070564259321554565 0.077164415925954619 -0.072177423574736624 -0.079442319697112226 -0.07090392484295821 -0.08610380635010717 0.11396342012915991 0.03502748309713187 -0.002092053095318811 0.075659564533478274 0.045624730289668181 -0.021954420004818172 -0.0043930188763787788 0.022948682374078069 0.083774527054436415 -0.063343667110185853 0.073382392815856443 0.098856215348546841 0.03182828074963448 0.092015648762752186 -0.045609020256585697 -0.088140393487035701 0.076423753103430123 -0.056256364776399947 -0.0056087533540881366 -0.081706233942107284 -0.08526216049288031 0.061252828804965603 -0.02260634116770692 0.055558732479858652 0.041780667144011664
leaf_weight=2.0412941189715066 2.4558143670406642 0.58075460904910758 2.5481685018604585 1.0603872574415607 2.3808813253277767 0.67455868616298076 13.404430424905057 153.96629533930161 4.204084419487117 3.0403390747760559 0.24574553206912142 42.914633301029426 1.3683733888392451 0.44923882294096973 3.6062890507059819 0.16443050035741169 1.2293360413423213 0.52617647726629002 0.88298771059635273 0.70024056435795479 0.1202170429751277 0.85004214490845698 2.2912841365969143 5.0561360379831513 0.73994903445725446 0.50573869147046913 1.6216344971193164 1.8339209828141068 1.3270010667110907 0.53100722277304158
leaf_count=26033 1774 2163 13612 4053 6979 90 8705 43866 937 291 39 6941 92 51 1146 41 85 356 22 26 6 391 317 607 804 61 335 3585 205 21
internal_value=-1.71485e-05 -0.000812573 0.00135385 -0.000310656 -0.00748696 0.00088174 0.0272619 -0.00158581 0.0551512 -0.00132271 0.00139832 -0.00108389 -0.0466895 -0.0293882 -0.0396074 -0.0598334 0.0787294 -0.0227386 0.00983969 0.0406028 0.0134272 0.0560339 0.00503887 -0.00645868 0.0189867 0.0482646 0.010628 -0.00722664 0.0102085 -0.0201925
internal_weight=253.321 234.405 176.965 171.654 57.4406 169.106 14.4648 154.641 5.31102 49.6358 47.4301 45.955 7.80478 5.4239 4.97466 2.20572 1.47508 1.10693 18.916 2.55349 1.6705 0.970259 16.3625 8.96905 7.39343 3.49256 6.67777 3.90087 3.16092 1.03675
internal_count=123634 115480 73782 70326 41698 56714 12758 43956 3456 33430 7356 7232 8268 1289 1238 26074 124 2519 8154 445 423 397 7709 1259 6450 1856 942 4594 3790 82
is_linear=0
shrinkage=0.08


Tree=206
num_leaves=31
num_cat=0
split_feature=25 12 0 18 27 27 8 13 8 28 18 0 8 8 9 27 3 8 22 27 9 18 6 0 3 1 3 18 18 3
split_gain=0.337201 0.639456 0.605813 0.759208 0.605408 1.76271 1.09622 1.11239 0.73016 1.75904 2.33056 1.59628 1.28977 0.965138 0.697718 0.491616 0.716056 0.822953 1.08099 0.779137 0.807581 0.667364 0.561238 1.34657 1.10194 1.71462 0.714375 1.41988 2.29929 1.36657
threshold=-1.0000000180025095e-35 0.080540537834167494 0.83910790085792553 0.8713662624359132 0.94756481051445018 0.94881153106689464 0.91010102629661571 1.0000000180025095e-35 0.50423729419708263 0.7697085738182069 0.4520928710699082 0.38616426289081579 0.6238207519054414 0.6900656819343568 0.88956639170646679 0.92511683702468883 0.53694942593574535 0.61167800426483165 0.4236596822738648 0.96791350841522228 0.80466571450233471 0.61649322509765636 2.5000000000000004 0.60922586917877208 0.61167800426483165 0.84292763471603405 0.40289855003356939 0.77378848195076 0.87280967831611644 0.39718310534954077
decision_type=2 2 2 2 2 2 2 2 2 2 2 2 2 2 2 2 2 2 2 2 2 2 2 2 2 2 2 2 2 2
left_child=1 2 -1 -4 8 -6 7 -7 9 11 -11 -3 14 -14 -10 22 17 19 -19 -17 -21 -18 26 -24 -25 -26 29 -28 -29 -2
right_child=15 4 3 -5 5 6 -8 -9 12 10 -12 -13 13 -15 -16 16 21 18 -20 20 -22 -23 23 24 25 -27 27 28 -30 -31
leaf_value=-0.083437455653117734 0.0042652470415787984 -0.035566429131492043 0.05802470338211714 -0.052373888266976837 -0.16290271211301835 -0.049312123045781309 0.04181445769709332 0.021631995267038771 -0.056164671098880473 -0.068453386171757793 0.08415298054767531 0.056591340518439399 0.036744188798831033 -0.0040749003510832686 0.077690279930384784 -0.06712128721927374 0.10836180763200347 -0.074180393011916937 0.032864996953220212 0.0005851875301994407 0.099953682563256804 0.028348021701479615 0.073173763732932801 0.087835417182618059 -0.033053177272668155 0.0082188729787901638 -0.022777947584098412 0.026262137387907471 -0.0090639762771783355 0.078915392628762696
leaf_weight=1.2508378875093051 21.469176820843135 4.2328899673552751 0.64751423280586085 1.0373762489255112 0.5369885370657802 4.7679034043565007 1.8099636908659702 2.0111513573922366 3.7995905198654318 0.77702938446964243 3.6441525908521726 1.6804248923176599 4.0846711721585498 40.112706032562301 0.2667195079193333 0.42160329496061733 0.8382082100226852 1.5483448913173563 0.98967571129014675 1.0103282958179991 1.0861855540424583 3.26873811942869 1.8940025992958442 1.0045109334550932 7.2996103225905236 54.847541511243548 23.611033775998635 16.086330166609514 44.170051251569475 1.693245512303746
leaf_count=58546 2346 2111 477 1244 100 2518 1153 1003 3125 19 94 923 2363 14887 29 127 438 502 478 113 85 6609 159 63 599 5963 10021 3856 3471 212
internal_value=-1.87042e-05 -0.00470641 -0.0412594 -0.009947 -0.0031219 -0.0222884 -0.0134972 -0.028265 -0.00013693 0.0191615 0.0573322 -0.00937736 -0.00426923 -0.000302447 -0.0473848 0.0018089 0.0198647 -0.00029078 -0.0324391 0.0321117 0.0520671 0.0446785 0.000847426 0.0067081 0.0047147 0.00337119 -0.0027143 -0.00614906 0.000366851 0.00972241
internal_weight=251.899 70.6599 2.93573 1.68489 67.7242 9.12601 8.58902 6.77905 58.5982 10.3345 4.42118 5.91331 48.2637 44.1974 4.06631 181.239 9.16308 5.05614 2.53802 2.51812 2.09651 4.10695 172.076 65.0457 63.1517 62.1472 107.03 83.8674 60.2564 23.1624
internal_count=123634 88592 60267 1721 28325 4774 4674 3521 23551 3147 113 3034 20404 17250 3154 35042 8352 1305 980 325 198 7047 26690 6784 6625 6562 19906 17348 7327 2558
is_linear=0
shrinkage=0.08


Tree=207
num_leaves=31
num_cat=0
split_feature=21 20 1 12 1 8 28 3 1 9 2 27 28 2 18 1 0 0 2 18 3 3 2 27 4 8 11 11 11 28
split_gain=0.310414 0.854656 1.11303 1.22579 1.02871 2.10019 0.849754 0.82273 0.768229 0.857772 0.752078 0.889675 0.7929 0.738648 1.10308 1.57196 1.38701 1.10102 1.4584 1.15868 2.20951 1.52284 1.27412 1.2621 1.0206 0.921259 0.978774 0.768018 0.738352 0.6917
threshold=1.0000000180025095e-35 1.0000000180025095e-35 0.92031747102737438 0.18019481003284457 0.94494947791099559 0.89009663462638866 0.98192706704139721 0.78086888790130626 0.94185259938240062 0.59803447127342235 0.88067796826362621 0.35946278274059301 0.84384033083915722 0.88067796826362621 0.97010219097137462 0.95282599329948436 0.93127068877220165 0.85847797989845287 0.85880398750305187 0.86707893013954174 0.97259759902954113 0.92637759447097789 0.72065573930740368 0.83263304829597484 1.0000000180025095e-35 0.84698995947837841 0.50112107396125805 0.64767315983772289 0.95529049634933483 0.93362700939178478
decision_type=2 2 2 2 2 2 2 2 2 2 2 2 2 2 2 2 2 2 2 2 2 2 2 2 2 2 2 2 2 2
left_child=13 8 7 4 5 -4 -6 -3 9 -2 12 -12 -9 17 15 -15 -16 18 -1 22 21 -21 -19 -22 -18 27 -27 -17 -5 -26
right_child=1 2 3 28 6 -7 -8 10 -10 -11 11 -13 -14 14 16 25 24 19 -20 20 23 -23 -24 -25 29 26 -28 -29 -30 -31
leaf_value=-0.00064840672644291995 -0.10222532493588384 -0.054508868498090265 0.035269288568222416 0.081250841774741872 0.03215103012496217 -0.073319139842140876 -0.006051327779997573 0.040071505132199398 0.08685238008341141 0.01606741902495596 0.091165286720381225 -0.0044058323126755236 -0.017694104949830904 -0.089333816122481938 0.072137489725122794 -0.028336389386375012 0.081659599922353152 0.0037576762484444431 -0.083539820979953189 -0.0058293251195477196 0.084821325103900252 -0.12428558554856223 0.095453202154058558 -0.065361965145288747 -0.20273339173698318 0.084095863136617779 -0.047155894880279971 0.081073360201775538 -0.055196579194189542 -0.038555154954639646
leaf_weight=182.92296214380306 1.1780883885874112 0.68055586786385802 1.723349521509596 1.6900790298004711 5.0297612028512058 3.367075678659603 14.380890654836548 4.67514570690855 0.25056940905324143 0.58818832487941097 2.5151009698747662 0.82881579575405329 2.2539244323224921 2.1465019298525485 1.7474274464166222 9.9497216814479508 0.28692423973006931 1.6109227746073864 1.3685970458488999 2.6975336937148318 2.1812145202056858 0.93543319931086433 2.4369469020025463 0.42847015452844051 0.25471367899899633 1.0988546514518027 0.54346155149687536 0.42829494350098762 0.29866501723154204 0.46235380436428386
leaf_count=109023 411 464 59 4933 218 65 724 428 95 124 42 536 355 568 396 459 89 401 368 800 151 83 586 254 27 83 213 654 964 61
internal_value=-2.07315e-05 0.00649306 0.00922553 0.000356129 -0.00454679 -0.0365568 0.00384781 0.0306751 -0.044236 -0.0628326 0.0363183 0.0674772 0.0212812 -0.00123603 -0.0172695 -0.0262719 0.0290832 0.000158026 -0.00126398 0.0256245 0.00400826 -0.03633 0.0589613 0.0601635 -0.0458519 -0.0150107 0.0406631 -0.0238211 0.0607595 -0.0968739
internal_weight=250.961 39.4602 37.4434 26.4898 24.5011 5.09043 19.4107 10.9535 2.01685 1.76628 10.273 3.34392 6.92907 211.5 16.9183 14.1668 2.75142 194.582 184.292 10.2905 6.24265 3.63297 4.04787 2.60968 1.00399 12.0203 1.64232 10.378 1.98874 0.717067
internal_count=123634 9418 8788 6963 1066 124 942 1825 630 535 1361 578 783 114216 2550 1977 573 111666 109391 2275 1288 883 987 405 177 1409 296 1113 5897 88
is_linear=0
shrinkage=0.08


Tree=208
num_leaves=31
num_cat=0
split_feature=22 0 25 12 28 28 2 11 12 11 28 17 12 10 3 12 11 27 3 8 22 27 18 7 28 11 8 8 8 7
split_gain=0.29746 0.449276 0.341481 0.610986 1.32363 2.27445 1.71931 1.58864 0.911581 2.77776 1.07967 0.850342 1.12424 0.977875 0.737288 0.809493 0.802261 0.425795 0.621617 0.745115 0.925723 0.685129 0.614418 0.49792 1.05933 1.55144 0.826956 0.824149 1.42215 1.27887
threshold=0.75809821486473095 0.45748709142208105 -1.0000000180025095e-35 0.32666666805744177 0.80099010467529308 0.75088652968406688 0.19433516263961795 0.67867964506149303 0.45804196596145635 0.7278747856616975 0.85786435008049022 1.0000000180025095e-35 0.18019481003284457 0.51358735561370861 0.96922349929809581 0.065591398626565947 0.87106668949127208 0.92511683702468883 0.53694942593574535 0.61167800426483165 0.4236596822738648 0.96791350841522228 0.61649322509765636 12.500000000000002 0.49189095199108129 0.42281068861484533 0.32037734985351568 0.72821971774101268 0.71902412176132213 4.5000000000000009
decision_type=2 2 2 2 2 2 2 2 2 2 2 2 2 2 2 2 2 2 2 2 2 2 2 2 2 2 2 2 2 2
left_child=2 -2 3 11 5 7 -7 -5 9 -6 -10 12 -1 -14 16 -16 -13 23 19 21 -21 -19 -20 27 25 -25 -26 28 -4 -29
right_child=1 -3 17 4 8 6 -8 -9 10 -11 -12 14 13 -15 15 -17 -18 18 22 20 -22 -23 -24 24 26 -27 -28 29 -30 -31
leaf_value=-0.079228572695903401 0.057179453080620446 -0.034015212984939022 0.0096130293757425763 0.016162641180885985 -0.062459909355097668 -0.039056962650431244 0.075306725371320257 -0.048191216386272398 -0.058682162059248082 0.053460322989925826 -0.0086936188834633357 -0.0082704821845335976 0.083510400096365317 -0.025148902034395775 -0.092139585346518393 0.04455001948032529 -0.15268643850549413 -0.06413485383467224 0.1047174016112029 -0.071532367770710842 0.029535967713969342 0.049684856615653222 0.026364224792101192 -0.0056470397862208466 0.015038676156159406 0.13177118312110447 -0.025927149999711019 0.0031522892387897063 0.080514960107242614 -0.018689300789157141
leaf_weight=2.4576631388025287 1.2901566897135115 0.4723177670832398 28.053450187405364 8.1723140128015093 2.0280591201371889 1.0039087546538201 5.1945979501251713 3.5092240719168322 4.1190468180211601 3.8054547689898754 8.4131499963759762 18.956829244793035 0.57204870158875554 7.2225224721096311 0.30680714607592507 2.8813600152134313 0.24942640960216422 0.4062371543859612 0.79869144357564881 1.4790166892481695 0.95419660960556019 2.0289083382631361 3.2342597116498837 1.6028620492497823 4.0113612739496629 0.7825014849290709 14.749909899263455 98.693810262802572 1.9354582819605628 20.767073565482406
leaf_count=52292 971 758 4300 1113 244 67 347 684 238 407 1694 25893 208 3382 720 290 1 126 424 502 288 198 6586 1370 124 312 1945 13293 406 4451
internal_value=-9.11008e-06 0.0327406 -0.000241489 -0.00502944 0.00212064 0.0176147 0.0567844 -0.00316975 -0.0129637 0.0131599 -0.0251237 -0.0129678 -0.03205 -0.0171743 -0.00423188 0.031396 -0.010146 0.00159616 0.0186538 -0.000587957 -0.0318979 0.0306972 0.0418814 0.000706131 -0.0107836 0.039432 -0.0171682 0.0023319 0.014189 -0.000644652
internal_weight=250.153 1.76247 248.39 68.8924 36.2458 17.88 6.19851 11.6815 18.3657 5.83351 12.5322 32.6467 10.2522 7.79457 22.3944 3.18817 19.2063 179.498 8.90131 4.86836 2.43321 2.43515 4.03295 170.596 21.1466 2.38536 18.7613 149.45 29.9889 119.461
internal_count=123634 1729 121905 87580 4794 2211 414 1797 2583 651 1932 82786 55882 3590 26904 1010 25894 34325 8124 1114 790 324 7010 26201 3751 1682 2069 22450 4706 17744
is_linear=0
shrinkage=0.08


Tree=209
num_leaves=31
num_cat=0
split_feature=10 24 11 0 2 3 0 9 8 20 18 5 28 2 0 2 5 1 8 21 18 17 28 12 12 8 3 22 9 10
split_gain=0.306773 0.607068 0.422077 0.561191 0.745068 0.725195 0.670143 0.908488 0.557857 0.382558 1.48631 1.62259 1.36297 1.24819 3.14259 2.28053 1.68583 1.0523 1.06648 0.903114 0.83781 1.00632 0.950203 0.749379 0.226742 0.164614 0.0558799 0.173075 0.0519257 0.0238264
threshold=0.9855765998363496 1.0000000180025095e-35 0.31074520945549017 0.26894375681877142 0.10063291341066362 0.15504807978868487 0.44327485561370855 0.67986929416656505 0.74388790130615245 1.0000000180025095e-35 0.8240858018398286 0.27922078967094427 0.55585265159606945 0.88067796826362621 0.81661397218704235 0.70659971237182628 0.64583334326744091 0.96178188920021068 0.79795917868614208 1.0000000180025095e-35 0.77378848195076 1.0000000180025095e-35 0.58735710382461559 0.18019481003284457 0.72902098298072826 0.76253134012222301 0.19756097346544269 0.46265329420566564 0.48790244758129125 0.63925975561141979
decision_type=2 2 2 2 2 2 2 2 2 2 2 2 2 2 2 2 2 2 2 2 2 2 2 2 2 2 2 2 2 2
left_child=1 9 -2 4 5 28 7 -5 -9 13 20 19 -13 14 16 -16 -1 23 -19 -12 21 -11 -22 -15 25 -8 27 -6 -4 -3
right_child=2 29 3 6 26 -7 24 8 -10 10 11 12 -14 17 15 -17 -18 18 -20 -21 22 -23 -24 -25 -26 -27 -28 -29 -30 -31
leaf_value=-0.00555988141238017 -0.082613275964766336 0.03638727706636978 0.0022635173726572263 0.074392046814531293 -0.06184982585112675 -0.076876865936399807 0.081846641883692645 -0.0095085495478825777 -0.084321243065575799 -0.03265299682189951 -0.065414973177587085 0.047002064933184054 0.0003599262131709047 -0.097735823584077688 -0.022188263105390172 0.069025363437323697 -0.10862897664949342 -0.080803786925054258 0.024652950488321803 0.077894506374137543 -0.080672805752066257 0.052966143411007173 0.11814505570537324 0.076705239937757005 0.081581903867824823 -0.015619181049823056 0.092797679593845994 0.082565955445002628 0.084702036406826359 0.086109157366781319
leaf_weight=91.706448340491676 0.27216813829727282 0.06990877501743753 0.057594960162532849 0.66398979857331131 0.064595647156238445 0.46072389740584185 0.15871053574301164 2.6119550838575383 0.84403205796115788 1.3298765695801074 3.2389886279522666 4.1470449872526833 121.04583372061262 2.0530060693988612 2.4342290345730344 6.2802310027343538 1.0270094937709462 0.91959831434633121 1.8452548703148748 0.3082116048382203 0.17447653678948416 2.58890336500167 1.3010917199335379 0.17071592357206089 0.7851148099589409 0.36817309660818864 1.1725078936815405 0.29872996880385472 0.32387827746288167 0.52399955352666439
leaf_count=68949 5 74 4 7 3 25 81 123 27 7144 13092 1716 20811 339 463 1236 121 23 274 106 1224 1806 235 165 4158 452 143 223 173 432
internal_value=-1.1595e-05 -0.000525391 0.0153196 0.0187325 0.0511432 -0.00932738 0.00454353 -0.0113132 -0.0277795 -0.000724821 0.00211697 0.000393171 0.00190496 -0.00430613 -0.00238503 0.0435465 -0.00670136 -0.0433738 -0.0104223 -0.052963 0.0432567 0.0239104 0.0946361 -0.0843439 0.0543374 0.01374 0.0843032 0.0568903 0.0722554 0.0802564
internal_weight=249.247 241.165 8.08217 7.81001 2.37803 0.842197 5.43198 4.11998 3.45599 240.571 134.134 128.74 125.193 106.436 101.448 8.71446 92.7335 4.98858 2.76485 3.5472 5.39435 3.91878 1.47557 2.22372 1.312 0.526884 1.53583 0.363326 0.381473 0.593908
internal_count=123634 118210 5424 5419 571 202 4848 157 150 117704 46134 35725 22527 71570 70769 1699 69070 801 297 13198 10409 8950 1459 504 4691 533 369 226 177 506
is_linear=0
shrinkage=0.08


Tree=210
num_leaves=31
num_cat=0
split_feature=9 27 8 1 26 12 9 28 11 11 1 5 24 11 7 26 12 27 27 10 25 10 1 2 11 28 0 0 2 0
split_gain=0.307127 0.441611 0.38475 0.470071 0.370044 1.24397 0.950058 1.17739 0.803892 0.780564 0.584809 1.0317 0.540578 0.497178 0.584142 0.557675 0.488869 0.272382 0.255277 0.272637 0.239102 0.196036 0.155993 0.139318 0.106694 0.208713 0.0487195 0.175621 0.0300786 0.136762
threshold=0.96462243795394909 0.99655172228813182 0.6789083480834962 0.43107089400291448 0.93303570151329052 0.71825397014617931 0.78699102997779857 0.77448415756225597 0.63185164332389843 0.58351215720176708 0.71834936738014232 0.78888890147209179 1.0000000180025095e-35 0.94146201014518749 29.500000000000004 0.69615384936332714 0.5419580638408662 0.85201290249824535 0.59008195996284496 0.90976935625076305 -1.0000000180025095e-35 0.96315687894821178 0.23845060169696811 0.23606811463832858 0.93515834212303173 0.93946442008018505 0.32690165936946874 0.27475491166114813 0.37248718738555914 0.34066730737686163
decision_type=2 2 2 2 2 2 2 2 2 2 2 2 2 2 2 2 2 2 2 2 2 2 2 2 2 2 2 2 2 2
left_child=4 28 20 26 5 12 7 18 17 22 16 -12 13 15 -15 -1 -11 -7 -6 -20 -3 -5 -8 -9 -10 -26 27 -4 -2 -30
right_child=1 2 3 21 6 8 9 23 24 10 11 -13 -14 14 -16 -17 -18 -19 19 -21 -22 -23 -24 -25 25 -27 -28 -29 29 -31
leaf_value=0.00028065458394219188 0.092030873534233712 -0.044250285488939188 0.080334717342636572 -0.085124532308760742 -0.085319960130403383 -0.077759783394396639 -0.05508208970386673 0.16557399065844819 0.088400213048919124 -0.091365829424196229 0.080946747216047957 -0.067548418778327735 0.079134861601168491 0.11662928941043477 -0.082457326610167345 -0.017477840374409349 -0.034231106873504551 0.080702115250188486 -0.047844771519149516 0.066475747965759682 0.082091879591913192 0.080258383917531137 0.080147031682646044 0.090921473096877231 -0.054168748362164773 0.082316001149633153 -0.093753460310782646 -0.09381163969218563 -0.0832531088715176 0.080412849526786664
leaf_weight=222.11991186466327 0.46479383038786104 0.12263750608690316 0.052584651777124236 0.05657636746764183 0.28203206404577741 0.32097245202385183 0.061741392317344324 0.25234127533622086 1.6047377026825413 1.2429409541073253 0.6660932339782446 0.54398151183431764 0.54760132989645072 0.44564573082425241 0.11964566586539149 11.925067319086336 4.1875789190107753 0.088583717390974925 0.2696215619234863 0.26447043498046696 0.43915809063400957 0.24240885871404316 0.4715906944074959 0.43717697497777408 0.10578091338356888 0.22260910415661783 0.35179939468071098 0.1255514919757843 0.037548020482063293 0.25183469520743529
leaf_count=112889 89 19 143 1 14 52 10 2 1604 96 791 585 428 281 2 1856 300 123 89 19 724 1932 181 56 93 364 7 1 1 882
internal_value=-1.03141e-05 0.030131 0.00339943 -0.0312417 -0.000272926 0.000320008 -0.0164975 0.0412766 0.0583278 -0.028623 -0.0361014 0.0141917 -0.000257875 -0.000443185 0.074492 -0.000624177 -0.0473081 -0.0434857 -0.0237489 0.0087642 0.0545119 0.0489633 0.0644922 0.118242 0.0798982 0.0383516 -0.0764928 -0.0424047 0.0794246 0.0591768
internal_weight=248.325 2.14489 1.39072 0.828921 246.18 237.501 8.67957 1.50564 2.34268 7.17393 6.64059 1.21007 235.158 234.61 0.565291 234.045 5.43052 0.409556 0.816124 0.534092 0.561796 0.298985 0.533332 0.689518 1.93313 0.32839 0.529936 0.178136 0.754177 0.289383
internal_count=123634 3799 2827 2084 119835 117692 2143 180 2236 1963 1772 1376 115456 115028 283 114745 396 175 122 108 743 1933 191 58 2061 457 151 144 972 883
is_linear=0
shrinkage=0.08


Tree=211
num_leaves=31
num_cat=0
split_feature=3 25 12 22 8 26 12 0 2 7 12 10 26 22 3 0 9 11 12 1 7 22 9 18 1 2 8 12 16 10
split_gain=0.335806 1.45982 0.768386 0.726245 0.632608 0.72341 0.574307 0.547747 1.36352 1.07563 0.815794 0.825997 0.778814 0.718181 1.22954 0.957542 0.718812 0.667184 0.64182 0.570849 0.502086 0.518937 0.501029 0.584587 0.451505 0.385717 0.345441 0.29184 0.278457 0.253092
threshold=0.13423423469066623 1.0000000180025095e-35 0.5313725769519807 0.64174234867095958 0.9569842815399171 0.78888890147209179 0.5419580638408662 0.11852502077817918 0.11852502077817918 1.5000000000000002 0.47493734955787664 0.88025155663490307 0.42261904478073126 0.43693181872367864 0.26975052058696752 0.40224719047546392 0.90148141980171215 0.38243331015110021 0.56696429848670971 0.20550528168678286 5.5000000000000009 0.41533938050270086 0.38479596376419073 0.39289321005344396 0.12834591418504718 0.095811817795038237 0.8521554470062257 0.23205128312110904 1.0000000180025095e-35 0.93039408326148998
decision_type=2 2 2 2 2 2 2 2 2 2 2 2 2 2 2 2 2 2 2 2 2 2 2 2 2 2 2 2 2 2
left_child=1 4 3 22 5 20 -7 9 -9 12 29 -12 17 14 16 26 -10 -2 -14 -16 21 -1 -3 -24 -20 -13 -15 -22 -6 -11
right_child=7 2 -4 -5 28 6 -8 8 13 10 11 25 18 15 19 -17 -18 -19 24 -21 27 -23 23 -25 -26 -27 -28 -29 -30 -31
leaf_value=-0.058379257850195973 -0.08435862490936652 0.035958421159541634 0.083097551838957603 0.071472415421239499 0.058408116273213573 -0.081941687678736636 0.055670500972473017 0.10271128813520974 -0.067814842612281365 -0.081101829364248895 0.085774045257346179 -0.070300096772422521 -0.082283319145536271 0.061536360073961953 0.02235781606420249 -0.042427848346221424 0.070043998682211089 0.077522329829243161 0.084909414379384637 -0.0011276707454373534 -0.081846977923262468 0.064043718683624004 0.013364197478634789 -0.07656034599595006 -0.092988618147964303 0.033999908390517961 0.015846014556212304 0.021295920149508662 -0.073206121730235788 -0.020441130591399327
leaf_weight=0.23154129080694286 0.18660208126561828 0.40160526679528707 0.37944404112795371 0.36095792796459125 0.13121628216231318 0.51543996696636885 0.31132553602355983 0.82446716692356758 2.4720849919920052 2.4646706638003484 0.500055452575907 0.74880824571846438 0.65987450726970542 2.7670329907932105 6.8365785499977383 1.0027916932023968 0.2683365296688861 1.285117397190447 0.35654738986522716 212.74366839404991 0.23591943850129826 5.1609053304291592 0.57306332785992742 2.4018063142702886 0.12273732322137221 0.32559351843519835 1.7156483023566123 0.68631978622579481 0.47641396785797951 0.53590769000584249
leaf_count=68 113 28 309 102 38 31 111 26 569 1554 8 21 58 1390 584 3467 20 158 92 112528 421 514 38 120 7 45 1004 62 122 26
internal_value=-6.62284e-06 0.0131251 -0.0253722 -0.0363846 0.0335777 0.0402451 -0.0301227 -0.000667394 1.61509e-05 -0.0224154 -0.0457971 0.000838789 0.0185563 -0.000355519 -0.00106109 0.0282406 -0.054316 0.0569971 -0.0311068 -0.000396456 0.0494582 0.0587871 -0.0479149 -0.0592378 0.0393525 -0.0386924 0.0440494 -0.00508922 -0.0447843 -0.0702677
internal_weight=247.682 11.866 4.11688 3.73743 7.74908 7.14145 0.826766 235.817 228.631 7.18591 4.57504 1.57446 2.61088 227.806 222.321 5.48547 2.74042 1.47172 1.13916 219.58 6.31469 5.39245 3.37647 2.97487 0.479285 1.0744 4.48268 0.922239 0.60763 3.00058
internal_count=123634 1964 597 288 1367 1207 142 121670 119588 2082 1654 74 428 119562 113701 5861 589 271 157 113112 1065 582 186 158 99 66 2394 483 160 1580
is_linear=0
shrinkage=0.08


Tree=212
num_leaves=31
num_cat=0
split_feature=10 26 28 22 12 11 27 12 9 9 12 27 12 27 18 18 11 25 28 27 7 8 0 26 11 28 12 18 27 22
split_gain=0.297259 0.881871 1.13441 1.08896 0.958215 1.06998 1.04776 0.741101 0.690794 0.992044 0.688653 0.651857 0.517368 0.641006 0.547164 0.507863 0.500348 0.925303 1.59727 1.38832 1.53842 0.990596 0.98773 0.893998 1.92204 1.69245 0.877168 1.31545 1.11097 0.806112
threshold=0.88025155663490307 0.59166666865348827 0.73192510008811962 0.54653680324554454 0.61721614003181469 0.54785794019699108 0.93717104196548473 0.37715516984462744 0.39936709403991705 0.43259048461914068 0.42582418024539953 0.9723496437072755 0.47493734955787664 0.82875940203666698 0.39683340489864355 0.53222787380218517 0.69831877946853649 1.0000000180025095e-35 0.74095860123634349 0.69518002867698681 3.5000000000000004 0.58411949872970592 0.21132376790046695 0.37980769574642187 0.61887633800506603 0.60054644942283641 0.29520697891712194 0.53222787380218517 0.67516234517097484 0.46265329420566564
decision_type=2 2 2 2 2 2 2 2 2 2 2 2 2 2 2 2 2 2 2 2 2 2 2 2 2 2 2 2 2 2
left_child=11 4 15 7 5 8 -6 -4 -2 -10 -9 16 14 -14 -7 -3 23 19 21 -18 -21 -19 -20 26 25 -25 28 -28 -1 -26
right_child=1 2 3 -5 6 12 -8 10 9 -11 -12 -13 13 -15 -16 -17 17 18 22 20 -22 -23 -24 24 29 -27 27 -29 -30 -31
leaf_value=0.00030762185617454614 0.063798434287308442 -0.075701743695804735 0.079350022691583325 0.07935883737417046 -0.067922440012968807 -0.027693957196475164 0.088696418125539633 -0.081960893785909747 -0.078951523364856571 0.010759637788786037 -0.00026493975373353501 -0.037961121833943581 0.056649936676246404 -0.0217682665283477 0.082044355971833946 -0.0065149724267042596 0.09511105183538536 0.12994018523643791 0.072456811449125455 0.030836627107696871 -0.030457780628383679 0.023642277314307628 -0.033121270676191868 -0.066795039898951122 -0.066595196739283505 0.017417932267804439 -0.012347616947360964 0.047595207771152774 -0.025239341843442991 0.0020374001508284816
leaf_weight=143.64278437583221 1.0898513717002041 1.7955240644660109 0.72916429277393646 1.1507826140150417 1.3039779939463176 0.31869865876069559 0.34588314150641952 0.67855769919515552 0.97490844131243637 4.1345841116381052 24.620115024530605 3.0586387499452021 1.7546188948099373 1.0763791472945738 3.3207640978735071 1.0919683073916528 0.9137731532209753 1.4552385625283926 0.81332054416998323 4.1955720413461659 6.9815267821613816 0.91316253565310024 1.8734153084415082 1.8624222849821332 5.3731876443216597 8.4894752629070336 3.9552036443710659 5.7483555867402174 11.788457054945267 1.3756640136361964
leaf_count=29981 75 122 34 720 321 20 256 49 45 374 10635 6297 375 225 390 78 79 30 24 599 885 76 849 1346 1323 1284 266 730 66073 73
internal_value=-9.27734e-06 0.00591982 -0.00186231 0.00320274 0.0222595 0.0297273 -0.0350883 -0.000164395 0.00597594 -0.00635755 -0.00245618 -0.00130925 0.0524834 0.0268344 0.0724348 -0.0495373 -0.000746991 0.0123183 0.04106 0.000301501 -0.00744956 0.0889559 -0.00116099 -0.00197626 -0.0193885 0.00226708 -0.000173122 0.0231623 -0.00162995 -0.0526054
internal_weight=246.826 44.3858 30.0661 27.1786 14.3197 12.6698 1.64986 26.0278 6.19934 5.10949 25.2987 202.44 6.47046 2.831 3.63946 2.88749 199.382 17.146 5.05514 12.0909 11.1771 2.3684 2.68674 182.236 17.1007 10.3519 165.135 9.70356 155.431 6.74885
internal_count=123634 13719 11638 11438 2081 1504 577 10718 494 419 10684 109915 1010 600 410 200 103618 2542 979 1563 1484 106 873 101076 4026 2630 97050 996 96054 1396
is_linear=0
shrinkage=0.08


Tree=213
num_leaves=31
num_cat=0
split_feature=5 18 0 28 8 17 28 6 5 9 0 18 2 4 2 6 5 3 27 3 3 28 3 10 1 8 8 27 18 9
split_gain=0.302407 1.69945 1.43552 1.15513 1.02246 1.58748 1.36294 1.00158 0.930705 0.734039 0.669212 1.94337 1.22492 1.15996 0.802024 2.10084 0.869075 0.66763 0.642946 0.464727 0.245629 0.121911 0.107004 0.116568 0.0809894 0.025545 0.0183585 0.0157443 0.00153477 0.00176887
threshold=0.73214286565780651 0.77378848195076 0.77849927544593822 0.89498746395111095 0.68237251043319713 1.0000000180025095e-35 0.84384033083915722 1.5000000000000002 0.68333333730697643 0.27792632579803472 0.97915762662887584 0.97861903905868541 0.95180022716522228 1.0000000180025095e-35 0.82807883620262157 1.5000000000000002 0.5634920895099641 0.90366768836975109 0.42382092773914343 0.93788579106330883 0.97801932692527782 0.80099010467529308 0.71209660172462474 0.65176862478256237 0.93957647681236278 0.8521554470062257 0.680425524711609 0.51010203361511242 0.90625351667404186 0.2633154839277268
decision_type=2 2 2 2 2 2 2 2 2 2 2 2 2 2 2 2 2 2 2 2 2 2 2 2 2 2 2 2 2 2
left_child=8 3 25 -2 5 17 27 -8 10 -7 12 -12 14 20 16 -16 -1 -4 -13 21 -14 -10 -5 -24 -21 28 -26 -6 -3 -30
right_child=1 2 4 22 6 9 7 -9 19 -11 11 18 13 -15 15 -17 -18 -19 -20 24 -22 -23 23 -25 26 -27 -28 -29 29 -31
leaf_value=-0.0015643202729711972 -0.12421747683721412 0.090977638389082904 -0.10159634495226597 0.087530956098190435 0.087375161498283574 -0.27271045149655293 -0.139910125871955 0.0076487676320062979 -0.07262263038945245 -0.091645075805864187 0.08225061489295786 -0.31040242474924046 0.085146096086508777 -0.11680890700201398 0.078209561814424428 -0.016558039368892725 0.013469228563865919 0.087769396940132402 -0.079519837785599179 -0.12629308471884187 -0.030898824204717533 0.084415357254841172 -0.081278003305531588 0.080232741008369676 -0.093991155250620115 0.11231930576367347 -0.055763349352042288 0.066027422240562392 0.088178079770553974 0.076440696005461245
leaf_weight=142.01342774296083 1.0037000533266098 0.42999248316755145 0.16749968907788459 0.19754317155457091 1.2602336239651801 0.20729637145996094 0.29732351468465168 29.925230192730851 0.042941140119636567 0.46411416142291273 0.24428409608753909 0.19130522012710571 1.8650672449562073 0.21723577373813885 1.5678219376359255 33.192943249552854 29.768927456504684 0.41283744224347174 0.12940840761439176 0.4715435155085288 0.1245314534226053 0.12019945167230617 0.064200034583336674 0.051574473922300967 0.15563993181513069 0.41482968348645954 0.16631638872058829 0.26815290623608223 0.22345478087663651 0.12996907515480416
leaf_count=104071 20 30 5 40 38 1 124 7842 15 65 34 1 546 9 603 5153 4389 62 51 4 22 46 15 155 14 12 43 108 3 113
internal_value=-1.00087e-05 0.00681763 0.0102516 -0.0823573 0.00712859 -0.0637896 0.00992447 0.00619711 -0.0011633 -0.147549 -0.000803482 -0.0877519 -0.000568149 0.0587177 -0.0012016 -0.0122837 0.00104091 0.0331137 -0.217241 -0.0798917 0.0778827 0.0430805 0.05174 -0.00932925 -0.105174 0.0962672 -0.0742434 0.0836297 0.0877674 0.0838617
internal_weight=245.79 35.518 34.2009 1.31702 33.0027 1.25175 31.7509 30.2226 210.272 0.671411 209.315 0.564998 208.75 2.20683 206.543 34.7608 171.782 0.580337 0.320714 0.95664 1.9896 0.163141 0.313318 0.115775 0.7935 1.19825 0.321956 1.52839 0.783416 0.353424
internal_count=123634 8633 8403 230 8245 133 8112 7966 115001 66 114879 86 114793 577 114216 5756 108460 67 52 122 568 61 210 170 61 158 57 146 146 116
is_linear=0
shrinkage=0.08


Tree=214
num_leaves=31
num_cat=0
split_feature=7 2 8 7 2 18 18 27 18 7 8 8 11 11 26 7 12 8 1 18 12 9 9 27 9 12 27 25 12 12
split_gain=0.296977 0.932151 0.345617 1.73237 1.46124 1.2864 1.09438 1.34446 1.6372 0.838264 0.745281 1.56244 1.43802 2.21229 1.40683 0.695151 0.694826 1.05612 0.549816 0.718977 0.401594 0.366868 0.172348 0.24967 0.104115 0.0406701 0.00753218 0.0185676 0.00673592 0.00210758
threshold=28.500000000000004 0.19433516263961795 0.3357843160629273 19.500000000000004 0.48999600112438207 0.3754898607730866 0.5416986644268037 0.73706510663032543 0.53222787380218517 23.500000000000004 0.44151847064495092 0.45199692249298101 0.63185164332389843 0.62529620528221141 0.73863637447357189 18.500000000000004 0.5313725769519807 0.32037734985351568 0.48050633072853094 0.88810643553733837 0.80476191639900219 0.87106668949127208 0.81266710162162792 0.40075758099555975 0.88956639170646679 0.64852941036224376 0.96439138054847728 -1.0000000180025095e-35 0.5419580638408662 0.46410256624221807
decision_type=2 2 2 2 2 2 2 2 2 2 2 2 2 2 2 2 2 2 2 2 2 2 2 2 2 2 2 2 2 2
left_child=2 22 5 10 20 25 7 9 -9 -7 12 21 13 -4 -14 -13 17 -8 -6 -20 24 -12 23 -2 -5 28 29 -28 -1 -3
right_child=1 26 3 4 18 6 16 8 -10 -11 11 15 14 -15 -16 -17 -18 -19 19 -21 -22 -23 -24 -25 -26 -27 27 -29 -30 -31
leaf_value=-0.083632071450527437 0.090616528900854809 -0.080628827223625271 0.038689199953197327 -0.08465551476477963 0.13156862186063062 -0.073004387347323674 -0.080359211800686156 0.053600869030095026 0.28237165391284641 0.040219004884745807 -0.10007053518456786 -0.00034043202050303264 -0.039400189231623917 0.30959081471056576 0.048981549205334041 0.06768409740803219 0.083704126949237345 0.0610594321349427 -0.070967652099182821 0.099090441177980521 0.086189969410403744 0.082879220077818908 0.0970411374787266 -0.080870470398142033 -0.12754449367608614 -0.051276963258906301 -0.08040329876635928 0.054687413536455121 -0.10088771106360866 -0.089598896724674276
leaf_weight=0.26374531868657314 0.10343265533447155 0.22959450872644993 5.6510647495907147 2.1017663200722727 0.25087744017775992 0.88726528106303504 1.3346262232383881 4.3372594526030639 0.20989579385741297 0.79210101060698435 1.1885501790294473 217.82854211655831 3.4559614190075081 0.19974868786812283 1.729475507677307 0.96571537930930063 0.31853944054455485 0.45258138051639196 0.42330652233522414 0.2549354588463757 0.083566156536107772 0.074549710826431581 0.25940051182260504 0.11446826201381555 0.43768031708896149 0.19954638352282927 0.029712776347878389 0.0083390356735435489 0.32098618149757385 0.62121875440061558
leaf_count=68 1 565 2109 2375 27 117 486 450 26 61 441 114434 171 13 141 632 110 210 920 49 4 30 14 59 3 10 62 29 2 15
internal_value=-1.87258e-06 -0.037197 0.000206588 -0.000387176 -0.055831 0.0154891 0.0247088 0.0415694 0.0641609 -0.0196007 0.000465049 -0.000552367 0.0207518 0.0479379 -0.00992262 -4.0185e-05 -0.0251465 -0.0445472 0.0303817 -0.00704675 -0.0863691 -0.0892726 0.0529815 0.000530544 -0.0920475 -0.0824622 -0.0856209 -0.0507982 -0.0931045 -0.0871783
internal_weight=245.128 1.36617 243.762 234.646 3.55213 9.11655 8.33227 6.22652 4.54716 1.67937 231.094 220.057 11.0363 5.85081 5.18544 218.794 2.10575 1.78721 0.929119 0.678242 2.62301 1.2631 0.477301 0.217901 2.53945 0.784278 0.888865 0.0380518 0.584732 0.850813
internal_count=123634 745 122889 121349 3378 1540 1460 654 476 178 117971 115537 2434 2122 312 115066 806 696 996 969 2382 471 74 60 2378 80 671 91 70 580
is_linear=0
shrinkage=0.08


Tree=215
num_leaves=31
num_cat=0
split_feature=1 2 8 27 27 0 3 22 3 12 2 1 3 28 22 22 27 8 0 12 5 1 8 3 12 18 12 9 22 12
split_gain=0.302998 0.88377 0.790274 0.811245 1.24938 0.730141 0.486385 0.471536 1.24094 0.620792 0.478394 0.935695 0.61318 0.432109 0.430399 0.41288 0.731903 0.431917 0.343861 0.487771 0.205576 0.31181 0.160662 0.129878 0.129094 0.118489 0.150225 0.077411 0.0485151 0.0899432
threshold=0.097960814833641066 0.095811817795038237 0.21103239059448245 0.77823317050933849 0.5320124924182893 0.090230666100978865 0.10435571894049646 0.56980520486831676 0.12599206715822223 0.13423423469066623 0.11189358308911325 0.11374663189053537 0.49675324559211737 0.73713612556457531 0.64599359035491954 0.60922586917877208 0.69779554009437572 0.91240409016609203 0.082762558013200774 0.5313725769519807 0.19090909510850909 0.68133461475372326 0.94935896992683422 0.11852502077817918 0.44722221791744238 0.39289321005344396 0.47493734955787664 0.56727004051208507 0.76253134012222301 0.24568965286016467
decision_type=2 2 2 2 2 2 2 2 2 2 2 2 2 2 2 2 2 2 2 2 2 2 2 2 2 2 2 2 2 2
left_child=2 14 -1 4 5 6 -4 8 22 20 11 -10 -12 -6 24 16 -11 -17 19 -5 23 -22 -3 -9 -2 -20 -27 -7 29 -16
right_child=1 7 3 18 13 27 -8 9 10 15 12 -13 -14 -15 28 17 -18 -19 25 -21 21 -23 -24 -25 -26 26 -28 -29 -30 -31
leaf_value=-0.077810027479003105 -0.092759431636434936 -0.084699082711358745 0.047354598175367787 -0.07674729158502594 -0.091939736969318939 0.059063520772517836 -0.052893815413835255 0.0096800827508535733 -0.0239064481706668 0.067079466126198528 -0.010377955227536846 0.078529690198073362 0.0011162448637191086 0.017003676527733595 -0.07668686348586945 -0.011718508957488938 -0.028277937687411867 0.037358045556288987 0.092910085278439566 0.082274462241086269 0.079079316992064913 -0.080472982810736435 0.0030228037113552882 -0.077239562942728129 -0.03170840072098316 -0.081020250921096895 0.08193350388199605 0.10203433825249304 0.077259708659998302 0.082277534635310429
leaf_weight=0.50893098147025639 0.99851025518125769 1.2664303509019408 0.5935764720479717 0.22922841926555326 0.88249664501290659 0.45550725595421659 0.64777330890785834 0.13373542995407006 0.98184049683919683 2.5594784262721082 35.237974131153663 1.3628834234209533 189.12961995487069 0.31660150090101524 0.047270000238142873 2.5311403225346112 0.6449457196986258 2.0998645237805249 1.3769587877729916 0.26751313459681114 0.19301937085117515 0.13199947580733351 0.14938337866760765 0.62049374058778994 0.28491693604883039 0.05925123449003411 0.093095507196267135 0.65287370150326751 0.12042090113391168 0.043968358266283758
leaf_count=43 231 201 40 303 453 43 200 129 263 77 14093 155 101201 28 82 432 115 470 135 60 43 1225 20 3327 21 77 48 9 94 16
internal_value=-1.13116e-05 -0.000460959 0.0176187 0.0263304 0.00327197 0.0371808 -0.00495801 -7.4235e-05 -0.000779573 0.0179755 -0.000313299 0.0356351 -0.000688973 -0.0631751 -0.0617752 0.0258105 0.0478871 0.0105346 0.0667197 0.00889162 -0.0389073 0.0142806 -0.0754435 -0.0618275 -0.0792063 0.0855032 0.018557 0.0843748 0.0439211 -8.08863e-05
internal_weight=244.622 238.538 6.08381 5.57488 3.54883 2.34973 1.24135 237.043 228.128 8.91468 226.712 2.34472 224.368 1.1991 1.49509 7.83543 3.20442 4.631 2.02605 0.496742 1.07925 0.325019 1.41581 0.754229 1.28343 1.52931 0.152347 1.10838 0.211659 0.0912384
internal_count=123634 122195 1439 1396 773 292 240 121751 115933 5818 115712 418 115294 481 444 1094 192 902 623 363 4724 1268 221 3456 252 260 125 52 192 98
is_linear=0
shrinkage=0.08


Tree=216
num_leaves=31
num_cat=0
split_feature=10 10 3 5 8 7 26 12 27 27 0 13 10 0 27 0 2 27 5 2 2 11 0 26 28 28 8 28 27 12
split_gain=0.317419 1.04814 1.08959 0.784059 0.814989 1.8819 1.1084 1.04976 1.53583 1.22502 1.385 1.13356 0.804411 1.75792 0.881223 0.758585 0.602483 0.529825 0.482311 1.34645 1.36484 1.23095 1.12069 1.03012 0.952658 1.58883 1.54129 0.545134 0.646152 0.600209
threshold=0.80145984888076793 0.79262280464172374 0.85880398750305187 0.81666666269302379 0.84045451879501354 4.5000000000000009 0.69615384936332714 0.41421568393707281 0.88836967945098888 0.58633655309677135 0.64051282405853283 1.0000000180025095e-35 0.84262126684188854 0.31503759324550634 0.89202436804771434 0.55848154425621044 0.12599206715822223 0.83263304829597484 0.30384616553783422 0.21778655797243121 0.73375529050827037 0.7278747856616975 0.63224515318870556 0.34523810446262365 0.55585265159606945 0.56765475869178783 0.94028520584106456 0.71471861004829418 0.81857365369796764 0.13423423469066623
decision_type=2 2 2 2 2 2 2 2 2 2 2 2 2 2 2 2 2 2 2 2 2 2 2 2 2 2 2 2 2 2
left_child=1 18 16 4 5 6 17 8 11 -9 -11 -6 13 -7 -14 -8 -3 -2 19 27 23 24 -22 -21 26 -26 -20 29 -29 -1
right_child=3 2 -4 -5 7 12 15 9 -10 10 -12 -13 14 -15 -16 -17 -18 -19 21 20 22 -23 -24 -25 25 -27 -28 28 -30 -31
leaf_value=-0.046321220499498182 0.059710118100548659 -0.0036992622585889745 0.08749361604428485 0.080729474270391358 0.014781994731273783 -0.0088351913900615638 -0.036058802298499441 0.080939618686050846 -0.10932657888858328 -0.018679813324287711 0.035945879506402052 -0.040238911016067191 -0.009145165426629907 0.07142040155602325 0.019884050239377723 0.08358234277882115 -0.087092478819514818 0.12655683319433828 0.01786266303792497 -0.024471343245126662 0.084188806591070198 0.079503812315721595 -0.031369961155863837 -0.081514648013222488 -0.12071291150907099 -0.00055790087384372607 0.15323481625467014 0.059727159501726579 -0.095047904939262282 0.023466327985484044
leaf_weight=0.86800154276005592 2.2963407398283375 0.7636162421258631 0.33975644227939472 0.85232765813270717 4.3205495281763451 3.7190751338421242 1.0964672262498423 1.2783361145220613 1.2689502508001158 9.1687680822783459 4.3942034053179659 5.3811854916930315 23.764800410761381 3.2937059831201623 9.3162286011483939 0.49108348224945064 2.0241771139990306 1.1333776759620375 4.7127450597306497 11.590296193927403 1.2260846111738595 1.2611917577287375 0.95581576511028732 2.4553070257697973 0.70801782419505244 135.12357979602129 0.60768394402003867 0.24307988100918088 0.59562434532563202 8.6359290024286093
leaf_count=2359 342 35 109 4967 292 213 110 141 72 1253 3589 384 1891 361 2116 717 210 361 4042 66694 159 206 636 3193 792 25771 603 13 47 1956
internal_value=-1.2061e-05 -0.00187585 -0.0477655 0.00445713 0.00354052 0.0100275 0.0562178 -0.00779661 -0.0265614 0.00607431 -0.000981892 -0.015736 0.0042473 0.0288586 -0.000970002 0.000950277 -0.0642499 0.0818001 -0.00102652 -0.0109214 -0.0252987 0.00081957 0.0335665 -0.0344431 0.000116527 -0.0011842 0.0333245 0.0116365 -0.0501898 0.0170926
internal_weight=243.886 172.111 3.12755 71.7754 70.9231 45.1111 5.01727 25.812 10.9707 14.8413 13.563 9.70174 40.0938 7.01278 33.081 1.58755 2.78779 3.42972 168.983 26.5701 16.2275 142.413 2.1819 14.0456 141.152 135.832 5.32043 10.3426 0.838704 9.50393
internal_count=123634 106825 354 16809 11842 6111 1530 5731 748 4983 4842 676 4581 574 4007 827 245 703 106471 75057 70682 31414 795 69887 31208 26563 4645 4375 60 4315
is_linear=0
shrinkage=0.08


Tree=217
num_leaves=31
num_cat=0
split_feature=10 24 27 11 13 7 10 12 2 2 0 2 8 1 11 9 2 1 11 2 22 27 10 12 8 7 9 10 0 11
split_gain=0.303731 0.506459 0.37442 0.87945 0.476836 0.471893 0.41981 0.710377 0.422892 0.343561 0.950911 0.602867 0.44871 0.77035 0.345501 0.373564 0.950027 0.417956 0.315516 0.286072 0.408569 0.37526 0.249125 0.216484 0.146466 0.308929 0.109576 0.0284039 0.0578569 0.00214185
threshold=0.9855765998363496 1.0000000180025095e-35 0.97789987921714794 0.94146201014518749 1.5000000000000002 18.500000000000004 0.97818154096603405 0.78019323945045482 0.68614074587821972 0.3144462406635285 0.44327485561370855 0.29459981620311743 0.65419578552246105 0.35111427307128912 0.31074520945549017 0.67986929416656505 0.25158227980136877 0.11374663189053537 0.76112800836563121 0.56691542267799389 0.59720873832702648 0.98742088675498974 0.83414238691329967 0.72902098298072826 0.76253134012222301 5.5000000000000009 0.8657626509666444 0.63925975561141979 0.52704679965972911 0.61266466975212108
decision_type=2 2 2 2 2 2 2 2 2 2 2 2 2 2 2 2 2 2 2 2 2 2 2 2 2 2 2 2 2 2
left_child=1 2 3 6 19 26 7 -1 -8 11 12 14 13 -11 -2 17 -17 -16 -15 20 -4 -21 -6 24 -12 -26 -5 28 -3 -24
right_child=9 27 4 5 22 -7 8 -9 -10 10 23 -13 -14 18 15 16 -18 -19 -20 21 -22 -23 29 -25 25 -27 -28 -29 -30 -31
leaf_value=-0.00062730196988901614 -0.079751493168766618 -0.080922109733858466 -0.066724415608651597 0.14301324697439458 -0.071924298071878903 -0.053749332327665378 0.08078972288340093 0.09084705502139126 -0.10607937955707143 0.089406594977001555 0.081615569334891586 0.096326721507419319 -0.081314864577381005 -0.095755924349686994 -0.0014938604315025709 0.050600674142633459 -0.063907771037150701 0.091175646771009339 0.017538740866173075 -0.052302300418328056 0.077607567691853993 0.017122438757558717 0.09201381559098476 0.081697464484453614 0.080406850086846018 -0.07458717271959911 0.079789645883065419 0.085240374420029671 0.081754122135266463 0.079246516432409264
leaf_weight=228.70123639187517 0.22142104594968204 0.020887173058212194 1.6905548054807291 0.25094806311062612 0.080229465302636416 0.15366376010933891 0.094661461357644749 0.54463177511479344 0.42766118134386488 0.36922660194977674 0.13826506527766447 0.74430239779758256 0.86961886976496305 0.42915182937940699 0.50091391380556183 1.0640620138456141 0.82186008088683582 0.82366748680033197 0.24836568343926047 0.86719648638165847 0.13558965350699725 1.1713480477269513 0.1372637200729514 0.68369195678042161 0.1327791589374101 0.21649171369972464 0.58309634378656483 0.45753075878565141 0.042387408713693731 0.217107278263029
leaf_count=110625 5 70 2738 14 33 13 58 412 163 14 81 21 36 13 38 500 32 26 48 591 134 1911 17 4158 437 15 810 432 4 185
internal_value=-1.38048e-05 -0.000510616 -0.000685218 -0.000249399 -0.024077 0.0750775 -0.000573208 -0.000409981 -0.0722128 0.0160985 -0.00413595 0.0310583 -0.0388441 -0.0035601 0.0169032 0.0235692 0.000699398 0.056131 -0.0542241 -0.0330113 -0.0560079 -0.0124108 0.055372 0.0526536 0.0119241 -0.0156645 0.0988124 0.0782926 0.0280541 0.0841919
internal_weight=242.84 235.576 235.055 230.756 4.29929 0.987708 229.768 229.246 0.522323 7.26382 3.08759 4.17623 1.91636 1.04674 3.43192 3.2105 1.88592 1.32458 0.677518 3.86469 1.82614 2.03854 0.4346 1.17123 0.487536 0.349271 0.834044 0.520805 0.0632746 0.354371
internal_count=123634 118210 117704 112095 5609 837 111258 111037 221 5424 4802 622 111 75 601 596 532 64 61 5374 2872 2502 235 4691 533 452 824 506 74 202
is_linear=0
shrinkage=0.08


Tree=218
num_leaves=31
num_cat=0
split_feature=6 3 25 12 22 8 0 2 22 3 0 8 22 8 9 9 10 27 18 9 13 25 17 9 2 10 12 27 10 28
split_gain=0.275996 0.276864 1.13419 0.618878 0.620511 0.536331 0.456506 1.05964 0.621323 1.01903 0.804184 0.609064 1.12216 1.32167 0.505423 0.616315 0.551395 0.438245 0.79193 0.437642 0.343332 0.312058 0.252135 0.0535306 0.0402615 0.0187083 0.000367257 0.0001572 0.000619231 1.26962e-05
threshold=5.5000000000000009 0.13423423469066623 1.0000000180025095e-35 0.5313725769519807 0.64174234867095958 0.9569842815399171 0.11852502077817918 0.11852502077817918 0.43693181872367864 0.26975052058696752 0.40224719047546392 0.97259759902954113 1.0000000180025095e-35 0.21103239059448245 0.58745628595352184 0.78699102997779857 0.92017701268196117 0.72513738274574291 0.39935326576232916 0.38479596376419073 1.5000000000000002 -1.0000000180025095e-35 1.0000000180025095e-35 0.6375219225883485 0.72377106547355663 0.74399384856224071 0.53589746356010448 0.65917509794235241 0.75281468033790599 0.83893525600433361
decision_type=2 2 2 2 2 2 2 2 2 2 2 2 2 2 2 2 2 2 2 2 2 2 2 2 2 2 2 2 2 2
left_child=1 2 5 4 19 17 11 -8 9 -9 -10 12 13 -3 16 -16 -13 21 -19 -4 -14 -1 23 -7 -2 -6 -5 -26 -29 -28
right_child=24 6 3 26 25 22 7 8 10 -11 -12 14 20 -15 15 -17 -18 18 -20 -21 -22 -23 -24 -25 27 -27 29 28 -30 -31
leaf_value=0.03695664727286703 -0.029847763895655507 -0.072881080963328598 0.034110580235773916 0.08747131001712026 0.03944204064205261 -0.085445989506383033 0.092968489880893387 -0.051382854012878829 0.041565053033264923 -0.00047580787538098809 -0.040161878023407836 0.092969258695779156 -0.073093013776709209 0.075288494951439286 -0.0763968368539302 0.083624948450247788 -0.083988849655282805 0.041243645387322704 -0.065360353280999123 -0.055919108976934327 -0.0027585848367292338 0.081929951492620556 0.057684995240399044 -0.017676446216055429 0.082377057606519102 0.081662889799853602 0.081591736600914108 0.047426555943057669 0.080147763201213473 0.080380273757878276
leaf_weight=3.1807650074355802 0.022289840469510547 0.62133693420582758 0.39614235848057555 0.078162617764974018 0.092775636781880055 0.35496434749347816 0.78035186588385741 2.5462673455685936 4.2814055030613636 215.86742200504131 0.93967811849125826 0.70029428738530419 2.7992315030633113 1.0141636595362795 0.49840659988694824 0.2229376186242007 0.13430772566789528 1.3588885011535583 0.66386310628115541 2.7064990804987019 0.52795502494882374 1.4319632469034784 0.12392028548310918 0.094442570595219877 0.25313105985424045 0.24334486810676026 0.15925496930594818 0.0040456683364027404 0.043506330943273497 0.084869461750713526
leaf_count=470 15 68 28 2 21 99 26 589 2394 112849 3467 117 1677 47 38 64 8 311 320 158 63 106 38 23 16 81 72 8 224 235
internal_value=-1.02601e-05 -0.000108932 0.0123089 -0.0233042 -0.033239 0.0308893 -0.000698805 -9.2597e-05 -0.000417325 -0.00106928 0.026856 -0.0215686 -0.035261 0.0189979 0.0221036 -0.0269407 0.0644924 0.0373034 0.00625642 -0.0444242 -0.0619324 0.050918 -0.0433458 -0.0712043 0.0738938 0.0700091 0.0826987 0.0815842 0.0773639 0.0811706
internal_weight=242.227 241.904 10.9699 3.76105 3.43876 7.20881 230.934 224.415 223.635 218.414 5.22108 6.51863 4.96269 1.6355 1.55595 0.721344 0.834602 6.63548 2.02275 3.10264 3.32719 4.61273 0.573327 0.449407 0.322973 0.336121 0.322287 0.300683 0.047552 0.244124
internal_count=123634 123371 1964 597 288 1367 121407 119325 119299 113438 5861 2082 1855 115 227 102 125 1207 631 186 1740 576 160 122 263 102 309 248 232 307
is_linear=0
shrinkage=0.08


Tree=219
num_leaves=31
num_cat=0
split_feature=10 24 27 11 7 13 11 26 9 2 0 2 8 27 11 9 2 1 0 5 22 10 12 8 7 28 10 0 26 11
split_gain=0.278664 0.463467 0.317662 0.783928 0.424251 0.416868 0.40247 1.50118 0.762008 0.307515 0.861569 0.551183 0.403289 0.705782 0.304068 0.353935 0.826129 0.358321 0.258423 0.360765 0.342634 0.227184 0.201111 0.134773 0.281545 0.0830518 0.0257994 0.0533219 0.00195354 0.00182976
threshold=0.9855765998363496 1.0000000180025095e-35 0.97789987921714794 0.94146201014518749 18.500000000000004 1.5000000000000002 0.88937836885452282 0.63961037993431102 0.87730616331100475 0.3144462406635285 0.44327485561370855 0.29459981620311743 0.65419578552246105 0.80691787600517284 0.31074520945549017 0.67986929416656505 0.25158227980136877 0.11374663189053537 0.56635218858718883 0.78888890147209179 0.59720873832702648 0.83414238691329967 0.72902098298072826 0.76253134012222301 5.5000000000000009 0.87533783912658703 0.63925975561141979 0.52704679965972911 0.82575756311416637 0.61266466975212108
decision_type=2 2 2 2 2 2 2 2 2 2 2 2 2 2 2 2 2 2 2 2 2 2 2 2 2 2 2 2 2 2
left_child=1 2 3 6 25 18 8 -8 -1 11 12 14 13 -11 -2 17 -17 -16 20 -20 -4 -7 23 -12 -25 -5 27 -3 -15 -23
right_child=9 26 5 4 -6 21 7 -9 -10 10 22 -13 -14 28 15 16 -18 -19 19 -21 -22 29 -24 24 -26 -27 -28 -29 -30 -31
leaf_value=-0.00059808085373477436 -0.07845162461179328 -0.08085055213744595 -0.058340621090048672 0.13520869678013789 -0.050201891821482311 -0.070451576741356742 0.06773138792411032 -0.041066671279867323 0.037108252591982159 -0.052774445587524303 0.081491439320031459 0.094977933935973841 -0.079251552548367979 0.095516226897656348 0.0018482432471986316 0.048272424876684664 -0.060743554505647487 0.089580373149786702 0.014284673069322205 -0.069738493202718646 0.076876964306025433 0.09098846825230851 0.08157902285692295 0.080376496713608983 -0.072840952976749085 0.078956742024997514 0.084721514258918024 0.081617285672302545 0.083408751876831499 0.078739577792942828
leaf_weight=220.05567626772131 0.2020981900859623 0.019288584806303244 1.9288721504508997 0.24326302297413249 0.15061276878623175 0.075436523323787585 0.98645442350789281 4.5803220693073854 3.4844469628296784 0.6469058769871483 0.12788094774805336 0.69668937374808582 0.81887787704181392 0.15169377877464285 0.48713813371341552 1.0084389482481126 0.79608887440008391 0.76714941560294392 1.248670836845889 0.44309795275148633 0.12788619806076429 0.12815417878664448 0.6322471590888199 0.12284668603297177 0.20457771074688935 0.54278049988351995 0.42400152669870295 0.039209717331686988 0.19483398875490821 0.19964304336281202
leaf_count=108124 5 70 2883 2 13 33 300 1298 1536 9 81 21 36 4 38 500 32 26 2093 268 130 17 4158 437 15 822 432 4 62 185
internal_value=-1.08036e-05 -0.000475304 -0.000636674 -0.000240857 0.0727977 -0.0225684 -0.00053946 -0.0217872 -1.03308e-05 0.0158854 -0.0039056 0.030387 -0.0376852 -0.0034225 0.0165872 0.0228665 0.000178731 0.0555071 -0.0308826 -0.00772217 -0.049933 0.054722 0.0523852 0.011846 -0.0153551 0.0963655 0.0778503 0.0280469 0.0887088 0.0835284
internal_weight=241.535 234.678 234.195 230.044 0.936656 4.15176 229.107 5.56678 223.54 6.85747 2.89986 3.9576 1.81231 0.993434 3.26091 3.05882 1.80453 1.25429 3.74853 1.69177 2.05676 0.403234 1.08755 0.455305 0.327424 0.786044 0.4825 0.0584983 0.346528 0.327797
internal_count=123634 118210 117704 112095 837 5609 111258 1598 109660 5424 4802 622 111 75 601 596 532 64 5374 2361 3013 235 4691 533 452 824 506 74 66 202
is_linear=0
shrinkage=0.08


end of trees

feature_importances:
Column_3=621
Column_12=542
Column_8=470
Column_18=414
Column_2=412
Column_10=382
Column_27=379
Column_0=360
Column_22=354
Column_7=313
Column_28=307
Column_5=301
Column_1=251
Column_11=246
Column_9=234
Column_26=228
Column_25=200
Column_13=124
Column_16=98
Column_6=96
Column_20=62
Column_4=57
Column_19=40
Column_17=35
Column_21=30
Column_24=21
Column_15=11
Column_14=9
Column_23=3

parameters:
[boosting: gbdt]
[objective: binary]
[metric: binary_logloss]
[tree_learner: serial]
[device_type: cpu]
[data_sample_strategy: bagging]
[data: ]
[valid: ]
[num_iterations: 220]
[learning_rate: 0.08]
[num_leaves: 31]
[num_threads: 12]
[seed: 42]
[deterministic: 0]
[force_col_wise: 0]
[force_row_wise: 0]
[histogram_pool_size: -1]
[max_depth: 6]
[min_data_in_leaf: 20]
[min_sum_hessian_in_leaf: 0.001]
[bagging_fraction: 0.85]
[pos_bagging_fraction: 1]
[neg_bagging_fraction: 1]
[bagging_freq: 0]
[bagging_seed: 400]
[bagging_by_query: 0]
[feature_fraction: 0.85]
[feature_fraction_bynode: 1]
[feature_fraction_seed: 30056]
[extra_trees: 0]
[extra_seed: 12879]
[early_stopping_round: 0]
[early_stopping_min_delta: 0]
[first_metric_only: 0]
[max_delta_step: 0]
[lambda_l1: 0]
[lambda_l2: 0]
[linear_lambda: 0]
[min_gain_to_split: 0]
[drop_rate: 0.1]
[max_drop: 50]
[skip_drop: 0.5]
[xgboost_dart_mode: 0]
[uniform_drop: 0]
[drop_seed: 17869]
[top_rate: 0.2]
[other_rate: 0.1]
[min_data_per_group: 100]
[max_cat_threshold: 32]
[cat_l2: 10]
[cat_smooth: 10]
[max_cat_to_onehot: 4]
[top_k: 20]
[monotone_constraints: ]
[monotone_constraints_method: basic]
[monotone_penalty: 0]
[feature_contri: ]
[forcedsplits_filename: ]
[refit_decay_rate: 0.9]
[cegb_tradeoff: 1]
[cegb_penalty_split: 0]
[cegb_penalty_feature_lazy: ]
[cegb_penalty_feature_coupled: ]
[path_smooth: 0]
[interaction_constraints: ]
[verbosity: -1]
[saved_feature_importance_type: 0]
[use_quantized_grad: 0]
[num_grad_quant_bins: 4]
[quant_train_renew_leaf: 0]
[stochastic_rounding: 1]
[linear_tree: 0]
[max_bin: 255]
[max_bin_by_feature: ]
[min_data_in_bin: 3]
[bin_construct_sample_cnt: 200000]
[data_random_seed: 175]
[is_enable_sparse: 1]
[enable_bundle: 1]
[use_missing: 1]
[zero_as_missing: 0]
[feature_pre_filter: 1]
[pre_partition: 0]
[two_round: 0]
[header: 0]
[label_column: ]
[weight_column: ]
[group_column: ]
[ignore_column: ]
[categorical_feature: ]
[forcedbins_filename: ]
[precise_float_parser: 0]
[parser_config_file: ]
[objective_seed: 16083]
[num_class: 1]
[is_unbalance: 0]
[scale_pos_weight: 1]
[sigmoid: 1]
[boost_from_average: 1]
[reg_sqrt: 0]
[alpha: 0.9]
[fair_c: 1]
[poisson_max_delta_step: 0.7]
[tweedie_variance_power: 1.5]
[lambdarank_truncation_level: 30]
[lambdarank_norm: 1]
[label_gain: ]
[lambdarank_position_bias_regularization: 0]
[eval_at: ]
[multi_error_top_k: 1]
[auc_mu_weights: ]
[num_machines: 1]
[local_listen_port: 12400]
[time_out: 120]
[machine_list_filename: ]
[machines: ]
[gpu_platform_id: -1]
[gpu_device_id: -1]
[gpu_device_id_list: ]
[gpu_use_dp: 0]
[num_gpu: 1]

end of parameters

pandas_categorical:null
