source1_entity_id	candidate_entity_ids
S1-100129706	S2-12350592,S2-157314870,S2-171800192,S2-251745770,S2-439385504,S2-446844245,S2-550106255,S2-555319294,S2-560833437,S2-755387712,S2-874705272,S3-224939296,S3-334078456,S3-466729566,S3-632361512,S3-661097388,S3-671868174,S3-737986793,S3-849323073,S3-983396927
S1-100210233	S2-200472231,S2-255178941,S2-28811750,S2-310904470,S2-508824936,S2-576398485,S2-677523070,S3-702513269
S1-100346744	S2-152251805,S2-201861691,S2-366006471
S1-100350753	S2-115436616,S2-182145854,S2-294843705,S2-334686185,S2-511472460,S2-796125550,S2-844734909,S3-105204608,S3-132018500,S3-204230706,S3-238738977,S3-244694796,S3-465615525,S3-589224939,S3-914226212,S3-922977345,S3-923885053
S1-100642964	S3-328378749
S1-101266685	S2-161949377,S2-308683596,S2-370507866,S2-673651973,S2-758960021,S3-187191351,S3-553356070,S3-702513269
S1-101352059	S2-418604050,S2-619887817,S3-21925395,S3-227627730,S3-228555521,S3-49644510,S3-637905424,S3-641899986,S3-835407522,S3-853137317,S3-92272828,S3-924426571
S1-102011776	S2-116608726,S2-122619875,S2-140308377,S2-157392665,S2-17860697,S2-225100350,S2-232805709,S2-256286125,S2-364205413,S2-455869609,S2-520323329,S2-707823545,S2-743268245,S2-751105332,S2-844801455,S2-875425202,S2-91953344,S2-928493776,S3-185751966,S3-810893565
S1-102086459	S2-255974166,S2-372625515,S2-374302493,S2-386307519,S2-486557375,S2-542224090,S2-603240769,S2-630772014,S2-632966763,S2-792133497,S2-858876941,S3-196092403,S3-210578825,S3-290869569,S3-337037961,S3-760013898,S3-881433812,S3-931409164,S3-976662803,S3-986035189
S1-102837035	S2-133187089,S2-171652466,S2-222848106,S2-225085900,S2-324533517,S2-37191173,S2-407012146,S2-409751632,S2-476543954,S2-589013466,S2-628925789,S2-79978274,S2-799820557,S2-823497150,S2-859714351,S2-962234506,S3-131154783,S3-410089041,S3-66777114,S3-890664785
S1-10326007	S2-333566101,S2-578494629,S2-584009558,S2-587615330,S2-594644960,S3-196184411,S3-208993446,S3-345913154,S3-377840098
S1-104098981	S2-106149927,S3-199402002,S3-838012330
S1-104118882	S2-125741685,S2-158098044,S2-159023381,S2-241866203,S2-252499761,S2-26670373,S2-335490395,S2-355373795,S2-373469672,S2-411462423,S2-413841442,S2-439380937,S2-578936080,S2-661240700,S2-675348874,S2-797854416,S2-854420050,S3-264044736,S3-674573480,S3-942513969
S1-104296099	S2-222212404,S2-241996354,S2-301667789,S2-311575034,S2-345318102,S2-421077741,S2-502866969,S2-526298158,S2-664755818,S2-824323817,S2-877075699,S2-939858492,S3-227305574,S3-325509291,S3-363335263,S3-582655873,S3-718821474,S3-899515880,S3-933784547,S3-96234289
S1-104594645	S2-136620539,S2-148707778,S2-167074341,S2-247158574,S2-418022881,S2-468482346,S2-472820763,S2-509791954,S2-522817566,S2-682145673,S2-754143427,S2-81308229,S2-820645328,S2-864031506,S2-877144844,S2-975151372,S3-337212539,S3-369438690,S3-584170524,S3-996006571
S1-10508751	S2-203963465,S2-295020532,S2-474742769,S2-572367141,S2-658960793,S2-793627380,S2-889223277,S2-903606508,S2-957382655,S2-992175639,S3-181423519,S3-218227097,S3-236009998,S3-264391391,S3-318849419,S3-423811556,S3-481856951,S3-740471609,S3-788751677,S3-91992900
S1-105108299	S2-382707082,S2-478289033,S2-561706368,S2-565839675,S2-740744232,S2-792754965,S2-804958888,S2-916266589,S3-225550477,S3-504014006,S3-735174194,S3-756843349,S3-999107404
S1-105225848	S2-223117200,S2-26324258,S2-349434752,S2-354230116,S2-365673230,S2-629185876,S2-632659490,S2-696956235,S2-706615728,S2-823869687,S2-878091800,S2-93373345,S3-150799188,S3-256340029,S3-747828951,S3-806210077,S3-859666578,S3-865485968,S3-886031599,S3-920671048
S1-105323722	S2-30041980,S2-367161693,S2-438397589,S2-479447417,S2-505244705,S2-532993849,S2-570512018,S2-598991538,S2-626832027,S2-782519972,S2-857681318,S2-862571135,S2-950112893,S2-976611288,S3-283308763,S3-533281356,S3-61308568,S3-624735988,S3-961710544,S3-981975951
S1-105397164	S2-269978206,S2-39527162,S2-426439815,S2-51977302,S2-525862775,S2-598476409,S2-643103064,S2-740657082,S2-772269040,S2-807472221,S2-879384287,S2-913395329,S2-933085923,S2-97550363,S3-112320676,S3-481339929,S3-586022416,S3-617044944,S3-812058821,S3-854440725
S1-105443008	S2-22414077,S2-520871397,S2-523482400,S3-139868195,S3-172730055,S3-19791891,S3-24249839,S3-499946529,S3-503379589,S3-733018517,S3-834632149,S3-956339793,S3-975437751
S1-105695502	S2-391700340,S2-734042937,S2-765581047,S3-281293538,S3-396029789
S1-106006826	S2-185311829,S2-89368578
S1-107994810	S2-329027537,S2-370892711,S2-49966674,S2-55917901,S2-640101270,S2-70493486,S2-754467043,S2-768397925,S2-797380328,S2-841957465,S2-873749238,S2-984037845,S2-992199248,S3-102181072,S3-176880631,S3-195140716,S3-492944539,S3-758852260,S3-762593422,S3-777984072
S1-108402143	S2-16964085,S2-170993862,S2-246676918,S2-248578795,S2-252659819,S2-391091068,S2-432804515,S2-452973108,S2-593645591,S2-596520145,S2-667274253,S2-806523322,S2-85926088,S2-863641602,S2-868571048,S2-872312323,S2-879330978,S2-928684896,S2-974043916,S3-229726643
S1-108453890	S2-51928183,S2-526748973,S2-781895511,S2-937423785,S3-194480719
S1-108944615	S2-109283055,S2-204440662,S2-223515387,S2-323428633,S2-396328438,S2-412323446,S2-42652799,S2-540735949,S2-627173602,S2-643719032,S2-704071681,S2-715100747,S2-809457995,S2-866375620,S2-886188045,S2-920340516,S3-228691682,S3-677310776,S3-756527167
S1-109085390	S2-109905092,S2-190642185,S2-192653858,S2-284571490,S2-311029819,S2-322536831,S2-358756737,S2-590714216,S2-639632705,S2-742941063,S2-797821871,S2-831726341,S2-891050601,S2-89913062,S2-965581478,S3-354849815,S3-356263953,S3-451642542,S3-975299865,S3-980271738
S1-109141649	S2-319360166,S2-49256482,S2-904947630,S3-437542880
S1-10973642	S2-126506454,S2-155681006,S2-184898378,S2-245715646,S2-364258615,S2-369923947,S2-435107976,S2-441422968,S2-497486406,S2-525859393,S2-610173207,S2-696635067,S2-814052487,S2-874162453,S2-907307129,S2-956132872,S3-214661363,S3-225975341,S3-355183349,S3-408443570
S1-109863871	S2-179926110,S2-344085581,S2-549370648,S2-694228270,S2-694421827,S2-697834581,S2-7624353,S2-938245687,S2-986451450,S3-107002798,S3-216014667,S3-241912666,S3-328952319,S3-389181788,S3-43192106,S3-4798555,S3-785002331,S3-854413822,S3-891589807,S3-946561656
S1-110995990	S2-36452438,S2-714690773,S3-228754396,S3-396922385,S3-431544175,S3-847804380,S3-970259864
S1-111123222	S2-195899758,S2-247932015,S2-268132944,S2-300352086,S2-392306223,S2-4925585,S2-523061524,S2-714667997,S2-716818471,S2-724775506,S2-90531864,S3-178695886,S3-606698858,S3-656725017,S3-737881675,S3-811012124,S3-820323292,S3-87747755
S1-111327051	S2-134401967,S2-212727573,S2-231593914,S2-235037560,S2-269059305,S2-639505851,S2-648807717,S2-72989446,S2-804032476,S2-832488712,S2-882773349,S2-952137689,S2-962295223,S3-187734915,S3-813037961,S3-835916796,S3-922722458
S1-111714592	S2-125716438,S2-318409712,S2-662691352,S3-515570940,S3-554050933,S3-723036124,S3-924303863
S1-111837239	S2-146424888,S2-340836507,S2-500272459,S2-546934117,S2-681634213,S2-764648308,S2-771969646,S2-814881099,S2-844790251,S2-91305348,S2-91377268,S2-936516737,S2-953044877,S2-998229665,S3-254451157,S3-766507777,S3-776466162,S3-781951483,S3-933551190,S3-947377425
S1-112047403	S2-3538374,S2-95272451,S3-281733946
S1-112548959	S2-215134403,S2-220405948,S2-362776689,S2-384330461,S2-434617890,S2-534004152,S2-593443822,S2-613033114,S2-730647994,S2-774166468,S2-781790661,S2-864672539,S2-875242013,S2-912041178,S3-24862869,S3-341442253,S3-379786316,S3-387264136,S3-6167994,S3-792394578
S1-11299178	S2-456430736,S2-659060313,S3-207418064,S3-595621012,S3-815914784,S3-827480295,S3-86925867
S1-113101385	S2-128076983,S2-158989871,S2-199285904,S2-210062866,S2-247759089,S2-489461707,S2-546127792,S2-547557150,S2-55691462,S2-612768292,S2-627173602,S2-716107739,S2-724270114,S2-819620168,S2-8914613,S2-979276925,S3-127600405,S3-468331520,S3-921452698,S3-926726677
S1-11321037	S2-174396474,S2-295968835,S2-324596369,S2-395883656,S2-476886880,S2-500304361,S2-511639010,S2-73711745,S2-769808418,S2-818399159,S2-908759962,S2-961905488,S2-976849681,S2-990887923,S3-101104433,S3-106616554,S3-208774137,S3-458122681,S3-726805583,S3-851940035
S1-113631740	S2-148011363,S2-413793635,S3-19952258,S3-889660399
S1-113688449	S2-122376374,S2-131313631,S2-183709274,S2-194090706,S2-221896256,S2-242055718,S2-329695563,S2-367329406,S2-388041325,S2-513019344,S2-692585872,S2-708812063,S2-835255552,S2-947466256,S2-959734804,S2-961184985,S2-999082686,S3-178863607,S3-561446246,S3-675188169
S1-113724945	S2-10768005,S2-15672083,S2-192862353,S2-213138164,S2-247077546,S2-318784543,S2-385302022,S2-51018399,S2-633322664,S2-767223991,S2-833317600,S2-948927387,S3-116295293,S3-164988651,S3-559661145,S3-653540904,S3-657117669,S3-721916884,S3-889332261,S3-990324505
S1-113776365	S2-178415956,S2-260303361,S2-261618486,S2-286088227,S2-430367614,S2-471569615,S2-486281718,S2-518909044,S2-775563537,S2-808949226,S2-870110270,S2-904673479,S2-955449228,S2-985301109,S3-238481583,S3-274001469,S3-349855875,S3-534123824,S3-76351052,S3-881337217
S1-114592033	S2-115879230,S2-303669261,S2-345079710,S2-663525433,S2-724232719,S2-757749176,S2-953605210,S2-983020467,S2-984423579,S3-329707918,S3-399579763,S3-490306002,S3-510127785,S3-558335054,S3-597707950,S3-641679316,S3-760138019,S3-903326419,S3-923235786,S3-970137230
S1-114828621	S2-107807034,S2-188229710,S2-269476982,S2-314926539,S2-448720779,S2-498046006,S2-568273123,S2-674350913,S2-795896132,S2-815337584,S2-845463620,S2-855074698,S2-878310935,S2-921594231,S2-958183207,S2-998532634,S3-160010984,S3-523862829,S3-593996653,S3-634746379
S1-114971799	S2-174633522,S2-215748521,S2-232505577,S2-262775670,S2-314041172,S2-496805461,S2-556932415,S2-635877854,S2-651906563,S2-673801962,S2-705504729,S2-71434915,S2-720663031,S2-772563909,S2-803266562,S3-209396331
S1-11533242	S2-172597897,S2-192965907,S2-258436929,S2-360192926,S2-362875802,S2-478918747,S2-508918211,S2-589966270,S2-672736825,S2-696179681,S2-783742788,S2-795022161,S2-905675291,S2-940168186,S2-957328073,S3-213969920,S3-480479400,S3-521824517,S3-646235257,S3-802384305
S1-11564836	S2-18307325,S2-198047442,S2-204561560,S2-221709823,S2-307868914,S2-381747268,S2-447892968,S2-467632589,S2-510559879,S2-513515664,S2-540724632,S2-569907007,S2-614348283,S2-630894312,S2-653106902,S2-786997557,S2-929989371,S2-977699810,S2-993979742,S3-155684541
S1-115694324	S2-145123713,S2-216036643,S2-233479406,S2-246498070,S2-273140296,S2-328200950,S2-43518673,S2-495384893,S2-627030102,S2-662770103,S2-716279640,S2-758198482,S2-819775720,S2-931594628,S2-94341972,S2-989746951,S3-170401655,S3-237649282,S3-773725716,S3-950043411
S1-115885048	S2-102704852,S2-122346437,S2-145507253,S2-154655572,S2-296385109,S2-321398182,S2-333018724,S2-380483491,S2-502866969,S2-551502726,S2-562839435,S2-578040732,S2-616051831,S2-622624356,S2-815817095,S2-822504612,S2-901555677,S3-226738834,S3-302901311,S3-632140537
S1-116221718	S2-18124353,S2-200267070,S2-282908996,S2-306875981,S2-406105988,S2-46771753,S2-532409011,S2-550124221,S2-815783446,S2-829573267,S2-89626299,S2-922367506,S2-969247601,S2-977762332,S3-136904705,S3-187161274,S3-590211998,S3-791922928,S3-806363473,S3-91113654
S1-116494848	S2-129983519,S2-229177914,S2-416029438,S2-456699027,S2-546413297,S2-564777969,S2-663525433,S2-706494857,S2-873532879,S2-890218607,S2-890652884,S3-272333621,S3-302736809,S3-366456156,S3-398489575,S3-424121821,S3-457775853,S3-493513165,S3-685724545,S3-776652518
S1-11718796	S2-180334619,S2-181962832,S2-266945087,S2-399883790,S2-585106009,S2-585118112,S2-792661362,S2-813279273,S2-928003558,S3-108173786,S3-319536866,S3-370833620,S3-378838298,S3-380723892,S3-396749467,S3-458044931,S3-489639409,S3-549770712,S3-746417011,S3-975638447
S1-117709058	S2-146726066,S2-183278279,S2-18394219,S2-247572689,S2-397653525,S2-577216933,S2-650334980,S2-762584174,S2-862540800,S2-962347602,S2-984241859,S3-203799550,S3-206905413,S3-249568533,S3-349566071,S3-492985058,S3-589621314,S3-609271984,S3-657230379,S3-891901989
S1-118280857	S2-191224574,S2-246355930,S2-397068426,S2-423363501,S2-650148259,S2-704084572,S2-728393607,S2-795863701,S2-819287979,S2-82677453,S2-878936066,S3-174049650,S3-410024930,S3-495368258,S3-636358389,S3-642993326,S3-676264400
S1-118340831	S2-163365630,S2-206232437,S2-206336041,S2-23157393,S2-296061145,S2-311620087,S2-316215063,S2-34413135,S2-457352450,S2-46053319,S2-461504158,S2-507189553,S2-527221085,S2-580571042,S2-676208437,S2-700462260,S2-727949976,S3-342795050,S3-524478467,S3-587172563
S1-118843999	S2-185354648,S2-188124334,S2-20220288,S2-25136748,S2-26760280,S2-359195420,S2-373531293,S2-629103832,S2-677827320,S2-764661898,S2-765106214,S2-831812303,S2-867680259,S2-893567037,S2-998556420,S3-397398579,S3-507741208,S3-695323771,S3-772057281,S3-992323185
S1-118851232	S2-117511591,S2-624005973,S2-718804062,S2-87572982,S3-962189358
S1-119193006	S2-279430052,S2-872945776,S3-328642835,S3-63962167,S3-696671091,S3-839192400
S1-119794959	S2-1505887,S2-15530689,S2-200814831,S2-333716982,S2-356747273,S2-369019289,S2-513019344,S2-595033725,S2-616531243,S2-628129193,S2-692585872,S2-745188610,S2-831064278,S2-947466256,S2-982003904,S2-991507759,S3-364379664,S3-412613954,S3-739538654,S3-76909856
S1-120117580	S2-730043743,S2-731188349,S3-149552971,S3-383226951,S3-410024930,S3-837652212,S3-872812315
S1-120943089	S2-123740075,S2-470293412,S2-629608934,S3-618873915,S3-733962151
S1-12122570	S2-192704,S2-200020258,S2-280477222,S2-312514311,S2-38254830,S2-459125372,S2-522499657,S2-59900544,S2-613017868,S2-67863065,S2-716165462,S2-804512961,S2-922880280,S3-192953072,S3-337860144,S3-366203115,S3-369130400,S3-69268123,S3-771277565,S3-847304242
S1-121487651	S2-204591452,S2-209153603,S2-265287731,S2-266713379,S2-279664505,S2-303286540,S2-378518962,S2-391934267,S2-431529113,S2-513409010,S2-542305368,S2-63261077,S2-739955278,S2-883143109,S2-897326207,S2-940596292,S2-944488484,S2-945098318,S3-2973402,S3-404483959
S1-122521591	S2-22140912,S2-671152685,S3-342848706,S3-42769645,S3-631158407
S1-122957546	S2-148904714,S2-210070544,S2-258932728,S2-293780930,S2-299295102,S2-31855479,S2-42079935,S2-424701471,S2-433588130,S2-565234292,S2-593120056,S2-680552913,S2-794673146,S2-818202342,S2-866623441,S2-893818615,S2-922673479,S2-975142900,S3-278314320,S3-29265636
S1-123123972	S2-139428297,S2-277151983,S2-309376589,S2-329937426,S2-418464196,S2-43898665,S2-507662429,S2-589283351,S3-136036904,S3-25984239,S3-359293946,S3-388370977,S3-434240946,S3-648328249,S3-649453381,S3-682161926,S3-746010999,S3-810926531,S3-830909499,S3-836641332
S1-123741037	S2-173339783,S2-485035907,S2-636323678,S2-744858978,S3-390263132,S3-475788350,S3-861736313
S1-123900796	S2-275292871,S2-31958613,S2-389435470,S2-393563842,S2-395151585,S2-425338087,S2-474213434,S2-571132317,S2-653875888,S2-684808575,S2-708621837,S2-810116004,S2-840424904,S2-854741645,S2-861414287,S2-914877951,S2-926536195,S2-944104238,S3-207385893,S3-907707028
S1-124260471	S2-113777035,S2-142609972,S2-15932911,S2-177812522,S2-209318082,S2-262423639,S2-316856729,S2-35427816,S2-364709779,S2-458450467,S2-468391282,S2-502485918,S2-576831490,S2-65027320,S2-714078030,S2-816130111,S2-941207751,S2-999793401,S3-474563763,S3-593594840
S1-124397883	S2-109283055,S2-188743150,S2-204440662,S2-220231623,S2-240228506,S2-259721793,S2-323428633,S2-412323446,S2-42652799,S2-540735949,S2-627173602,S2-715100747,S2-809457995,S2-866375620,S2-867140952,S2-886188045,S2-920340516,S2-954393928,S3-263414167,S3-439749964
S1-125514728	S2-15235408,S2-233994357,S2-290775709,S2-375543235,S2-382172379,S2-42646219,S2-478122065,S2-741233269,S2-761533458,S2-866357967,S2-953579753,S2-994565920,S3-215110401,S3-418022161,S3-80190676,S3-809538991,S3-822826024,S3-901695315,S3-958975190,S3-962832147
S1-126786930	S2-294301078,S2-294523494,S2-368442120,S2-461768041,S2-466784352,S3-106196636,S3-112119352,S3-116628876,S3-30824703,S3-341413581,S3-342970808,S3-367322449,S3-434450090,S3-51595930,S3-535059072,S3-907239058
S1-127952019	S2-154334183,S2-196635735,S2-196924112,S2-198938800,S2-204301831,S2-217396768,S2-273140296,S2-352057931,S2-393629406,S2-425405131,S2-569860965,S2-598943699,S2-776754812,S2-816989315,S2-864873698,S2-877479417,S2-882819261,S2-90112897,S2-931785818,S2-958304412
S1-128655983	S2-540853782,S2-811705686,S2-82550105,S2-88788553,S3-338655540
S1-129160541	S2-13572735,S2-148854997,S2-1942598,S2-247525761,S2-466464824,S2-569967225,S2-577186665,S2-629656502,S2-630101802,S2-657612909,S2-672144096,S2-761563119,S2-798287923,S2-856654739,S2-872486030,S2-90138115,S2-910978799,S2-91652768,S2-918939789,S3-410647645
S1-129508632	S2-164118721,S2-275234184,S2-285482274,S2-334928044,S2-336880119,S2-369574516,S2-445877107,S2-525779606,S2-571677037,S2-597159535,S2-59930788,S2-623270683,S2-676382349,S2-677757521,S2-685582228,S2-844320636,S2-853799526,S2-909796844,S2-921383329,S3-892805419
S1-129773442	S2-122753797,S2-337528556,S2-43669064,S2-662366622,S2-787423537,S2-862378225,S2-883429453,S2-958688251,S3-136853984,S3-216604482,S3-261616918,S3-29532446,S3-481991219,S3-568182358,S3-634035761,S3-95523164
S1-130671366	S2-129843489,S2-260783262,S2-27607600,S2-315629244,S2-367955030,S2-584195132,S2-601271914,S2-612477017,S2-667165747,S2-705052490,S2-718775157,S2-720292592,S2-721502513,S2-741124141,S2-784742941,S2-844382569,S2-900654127,S2-907011794,S2-918750094,S2-93160252
S1-130982080	S2-150153842,S2-198299699,S2-4298900,S2-463489454,S2-549252400,S2-557882604,S2-567950393,S2-647214678,S2-724039559,S2-72802433,S2-72853812,S2-811484695,S2-899302248,S2-936599465,S3-123216236,S3-33157900,S3-337018761,S3-388477477,S3-533744601,S3-727193417
S1-13144318	S2-283161569,S2-385908574,S2-491437391,S2-545916100,S2-705468900,S2-739603930,S2-82532406,S2-918566040,S3-107174737,S3-238032780,S3-250899575,S3-371793249,S3-501384057,S3-640662581,S3-778923783,S3-782405440,S3-798429022,S3-874299143,S3-952633461,S3-976057251
S1-131743344	S2-297124479,S2-370175855,S2-377040493,S2-4802705,S2-563115127,S2-591736054,S2-613880343,S2-682554922,S2-840130051,S2-866503046,S2-879667121,S2-998221492,S3-214524251,S3-796211368
S1-132313006	S2-16007832,S2-34100948,S2-609934766,S2-811915007,S2-913733095,S2-921467017,S3-126979187,S3-412505763,S3-414972364,S3-494114230,S3-524089872,S3-611052174,S3-682484756,S3-744781779,S3-746336669,S3-768378758,S3-798235758,S3-898838479,S3-902717033,S3-962806873
S1-132482993	S2-249418882,S2-747024488,S2-79883983,S2-906258243,S3-288606342,S3-342094072,S3-42356006,S3-545818023,S3-562601746,S3-924814531
S1-13283051	S2-265434201,S2-486873163,S2-762709371,S3-181755382,S3-813001767,S3-976982296
S1-133915171	S2-109730183,S2-14506136,S2-185311829,S2-291488555,S2-403252824,S2-443505663,S2-52461216,S2-588784793,S2-595957475,S2-696938516,S2-743906548,S2-777938576,S2-839763761,S2-89368578,S3-227086715,S3-593419985
S1-134392146	S2-28860511,S2-439359515,S3-229988428,S3-256473074,S3-26778051,S3-335133966,S3-6965579,S3-703831548,S3-705372982,S3-777984330,S3-835564516
S1-135122325	S2-201829232,S2-253226297,S2-278352906,S2-290405221,S2-332014708,S2-372953173,S2-396356353,S2-464375692,S2-475564547,S2-532321570,S2-57549688,S2-694466866,S2-727014921,S2-869879385,S2-879392749,S2-9622708,S3-211999309,S3-740289168,S3-755319116,S3-836767838
S1-135814625	S2-305919782,S2-689711759,S3-104340740,S3-150082420,S3-274529131
S1-136084158	S2-253412037,S2-290759547,S2-337103519,S2-39617527,S2-598605233,S2-659710732,S2-696193074,S2-731971794,S2-74273469,S2-834738396,S2-871271894,S2-931350000,S2-945339512,S2-962408077,S2-985500532,S3-105928469,S3-210393325,S3-475379542,S3-861327605,S3-946323575
S1-138611702	S2-219833091,S2-372378403,S2-376372110,S2-416469255,S2-425408287,S2-462526248,S2-48668739,S2-55693914,S2-560253318,S2-573476776,S2-589928955,S2-613431408,S2-699425439,S2-716329132,S2-765237014,S3-258540907,S3-498147398,S3-700231434,S3-798449084,S3-80145604
S1-138726700	S2-148135037,S2-205685598,S2-262064954,S2-283976094,S2-419213267,S2-420291012,S2-762585007,S3-121850702,S3-159732193,S3-214767081,S3-218505527,S3-379959920,S3-473314210,S3-489252881,S3-554030900,S3-651167105,S3-675334042,S3-775207122,S3-839331922,S3-931674180
S1-138808670	S2-108927878,S2-109905092,S2-192653858,S2-219201040,S2-311029819,S2-311192735,S2-322536831,S2-358756737,S2-639632705,S2-710511450,S2-742941063,S2-797821871,S2-815766161,S2-830424409,S2-831726341,S2-891050601,S2-954855741,S3-122575966,S3-449947923,S3-88272662
S1-139739297	S2-143028616,S2-145123713,S2-148837223,S2-216036643,S2-233479406,S2-246498070,S2-273140296,S2-328200950,S2-495384893,S2-716279640,S2-75528922,S2-836563673,S2-922081332,S2-931594628,S2-94341972,S2-989746951,S3-773725716,S3-935399782,S3-950043411,S3-967924053
S1-140074418	S2-204194648,S2-226517407,S2-307728376,S2-313170802,S2-323197102,S2-419822671,S2-462838987,S2-570446,S2-58526426,S2-612297917,S2-671623096,S2-992300702,S3-276083037,S3-337466079,S3-485601899,S3-767494169,S3-768329123,S3-907737127,S3-928473942,S3-961959294
S1-1416052	S2-114606790,S2-172764601,S2-201704259,S2-239798786,S2-251752267,S2-396234144,S2-488789411,S2-506145204,S2-625308131,S2-663105160,S2-697325163,S2-71587579,S2-941632499,S2-979515993,S3-193584716,S3-240142258,S3-290107329,S3-385432690,S3-669831642,S3-965558352
S1-141830195	S2-128147026,S2-281287146,S2-354198944,S2-611201507,S2-611993534,S2-725901374,S2-791722263,S2-87502829,S2-876079406,S3-174587201,S3-178421278,S3-22953368,S3-394527377,S3-559845095,S3-655022203,S3-683106469,S3-708812153,S3-994545656
S1-142096840	S2-110125353,S2-120477577,S2-12194610,S2-309430111,S2-391874146,S2-4162476,S2-436120738,S2-445398027,S2-521176572,S2-530493518,S2-5555370,S2-557253038,S2-589702801,S2-634179514,S2-672567246,S2-680689812,S2-745744465,S2-78286144,S2-846447193,S3-451771387
S1-142241227	S2-314515447,S2-611936552,S2-88364168,S2-904816498,S3-147491579,S3-402097402
S1-142251226	S2-140298567,S2-4394427,S2-489640596,S2-490253170,S2-788168060,S2-793086231,S2-925052382,S3-205805063,S3-20737520,S3-364725157,S3-377091393,S3-544738052,S3-637531325,S3-821546724,S3-83872824,S3-958879073,S3-962214075
S1-14279385	S2-253862413,S2-483480832,S2-49616813,S2-609148966,S2-703829945,S2-764306412,S2-772323364,S2-800959646,S2-827275925,S2-880574147,S2-926365725,S3-476090222,S3-478057775,S3-687187929,S3-828753819,S3-841406180,S3-849314875,S3-865044079,S3-903647572,S3-998525161
S1-142878979	S2-173663181,S2-178147378,S2-189226576,S2-190679987,S2-243805328,S2-247926647,S2-53745174,S2-567639596,S2-589174984,S2-633643020,S2-776979128,S2-932897105,S3-223891475,S3-337741807,S3-920397229,S3-961916983
S1-142938397	S2-235090433,S2-431530908,S2-479893171,S2-567837097,S3-131679574,S3-257761501,S3-474779966,S3-628708596,S3-779642627,S3-957965308
S1-143243978	S2-221438387,S2-269114153,S2-294219540,S2-377309045,S2-501104994,S2-626915589,S2-661914759,S2-763620617,S3-341856737,S3-469873772,S3-485949942,S3-521017070,S3-83957711,S3-840848178,S3-874149367
S1-143449981	S2-212279628,S2-521478250,S2-521735477,S2-599925857,S2-691332816,S2-80584586,S3-115905197,S3-118611600,S3-143879192,S3-351174794,S3-770810725
S1-14379958	S2-147973949,S2-162849450,S2-17364326,S2-187600650,S2-231942361,S2-28920926,S2-351025027,S2-406794851,S2-406852971,S2-42284542,S2-428985968,S2-540105563,S2-548049276,S2-69512255,S2-743251605,S2-787819112,S2-846938440,S2-996064384,S3-50213890,S3-604888652
S1-143981469	S2-199616095,S2-310947827,S2-956520344,S3-160196746,S3-197632455,S3-265229093,S3-962364406
S1-144040761	S2-122367876,S2-202977533,S2-284270656,S2-411140728,S2-443727838,S2-490448223,S2-502490336,S2-551853311,S2-553330712,S2-574162671,S2-606721038,S2-672233494,S2-676688328,S2-771705498,S2-932453355,S2-934610437,S3-159507299,S3-360778087,S3-621292235,S3-800325620
S1-144335350	S2-189311612,S2-419498297,S2-438794468,S2-571752230,S2-679698570,S2-717374654,S2-801643827,S2-979301147,S3-330886291,S3-511694913,S3-563429175,S3-744079284,S3-747273125,S3-764424287,S3-772866930
S1-14437205	S2-181833408,S2-297794302,S2-319553606,S2-385605379,S2-418698504,S2-518561014,S2-561069477,S2-565095033,S2-611496405,S2-613639136,S2-67979835,S2-745026111,S2-81518288,S2-826617070,S2-928193497,S2-978286724,S3-460597185,S3-667040695,S3-699601583,S3-792883119
S1-145305115	S2-132364822,S2-169943107,S2-248727423,S2-270578105,S2-421381336,S2-430197807,S2-521972329,S2-656712210,S2-799978429,S2-847642452,S2-871325588,S2-96015716,S2-977033809,S2-99260087,S3-516680935,S3-602073691,S3-703717566,S3-806687307,S3-807711547,S3-983283706
S1-145754846	S2-703027047,S3-589550675
S1-146298404	S2-164976993,S2-18635222,S2-243893770,S2-3261389,S2-339298331,S2-488786537,S2-523744904,S2-657877197,S2-707420806,S2-777373869,S2-810476656,S2-815268224,S2-82493242,S2-835410474,S2-917591322,S2-934608391,S2-939986664,S2-946767984,S3-108858508,S3-983465121
S1-146984213	S2-104272219,S2-255189147,S2-286370159,S2-45099840,S2-460041503,S2-647995833,S2-661531201,S2-756087518,S2-809440227,S3-124716467,S3-165949844,S3-184607046,S3-275459248,S3-360817353,S3-524756735,S3-529852329,S3-703324915
S1-147180559	S2-1380723,S2-145379986,S2-328112326,S2-428723787,S2-444954474,S2-477636878,S2-498285020,S2-509763111,S2-60572542,S2-631864434,S2-704295733,S2-8135342,S2-837302602,S2-889105163,S2-890218607,S2-911470484,S2-9812723,S2-991981696,S3-266049955,S3-476189938
S1-147527853	S2-109730183,S2-14506136,S2-185311829,S2-291488555,S2-403252824,S2-443505663,S2-52461216,S2-588784793,S2-595957475,S2-696938516,S2-743906548,S2-777938576,S2-839763761,S3-227086715,S3-593419985
S1-147802381	S2-253412037,S2-277236290,S2-290759547,S2-316728650,S2-337103519,S2-454353933,S2-598605233,S2-659710732,S2-726900452,S2-731971794,S2-74273469,S2-806958541,S2-80952010,S2-834738396,S2-871271894,S2-931350000,S2-945339512,S2-962408077,S2-985500532,S3-145754209
S1-147901597	S2-960146060,S3-281698066,S3-466476236
S1-148171096	S2-135429782,S2-312111316,S2-318004965,S2-737493248,S2-779076884,S2-865830039,S2-91384801,S2-950519916,S3-513121509,S3-573204232,S3-59210955,S3-651623107,S3-705219991,S3-897457543,S3-927610627,S3-93821763
S1-148629844	S2-143792669,S2-15802375,S2-158768206,S2-210669616,S2-407840267,S2-418259612,S2-463489454,S2-557882604,S2-567950393,S2-606244528,S2-685098733,S2-718501281,S2-734208003,S2-867987152,S2-899302248,S2-91149579,S2-936599465,S3-317941708,S3-712630295,S3-916507921
S1-148894944	S2-112452524,S2-136208372,S2-166932951,S2-303840498,S2-35264918,S2-353053875,S2-362602827,S2-444977711,S2-445158190,S2-82305773,S2-861432338,S2-968907807,S3-189379123,S3-227899492,S3-46672214,S3-59166207,S3-632417878,S3-643263228,S3-822854148,S3-851831444
S1-148913784	S2-232053517,S2-331642939,S2-346140013,S2-346716290,S2-558735946,S2-589210815,S2-613358495,S2-691089241,S2-698746952,S2-720663031,S2-818045347,S2-858373234,S2-863627371,S2-864072799,S2-94118115,S2-94428556,S3-56220606,S3-671308525,S3-686908676,S3-863331857
S1-149471624	S2-130736404,S2-161990650,S2-177348709,S2-212582677,S2-280309152,S2-383900783,S2-740160993,S2-883445214,S2-938075821,S2-943026198,S2-958862682,S2-967109368,S2-984642202,S2-985702654,S3-524507738,S3-590103152,S3-615561499,S3-764424287,S3-837473827,S3-990274579
S1-149569580	S2-195097491,S2-331329964,S3-526762500,S3-590689466,S3-654065357
S1-149721265	S2-168824257,S2-359710026,S2-376179005,S2-440421107,S2-534416622,S2-625322358,S2-630688873,S2-631578396,S2-679333576,S2-704007008,S2-733777086,S2-782056114,S2-782424753,S2-855633517,S2-863138978,S3-130282485,S3-539280574,S3-690657770,S3-77232495,S3-77270332
S1-149735676	S2-151738644,S2-15401346,S2-162120078,S2-170428654,S2-187987120,S2-304667963,S2-425026378,S2-456040057,S2-545131272,S2-592491751,S2-641217477,S2-748955073,S2-757197434,S2-757543295,S2-808575628,S2-98074671,S2-98950539,S3-104260598,S3-682995762,S3-845434141
S1-149739118	S2-119019224,S2-138429970,S2-187227854,S2-263087763,S2-366081375,S2-380063522,S2-393066864,S2-436041396,S2-507495001,S2-537858187,S2-725412413,S2-786332412,S2-845849286,S2-919896803,S2-937254230,S2-947221890,S2-95822029,S2-965326114,S3-197630780,S3-383809534
S1-150104469	S2-122232872,S2-182946969,S2-259929846,S2-279994068,S2-287396608,S2-349384633,S2-370041642,S2-409556544,S2-560505973,S2-582092399,S2-654410059,S2-690666650,S2-740802374,S2-877250720,S2-944631871,S2-97351227,S2-98074671,S3-110370674,S3-180349922,S3-98453719
S1-15011738	S2-234730571,S2-406040688,S2-449058665,S2-493584116,S2-49633502,S2-525555208,S2-648400295,S2-716407342,S2-799669832,S2-963160707,S3-134566435,S3-209234895,S3-337458711,S3-735207700,S3-807537365,S3-82612940,S3-889728965
S1-150242463	S2-257839224,S2-278716260,S2-355967072,S2-374185954,S2-378055021,S2-394116005,S2-397980825,S2-427506185,S2-434200786,S2-49312012,S2-581545150,S2-708254943,S2-754070605,S2-782686580,S2-808666727,S2-837652258,S2-927572293,S2-970439,S2-988911029,S3-939373150
S1-150392435	S2-156443143,S2-161781122,S2-533115756,S2-602695064,S2-635803796,S2-733480582,S2-783194949,S2-851131664,S2-887253067,S2-891990623,S2-950101944,S3-162839716,S3-422483454,S3-688129072,S3-834203448,S3-844593077,S3-892923595,S3-914768850,S3-920658684,S3-985896402
S1-150412667	S2-124187241,S2-363947029,S2-464343356,S2-757049113,S2-769561716,S3-309700735,S3-719322807,S3-853618446
S1-150498332	S2-168375981,S2-206269399,S2-290977286,S2-359791797,S2-38777591,S2-42513015,S2-433351160,S2-457535303,S2-47653466,S2-515715165,S2-536038693,S2-586759014,S2-631571573,S2-945307291,S2-954872120,S2-996679134,S3-153858340,S3-682291749,S3-947521746,S3-965076415
S1-151309334	S3-153729566,S3-208355896,S3-245432662,S3-410426635,S3-422503384,S3-446292108,S3-612289002,S3-680180466,S3-719087539,S3-866005110
S1-151994749	S2-102172461,S2-149711897,S2-223649000,S2-224839523,S2-323004664,S2-347221560,S2-390691283,S2-442463016,S2-576580892,S2-592686513,S2-692245022,S2-865286567,S2-900050816,S2-956132872,S3-110630740,S3-211221239,S3-468693488,S3-655606488,S3-808424002,S3-851527802
S1-15212436	S2-334354664,S2-459787348,S2-46760361,S2-664889844,S2-720799262,S2-838894033,S3-216258258,S3-29556045,S3-437219961,S3-466883611,S3-71159165,S3-756745657
S1-152142057	S2-162252950,S2-843090416,S3-147153005,S3-181639578,S3-375792739,S3-39946716,S3-415753309,S3-483583146,S3-626171409,S3-722131102,S3-76377962,S3-771692836
S1-152446870	S2-211872713,S2-309868864,S2-444146151,S2-497012290,S2-753518729,S2-99136836,S3-12379105,S3-28652509,S3-680870032,S3-822401103
S1-15245717	S2-119795760,S2-462327865,S2-489975761,S2-492923203,S2-635408815,S2-647425732,S2-725014120,S2-747757843,S2-777279068,S3-154072134,S3-25973052,S3-494739458,S3-501064064,S3-669657460,S3-673543774,S3-692479308,S3-723048015
S1-153037379	S2-115050976,S2-143028616,S2-148837223,S2-159889395,S2-207462895,S2-25410047,S2-474924251,S2-524650056,S2-553193794,S2-836563673,S2-877272078,S2-922081332,S3-179512259,S3-269416767,S3-369393579,S3-494372643,S3-726600439,S3-747355483,S3-85183848,S3-887660270
S1-153934138	S2-366094830,S2-552467471,S2-711132492,S2-716176912,S3-57423791
S1-154233324	S2-178820714,S2-215365689,S2-231258333,S2-400512572,S2-489809409,S2-559652955,S2-670986610,S2-7125717,S3-13027449,S3-138768321,S3-219777437,S3-297917516,S3-338871987,S3-398406139,S3-456847011,S3-657243012,S3-793438870,S3-818452060,S3-891529737,S3-948213710
S1-154340969	S2-549853792,S2-643634483,S2-655023868,S2-777373869,S2-786594410,S3-161157928,S3-177626618,S3-223245851,S3-231826259,S3-258818946,S3-301923655,S3-568709634,S3-716246737,S3-778975212,S3-836572789,S3-857634338,S3-868045393,S3-915176001,S3-996344923
S1-155283243	S2-110550221,S2-130167276,S2-163744124,S2-170230513,S2-204948859,S2-226658215,S2-348967666,S2-364562753,S2-412103615,S2-425706457,S2-481762857,S2-543049878,S2-560445859,S2-724208538,S2-733820795,S2-811366167,S2-878653508,S2-927764047,S2-980594306,S3-679402596
S1-155370148	S2-224520354,S2-232636366,S2-251694915,S2-255795892,S2-298598251,S2-326452445,S2-36535392,S2-497546976,S2-623750845,S2-709994826,S2-730105794,S2-813243461,S2-819911306,S2-857937327,S2-867398481,S2-888157746,S2-976698684,S3-599630165,S3-782891457,S3-845538935
S1-155961933	S2-37909536,S2-633406135,S2-712163712,S2-964698793,S3-101481419,S3-105959407,S3-154528501,S3-158722822,S3-271356959,S3-350194640,S3-419846142,S3-490976542,S3-506860101,S3-534964531,S3-56751236,S3-68246778,S3-77325422,S3-914686483,S3-934630728,S3-943109373
S1-155980238	S2-101490015,S2-122323942,S2-135464634,S2-221438387,S2-285063282,S2-298833866,S2-350847418,S2-459611127,S2-474032945,S2-527812446,S2-603240769,S2-639672397,S2-65045464,S2-682357879,S2-70189931,S2-750247882,S2-848117495,S2-929233396,S2-94436932,S3-881399630
S1-156242473	S2-110271666,S2-112705194,S2-148009890,S2-218333893,S2-267164913,S2-334666540,S2-383418288,S2-434742723,S2-504789316,S2-556803824,S2-63147195,S2-66288890,S2-90406449,S2-925783228,S2-930418123,S3-111269110,S3-229988428,S3-268498483,S3-749383527,S3-926031154
S1-156932250	S2-259087730,S2-634612231,S2-669715196,S2-828508726,S3-189184509,S3-378028547,S3-657848149,S3-679660395
S1-157202141	S2-176968531,S2-203039196,S2-225881250,S2-310613953,S2-384300871,S2-38917398,S2-39401964,S2-574579190,S2-574914445,S2-610975361,S2-619859806,S2-716687956,S2-716961117,S2-734993182,S2-94135068,S2-970685340,S3-464325971,S3-591467370,S3-707759953,S3-75035031
S1-157878904	S2-177282506,S2-357391673,S2-427397484,S2-487450523,S2-657935965,S2-767018785,S2-820377495,S2-919829081,S3-280030124,S3-446732974,S3-482305530,S3-525183475,S3-527560942,S3-560528292,S3-7234941,S3-736657083,S3-81311280,S3-813728686,S3-976221615,S3-979853265
S1-157995327	S2-245155784,S2-336818598,S2-456398923,S2-47412762,S2-515001180,S2-593793490,S2-71923980,S2-761954200,S2-869971409,S2-873959444,S2-971937726,S3-471301811,S3-558815779,S3-659838878,S3-698034717,S3-727141260,S3-749619565,S3-890922145,S3-891607163,S3-98217906
S1-158346537	S2-272004093,S2-282724091,S2-302199102,S2-52063042,S2-694627142,S2-797566632,S2-813063237,S2-863194022,S2-910920599,S3-182094352,S3-203449116,S3-396099796,S3-612263160,S3-669261133,S3-759621975,S3-836860729,S3-858715667,S3-867176023,S3-880853882,S3-970035903
S1-158387127	S2-213173611,S2-260455971,S2-334987611,S2-337971131,S2-471713177,S2-489200537,S2-679761638,S2-697927683,S2-772671903,S2-938561651,S2-966597713,S2-967439415,S2-980273250,S3-12132740,S3-138450188,S3-49059787,S3-571407096,S3-621776775,S3-769969670,S3-810410639
S1-158588636	S2-125256131,S2-129228958,S2-140550490,S2-154795306,S2-294419557,S2-305195258,S2-381850998,S2-395630550,S2-414623921,S2-443885313,S2-502104859,S2-563863526,S2-71864258,S2-940852673,S2-97880250,S2-981338857,S3-26986743,S3-303306015,S3-540369676,S3-683314584
S1-159632871	S2-127849472,S2-187829239,S2-192566893,S2-238971069,S2-272346655,S2-371580721,S2-546407954,S2-557520173,S2-558442576,S2-566627479,S2-571998313,S2-751109032,S2-765929286,S2-771695132,S2-782327615,S2-892866501,S2-956811797,S3-107275688,S3-142835549,S3-720469639
S1-160159066	S2-89917808,S2-94212020,S3-279452111,S3-447131564,S3-486607623,S3-537869176,S3-877070928,S3-902430809
S1-160321012	S2-140276802,S2-180807877,S2-230535635,S2-238323284,S2-263873421,S2-275274983,S2-386952398,S2-662975924,S2-683771462,S2-695688422,S2-822078965,S2-828177970,S2-882337068,S2-903821835,S2-955915324,S3-277022192,S3-285633760,S3-546112626,S3-706956590,S3-80691072
S1-16065629	S2-103207689,S2-107888981,S2-279002361,S2-318334880,S2-325413563,S2-79027363,S2-86440536,S2-875292214,S2-964712411,S2-965464662,S2-998388870,S3-130640187,S3-169033761,S3-326374852,S3-392313831,S3-590941398,S3-80450288,S3-804968788,S3-827924570,S3-968305122
S1-160741949	S2-109359308,S2-110504855,S2-235976983,S2-319538868,S2-326828857,S2-336722246,S2-466366945,S2-476817426,S2-529318908,S2-587541845,S2-640099827,S2-654054626,S2-724590666,S2-80698898,S2-818215394,S2-934975361,S3-20009193,S3-748366847,S3-890604425,S3-907610510
S1-160824345	S2-553540706,S3-525103154,S3-662999917,S3-687382575
S1-16109380	S2-10950521,S2-196668169,S2-198142872,S2-394926296,S2-557457136,S2-560889793,S2-654738126,S2-841689006,S3-155730100,S3-177115168,S3-551037408,S3-668964401,S3-697648359,S3-737011364,S3-84437435
S1-161317494	S2-110628432,S2-2307515,S2-2499937,S2-293335918,S2-313048014,S2-374750542,S2-393808325,S2-435390800,S2-440556553,S2-444794612,S2-568658536,S2-57490681,S2-586982227,S2-602771038,S2-732475629,S2-762476932,S2-775394710,S2-819681837,S2-930708346,S2-994500979
S1-162051305	S2-260471331,S2-278899754,S2-293675262,S2-319104076,S2-347967135,S2-355710074,S2-430060563,S2-591736054,S2-645138790,S2-663191944,S2-67505679,S2-709026541,S2-895030236,S2-928348681,S2-976944285,S2-978095463,S3-159396202,S3-461943482,S3-478709374,S3-567450039
S1-162283082	S2-118215506,S2-265287731,S2-297933495,S2-303286540,S2-367619938,S2-467360791,S2-514791394,S2-564915463,S2-573546633,S2-619050146,S2-621239482,S2-62300552,S2-670524857,S2-690492377,S2-855059252,S2-895791781,S2-926493074,S2-944488484,S2-962605751,S2-96328877
S1-162468372	S2-435071100,S3-455631491,S3-559384627,S3-798411249
S1-162493965	S2-152230143,S2-259649179,S2-391277285,S2-469096762,S2-493700151,S2-580934304,S2-634976244,S2-7439070,S2-786687739,S2-925675639,S3-117666495,S3-131361785,S3-154343349,S3-191738720,S3-227723873,S3-307494855,S3-494522060,S3-571924487,S3-756117464,S3-844431486
S1-163139752	S2-306248022,S2-697695367,S3-101807943,S3-469902805
S1-163271343	S2-170543852,S2-170979256,S2-197418401,S2-244606480,S2-402161569,S2-410013422,S2-415733261,S2-507619867,S2-514302848,S2-62218511,S2-698622096,S2-712479570,S2-746547819,S2-823993957,S2-889587153,S2-985896476,S3-284612545,S3-393013404,S3-870384311,S3-90209401
S1-163886921	S2-169054516,S2-527236885,S2-813727425,S3-119968984,S3-12441362,S3-197001136,S3-319465780,S3-387826904,S3-453740441,S3-51536539,S3-675350499,S3-778151165,S3-841393185,S3-879928155,S3-951613489
S1-164617859	S2-110239007,S2-246621020,S2-247610312,S2-256698844,S2-320950403,S2-458860562,S2-535988246,S2-543962002,S2-683692604,S2-74988451,S2-753035497,S2-774596915,S2-80894318,S2-81477151,S2-868365106,S2-880860869,S2-890201478,S2-920882411,S3-700908120,S3-941479230
S1-164864013	S2-185991906,S2-234718518,S2-403624712,S2-405277031,S2-416625657,S2-478312353,S2-491526516,S2-500350498,S2-59455310,S2-605232646,S2-60995426,S2-612994767,S2-768257026,S2-800975630,S2-848995836,S2-852619187,S2-876220008,S2-93829291,S3-504659064,S3-740351115
S1-165312080	S2-157842177,S2-175254346,S2-214022667,S2-233096054,S2-297655729,S2-312191692,S2-319303215,S2-401136411,S2-599347046,S2-608516372,S2-61293282,S2-702377996,S2-935058400,S2-981979826,S3-115509437,S3-37713937,S3-383328178,S3-440122500,S3-710849249
S1-165766028	S2-695240341,S2-98317242,S3-25147613,S3-636928145,S3-943379440
S1-166366123	S2-126861995,S2-19297940,S2-248782105,S2-412196838,S2-416243900,S2-520447085,S2-579566857,S2-625899005,S2-638282892,S2-729718584,S2-797731389,S2-816519179,S2-877555522,S2-954924689,S3-165660890,S3-390828100,S3-511469337,S3-752474962,S3-920205558,S3-933765254
S1-167836172	S2-127868772,S2-156568291,S2-164039123,S2-256868825,S2-497486406,S2-516946324,S2-584306503,S2-674862293,S2-828872229,S2-874162453,S2-937072190,S2-96362128,S3-536248614,S3-558120526,S3-721386518,S3-759966122,S3-829030830,S3-841028827,S3-934209921,S3-949136317
S1-16869024	S2-182145854,S2-196921610,S2-224909884,S2-299199064,S2-301551130,S2-362690308,S2-371999426,S2-384139362,S2-42978080,S2-446585847,S2-499755795,S2-64271083,S2-661795667,S2-789874976,S2-872581562,S2-910209862,S2-930028804,S3-1919529,S3-466032149,S3-555077370
S1-168921333	S2-185531240,S2-195817026,S2-227612893,S2-328087625,S2-39144904,S2-491495530,S2-529228112,S2-539667307,S2-670002901,S2-884190305,S2-982565481,S3-146182914,S3-151633075,S3-177871084,S3-516719901,S3-566118874,S3-571127730,S3-739538201,S3-913263861,S3-987749328
S1-169163020	S2-126506454,S2-164039123,S2-256868825,S2-497486406,S2-516946324,S2-584306503,S2-674862293,S2-696635067,S2-814052487,S2-828872229,S2-859848018,S2-874162453,S2-898880623,S2-937072190,S2-96362128,S3-157028716,S3-274982800,S3-621820986,S3-760013898,S3-929187825
S1-169560090	S2-176692194,S2-197837250,S2-226542182,S2-299772640,S2-320319183,S2-388981331,S2-428985968,S2-436424754,S2-483634728,S2-62630370,S2-694847902,S2-717313647,S2-720148946,S2-827878473,S2-91616724,S2-956708079,S2-972871988,S3-123264098,S3-456931266,S3-712781749
S1-169836370	S2-110236539,S2-184898378,S2-255974166,S2-386307519,S2-542224090,S2-596446650,S2-603240769,S2-630772014,S2-632966763,S2-693256682,S2-699970234,S2-792133497,S3-196092403,S3-337037961,S3-584611096,S3-619759767,S3-760013898,S3-881433812,S3-931409164,S3-976662803
S1-170185434	S2-145059268,S2-657108385,S2-833059885,S2-864096277,S2-888934335,S2-94416201,S3-282082530,S3-329776460,S3-354077759,S3-546615245,S3-712898415,S3-7627736,S3-8228578,S3-855291047,S3-931954535
S1-170339517	S2-154640572,S2-208452578,S2-231609269,S2-236326236,S2-286950244,S2-294320035,S2-49536403,S2-531451884,S2-540259161,S2-55431124,S2-59846669,S2-661030345,S2-680916137,S2-865032619,S3-496233997,S3-612776481,S3-668209162,S3-973988388,S3-974247300,S3-979998964
S1-171180928	S2-210717517,S2-222024725,S2-2567647,S2-276160279,S2-301219117,S2-472530538,S2-483772700,S2-654784858,S2-677289558,S2-68205814,S2-780123305,S2-82856803,S2-929993769,S2-934922347,S3-120271062,S3-122258916,S3-284041175,S3-708969626,S3-737696707,S3-797908569
S1-171746964	S2-153417256,S2-157806144,S2-178386625,S2-281066731,S2-282188517,S2-368660014,S2-373667286,S2-376773244,S2-395135411,S2-444197657,S2-55593665,S2-666818757,S2-810865448,S3-209533980,S3-531227083,S3-587452857,S3-658756404,S3-730957085,S3-753252502,S3-949538929
S1-172013613	S2-133487711,S2-209153603,S2-265287731,S2-266713379,S2-303286540,S2-323169426,S2-367619938,S2-391934267,S2-564915463,S2-573546633,S2-621239482,S2-732907368,S2-739955278,S2-883143109,S2-940596292,S2-944488484,S2-978466439,S2-984417999,S3-625931091,S3-976103396
S1-172092886	S2-115050976,S2-159889395,S2-207462895,S2-247341171,S2-320976579,S2-322753932,S2-474924251,S2-524650056,S2-553193794,S2-674143578,S2-877272078,S3-179512259,S3-269416767,S3-369393579,S3-494372643,S3-527754042,S3-551580447,S3-747355483,S3-85183848,S3-887660270
S1-172364706	S2-290956115,S2-36699476,S2-463514876,S2-891092645,S3-110361988,S3-653914466,S3-765888171,S3-813437491,S3-996218525
S1-172484403	S2-111262131,S2-227373867,S2-260388248,S2-293064422,S2-302445507,S2-308424488,S2-528612313,S2-530423725,S2-54869823,S2-688786896,S2-738771320,S2-803320677,S2-915290378,S2-974796269,S3-296553089,S3-370461320,S3-429402153,S3-53384194,S3-591151717,S3-968976267
S1-172744702	S2-164758226,S2-258730821,S2-294753168,S2-377433131,S2-411500333,S2-44909703,S2-502689864,S2-507673988,S2-604653513,S2-621505462,S2-63437932,S2-663326498,S2-680776344,S2-709026541,S2-726621584,S2-776181293,S2-81084526,S2-891547877,S2-894546932,S3-195147992
S1-172941696	S2-136750670,S2-19925397,S2-204194648,S2-224282751,S2-226517407,S2-323197102,S2-419822671,S2-438310026,S2-462838987,S2-570446,S2-58526426,S2-868791074,S2-992300702,S3-276083037,S3-459626105,S3-768329123,S3-772859358,S3-870702600,S3-928473942,S3-961959294
S1-172960633	S2-446263986,S2-45549519,S2-51477351,S2-649863166,S2-712241936,S2-718807938,S2-7809937,S2-943230715,S2-949112739,S2-981278356,S3-132076455,S3-272200272,S3-292089074,S3-357467710,S3-514789414,S3-616344570,S3-706887146,S3-74650934,S3-751735107,S3-996802106
S1-173046747	S2-133443330,S2-176602047,S2-211389639,S2-345917206,S2-358578952,S2-36572103,S2-439072420,S2-513442789,S2-660189804,S2-695720803,S2-718436019,S2-774316610,S2-828388778,S2-845362212,S2-9004241,S2-99146507,S3-18816039,S3-420915559,S3-452769590,S3-959207846
S1-173481311	S2-594689006,S3-156348094
S1-173535786	S2-874141669,S3-387267184
S1-173682829	S2-111825499,S2-132796698,S2-142984779,S2-222516833,S2-391277285,S2-436383165,S2-45672082,S2-474517694,S2-491011038,S2-57283693,S2-691182163,S2-71964677,S2-755475008,S2-892178595,S3-110361988,S3-219134644,S3-253249741,S3-376536331,S3-721860711,S3-740304515
S1-173726535	S2-111529715,S2-120391369,S2-286805960,S2-356426402,S2-364595902,S2-488565793,S2-520641940,S2-536777587,S2-658868799,S2-719884043,S2-727477424,S2-750070041,S2-824243201,S2-864704766,S2-879041312,S2-902470452,S3-137900184,S3-668299760,S3-709487398,S3-866651018
S1-174121485	S2-133717523,S2-181962832,S2-255280797,S2-408865400,S2-539867790,S2-577625418,S2-585118112,S2-668778525,S2-792661362,S2-813279273,S2-922598590,S2-966856274,S3-229041371,S3-301042091,S3-319987864,S3-574006022,S3-628221810,S3-642432486,S3-791021794,S3-925285840
S1-174389654	S2-14285358,S2-146020539,S2-160530551,S2-199635728,S2-292568914,S2-353688026,S2-526910948,S2-529306686,S2-570280793,S2-693256682,S2-704280999,S2-88404845,S2-894384835,S2-906287502,S2-910122412,S2-958192744,S3-187000674,S3-387130498,S3-502628632,S3-552349188
S1-174771066	S2-144850842,S2-216127571,S2-333593636,S2-70544488,S3-10892886,S3-138692499,S3-263097638,S3-294604409,S3-673533345,S3-675226978,S3-715019365,S3-722465715,S3-795124243
S1-175023310	S2-10768005,S2-167109962,S2-192862353,S2-213138164,S2-247077546,S2-318784543,S2-385302022,S2-51018399,S2-633322664,S2-767223991,S2-833317600,S2-980392279,S3-116295293,S3-123779645,S3-559661145,S3-653540904,S3-721916884,S3-848262654,S3-990324505
S1-175401623	S2-260471331,S2-278899754,S2-293675262,S2-319104076,S2-347967135,S2-430060563,S2-518683159,S2-557987308,S2-58348149,S2-67505679,S2-679193324,S2-709026541,S2-895030236,S2-928348681,S2-96426489,S2-976944285,S3-402140504,S3-613192964,S3-705288427,S3-845553660
S1-177006999	S2-111528223,S2-216419718,S2-239334407,S2-492287789,S2-502231516,S2-551487902,S2-750708611,S2-759694152,S2-789377888,S2-915229145,S2-922890824,S2-955031982,S2-978741757,S3-137775214,S3-471576178,S3-555409667,S3-611361505,S3-657564080,S3-871081690,S3-917810362
S1-177012996	S2-221037691,S2-26113837,S2-298589362,S2-416217045,S2-765119288,S2-77285093,S2-843418679,S2-849985648,S2-958352718,S2-983123295,S3-175615310,S3-191253991,S3-267013340,S3-47806754,S3-640729084,S3-736851512,S3-77207139,S3-797587788,S3-969596546,S3-973365771
S1-177487515	S2-111192912,S2-124970234,S2-126506454,S2-248267062,S2-256868825,S2-503829652,S2-525859393,S2-553297806,S2-584306503,S2-674862293,S2-712777388,S2-820228435,S2-844267085,S2-85446560,S2-874162453,S2-937072190,S2-962888224,S2-995746647,S3-344677281,S3-998540834
S1-177489892	S2-309291337,S2-721032777,S2-982155730,S3-53190744,S3-757057433,S3-765237727
S1-178422309	S2-209760832,S2-437101729,S2-458350720,S2-542336124,S2-931606334,S3-144906039,S3-432524319,S3-676442781,S3-701303987
S1-178678204	S2-149345266,S2-175654579,S2-334192680,S2-434996241,S2-435024845,S2-454450916,S2-457906471,S2-738629358,S2-811330551,S2-836912450,S2-869263262,S2-900963319,S2-918391479,S2-934446529,S2-970082710,S3-10944569,S3-280203648,S3-669222292,S3-751266801,S3-90347906
S1-179032114	S2-121253507,S2-142142252,S2-309561640,S2-348990518,S2-518185574,S2-541750887,S2-643719032,S2-787833272,S2-834563673,S2-910209862,S2-928901522,S2-977127221,S2-987872374,S3-18532307,S3-200877566,S3-339054765,S3-526917396,S3-855274951,S3-876817226,S3-889268461
S1-179418177	S2-259218830,S2-297825440,S2-311537785,S2-421755668,S2-438397589,S2-439990737,S2-447442911,S2-462955243,S2-480877978,S2-520441214,S2-553024320,S2-598991538,S2-699301561,S2-74892125,S2-856341466,S2-862571135,S2-928186457,S3-378551672,S3-519712569,S3-553176058
S1-179678319	S2-106750439,S2-362393951,S2-430910338,S2-513937414,S2-53160245,S2-98077886,S3-248412133,S3-789794978,S3-827245629,S3-844427483,S3-978081333
S1-17976750	S2-108541843,S2-130549409,S2-257944193,S2-310092090,S2-319373159,S2-413264876,S2-436838908,S2-541570442,S2-653459371,S2-681990551,S2-768716535,S2-85355042,S2-87932682,S2-909519831,S2-937509955,S2-954259326,S2-981835045,S2-991227564,S3-166050610,S3-387715718
S1-180252799	S2-12796093,S2-130959842,S2-154347722,S2-171688840,S2-187943630,S2-249820537,S2-26746986,S2-287249278,S2-613129213,S2-63437932,S2-680776344,S2-773638828,S2-783576806,S2-796855466,S2-846927809,S2-879959263,S2-909960255,S2-981143195,S3-562815785,S3-944799506
S1-181314937	S2-15280146,S2-157181662,S2-172940978,S2-174747510,S2-308506922,S2-391073938,S2-423099834,S2-624229274,S2-635730595,S2-645541404,S2-779998795,S2-824783934,S2-826461333,S2-85355042,S2-894616416,S2-914335459,S3-245666353,S3-44579765,S3-51059320,S3-837194302
S1-181594312	S2-274546833,S2-302933108,S2-376179005,S2-625322358,S2-635148681,S2-648317392,S2-674367896,S2-679333576,S2-724966076,S2-725034135,S2-733777086,S2-734527887,S2-751588111,S2-788195957,S2-815062890,S2-963646032,S3-745942608,S3-826446103,S3-857606945,S3-956339793
S1-181908411	S2-360388018,S2-539134456,S3-730046363
S1-182862234	S2-223117200,S2-26324258,S2-304155364,S2-349434752,S2-354230116,S2-629185876,S2-632659490,S2-696956235,S2-706615728,S2-802198494,S2-823869687,S2-878091800,S2-93373345,S3-535177354,S3-550811701,S3-651610893,S3-740478288,S3-859666578,S3-886031599,S3-894926849
S1-183484726	S2-119019224,S2-138429970,S2-166747800,S2-263087763,S2-366081375,S2-393066864,S2-418033252,S2-436041396,S2-537858187,S2-725412413,S2-763835236,S2-845849286,S2-919896803,S2-933488038,S2-934350943,S2-937254230,S2-947221890,S2-95822029,S2-983379660,S3-667448358
S1-183539397	S2-456007091,S2-855576345,S2-949950878,S3-466599305,S3-50483905
S1-183857691	S2-234289368,S2-29950408,S2-337462823,S2-363534521,S2-678191772,S2-695769315,S2-776356778,S2-779405377,S2-808610334,S2-808728262,S2-846238992,S2-954715854,S3-124291758,S3-264605205,S3-40953461,S3-461185136,S3-660389772,S3-668447572,S3-783860613,S3-993488828
S1-185163011	S2-163940625,S2-182558028,S2-220948169,S2-224869315,S2-367435825,S2-392482719,S2-517757570,S2-533183444,S2-564260866,S2-694627142,S2-735378655,S2-808481913,S2-820079347,S2-924946907,S2-975334742,S3-132183816,S3-223834910,S3-406781544,S3-564846463,S3-998661116
S1-185225180	S2-10344470,S2-164974755,S2-228051490,S2-356631872,S2-35992908,S2-477841083,S2-571254405,S2-593802350,S2-728899328,S2-753020760,S2-809330355,S2-844866847,S3-541049896,S3-561370731,S3-629704251,S3-756253237,S3-777792270,S3-87874315,S3-958128661,S3-975590811
S1-185283319	S2-198573916,S2-222479982,S3-370359963,S3-545038868,S3-608898276,S3-867723315
S1-185286754	S2-2035276,S2-327707439,S2-513341490,S2-594825178,S2-696156339,S2-785554041,S2-787982578,S2-839315054,S2-872303457,S2-902012300,S3-289642997,S3-325791419,S3-351428602,S3-475448212,S3-481975770,S3-519434928,S3-672692114,S3-682278061,S3-77569017,S3-776069634
S1-187473358	S2-116735505,S2-190939937,S2-271901025,S2-275404449,S2-318025254,S2-369752988,S2-487433596,S2-533076862,S2-552565714,S2-565609932,S2-579909245,S2-631415169,S2-694421827,S2-699029532,S2-747478411,S2-748675886,S2-93891477,S3-455947037,S3-873159607,S3-903845766
S1-18842801	S2-121170903,S2-164039123,S2-241868453,S2-252156394,S2-313811953,S2-35711158,S2-471852141,S2-516946324,S2-555388659,S2-670948516,S2-674862293,S2-692615739,S2-824072170,S2-828872229,S2-898880623,S2-937072190,S2-96362128,S3-281309792,S3-51584264,S3-728639368
S1-188580931	S2-594817860,S2-79020232,S3-141474812,S3-609581378,S3-717063779,S3-754319922
S1-189100679	S2-237386317,S2-363654366,S2-368384203,S2-369447098,S2-422510029,S2-81084363,S2-810987431,S2-819205211,S2-823424049,S2-826052002,S2-862841483,S2-913033756,S2-944030245,S3-252290686,S3-558137439,S3-632129880,S3-797756584,S3-82161671,S3-908646887,S3-978243260
S1-189572306	S2-13486232,S2-169100619,S2-288974455,S2-444585102,S2-537224110,S2-537582289,S2-664375008,S2-749932508,S2-795022161,S2-860806518,S2-905675291,S3-227037942,S3-416340241
S1-189837581	S2-143871008,S2-240244122,S2-344874828,S2-388929490,S2-439883667,S2-517129252,S2-654698897,S2-856008986,S2-887089510,S2-896383968,S2-92742130,S2-934637796,S2-9711166,S3-497156060,S3-624194271,S3-669224432,S3-674593207,S3-796522781,S3-975592692,S3-97657095
S1-189961062	S2-126506454,S2-164039123,S2-256868825,S2-383115169,S2-402548315,S2-516946324,S2-584306503,S2-674862293,S2-683588684,S2-820471246,S2-828872229,S2-898880623,S2-911154739,S2-937072190,S2-96362128,S2-986189127,S3-234627339,S3-424398723,S3-608511104,S3-83056185
S1-191105000	S2-120629003,S2-153269872,S2-179471610,S2-270675463,S2-299415493,S2-340284927,S2-475170125,S2-558507139,S2-631869569,S2-684706091,S2-723970550,S2-752174561,S2-757484365,S2-794593905,S2-799159782,S2-930033885,S3-123670963,S3-399504614,S3-657994393,S3-893206766
S1-191316593	S2-107876450,S2-406411579,S2-440968822,S2-442152089,S2-502793463,S2-53427779,S2-547718723,S2-585973304,S2-655233914,S2-899089837,S2-95245184,S2-996960231,S3-429262525,S3-478527548,S3-585811486,S3-614895154,S3-69965441,S3-747094527,S3-779779215,S3-822814758
S1-191322990	S2-16971292,S2-71971097,S3-116985344,S3-184220961,S3-197569200,S3-295158014,S3-35368045,S3-380113067,S3-41842064,S3-442680990,S3-511786699,S3-699930849,S3-97139652
S1-191458009	S2-822338513,S3-751671096,S3-762304498,S3-793091985,S3-945220594
S1-191741117	S2-255050122,S2-259293015,S2-283797923,S2-413365902,S2-474391443,S2-573861947,S2-757335972,S2-776031199,S2-864651701,S2-991843540,S3-104503238,S3-308769591,S3-438037989,S3-461282905,S3-530107911,S3-581947288,S3-598552113,S3-920834869,S3-969990999
S1-192475854	S2-146288242,S2-153191170,S2-159064454,S2-197696225,S2-22257325,S2-299429553,S2-300451593,S2-325209077,S2-386690759,S2-423100681,S2-515757442,S2-569049408,S2-619282421,S2-620734885,S2-686251531,S2-728566332,S2-801751736,S2-886247443,S2-970730978,S3-86904662
S1-192580162	S2-124187241,S2-14506136,S2-341693883,S2-346726764,S2-352151961,S2-4479411,S2-52335797,S2-533767240,S2-560782104,S2-720148946,S2-809766861,S2-838963215,S2-884836581,S3-251383967,S3-317191468,S3-355792538,S3-42140506,S3-487770677,S3-578613511,S3-584105846
S1-192942063	S2-117811957,S2-205685598,S2-282273778,S2-340397246,S2-421993234,S2-449392076,S2-48864703,S2-555846632,S2-710052314,S2-756528379,S2-864105147,S2-870171243,S2-905566596,S2-977529610,S3-559871408,S3-561712417,S3-788624238
S1-192979836	S2-193065678,S2-27403237,S2-319619448,S2-354604079,S2-403397925,S2-441876374,S2-73836611,S2-813569572,S3-396785576,S3-820551296
S1-193537273	S2-148837223,S2-197226842,S2-413012135,S2-421975132,S2-517981617,S2-574871128,S2-631023630,S2-679193324,S2-765265626,S2-774600043,S3-33315235,S3-392375481,S3-445358129,S3-446769837,S3-464381537,S3-486819522,S3-545214696,S3-551521349,S3-640997844,S3-922856253
S1-193696104	S2-294086065,S2-327349759,S2-848227322,S2-889757678,S2-9181274,S3-123485687,S3-214270952,S3-300484130,S3-507495798,S3-582310331,S3-649789789,S3-686375681,S3-689116174,S3-770390030,S3-816769284
S1-193996294	S2-181178537,S2-245479412,S2-296324384,S2-38581127,S2-403885951,S2-430910338,S2-487250188,S2-550688919,S2-63189732,S2-670395970,S2-681156890,S2-722239453,S2-74052072,S2-754942062,S2-884378833,S2-94652598,S2-964619141,S2-991823857,S3-544627543,S3-585968669
S1-194135710	S2-188229710,S2-284571490,S2-337967601,S2-34332768,S2-479515657,S2-75313451,S2-785965991,S2-874882918,S2-905737147,S2-954365821,S2-981550471,S3-226018212,S3-338192874,S3-354849815,S3-371793249,S3-438023181,S3-574293703,S3-619649704,S3-92624949,S3-984562352
S1-194517227	S2-11234423,S2-202689811,S2-299429553,S2-302331531,S2-383539909,S2-423100681,S2-438972703,S2-493823776,S2-49774351,S2-515757442,S2-533574549,S2-590827156,S2-666184110,S2-734292216,S2-861799105,S2-927099416,S3-17534189,S3-527965010,S3-53027652,S3-983042215
S1-194636320	S2-211719163,S2-215638402,S2-257902356,S2-389420810,S2-392524018,S2-454732437,S2-569401409,S2-58269604,S2-616853527,S2-624464615,S2-73070568,S2-749556289,S2-816905882,S2-850942918,S2-952266584,S3-170611354,S3-198216959,S3-210332875,S3-296381778,S3-452326326
S1-194945687	
S1-195437238	S2-126506454,S2-155681006,S2-256868825,S2-37252010,S2-441422968,S2-497486406,S2-516946324,S2-610173207,S2-696635067,S2-814052487,S2-819216280,S2-825284038,S2-828872229,S2-96362128,S3-107202137,S3-177278144,S3-601110613,S3-642158704,S3-676555674,S3-948141733
S1-195649555	S2-466017431,S2-476067012,S2-480115625,S2-490368290,S2-54251163,S2-553620620,S2-659566506,S2-93711546,S3-124927419,S3-218594658,S3-259311089,S3-303249018,S3-437859865,S3-80577383,S3-808418014
S1-19579823	S2-454833628,S2-667115022
S1-196616325	S2-122635599,S2-125960721,S2-256692563,S2-451120296,S2-483480832,S2-599482705,S2-632630131,S2-650803267,S2-696742763,S2-812711831,S2-847392050,S2-883256571,S2-966057618,S2-968246739,S2-973454867,S3-142013655,S3-319981327,S3-432919001,S3-634998414,S3-770988716
S1-196806407	S2-13416435,S2-230944885,S2-318363966,S2-362515452,S2-54829896,S2-573540967,S2-612103809,S2-639505851,S2-644504484,S2-71874881,S2-801215964,S2-875915758,S2-910067788,S2-941699084,S3-130467621,S3-214400375,S3-286215499,S3-491074178,S3-643890573,S3-833134140
S1-197107423	S2-226030742,S2-408007392,S2-490320012,S2-521483083,S2-526910948,S2-561420173,S2-611556831,S2-759537509,S2-763983898,S2-764361226,S2-769072993,S2-898476343,S2-936815990,S2-942903224,S3-14567404,S3-319614782,S3-44854787,S3-487718951,S3-746855712,S3-846482651
S1-197471630	S2-102286733,S2-110920126,S2-198938800,S2-199020653,S2-303726261,S2-312533710,S2-347967135,S2-392512147,S2-412036406,S2-438235722,S2-545769155,S2-615399596,S2-719920196,S2-761096241,S2-783345185,S2-894384835,S2-895030236,S2-969254000,S2-997610957,S3-860756083
S1-198313040	S2-12863121,S2-17871596,S2-313291466,S2-444101770,S2-473878191,S2-477841083,S2-579569398,S2-677112745,S2-752352327,S2-763978260,S2-81855496,S2-924470584,S2-931648865,S2-955928608,S3-346735486,S3-490728775,S3-491179064,S3-501899748,S3-718436602,S3-822840429
S1-198427863	S2-579424070,S2-628339805,S2-823956305,S2-897326207,S3-155700465,S3-183653594,S3-21973305,S3-392093010,S3-404483959,S3-456162390,S3-554579834,S3-560416735,S3-582950031,S3-607937307,S3-643066739,S3-72313473
S1-198995610	S2-185531240,S2-229560398,S2-26113837,S2-262867235,S2-277690362,S2-377001396,S2-416217045,S2-435627530,S2-44935718,S2-490251737,S2-744217737,S2-765119288,S2-76522298,S2-788406432,S2-799863220,S2-845155025,S2-919706463,S2-958352718,S3-287255555,S3-330489203
S1-199132891	S2-121251263,S2-144482508,S2-254788701,S2-266944177,S2-418380949,S2-438753836,S2-439092812,S2-630651352,S2-738952441,S2-821362422,S2-844263640,S3-145955358,S3-322142432,S3-440995686,S3-513017525,S3-58123014,S3-758084938,S3-902040254,S3-953952631,S3-977350869
S1-199285442	S2-140308377,S2-157392665,S2-16079282,S2-232805709,S2-256286125,S2-300559990,S2-364205413,S2-412075301,S2-455869609,S2-554896252,S2-590829133,S2-673151003,S2-707823545,S2-714132022,S2-854459566,S2-875425202,S2-91953344,S3-152113695,S3-237213254,S3-450240063
S1-199666147	S2-210298685,S3-149839365,S3-252083874,S3-462394355,S3-641083501
S1-200092499	S2-134175529,S2-184654292,S2-209477846,S2-29692158,S2-400132919,S2-503644170,S2-596878321,S2-736654053,S2-783242233,S2-846535978,S2-872118692,S2-9255512,S2-935726283,S3-144642972,S3-292547100,S3-350156276,S3-594074164,S3-762541067,S3-881212772,S3-978138482
S1-200207340	S2-14803387,S2-220633560,S2-277586168,S2-309496710,S2-711101693,S2-766311908,S2-808575628,S2-898482839,S3-154231092,S3-399412459,S3-412835946,S3-636142587,S3-905844957
S1-200377984	S2-112306642,S2-169054516,S2-175586454,S2-461023431,S2-473425954,S2-505531145,S2-527236885,S2-566170831,S2-6528038,S2-745723670,S2-789510322,S2-790031364,S2-823816529,S2-919912540,S2-942471391,S3-15786625,S3-210924395,S3-216800194,S3-927351538
S1-200478923	S2-196741372,S2-309215976,S2-334359283,S2-692313332,S2-757793755,S2-840733107,S2-923534511,S3-142178960,S3-252173391,S3-284723560,S3-321630104,S3-436506518,S3-438480250,S3-454071242,S3-496827840,S3-507892750,S3-556912037,S3-615900852,S3-662500378,S3-665856758
S1-200623599	S2-286696609,S2-374312103,S2-406552281,S2-432215903,S2-446315971,S2-535747344,S2-575206081,S2-576774941,S2-683377661,S2-799644061,S2-95398254,S2-996457755,S3-329810583,S3-359226982,S3-57113908,S3-697898952,S3-780883112,S3-794676114,S3-868666934,S3-879396600
S1-200630963	S2-189723704,S2-467360791,S2-498472092,S2-599910283,S2-620446219,S2-62300552,S2-65269274,S2-654771613,S2-670524857,S2-690492377,S2-730735143,S2-802305132,S2-823434500,S2-855059252,S2-879030047,S2-96328877,S2-967332593,S3-811855637,S3-816420857,S3-980639646
S1-200852652	S2-158148731,S2-4325069,S2-496777850,S2-520980817,S2-661930046,S2-898290445,S3-113064761,S3-197427002,S3-214362331,S3-357120906,S3-394641730,S3-669464149,S3-692637554,S3-754487324,S3-782705706
S1-201661687	S2-178043282,S2-187892076,S2-202159021,S2-21065567,S2-274064832,S2-852750425,S2-875727980,S2-889582376,S2-953657075,S2-980749350,S3-42089963,S3-425205186,S3-710147025
S1-201694273	S2-110054108,S2-185606993,S2-226196338,S2-292254573,S2-386433432,S2-478339042,S2-480507234,S2-597606217,S2-635803796,S2-7014550,S2-761972097,S2-988362074,S3-106278634,S3-192584799,S3-348050503,S3-355795260,S3-382834214,S3-656166842,S3-752528485,S3-878319580
S1-202091354	S2-106069352,S2-237622934,S2-409478123,S2-760470659,S2-849614446,S3-729675252,S3-98136478
S1-203453562	S2-234289368,S2-253321335,S2-29950408,S2-464669590,S2-63983150,S2-678191772,S2-732036770,S2-808610334,S2-930582849,S3-124291758,S3-264605205,S3-461185136,S3-601496716,S3-686235406,S3-783860613,S3-856433662
S1-203469676	S2-171100423,S2-351547499,S2-421078322,S2-467121958,S2-472549533,S2-475820176,S2-557236326,S2-560657608,S2-587381188,S2-628011193,S2-699380075,S2-702862423,S2-717368863,S2-727344061,S2-741298163,S2-84805581,S2-863652256,S2-877014045,S2-914673196,S2-929443380
S1-203570975	S2-137751566,S2-179213874,S2-276478634,S2-394444706,S2-444139007,S2-549723183,S2-562497096,S2-572529261,S2-713920891,S2-747751155,S2-758960021,S2-802104227,S2-894313135,S2-959518463,S2-98013069,S3-148226342,S3-397121145,S3-644242031,S3-843967544,S3-932372681
S1-203637844	S2-256451765,S2-314871912,S2-315548151,S2-36879102,S2-387399926,S2-391886434,S2-395810184,S2-434190410,S2-507813798,S2-527644026,S2-68457852,S2-75521386,S2-784852829,S2-831625227,S2-875758626,S2-95236532,S2-978232132,S3-554997296,S3-787530047,S3-934140157
S1-20364009	S2-112834662,S2-166470814,S2-220720253,S2-229886583,S2-232490044,S2-239391031,S2-476753105,S2-489827398,S2-50256920,S2-572367141,S2-606686414,S2-680125018,S2-717160791,S2-756302651,S2-846497405,S2-866481396,S2-902843744,S2-97937368,S3-153056391,S3-42432163
S1-203832513	S2-183419732,S2-282478224,S2-36494860,S2-398699754,S2-511376005,S2-715226963,S2-759983025,S2-810090028,S2-953589233,S3-446502953,S3-459529146,S3-832390858,S3-833501559,S3-893551505
S1-205002411	S2-109139827,S2-170230513,S2-204948859,S2-348967666,S2-412103615,S2-425706457,S2-543049878,S2-724208538,S2-811366167,S2-812610176,S2-878653508,S2-927764047,S2-963792977,S2-980594306,S3-10866486,S3-252936779,S3-389555260,S3-597907671,S3-637639103,S3-835407522
S1-20599962	S2-188270312,S2-279120261,S2-346716290,S2-4261790,S2-454840833,S2-52268591,S2-537997029,S2-571257380,S2-760648353,S2-819091818,S2-834443780,S2-978545873,S3-177660190,S3-245859172,S3-343236169,S3-459871925,S3-76119700,S3-788787211,S3-905671928,S3-919905814
S1-206015699	S2-142487901,S2-161232514,S2-301966456,S2-327631457,S2-532859462,S2-662644637,S2-719415452,S2-764266501,S2-779247039,S2-808166134,S2-882526352,S2-988241366,S2-988848840,S3-120617320,S3-15566256,S3-305991139,S3-367897431,S3-753843594,S3-876959568
S1-206501477	S2-127761388,S2-203563265,S2-283816870,S2-291202715,S2-341476036,S2-363779880,S2-369611703,S2-621975205,S2-635228641,S2-69852428,S2-802837546,S2-879724650,S2-917557484,S2-995438812,S3-182698702,S3-192882328,S3-372802939,S3-884925160,S3-890782196,S3-914634385
S1-207492447	S2-144852361,S2-17349916,S2-178872120,S2-189130846,S2-405456854,S2-451468513,S2-542054333,S2-732053562,S2-794157438,S2-892253983,S2-901254733,S2-904315979,S2-951174187,S2-993723166,S3-374290581,S3-413802208,S3-456847011,S3-581670595,S3-75691049,S3-872937925
S1-208267131	S2-100842773,S2-179213874,S2-236875656,S2-238257070,S2-263930722,S2-276478634,S2-331036957,S2-437914811,S2-444139007,S2-701119632,S2-713920891,S2-783860047,S2-818865818,S2-926723118,S3-181144762,S3-302483285,S3-512411225,S3-700113017,S3-77979607,S3-86168711
S1-208809223	S2-159371006,S2-173663181,S2-306658207,S2-352839034,S2-641100149,S2-800779929,S3-422395513,S3-464037110,S3-579174694,S3-606682330,S3-911312162
S1-209011742	S2-489334644,S3-537317193,S3-759909274,S3-920204350
S1-209843107	S2-10587098,S2-130141140,S2-231195947,S2-382086602,S2-420066966,S2-470659069,S2-50151525,S2-539190173,S2-591174313,S2-62446720,S2-630228385,S2-646326138,S2-739448663,S2-742684674,S2-743127438,S2-779806265,S2-826516454,S2-851185635,S3-307895141,S3-337927959
S1-209882094	S2-15952592,S2-505831858,S3-226329943,S3-292167119,S3-733925220
S1-210415461	S2-144916279,S2-222900232,S2-472356666,S2-487335322,S2-507569300,S2-596843805,S2-819205211,S3-152058331,S3-220456800,S3-4185616,S3-433811607,S3-434583741,S3-501369903,S3-632140537,S3-750492199,S3-808225728,S3-91246912,S3-960652319,S3-963173691,S3-969866711
S1-210532132	S2-164645182,S2-17364326,S2-1867789,S2-225293592,S2-258508077,S2-368207193,S2-470166361,S2-51363526,S2-927663304,S2-944785745,S3-148222042,S3-160748086,S3-365616642,S3-525030919,S3-56092705,S3-710459140
S1-211398477	S2-196327477,S2-367161693,S2-43275665,S2-438397589,S2-479447417,S2-505244705,S2-570512018,S2-598991538,S2-626832027,S2-782519972,S2-857681318,S2-862571135,S2-950112893,S2-976611288,S3-283308763,S3-533281356,S3-61308568,S3-624735988,S3-961710544,S3-981975951
S1-211934871	S2-155509489,S2-207860960,S2-227021092,S2-342936596,S2-348164499,S2-356722150,S2-489369957,S2-493971999,S2-530542217,S2-546325958,S2-575830624,S2-58517035,S2-711763507,S2-837663921,S2-898638932,S2-929054875,S2-999296776,S3-29695807,S3-782301273,S3-985565289
S1-212073861	S2-194846473,S2-620182863,S3-8989874,S3-899064207,S3-911136000,S3-929258201,S3-973585309
S1-212140664	S2-121022250,S2-141268529,S2-451473736,S2-477346021,S2-573593280,S2-595913199,S2-650779848,S2-736730402,S2-747207847,S2-87200954,S3-22506441,S3-239367161,S3-268996648,S3-269090464,S3-277423664,S3-570316184,S3-75124013,S3-787963116,S3-797272249,S3-920780521
S1-212364380	S2-111239293,S2-201004102,S2-207798649,S2-281590461,S2-285031669,S2-413609474,S2-511555488,S2-566293411,S2-712428475,S2-747396458,S2-76483638,S2-778189941,S2-907393583,S3-436579886,S3-692280669,S3-711585426,S3-853101411,S3-943684383
S1-213806970	S2-943171315,S3-361749708,S3-725223192,S3-808876421
S1-214172435	S2-284919985,S2-358523592,S2-36345736,S2-421822648,S2-489702903,S2-577082193,S2-610058983,S2-702039155,S2-72251274,S2-743174235,S2-898408636,S2-898922190,S2-947914877,S3-13649850,S3-161316419,S3-365530541,S3-585252323,S3-727376678,S3-784505573,S3-96267252
S1-214744549	S2-314356998,S2-415857416,S2-483547825,S2-571272582,S2-603699573,S2-649170280,S2-685677244,S2-68570795,S2-727267843,S2-794022161,S2-873800292,S2-979276925,S2-985780769,S3-103444449,S3-186338165,S3-231122697,S3-311874787,S3-403851308,S3-462738717,S3-569133562
S1-215046608	S2-1209589,S2-149663258,S2-152411138,S2-238463399,S2-247247862,S2-303496949,S2-403241433,S2-419703205,S2-421959664,S2-446464109,S2-452429687,S2-461145283,S2-47243310,S2-52869504,S2-557178247,S2-576819625,S2-62290647,S2-665463193,S2-69730118,S3-364992398
S1-215732609	S3-454169329,S3-570841583,S3-586722450,S3-727992871,S3-732123011,S3-971391621
S1-216270999	S2-191045664,S2-215895230,S2-346746350,S2-413012135,S2-613033624,S2-675300764,S2-675472707,S2-757683042,S2-804869547,S2-864905500,S3-162252802,S3-335639749,S3-35900036,S3-390270517,S3-52389143,S3-661815888,S3-818582172,S3-861928507,S3-948463945,S3-957553925
S1-216365170	S2-118218012,S2-262960566,S2-369773860,S2-403255653,S2-469780679,S2-479275226,S2-534020020,S2-537682614,S2-548879560,S2-57487454,S2-578249659,S2-736110069,S2-758993528,S2-766902982,S2-846003072,S2-880636916,S2-950705478,S3-171959665,S3-188408431,S3-628280868
S1-216455882	S2-102704852,S2-154655572,S2-296385109,S2-321398182,S2-333018724,S2-349303228,S2-380483491,S2-428604792,S2-502866969,S2-551502726,S2-562839435,S2-563465977,S2-622624356,S2-75721696,S2-783020904,S2-822504612,S2-8586450,S2-93921838,S3-126715149,S3-441672344
S1-216582137	S2-123857029,S2-287107671,S2-520229187,S3-581649360,S3-602777603,S3-654508342
S1-217133726	S2-22073968,S2-408209415,S2-99785168,S3-120789944,S3-149509184,S3-642660465,S3-644414383,S3-648462550
S1-218035104	S2-102286733,S2-132169083,S2-172558475,S2-268190132,S2-308126862,S2-327522800,S2-344308178,S2-349267854,S2-413096427,S2-453815703,S2-469596254,S2-496500351,S2-653118076,S2-73383290,S2-739949685,S2-769625185,S2-804581722,S2-821893822,S2-87483036,S3-232475819
S1-218338073	S2-958554600,S3-266586883,S3-334534536,S3-471324702,S3-564705010,S3-770241457,S3-786824233
S1-219602472	S2-211725643,S2-238291901,S2-262378104,S2-383211986,S2-433784280,S2-489908959,S2-497944131,S2-575171696,S2-667327888,S2-754423272,S2-837069807,S2-839763761,S2-881574008,S2-890099211,S2-978908864,S3-192361809,S3-316227241,S3-44734648,S3-578652912,S3-58834153
S1-220317183	S2-102760423,S2-137062485,S2-165189958,S2-576274263,S2-701519184,S2-731066514,S2-76917246,S2-845533668,S2-886199983,S2-888362861,S3-128062172,S3-135372133,S3-441309858,S3-458048002,S3-529704754,S3-609463727,S3-783277784,S3-853486619,S3-870820963,S3-897433644
S1-2203262	S2-345085986,S2-475388932,S2-650065263,S2-911086456,S3-21823181,S3-312812006,S3-374317154,S3-414252057,S3-496385453,S3-565927185,S3-587298318,S3-885955668,S3-989293148
S1-221062037	S2-142192127,S2-192435550,S2-205748643,S2-291772087,S2-324933429,S2-565474721,S2-588344444,S2-612297917,S2-66259612,S2-681162979,S2-808365522,S2-809711028,S2-863824251,S2-900825531,S2-914237649,S2-957766421,S2-986188890,S3-349444138,S3-633736190,S3-874967950
S1-221410530	S2-124004347,S2-126506454,S2-155681006,S2-199687885,S2-205505639,S2-277586168,S2-318528393,S2-344720223,S2-441422968,S2-444776195,S2-479002090,S2-525859393,S2-720057792,S2-814052487,S2-874162453,S2-882819261,S2-956132872,S3-418232358,S3-652795729,S3-842048756
S1-222022183	S2-126996401,S2-161047745,S2-224250724,S2-241710484,S2-252583656,S2-327738915,S2-358350108,S2-358401132,S2-394533528,S2-471215013,S2-784586025,S2-836755446,S2-891941838,S2-913672240,S2-921122628,S2-932626440,S2-948549347,S2-998548920,S3-453327020,S3-941432422
S1-222253707	S2-370390515,S2-733506127,S3-332030995,S3-382375301,S3-384648899,S3-449712930,S3-676882198,S3-723390445,S3-80484042,S3-957571677
S1-222720669	S2-134923652,S2-226590796,S2-271662452,S2-290954922,S2-335561702,S2-376337834,S2-515035310,S2-56673408,S2-592069282,S2-644116983,S2-73336535,S2-872840398,S2-933913232,S3-130382649,S3-211164327,S3-347852324,S3-557279356,S3-844724368,S3-853221149,S3-886640234
S1-223027549	S2-170560685,S2-176968531,S2-192156935,S2-27986137,S2-457500956,S2-516249560,S2-524438743,S2-574914445,S2-716687956,S2-842831301,S2-866650875,S2-92868774,S3-138134300,S3-143895263,S3-289000794,S3-294091090,S3-486197675,S3-756545012,S3-828948337,S3-916613684
S1-223473124	S2-140276802,S2-155377805,S2-180807877,S2-230535635,S2-238323284,S2-386952398,S2-393523489,S2-42434437,S2-480146772,S2-662975924,S2-683771462,S2-695688422,S2-828177970,S2-875658177,S2-93785778,S2-955915324,S3-315998613,S3-555051183,S3-691957371,S3-706956590
S1-223792817	S2-200925331,S2-26081285,S2-297647832,S2-432687019,S2-475706495,S2-478312353,S2-498279964,S2-747466359,S2-763525267,S2-777625208,S2-780354672,S2-791530998,S2-990031995,S3-10150847,S3-190231775,S3-242372917,S3-368290993,S3-377610793,S3-61623021,S3-860079095
S1-223914582	S2-118672426,S2-306634202,S2-916788043,S3-462370913,S3-750456594
S1-224156024	S2-110239007,S2-176968531,S2-246621020,S2-247610312,S2-320950403,S2-39079223,S2-473523054,S2-543962002,S2-619859806,S2-743951385,S2-74614444,S2-774596915,S2-780583602,S2-80894318,S2-81477151,S2-890201478,S3-342769950,S3-39511634,S3-873046864,S3-991832119
S1-224381827	S2-432578158,S3-816012602,S3-865015079
S1-2244039	S2-358404876,S2-405456854,S3-207294843,S3-365392815,S3-366001214,S3-416185188,S3-522314590,S3-534011204,S3-546034313,S3-69016628,S3-725691691
S1-225366227	S2-225921192,S2-336700474,S2-603258347,S2-607517566,S2-612137673,S2-880854755,S2-932255610,S2-949015444,S2-972219237,S3-178661366,S3-244790876,S3-287056143,S3-292567073,S3-346938220,S3-430426570,S3-450835381,S3-454804797,S3-45722534,S3-580654791,S3-794259282
S1-225959889	S2-188917758,S2-334118163,S2-364802372,S2-383539909,S2-406369652,S2-743560610,S2-925476370,S2-960414614,S3-465595994,S3-469574335,S3-919153222
S1-22628460	S2-104765794,S2-1900189,S2-300442554,S2-309019967,S2-338923264,S2-355287385,S2-405026547,S2-434788290,S2-63366791,S2-829457689,S2-860625762,S2-995845052,S3-136780158,S3-31594640,S3-424358437,S3-549956359,S3-710381968,S3-788446013,S3-806957410,S3-914631786
S1-226885090	S2-105039107,S2-14647629,S2-190017328,S2-524247699,S2-707041527,S2-727829657,S2-728173486,S2-891034312,S2-955265833,S3-102937819,S3-114459157,S3-138080854,S3-154633836,S3-764359113,S3-97462702
S1-227336253	S2-208698734,S2-209153603,S2-265287731,S2-266713379,S2-303286540,S2-323169426,S2-367619938,S2-391934267,S2-513409010,S2-531849140,S2-564915463,S2-573546633,S2-621239482,S2-739955278,S2-940596292,S2-944488484,S2-978466439,S2-984417999,S3-766431428,S3-987794649
S1-227708080	S2-171180159,S2-822658217,S2-904771746,S3-111695968,S3-863217431
S1-227844526	S2-275161114,S2-339808353,S2-444043944,S2-676813279,S3-291129471,S3-423031849,S3-600416325,S3-603364853,S3-713174113,S3-854596630,S3-976901096
S1-228089971	S2-158757260,S2-325615566,S2-334192680,S2-429059121,S2-435024845,S2-454450916,S2-457906471,S2-510553616,S2-581840363,S2-623940116,S2-674190862,S2-738629358,S2-811330551,S2-865716565,S2-869263262,S2-900963319,S2-947668546,S2-970082710,S3-585699727,S3-828463614
S1-228265957	S2-13797002,S2-236577190,S2-27460230,S2-33426944,S2-407901320,S2-421111238,S2-458726846,S2-462603325,S2-482855996,S2-51313753,S2-538929326,S2-564959416,S2-589708453,S2-724073389,S2-790554931,S2-866894620,S2-867607931,S2-926892922,S3-226960314,S3-898514257
S1-228498259	
S1-228564024	S2-133618693,S2-171179881,S2-28413258,S2-377925204,S2-429053291,S2-462387080,S2-480518790,S2-807449125,S2-831247506,S2-879158207,S3-255431019,S3-394789467,S3-435412028,S3-75190163
S1-229319780	S2-151722874,S2-269978206,S2-410329713,S2-51977302,S2-525862775,S2-566776776,S2-598476409,S2-643103064,S2-699391872,S2-740657082,S2-772269040,S2-807472221,S2-879384287,S2-913395329,S2-978971511,S3-112320676,S3-481339929,S3-617044944,S3-74729517,S3-854440725
S1-229462685	S2-157446495,S2-498019717,S2-906811475,S2-915318444,S3-16622171,S3-50049826,S3-716413228
S1-229609796	S2-32430961,S2-596751909,S2-666342792,S2-683120884,S2-686481447,S2-689068897,S2-728541442,S2-843069859,S2-849565658,S2-854959253,S2-858554963,S2-962122790,S2-962522174,S2-963300188,S2-974363668,S3-114657677,S3-583345750,S3-598069437,S3-642853071,S3-708873064
S1-229851872	S2-293516439,S2-296031262,S2-488010217,S2-564946900
S1-229878337	S2-188459904,S2-781127469,S2-836941605,S2-893390307,S3-162014524,S3-386555785,S3-590477090,S3-64054303
S1-229920134	S2-388458915,S2-728829589,S2-954859290,S3-134585768,S3-301414925,S3-382225620,S3-422862274,S3-589455105,S3-64602464,S3-682621366,S3-685413533,S3-809044596,S3-845057021
S1-23060821	S2-255846389,S2-668446303,S2-682814350,S2-719187484,S2-736042244,S2-769071332,S2-835441368,S2-960664291,S3-100980763,S3-190551910,S3-21862534,S3-222673668,S3-284494821,S3-42593240,S3-650863623,S3-654955734,S3-735220757,S3-780755998,S3-965628222,S3-974937973
S1-230703507	S2-132543275,S2-148837223,S2-258046397,S2-274338099,S2-517981617,S2-574871128,S2-752790430,S2-765265626,S2-810843780,S3-123694229,S3-33315235,S3-392375481,S3-446769837,S3-464381537,S3-545214696,S3-551521349,S3-640997844,S3-894801498,S3-922856253,S3-994551129
S1-230973627	
S1-231040006	S2-126506454,S2-155681006,S2-179875043,S2-204420156,S2-28813636,S2-301505959,S2-441422968,S2-474068243,S2-525859393,S2-610173207,S2-785475309,S2-814052487,S2-874162453,S2-930177792,S2-956132872,S3-417375612,S3-463587257,S3-581360495,S3-682729997,S3-818117970
S1-23113563	S2-121253507,S2-142142252,S2-142271329,S2-173058270,S2-309561640,S2-325028255,S2-348990518,S2-356859214,S2-518185574,S2-558901774,S2-580529895,S2-643719032,S2-688438455,S2-763379556,S2-834563673,S2-928901522,S2-977127221,S2-987872374,S3-371758644,S3-855305899
S1-231299044	S2-435810918,S2-448931212,S2-559859533,S2-560163469
S1-231373393	S2-12666334,S2-411764320,S2-460859079,S2-462925215,S2-470608147,S2-540853708,S2-609809550,S2-648283007,S2-672080705,S2-793895734,S2-921153545,S3-291094403,S3-432908949,S3-477695411,S3-478832025,S3-557431812,S3-627668074,S3-727468525
S1-231519747	S2-234778405,S3-361050163,S3-384345362,S3-603034957,S3-717834897
S1-231779090	S2-11648160,S2-123409799,S2-178168573,S2-251434823,S2-431004912,S2-439844706,S2-44093819,S2-595785476,S2-613024410,S2-661087672,S2-670309706,S2-707674451,S2-719412549,S2-757677016,S2-806584345,S3-203449116,S3-449870824,S3-706058539
S1-233131051	S2-274370043,S3-59615744,S3-602942047
S1-233776464	S2-101808060,S2-169217504,S2-24349396,S2-340375254,S2-481240815,S2-546889107,S2-640982732,S2-645795271,S2-673023686,S2-777673414,S2-807570296,S2-839595009,S2-877482202,S3-160515285,S3-359299460,S3-487420404,S3-81141424,S3-844194279,S3-870582285,S3-963033685
S1-23379989	S2-172091216,S2-221371541,S2-448793585,S2-451883166,S2-597077635,S2-667982449,S2-802987372,S3-133658634,S3-135790654,S3-139363840,S3-41668104,S3-89817382,S3-905200097
S1-233857206	S2-126896976,S2-194488801,S2-278064647,S2-370710856,S2-421077741,S2-449997657,S2-58634274,S2-777889375,S2-856900932,S2-931860867,S3-192961807,S3-572037432,S3-637234772,S3-699048139,S3-738744231,S3-866838080,S3-906164906,S3-921070597
S1-234019110	S2-193995593,S2-286270410,S2-292552164,S2-558118988,S2-623758944,S2-666013661,S2-7717164,S2-784005958,S2-806256485,S2-822714622,S2-823434500,S2-850741800,S2-916859477,S2-918374133,S3-271524840,S3-328359831,S3-664734985,S3-702349106,S3-883254327,S3-961231503
S1-234812128	S3-108173786,S3-114022051,S3-171026009,S3-221434287,S3-222789499,S3-378838298,S3-392481819,S3-442252051,S3-458044931,S3-476513398,S3-489639409,S3-57710466,S3-669124981,S3-746417011,S3-879886486,S3-889260890,S3-907243363,S3-921623163,S3-975638447,S3-980789789
S1-235083574	S2-136305349,S2-188612294,S2-251758055,S2-303726261,S2-311814169,S2-311912341,S2-436783714,S2-505041950,S2-569860965,S2-595795733,S2-725621051,S2-791444540,S2-792895602,S2-79488526,S2-815576787,S2-892880098,S2-955922218,S2-997168705,S3-34090172,S3-539695541
S1-235128950	S2-127761388,S2-203563265,S2-283816870,S2-341476036,S2-363779880,S2-369611703,S2-49966674,S2-635228641,S2-69852428,S2-768397925,S2-802837546,S2-834939286,S2-879724650,S2-917557484,S2-984037845,S2-995438812,S3-213955752,S3-496857995,S3-520797255,S3-901872120
S1-235616059	S2-162450652,S2-188647999,S2-301748164,S2-436120738,S2-799819684,S2-813611214,S2-884019399,S3-308099534,S3-355389817,S3-359386815,S3-442494994,S3-475718607,S3-50074375,S3-561046732,S3-746436539,S3-829030830,S3-847150763,S3-957168133,S3-963206987
S1-236181177	S2-130214557,S2-301723827,S2-303299732,S2-927058142,S3-412810403,S3-441161747,S3-634537989,S3-634945121,S3-806567727
S1-236711301	S2-11100515,S2-117077151,S2-180254937,S2-27171655,S2-362717442,S2-43859187,S2-503048625,S2-506945996,S2-764760426,S2-832640462,S2-853399841,S3-18249863,S3-305598737,S3-343120301,S3-497129584,S3-627619807,S3-669515396,S3-825898490,S3-897577695,S3-914281820
S1-236892583	S2-26471419,S2-436753757,S2-447330874,S2-662763532,S2-699860008,S2-782116175,S2-831204017,S2-860238547,S2-983823212,S3-140247115,S3-269794850,S3-340683070,S3-370213497,S3-390270517,S3-497886931,S3-612568655,S3-726101097,S3-805033078,S3-871664085,S3-968355111
S1-236925628	S2-137335733,S2-187593824,S2-256451765,S2-314871912,S2-315548151,S2-36879102,S2-391886434,S2-395810184,S2-434190410,S2-504527920,S2-515516765,S2-527644026,S2-565674566,S2-68457852,S2-75521386,S2-831625227,S2-875758626,S2-95236532,S2-976730217,S3-925455215
S1-236947091	S2-109409319,S2-120303533,S2-136235099,S2-23213574,S2-252609304,S2-448739517,S2-52135149,S2-553532706,S2-620482053,S2-673801962,S2-724196256,S2-775563537,S2-827109972,S2-856335421,S2-865535932,S2-902623035,S2-920611738,S2-984226971,S2-988728423,S3-71422225
S1-237100381	S2-220657495,S2-402804051,S3-14845544,S3-203114922,S3-270483141,S3-506533636,S3-513173767,S3-877955097
S1-23713023	S2-507945155,S2-872921623,S3-729069630,S3-979319113
S1-238219740	S2-312147959,S2-389080778,S2-482832201,S2-744959989,S2-869427180,S2-898512456,S2-918285488,S3-126400356,S3-213969920,S3-284092145,S3-319759431,S3-328580065,S3-393381379,S3-61909066,S3-668100303,S3-676726283,S3-702156437,S3-711583481,S3-851105777,S3-928218568
S1-238496452	S2-133660776,S2-160094478,S2-215162995,S2-269981439,S2-297188338,S2-35786559,S2-385546967,S2-49107732,S2-629341946,S2-685362882,S2-709650804,S2-714760893,S2-71789809,S2-729326599,S2-739015476,S2-753049565,S2-939739824,S2-988340451,S3-247391888,S3-68855015
S1-23849827	S2-342243837,S3-33333918,S3-396884599,S3-669404524
S1-238586568	S2-182145854,S2-189369869,S2-299199064,S2-362690308,S2-371999426,S2-384139362,S2-446585847,S2-492031103,S2-499755795,S2-528310583,S2-568385282,S2-598219150,S2-64271083,S2-774522587,S2-806620029,S2-872581562,S2-910209862,S3-118279761,S3-818012211,S3-992085846
S1-240339999	S2-103598322,S2-126904244,S2-136655543,S2-137670139,S2-163159297,S2-210799457,S2-294330710,S2-302419463,S2-35086639,S2-370932433,S2-406854790,S2-67001508,S2-716107739,S2-775682299,S2-835775099,S2-891714662,S3-166356294,S3-232466015,S3-454138074,S3-594601084
S1-240482859	S2-430158606,S3-328188642,S3-333921452,S3-355824864,S3-680519318
S1-240714793	S2-151738644,S2-277586168,S2-308520060,S2-348011279,S2-509130817,S2-56572598,S2-641217477,S2-757543295,S2-808575628,S2-943275758,S2-98950539,S3-104260598,S3-126982322,S3-245541334,S3-270469045,S3-395537703,S3-578975911,S3-626777483,S3-682995762,S3-917622352
S1-242719424	S2-212673099,S2-237561214,S2-399846825,S2-515386320,S2-86592683,S2-92147276,S3-127357302,S3-139043994,S3-161336442,S3-233000573,S3-306949872,S3-314942550,S3-509290455,S3-571653335,S3-598438595,S3-617824287,S3-667592455,S3-911625149,S3-918421247,S3-957208005
S1-24277587	S2-181962832,S2-203357868,S2-255280797,S2-289265748,S2-361559424,S2-422057438,S2-431223938,S2-520871397,S2-523482400,S2-590723398,S2-623031574,S2-631521974,S2-928003558,S3-172730055,S3-496145534,S3-542850256,S3-737649333,S3-756474034,S3-800740976,S3-937743950
S1-242964031	S2-327996315,S2-381380028,S2-558995051,S2-594000607,S2-669388913,S2-841338302,S2-845155025,S3-143195937,S3-192542980,S3-308263358,S3-48002526,S3-484953720,S3-507417538,S3-605533046,S3-653173185,S3-681412334,S3-742944348,S3-766479139,S3-769704474,S3-986680777
S1-24309217	S2-262515073,S2-481640706,S2-660425735,S2-753848160,S2-848732246,S2-898621628,S2-943896884,S2-975529428,S3-380512727,S3-656153720,S3-804001801
S1-243463160	S2-103244241,S2-13281882,S2-391753417,S2-421560039,S2-442164330,S2-541438889,S2-560774526,S2-715243543,S2-719761994,S2-783946790,S2-795545317,S2-921636402,S2-957373951,S3-237265316,S3-355956071,S3-374784639,S3-497743825,S3-53943972,S3-57220694,S3-647273690
S1-243700563	S2-145385470,S2-439576083,S2-733099561,S3-267882049
S1-244162127	S2-181945985,S2-24282580,S2-283906768,S2-424415993,S2-466259278,S2-625064314,S2-979078370,S3-227644489,S3-405770017,S3-73718315,S3-888324597
S1-244959590	S2-191045664,S2-365298877,S2-384700865,S2-442280452,S2-478352157,S2-656892137,S2-825374035,S2-864905500,S3-303382357,S3-344134580,S3-390270517,S3-411328104,S3-448790637,S3-52389143,S3-818582172,S3-861928507,S3-905358091,S3-948433559,S3-948463945,S3-985145516
S1-245131798	S2-150736607,S2-237459247,S2-29692158,S2-400132919,S2-4308479,S2-450858686,S2-49461175,S2-681384833,S2-683539102,S2-692356310,S2-706319019,S2-736654053,S2-82856803,S2-846535978,S2-878574120,S2-9255512,S2-97346546,S2-988228866,S3-240914769,S3-964959951
S1-24577591	S2-327834760,S2-403466701,S2-434802144,S2-699733797,S2-723274486,S2-779614645,S2-784360759,S2-925305852,S2-954598576,S3-161249157,S3-28476180,S3-306644842,S3-469602682,S3-503388260,S3-567515152,S3-700207904,S3-718590400,S3-743816018,S3-935879617,S3-949842036
S1-246064369	S2-278899754,S2-391117691,S2-393122166,S2-417386837,S2-438260084,S2-637238651,S2-813525901,S2-824436613,S2-840299540,S2-855756329,S2-897475107
S1-247667049	S2-120958253,S2-250898019,S2-469686166,S2-486012333,S2-503045539,S2-518474375,S2-518525663,S2-634470090,S2-654784858,S2-760703812,S2-780123305,S2-884331770,S2-934922347,S2-981051114,S2-991013789,S3-186826220,S3-225866213,S3-255742468,S3-886539572,S3-971798654
S1-247705144	S2-356677152,S2-39144904,S2-519056546,S2-588589840,S2-640361421,S2-688227539,S3-115217052,S3-179785673,S3-230496715,S3-379284933,S3-412998156,S3-455683262,S3-461115321,S3-67159100,S3-84280903,S3-847277069,S3-883068540,S3-90651189,S3-961927571
S1-248263049	S2-129845726,S2-250316100,S2-315823580,S2-353688026,S2-377222738,S2-600006843,S2-882915480,S2-926365725,S2-958304412,S3-126026824,S3-132281000,S3-376554709,S3-390950751,S3-432043289,S3-478832844,S3-599556556,S3-614945078,S3-788484702,S3-838627502,S3-992341899
S1-248284061	S2-117077151,S3-297204366
S1-249230218	S2-553348694,S2-730268067,S2-834228481,S3-528829351,S3-552328460,S3-606126256
S1-24927413	S2-436096969,S3-257076941,S3-412372200,S3-62570602,S3-719863023
S1-250017435	S2-209746679,S2-226421147,S2-320828092,S2-435433424,S2-487191064,S2-500390036,S2-516057966,S2-527142910,S2-562575047,S2-597331429,S2-667937082,S2-74226485,S2-797056143,S2-826868298,S2-833005775,S2-856972085,S2-872463534,S2-908474052,S2-982286018,S3-65094669
S1-250173894	S2-169633546,S2-260698185,S2-429291272,S2-57103345,S2-59049982,S2-664984893,S2-702429792,S2-73638948,S2-750860751,S2-793282305,S2-972007844,S3-21448108,S3-229863920,S3-489700155,S3-536503329,S3-575089472,S3-630674426,S3-786987579,S3-797455572,S3-920820691
S1-250700958	S2-247257663,S2-348179564,S2-486149503,S2-512536140,S2-622493652,S2-623379079,S2-654385809,S2-706135952,S2-718344134,S2-998619333,S3-416805845,S3-450609807,S3-481172880,S3-502284903,S3-514632884,S3-526833095,S3-680676175,S3-757533817,S3-808460313,S3-850872702
S1-251332629	S2-12984799,S2-212872292,S2-754237423,S2-762450789,S2-926550308,S3-116610051,S3-233539987,S3-26991844,S3-337954442,S3-367801151,S3-474057633,S3-485317167,S3-542306209,S3-61919079,S3-755237702,S3-829639218,S3-850669268,S3-901102742,S3-92001570,S3-953162040
S1-251695897	S2-138605886,S2-144916279,S2-167426364,S2-212279628,S2-278899754,S2-424313130,S2-508602797,S2-547199669,S2-578267293,S2-591480092,S2-678068412,S2-812894315,S2-885959842,S2-915815653,S3-416722784,S3-467225098,S3-474964747,S3-549021536,S3-839038111,S3-998594797
S1-252242682	S2-106727508,S2-167308687,S2-330403685,S2-456524607,S2-568363011,S2-84842746,S3-176663879,S3-527367881,S3-692673001,S3-94049703
S1-252276238	S2-192351858,S2-265990559,S2-276826990,S2-438100724,S2-440595284,S2-569019785,S2-660920825,S2-750513165,S2-874472135,S2-943233024,S3-313198559,S3-378005143,S3-385705632,S3-396716250,S3-496756565,S3-506858538,S3-598679970,S3-701104933,S3-914678452,S3-947651653
S1-252440227	S2-159670832,S2-185232231,S2-229660768,S2-389546311,S2-434203868,S2-480072917,S2-603498311,S2-698322560,S2-708386648,S2-799928961,S2-81284914,S2-827197931,S2-883105781,S2-960659935,S2-998910997,S3-352246064,S3-927462969
S1-253344412	S2-102736737,S2-113842848,S2-177670372,S2-198071631,S2-283735063,S2-610328847,S2-628762262,S2-854377052,S2-874069724,S3-114427086,S3-245002344,S3-267375736,S3-282486133,S3-353781070,S3-424209912,S3-432243558,S3-455043405,S3-678946190,S3-748813796,S3-776573302
S1-253740171	S2-147042952,S2-277586168,S2-308520060,S2-348011279,S2-389384551,S2-415661800,S2-45803531,S2-509130817,S2-549853792,S2-678588522,S2-943275758,S3-126982322,S3-196092403,S3-270469045,S3-387533179,S3-578975911,S3-626777483,S3-647058523,S3-855243737,S3-917622352
S1-253778754	S2-175845629,S2-399366366,S2-493757066,S2-538732176,S2-557162319,S2-621323478,S2-693949413,S2-710518857,S2-777295554,S2-786788634,S2-796933103,S2-836832298,S2-890098384,S2-891919647,S2-960333212,S2-979885243,S3-327376554,S3-599252707,S3-820453923,S3-935724649
S1-255425133	S2-180999100,S2-219242350,S2-23399797,S2-335244971,S2-399290662,S2-431489570,S2-469073813,S2-532020500,S2-651025657,S2-684635925,S2-713868643,S2-736010823,S2-789468897,S2-794412447,S2-867358397,S2-87394281,S2-924642266,S2-930060775,S3-271941815,S3-635720961
S1-255668114	S2-307237405,S2-62076840,S2-943106765,S3-185836662,S3-215240816,S3-297936904,S3-303279797,S3-468587760,S3-79431040
S1-25632852	S2-232179582,S2-306696462,S2-340713624,S2-435778329,S2-600852470,S2-616592094,S2-636049045,S2-647070589,S2-652468177,S2-704449115,S2-741038999,S2-827740014,S2-847729692,S2-880909908,S2-95824802,S2-996857197,S3-155827261,S3-238032780,S3-785048423,S3-82960936
S1-257686301	S2-595691991,S2-688013533,S3-728270414,S3-795044353,S3-854079978,S3-8919120
S1-257696504	S2-174216754,S2-174241131,S2-220665998,S2-25461496,S2-362306844,S2-514125403,S2-60755622,S2-637868384,S2-755606195,S2-756004808,S2-925976161,S2-952137125,S3-195152398,S3-204300421,S3-355854147,S3-57171673,S3-683771472,S3-73574366,S3-917545136,S3-980270798
S1-258881243	S2-279796611,S2-393214628,S2-84881521,S3-339748317,S3-543988747
S1-258911830	S2-114450327,S2-126506454,S2-155681006,S2-215904789,S2-256868825,S2-441422968,S2-445718105,S2-525859393,S2-584306503,S2-610173207,S2-674862293,S2-814052487,S2-874162453,S2-907307129,S2-930168284,S2-956132872,S2-970817785,S3-264377048,S3-477720201,S3-967891555
S1-259461874	S2-372452556,S2-5096341,S2-844571422,S3-235470772,S3-543783871,S3-743474812,S3-784007589,S3-826295606,S3-837175052,S3-889867316,S3-96660425
S1-26010911	S2-11857388,S2-122336163,S2-196293551,S2-240079525,S2-315548151,S2-387399926,S2-546934117,S2-627709587,S2-652336922,S2-693072766,S2-784852829,S2-860787468,S2-939621674,S2-978232132,S3-234346922,S3-396846038,S3-473649335,S3-554997296,S3-741459211,S3-934140157
S1-260549170	S2-110125353,S2-120477577,S2-309430111,S2-4162476,S2-436120738,S2-439176289,S2-445398027,S2-521176572,S2-530493518,S2-5555370,S2-557253038,S2-634179514,S2-672567246,S2-745744465,S2-78286144,S2-846447193,S3-594554477,S3-699687247,S3-731932797,S3-791904686
S1-261904361	S2-438826976,S2-483077696,S2-62206051,S2-660963422,S2-677969907,S3-221434287,S3-256786292,S3-337741807,S3-378838298,S3-458044931,S3-489639409,S3-585811486,S3-669124981,S3-717027970,S3-746417011,S3-879886486,S3-889260890,S3-975638447
S1-262144775	S2-124462851,S2-224520354,S2-251694915,S2-326452445,S2-36535392,S2-42911706,S2-470903057,S2-510931175,S2-536133490,S2-54356365,S2-623750845,S2-681381384,S2-702965552,S2-709994826,S2-819911306,S2-888157746,S2-913341525,S2-919219917,S2-986923268,S3-540679336
S1-263826118	S2-348901502,S2-392306223,S2-445756481,S2-491442435,S2-607642800,S2-701330271,S2-714667997,S2-719252618,S3-124054085,S3-222310348,S3-509014833,S3-758876495
S1-264095542	S2-101845648,S2-149936466,S2-213100180,S2-314186444,S2-333475694,S2-338703235,S2-381252901,S2-439483413,S2-440089855,S2-442804286,S2-51712971,S2-6055958,S2-688957495,S2-732972587,S2-747757843,S3-135144095,S3-320666031,S3-338069301,S3-536505228,S3-762322729
S1-264885197	S2-260471331,S2-278899754,S2-293675262,S2-319104076,S2-323885855,S2-347967135,S2-355710074,S2-430060563,S2-514027215,S2-591736054,S2-663191944,S2-67505679,S2-676769255,S2-709026541,S2-895030236,S2-928348681,S2-976944285,S3-149458374,S3-860821345,S3-975551086
S1-265342961	S2-110125353,S2-139158507,S2-309430111,S2-395692015,S2-4162476,S2-436120738,S2-445398027,S2-530493518,S2-5555370,S2-557253038,S2-589702801,S2-672567246,S2-76334495,S2-846447193,S2-876540783,S3-16744630,S3-259989502,S3-310935218,S3-375693806,S3-79621041
S1-265558447	S2-195757053,S2-268538800,S2-282488575,S2-335745227,S2-397158477,S2-51424319,S2-732290285,S2-822916887,S2-826391540,S2-885938626,S3-286801314,S3-416261564,S3-465970566,S3-596976518,S3-656356159,S3-696047635,S3-782524278,S3-810864451,S3-860575559,S3-874612533
S1-265861537	S2-101490015,S2-119346048,S2-298833866,S2-350847418,S2-459611127,S2-474032945,S2-527812446,S2-667948674,S2-676437494,S2-750247882,S2-848117495,S2-850461647,S2-929233396,S2-94436932,S2-964217210,S3-183350366,S3-454281532,S3-478891403,S3-488049430,S3-946622679
S1-266105813	S2-130619898,S2-30506454,S2-421589329,S2-439954450,S2-484903051,S2-693440367,S2-811308644,S3-215749195,S3-22986955,S3-601658377,S3-606776919,S3-718917342,S3-784600439,S3-936763063,S3-987000192
S1-266500418	S2-190642185,S2-192653858,S2-311029819,S2-322536831,S2-358756737,S2-43331452,S2-590714216,S2-639632705,S2-685731157,S2-742941063,S2-797821871,S2-830424409,S2-831726341,S2-891050601,S3-127133538,S3-230572490,S3-482941161,S3-519742414,S3-77021450,S3-905398319
S1-266581569	S2-119313912,S2-213023142,S2-295799812,S2-407925207,S2-472108980,S2-510571997,S2-513322003,S2-523031614,S2-532559302,S2-548705010,S2-562789738,S2-621809296,S2-696885509,S2-748690411,S2-795842754,S2-869136465,S2-917757112,S2-94011378,S3-592581562,S3-636247403
S1-266667469	S2-114034226,S2-229660768,S2-496850215,S2-76978546,S3-130282485,S3-139925354,S3-311989137,S3-473978898,S3-538117808,S3-548992827,S3-660389772,S3-666044348,S3-684274576,S3-818317330,S3-891189211,S3-938992371,S3-943419717,S3-946978733,S3-97234554,S3-993488828
S1-26768829	S2-246176927,S2-275297864,S2-384027720,S2-390769620,S2-391690066,S2-392468975,S2-449671151,S2-480854110,S2-491669954,S2-540155192,S2-61330089,S2-63860720,S2-653576154,S2-744015851,S2-837791363,S2-846732035,S3-206794629,S3-420400112,S3-479828624,S3-537193459
S1-267922037	S2-142609972,S2-177812522,S2-209318082,S2-229017655,S2-262423639,S2-284288219,S2-316856729,S2-35427816,S2-364709779,S2-461361962,S2-502485918,S2-576831490,S2-65027320,S2-714078030,S2-721134375,S2-999793401,S3-593594840,S3-827871297,S3-871168210,S3-918046447
S1-267930237	S2-325444002,S2-331781632,S2-380574572,S2-413609474,S2-510946651,S2-627145520,S2-777367118,S2-808915701,S2-934376052,S2-972710182,S3-313471791,S3-513498044,S3-514981175,S3-520285425,S3-526436211,S3-619735097,S3-622210521,S3-64370467,S3-831898054,S3-910798870
S1-268272024	S2-107645637,S2-13046199,S2-166805835,S2-205614877,S2-236789268,S2-365723867,S2-469296866,S2-744685697,S2-896277824,S2-925373689,S2-961202263,S3-596629355,S3-87436950,S3-913054871
S1-268925673	S2-2298844,S2-394485232,S2-535723179,S2-736144165,S3-141836988,S3-421669991,S3-864505755,S3-99105756
S1-268940190	S2-103707536,S2-250560138,S2-354775462,S2-368752494,S2-36971080,S2-384027720,S2-431533121,S2-449671151,S2-465829057,S2-480854110,S2-526506883,S2-545352693,S2-548762514,S2-560833437,S2-613012191,S2-61330089,S2-622773844,S2-760583490,S2-962425485,S3-426372854
S1-269030988	S2-121059266,S2-202254465,S2-332980583,S2-381224756,S2-423398212,S2-489828461,S2-510698635,S2-622192421,S2-929975627,S3-166359313,S3-186477812,S3-351038125,S3-496931754,S3-644552481,S3-646692273,S3-799127758,S3-881411079
S1-269475287	S2-69799633,S3-115733015,S3-557017564,S3-745167035,S3-880027771
S1-27004184	S2-707941717,S2-854060214,S2-885056678,S3-105796790,S3-299550970,S3-495669011,S3-617586423,S3-823331589,S3-82820996,S3-850210415
S1-270755886	S2-137335733,S2-141992643,S2-151236622,S2-206959608,S2-20805326,S2-217616946,S2-31749497,S2-469839988,S2-473761277,S2-564551253,S2-577659286,S2-597430663,S2-597532562,S2-744754890,S2-963749638,S2-975864823,S2-97997258,S3-26161361,S3-628688953,S3-676903157
S1-271229348	S2-129522749,S2-163493432,S2-164171420,S2-200908414,S2-284856749,S2-414418413,S2-655860147,S2-677792561,S2-715603675,S2-950559790,S2-989304386,S3-122956459,S3-208584357,S3-210092738,S3-378184713,S3-383316097,S3-423833320,S3-484149033,S3-727083323
S1-271345759	S2-210987458,S2-249418882,S2-561373014,S2-593751469,S2-724197626,S2-747024488,S2-780153696,S2-79883983,S3-152526802,S3-183958573,S3-288606342,S3-342094072,S3-42356006,S3-545818023,S3-562601746,S3-606682249,S3-837046960,S3-854937863,S3-924814531,S3-95743264
S1-27142686	S2-27741137,S2-359456453,S2-514137690,S2-905713402,S2-993351818,S3-309536102,S3-517273704,S3-617534578,S3-814056415,S3-950484391
S1-27157409	S2-154334183,S2-196635735,S2-196924112,S2-204301831,S2-217396768,S2-377518608,S2-393629406,S2-425405131,S2-56048435,S2-569860965,S2-628207891,S2-776754812,S2-816989315,S2-862540800,S2-864873698,S2-877479417,S2-882819261,S2-900424122,S2-931785818,S3-211123170
S1-271635339	S2-100798928,S2-16423658,S2-187499079,S2-26760280,S2-302561043,S2-331724815,S2-335529804,S2-436282991,S2-49405337,S2-592507930,S2-678286970,S2-763983898,S2-811374772,S2-848645265,S2-936815990,S2-986559342,S3-392457722,S3-665575064,S3-731501632,S3-732423320
S1-272425314	S2-502497997,S2-524330675,S2-594825178,S2-805820982,S2-844223346,S2-848227322,S2-890088008,S2-902012300,S2-992434695,S3-139561819,S3-341818389,S3-372130628,S3-426548801,S3-449233819,S3-456601257,S3-473480537,S3-593158269,S3-707771233,S3-785765142,S3-970753316
S1-273773030	S2-128445754,S2-369395333,S2-397759930,S2-53224656,S2-535680815,S2-592736523,S2-609482775,S2-733606475,S2-786108984,S2-813988920,S2-820228144,S2-823491712,S2-895970227,S3-299078705,S3-42537744,S3-430128310,S3-476494153,S3-796588894,S3-820284673,S3-85484108
S1-273775136	S2-120662676,S2-156242046,S2-734047767,S2-877745187,S2-8868562,S2-927597611,S3-134213095,S3-586509125
S1-274638729	S2-182145854,S2-196921610,S2-224909884,S2-299199064,S2-362690308,S2-371999426,S2-384139362,S2-411317921,S2-446585847,S2-492031103,S2-499744247,S2-499755795,S2-528310583,S2-568385282,S2-576357854,S2-64271083,S2-789874976,S2-806620029,S2-872581562,S2-910209862
S1-275521873	S2-141847484,S2-470289124,S2-681117372,S2-79425125,S2-9348220,S2-983673987,S3-116952809,S3-18473496,S3-297593379,S3-443382036,S3-602637832
S1-275846413	S2-185991906,S2-204289763,S2-340603304,S2-344591721,S2-405277031,S2-478312353,S2-48248106,S2-543832275,S2-648163199,S2-720135745,S2-721018371,S2-738536601,S2-753657867,S2-786879588,S2-848995836,S2-93829291,S3-286057111,S3-521364147,S3-761954388,S3-985712281
S1-276145789	S2-167206756,S2-204420156,S2-311749563,S2-368430906,S2-371312178,S2-466142484,S2-474068243,S2-494142706,S2-539010081,S2-681575605,S2-72836343,S2-785475309,S2-818422733,S2-847055518,S2-874421537,S3-106354452,S3-158106494,S3-232003823,S3-471313232,S3-79489068
S1-276495678	S2-115314774,S2-136673444,S2-150527757,S2-359820757,S2-430894860,S2-528143818,S2-585835879,S2-644264374,S2-68483150,S2-745312946,S2-770576876,S2-795809304,S2-803487149,S2-853275037,S2-860663461,S2-908719488,S2-92469603,S2-953589233,S3-346679254,S3-358866923
S1-276979471	S2-126950467,S2-188887388,S2-190833339,S2-258356125,S2-328840353,S2-521408532,S2-695972284,S2-753973470,S2-756004808,S2-781358249,S3-17400476,S3-248299783,S3-273288389,S3-335402208,S3-383887696,S3-402500678,S3-418292661,S3-434396462,S3-736622041,S3-968793850
S1-27719799	S2-180193098,S2-268617468,S2-311450094,S2-376999656,S2-389699094,S2-439243470,S2-456418587,S2-464841643,S2-656428044,S2-673025388,S2-983634779,S3-202815441,S3-729826894,S3-809075013,S3-828574106,S3-871351390,S3-891255895,S3-984636064
S1-278061358	S2-226388134,S2-326349956,S2-488552633,S2-492879191,S2-530868795,S2-616629595,S2-630337653,S2-75724158,S2-818202342,S2-883145747,S2-943763474,S2-979930583,S3-162828375,S3-257243425,S3-266646480,S3-653038871,S3-717093701,S3-755603452,S3-936283719,S3-98293625
S1-278147750	S2-118594158,S2-127761388,S2-203563265,S2-283816870,S2-341476036,S2-363779880,S2-369611703,S2-514160870,S2-527936172,S2-621975205,S2-635228641,S2-670098295,S2-69852428,S2-802837546,S2-879724650,S2-917557484,S2-995438812,S3-213955752,S3-583772890,S3-610869762
S1-27825380	S2-107905251,S2-117597110,S2-264362806,S2-288287673,S2-309757711,S2-34956606,S2-409910382,S2-466214280,S2-524606152,S2-698687453,S2-722302188,S2-777835859,S2-78376809,S2-786964,S2-79536940,S2-864692397,S2-890977739,S2-940079305,S3-473163214,S3-789218829
S1-278260555	S2-13801947,S2-258621946,S2-263966863,S2-29293660,S2-431031335,S2-458675110,S2-540265081,S2-614182360,S2-676028389,S2-750126067,S2-931381813,S2-964251531,S2-971687236,S3-197396202,S3-208426141,S3-225554436,S3-400928808,S3-422338518,S3-570556950,S3-742483037
S1-278706217	S2-111192912,S2-164039123,S2-164780996,S2-248267062,S2-258818971,S2-497486406,S2-503829652,S2-516946324,S2-553297806,S2-607456603,S2-674862293,S2-712777388,S2-826393674,S2-828872229,S2-839344573,S2-844267085,S2-937072190,S2-962888224,S2-995746647,S3-142611281
S1-278771123	S2-156688612,S2-288207,S2-480851106,S2-964821618,S3-307541718,S3-40766644
S1-279011881	S2-16296825,S2-222155523,S2-268190132,S2-31200405,S2-426324794,S2-474890471,S2-532650068,S2-699641151,S2-770652512,S2-872675313,S2-878400166,S2-969344678,S2-974796269,S3-184919014,S3-295734397,S3-381393279,S3-475281433,S3-476127628,S3-507421910,S3-808990619
S1-279072967	S2-106393512,S2-110239007,S2-186614082,S2-288641682,S2-349416613,S2-375456364,S2-402308114,S2-426046760,S2-57853990,S2-617467150,S2-633236997,S2-721488232,S2-725319908,S2-765062079,S2-767099508,S2-797329396,S2-883293442,S2-903243837,S2-990682127,S3-773166446
S1-279847633	S2-313291466,S2-359341681,S2-401829422,S2-444101770,S2-472294795,S2-473878191,S2-477841083,S2-598194276,S2-631528164,S2-650865764,S2-677112745,S2-713546917,S2-763978260,S2-915897665,S2-924470584,S2-931648865,S2-955928608,S3-412463272,S3-661102991
S1-281569847	S2-116431346,S2-174609481,S2-216434283,S2-219374527,S2-226551251,S2-277032270,S2-327754083,S2-350793982,S2-481306942,S2-537583427,S2-576816251,S2-624920895,S2-648771696,S2-665289858,S2-685894161,S2-801379019,S2-849276951,S3-557165833,S3-573170071,S3-808860346
S1-282377771	S2-114081967,S2-228344851,S2-321877910,S2-408007392,S2-490320012,S2-524651056,S2-526910948,S2-561420173,S2-714505855,S2-760074449,S2-763983898,S2-783860213,S2-863698964,S2-873164426,S2-936815990,S2-950442069,S3-172089780,S3-297337001,S3-502169983,S3-846991984
S1-28252781	S2-482106315,S2-772662487,S2-890896148,S2-965276560,S3-46284282,S3-537574702,S3-952285788
S1-283063594	S2-189305879,S2-33500340,S2-344085581,S2-355957595,S2-423915641,S2-447725478,S2-498071695,S2-510322106,S2-514625723,S2-536369487,S2-544679828,S2-604653513,S2-643646715,S2-682538932,S2-784592218,S2-812894315,S2-877085471,S3-364573466,S3-608793527,S3-624254087
S1-283225755	S2-315813207,S2-376791375,S2-411476341,S2-434802144,S2-464993877,S2-629185876,S2-662694183,S2-672674442,S2-696843601,S2-696956235,S2-77153596,S2-875684672,S2-93373345,S2-93891477,S2-955909446,S3-357171658,S3-483097156,S3-579902553,S3-839484581,S3-886031599
S1-28358538	S2-409935484,S2-53565160,S3-294787535,S3-537720684,S3-903695299,S3-92032633,S3-972339598
S1-284326553	S2-108583420,S2-368752494,S2-384027720,S2-408784551,S2-446844245,S2-480854110,S2-507605246,S2-555319294,S2-560833437,S2-580420578,S2-613012191,S2-61330089,S2-718945127,S2-755387712,S2-763413121,S2-837791363,S2-948809190,S2-992974200,S3-386762210,S3-733570046
S1-285062428	S2-120957700,S2-141257840,S2-289253371,S2-29853434,S2-348606062,S2-588828600,S2-704759254,S3-329791889,S3-627661526,S3-673986706,S3-873181335
S1-285373630	S2-107207654,S2-131269559,S2-178693753,S2-548012193,S2-670900952,S2-717392059,S2-742193908,S2-787288086,S2-822978972,S2-860798179,S2-900988602,S2-901227641,S3-106689258,S3-386323108,S3-493236589,S3-758370893,S3-77123386,S3-914721585
S1-285553689	S2-163212711,S2-19326493,S2-207689581,S2-265278512,S2-288996976,S2-373316530,S2-375550325,S2-399971243,S2-416677929,S2-498596750,S2-537422507,S2-568165035,S2-625872997,S2-675336835,S2-837615087,S2-869901829,S2-888873504,S3-34737707,S3-480035030,S3-718172805
S1-286293304	S2-361841793,S2-374294573,S2-376179740,S2-476886549,S2-743174235,S2-748983232,S2-783594945,S2-865088358,S2-94207909,S3-517431875,S3-534744241,S3-616989837,S3-72313473,S3-764327639,S3-853384935,S3-88624103
S1-287157781	S2-101077577,S2-132606989,S2-307557575,S2-43196290,S2-444143698,S2-530548261,S2-64436784,S2-827878473,S2-845456254,S2-937971781,S3-254141785,S3-66596634,S3-676674557,S3-920692272,S3-947720993
S1-287234574	S2-199906530,S2-230227904,S2-479832007,S2-519639587,S2-753864304,S2-98380487,S3-148355177,S3-182484427,S3-239450626,S3-295987303,S3-430876038,S3-496257186,S3-525923063,S3-532517329,S3-580080101,S3-585294596,S3-586693945,S3-780019021,S3-943373094
S1-288210630	S2-196984076,S2-343000688,S2-453455590,S2-491950020,S2-496701813,S2-546538385,S2-555976784,S2-566054205,S2-594193732,S2-645627128,S2-714440796,S2-784613702,S2-803226819,S2-809988888,S2-899871813,S2-916020939,S2-916583522,S2-974002639,S3-298298971,S3-954040789
S1-288254228	S2-206508419,S2-599343833,S2-641807236,S2-704775466,S2-885731246,S3-105494041,S3-180877132,S3-300519808,S3-373339232,S3-407013416,S3-80393754,S3-827861356,S3-87577006,S3-908700979,S3-916886502,S3-975519853
S1-288318282	S2-202436202,S2-221806250,S2-583478133,S2-615202978,S2-747751155,S2-809308627,S2-874254040,S2-980094963,S3-421137932,S3-679184933,S3-75646606
S1-289170758	S2-155024567,S2-266303647,S2-364424808,S2-738773988,S3-846886378,S3-957500262
S1-289295535	S2-16458635,S2-168832434,S2-176849787,S2-467656736,S2-482529127,S2-582837100,S2-599113058,S2-67353376,S2-690072744,S2-812725595,S2-884681850,S3-369010625,S3-422024505,S3-425129754,S3-467840385,S3-700332929,S3-863081424,S3-866838080,S3-963081970,S3-967973733
S1-290484260	S2-159727090,S2-183220380,S2-300072703,S2-34332768,S2-479515657,S2-488548827,S2-512950951,S2-570006860,S2-905737147,S2-954365821,S2-981550471,S3-226018212,S3-338192874,S3-371793249,S3-438023181,S3-619649704,S3-832420294
S1-290652440	S2-94899980,S3-46138003,S3-54300716,S3-821375910
S1-290727461	S2-313291466,S2-359341681,S2-401829422,S2-444101770,S2-473878191,S2-477841083,S2-598194276,S2-631528164,S2-650865764,S2-677112745,S2-763978260,S2-915897665,S2-924470584,S2-931648865,S2-955928608,S3-246745350
S1-290860926	S2-170979256,S2-268447092,S2-402772069,S2-410013422,S2-426149878,S2-456280952,S2-507619867,S2-552446718,S2-62218511,S2-698622096,S2-746547819,S2-823993957,S2-889587153,S2-985896476,S3-123463828,S3-67036274,S3-702085105,S3-875578801,S3-895464890,S3-976277474
S1-291032016	S2-25933575,S2-453925693,S2-621473485,S2-638803013,S2-640493688,S2-688142618,S2-757543295,S2-792895602,S2-79488526,S2-841137821,S2-892880098,S2-981744957,S3-234931047,S3-281767937,S3-552230357,S3-615929632,S3-741321466,S3-833811615,S3-919985954,S3-990303879
S1-291645528	S2-129437880,S2-156054800,S2-251149385,S2-332390721,S2-350659635,S2-405992741,S2-416955900,S2-46699840,S2-513106959,S2-604439887,S2-779072102,S2-798053358,S2-808074258,S2-873049882,S2-87870694,S2-899538024,S2-934983917,S3-133887216,S3-420977141,S3-464250140
S1-291781739	S2-409316932,S2-54538385,S2-718101422,S2-865745597,S3-108026874,S3-214799093,S3-407329347,S3-766031462,S3-893622505,S3-986102637
S1-293211124	S2-130398914,S2-155784978,S2-157683888,S2-468234939,S2-562226956,S2-571506106,S2-614824581,S2-646594637,S2-653522129,S2-758235218,S2-817239278,S2-838427488,S2-913240757,S2-92867705,S2-939141426,S2-945471595,S2-96973637,S3-247710718,S3-607622452,S3-705136920
S1-293377914	S2-139158507,S2-191045664,S2-263225599,S2-403608296,S2-428302180,S2-430910338,S2-442478256,S2-579245677,S2-594577130,S2-656841491,S2-81124098,S2-874785034,S2-966717893,S2-971484741,S3-178951123,S3-448790637,S3-571041914,S3-717703242,S3-853671937,S3-860590391
S1-293800052	S2-447003006,S3-359543023,S3-484881079,S3-856849479,S3-909973798
S1-293991542	S2-115314774,S2-136673444,S2-150527757,S2-286257285,S2-359820757,S2-430894860,S2-644264374,S2-68483150,S2-770576876,S2-795809304,S2-803487149,S2-853275037,S2-860663461,S2-908719488,S2-92469603,S2-953589233,S2-987474411,S3-49930054,S3-775035931,S3-890789105
S1-295185563	S2-133308166,S2-305698937,S2-402548315,S2-403773285,S2-602391865,S2-786753976,S2-881799150,S2-89428448,S3-19516150,S3-216801390,S3-241633110,S3-341296490,S3-358073316,S3-404658844,S3-432138522,S3-439655728,S3-460099491,S3-547152024,S3-905853341,S3-941558836
S1-295959366	S2-288424236,S2-324730954,S2-392850326,S2-777627,S3-32615805,S3-91234143
S1-296048527	S2-129316153,S2-143232725,S2-166887381,S2-183809326,S2-232945113,S2-25712642,S2-259747487,S2-265603128,S2-310653211,S2-408136415,S2-523026800,S2-548400968,S2-556543773,S2-565519778,S2-741767447,S2-791699751,S2-855613686,S2-891325970,S2-958748878,S3-730858068
S1-296160286	S2-164039123,S2-256868825,S2-356552545,S2-383115169,S2-402548315,S2-497486406,S2-516946324,S2-584306503,S2-674862293,S2-683588684,S2-696635067,S2-785171733,S2-814052487,S2-820471246,S2-828872229,S2-874162453,S2-911154739,S2-937072190,S2-96362128,S2-986189127
S1-296322625	S2-136121441,S2-216529404,S2-356466612,S2-376981645,S2-524600877,S2-63973880,S2-669523391,S2-779029217,S2-811748343,S2-855319993,S2-908400637,S2-973240701,S3-104122839,S3-125328433,S3-25110901,S3-309268963,S3-36343349,S3-48259391,S3-513578052,S3-614225541
S1-296593628	S2-442132789,S2-54401310
S1-297343387	S2-194217717,S2-287453615,S2-322987126,S2-380796793,S2-385675244,S2-40137467,S2-496554033,S2-59175936,S2-644626161,S2-801869233,S2-851197995,S2-866732770,S3-107058443,S3-149193259,S3-300279033,S3-449441641,S3-587298318,S3-688789429,S3-770648247,S3-952898749
S1-297536232	S2-174609481,S2-219374527,S2-226551251,S2-23901043,S2-241575229,S2-316757635,S2-357583711,S2-425828152,S2-642802354,S2-691302835,S2-701888218,S2-80378413,S2-809637282,S2-918807262,S2-989137870,S3-364945614,S3-370600090,S3-429082092,S3-488740989,S3-781511309
S1-297821138	S2-201718971,S2-217154634,S2-28135445,S2-287328996,S2-358856946,S2-571567442,S2-692905224,S3-171168507,S3-280994937,S3-289000794,S3-368221930,S3-415619569,S3-673344895,S3-825408702,S3-847725650,S3-949603682
S1-29808691	S2-139182951,S2-361519860,S2-480009101,S2-523161724,S2-575161283,S2-596415549,S2-621206283,S2-629499045,S2-666773,S2-798019999,S2-817634982,S2-871018688,S2-876824000,S2-924470584,S2-937918854,S3-17298898,S3-242125374,S3-495070967,S3-798770969,S3-837427388
S1-29871952	S2-421330022,S2-484738792,S2-672935280,S2-878741253,S3-282502042,S3-371919133,S3-424214501,S3-425920809,S3-608515408,S3-758002069
S1-29996673	S2-25440664,S2-409995269,S2-4415530,S2-521478250,S2-691332816,S2-752754412,S2-918261850,S3-115905197,S3-118611600,S3-223528035,S3-359835042,S3-768060526,S3-770810725
S1-300052729	S2-132073469,S2-521008412,S2-588630477,S2-768439560,S3-129307070,S3-221338788,S3-224828597,S3-309091568,S3-547334559,S3-879410630,S3-977701015
S1-30139910	S2-185081484,S2-21905907,S2-273744774,S3-343989625,S3-374105794,S3-473057383,S3-618484526
S1-302169008	S2-215134403,S2-220405948,S2-308072236,S2-323707301,S2-362776689,S2-378933482,S2-384330461,S2-486557449,S2-534004152,S2-593443822,S2-613033114,S2-781790661,S2-79818405,S2-804822084,S2-864672539,S2-875242013,S2-877466542,S3-505079692,S3-759115831,S3-771689207
S1-302444130	S2-177329357,S2-20272510,S2-469172122,S2-686173919,S2-836168503,S3-137394985,S3-186347150,S3-194290923,S3-345023749,S3-349069914,S3-454896767,S3-47479916,S3-511082711,S3-615107743,S3-618492389,S3-6570280,S3-677674681,S3-699100474,S3-798234739,S3-892874081
S1-302470544	S2-102835643,S2-134883470,S2-152853831,S2-183956953,S2-238342311,S2-270436916,S2-307014106,S2-329838482,S2-368772488,S2-412422017,S2-693459767,S2-714077903,S2-838526909,S2-844841084,S2-960049771,S2-972466865,S2-987389053,S3-43111040,S3-518877982,S3-899583090
S1-302852924	S2-115050976,S2-207462895,S2-26785528,S2-474924251,S2-524650056,S2-553193794,S2-620707014,S2-877272078,S3-179512259,S3-23573942,S3-26886703,S3-269416767,S3-320454446,S3-369393579,S3-449706840,S3-494372643,S3-747355483,S3-837000925,S3-85183848,S3-887660270
S1-303194095	S2-225153982,S2-258913818,S2-271989369,S2-313173977,S2-403116197,S2-518636747,S2-543981181,S2-550763752,S2-551537406,S2-594607876,S2-614588117,S2-804045537,S2-843937862,S3-243186999,S3-3486016,S3-348831231,S3-521208960,S3-655869887,S3-879396496,S3-977729058
S1-3039380	S2-249434995,S2-344408497,S2-409068299,S2-452914054,S2-484063105,S2-655027903,S2-732543368,S2-732613830,S2-852964651,S2-856518249,S2-860384631,S2-877062093,S2-950334290,S2-959060224,S2-986504176,S3-300366647,S3-40742679,S3-63343748,S3-706969242,S3-809536951
S1-304383230	S2-160770114,S2-265513584,S2-345532590,S2-487506294,S2-88180886,S3-437896075,S3-56970323,S3-648645102
S1-30485400	S2-237386317,S2-363654366,S2-368384203,S2-422510029,S2-48935959,S2-769056261,S2-81084363,S2-810987431,S2-823424049,S2-862841483,S2-889497510,S2-913033756,S2-944030245,S3-145297081,S3-198924717,S3-542004417,S3-609365378,S3-617083897,S3-647554132,S3-993414666
S1-30507731	S2-532686283,S2-55084146,S2-608841951,S3-454228701,S3-695790265,S3-697989223
S1-305284708	S2-134418223,S2-200440168,S2-233123309,S2-249491949,S2-251801731,S2-285912142,S2-36835526,S2-378920632,S2-459098837,S2-507486280,S2-509832800,S2-557744079,S2-574940993,S2-579935875,S2-607897017,S2-987279589,S2-99668054,S2-999381076,S3-414426813,S3-751553545
S1-305293722	S2-118581770,S2-119607177,S2-15148623,S2-281638519,S2-334354664,S2-438874422,S2-544635255,S2-569739603,S2-763018444,S2-791990398,S2-814052487,S2-854130309,S2-862956103,S2-920765613,S2-970711089,S3-234246038,S3-383775233,S3-52802939,S3-738240941,S3-808604688
S1-306024530	S2-27503729,S3-892916435
S1-306237947	S2-546159544,S2-782743695,S2-799765530,S2-896443171,S2-92615749,S3-405137736,S3-545433223,S3-669422424
S1-306408942	S2-187800389,S2-205808544,S2-26956636,S2-474118498,S2-50455591,S2-736167731,S2-762591037,S3-186848267,S3-271710370,S3-381231328,S3-432153880,S3-642429774,S3-64450603,S3-69875390,S3-99742740
S1-307902535	S2-139158507,S2-17065376,S2-257711716,S2-403608296,S2-428302180,S2-430910338,S2-442478256,S2-579245677,S2-656841491,S2-804974535,S2-843743267,S2-888598629,S2-930060775,S2-966717893,S3-469802266,S3-532625938,S3-555409667,S3-599144272,S3-960206386,S3-967712917
S1-307948783	S2-121251263,S2-228779604,S2-254788701,S2-263273654,S2-266340710,S2-322127049,S2-418380949,S2-438753836,S2-630651352,S2-822346901,S2-921137386,S3-228629104,S3-344959823,S3-464076040,S3-505787747,S3-542980413,S3-57045093,S3-779912197,S3-781598146,S3-834606514
S1-308036958	S2-344821654,S2-489461707,S2-5371139,S2-612768292,S2-617307296,S2-671270117,S2-811624957,S2-874582752,S3-188246275,S3-275974614,S3-299184894,S3-383615690,S3-387969988,S3-398765492,S3-493728251,S3-761178126,S3-838486566,S3-876372479,S3-951544555,S3-993962312
S1-308380702	S2-32802664,S2-672515420,S2-796619845,S3-541651740
S1-308896392	S2-119019224,S2-166747800,S2-366081375,S2-376732061,S2-456815370,S2-537858187,S2-725412413,S2-763835236,S2-848107963,S2-919896803,S2-931663665,S2-933488038,S2-937254230,S2-947221890,S2-951117541,S2-95822029,S2-965326114,S3-367286777,S3-381920146,S3-507489165
S1-309173587	S2-239246799,S2-267923693,S2-434511737,S2-606555731,S2-694826247,S2-715096064,S2-747462751,S2-781327181,S2-791605642,S2-941218348,S3-164697297,S3-189079964,S3-341479167,S3-419069135,S3-463002835,S3-53221481,S3-547607589,S3-68283674,S3-851942464
S1-309652286	S2-107629131,S2-184898378,S2-212286488,S2-285659000,S2-307634941,S2-341172069,S2-55421595,S2-57473027,S2-596446650,S2-663227434,S2-686080877,S2-693256682,S2-699733797,S2-772323364,S2-803376442,S2-816989315,S2-846047154,S2-864600696,S3-700224375,S3-900702162
S1-309730917	S2-132490847,S2-335101425,S2-433503084,S2-527244720,S2-554361670,S2-878461524,S2-968260152,S3-102317489,S3-145093869,S3-434240036,S3-608674120,S3-610166660,S3-68165858,S3-769380558,S3-845269982
S1-311357569	S2-232439788,S2-290775709,S2-45990897,S2-482628805,S2-497820615,S2-535062209,S2-767027167,S2-794737702,S2-859493273,S2-876560169,S3-106343583,S3-145245332,S3-357120906,S3-398011682,S3-669860378,S3-84290928,S3-894991883,S3-966889245
S1-311386225	S2-186786402,S2-249159696,S2-271555689,S2-349501015,S2-398129528,S2-513019344,S2-52122084,S2-536842332,S2-557200621,S2-64740154,S2-672608982,S2-681667090,S2-884813114,S2-912455648,S2-931856933,S2-948973107,S3-14298508,S3-549028725,S3-749241401,S3-780145624
S1-311563643	S2-171100423,S2-351547499,S2-392628130,S2-421078322,S2-467121958,S2-472549533,S2-475820176,S2-557236326,S2-560657608,S2-587381188,S2-628011193,S2-699380075,S2-702862423,S2-727344061,S2-84805581,S2-914673196,S2-974869875,S3-325748433,S3-387907283,S3-459157964
S1-311853906	S2-112834662,S2-166470814,S2-229886583,S2-239391031,S2-240256806,S2-348732532,S2-476753105,S2-483527655,S2-572367141,S2-756302651,S2-804718706,S2-813619348,S2-846497405,S2-86160298,S2-875186949,S2-902843744,S3-504223122,S3-567315743,S3-832298930,S3-999335322
S1-311858261	S2-240882592,S3-279419160,S3-311856635,S3-761804071,S3-865070337,S3-906188320
S1-3125646	S2-283699128,S2-78970765,S2-854590041,S2-882617045,S2-884900770,S2-941264213,S2-947191963,S3-262909704,S3-306556434,S3-316039083,S3-355190718,S3-357996472,S3-937027718,S3-986337918
S1-312653795	S2-102699008,S2-124040994,S2-242494744,S2-263476479,S2-305033236,S2-376858110,S2-400573421,S2-508374208,S2-65378876,S2-700471806,S2-829980962,S2-884515425,S3-112396272,S3-183066119,S3-218226022,S3-517481940,S3-59940613,S3-68577098,S3-715271205,S3-812651193
S1-312739256	S2-200925331,S2-259053443,S2-26081285,S2-333785505,S2-432687019,S2-475706495,S2-498279964,S2-506664767,S2-604564398,S2-646080124,S2-747466359,S2-754855005,S2-759079441,S2-780354672,S2-78769581,S2-884135049,S2-902205396,S2-990031995,S3-129146562,S3-44672267
S1-313139999	S2-80402161,S3-194999555,S3-588771522,S3-721057145
S1-313411583	S2-148785230,S2-252544287,S2-255983384,S2-444101770,S2-650540638,S2-655345873,S2-66256582,S2-672809517,S2-805368102,S2-82210947,S3-194604095,S3-257401270,S3-457379281,S3-860192805,S3-997715300
S1-313855157	S2-13738043,S2-188552402,S2-320492172,S2-336123169,S2-420318810,S2-538868458,S2-755400375,S2-834908113,S2-838431772,S2-896605287,S2-957154955,S3-350603119,S3-514882211,S3-558115814,S3-562076041,S3-658976495,S3-806462542,S3-860349458,S3-882596070,S3-931196009
S1-313929065	S2-108484473,S2-9181274,S3-166797791,S3-464649321
S1-314184092	S2-122635599,S2-256692563,S2-451120296,S2-483480832,S2-585117339,S2-608496926,S2-640747746,S2-687768026,S2-696742763,S2-778152514,S2-80942167,S2-812711831,S2-847392050,S2-883256571,S2-92393326,S2-966057618,S2-968246739,S2-973454867,S3-212145591,S3-253297447
S1-314664856	S2-195819452,S2-245157034,S2-28314903,S2-361571858,S2-362462988,S2-593802350,S2-686713583,S2-764329448,S2-783846074,S2-809330355,S2-916745738,S3-212381541,S3-292909516,S3-456601257,S3-52102056,S3-542239427,S3-740492207,S3-752316023
S1-314907146	S2-126506454,S2-164039123,S2-16692689,S2-256868825,S2-331683831,S2-441422968,S2-525859393,S2-584306503,S2-610173207,S2-674862293,S2-772554224,S2-814052487,S2-874162453,S2-898880623,S2-907307129,S2-956132872,S3-400157240,S3-639626502,S3-760733889,S3-776888403
S1-315110966	S2-429121902,S2-808715434,S2-821252739,S2-888454658,S2-97283002,S3-132237919,S3-174033056,S3-374688739,S3-375048018,S3-440953247,S3-550424247,S3-585534132,S3-891626766
S1-315347558	S2-129637001,S2-219352693,S2-222042072,S2-231967292,S2-302466524,S2-316664083,S2-447441433,S2-609428348,S2-679793793,S2-706527843,S2-732728003,S2-959496667,S2-968974774,S3-1892651,S3-256812398,S3-374472368,S3-494694498,S3-506599164,S3-801119237,S3-938931937
S1-315428768	S2-518398079,S2-72964623,S2-931930117,S2-98499459,S3-619687724
S1-315659854	S2-101094440,S2-200183326,S2-285580099,S2-363779880,S2-371200780,S2-497606378,S2-552033015,S2-552487507,S2-659432679,S2-762383502,S2-794412447,S2-898171065,S2-984991177,S3-151334843,S3-251828382,S3-404419807,S3-416670850,S3-598999080,S3-801347242,S3-983500947
S1-315742872	S2-129808262,S2-154427542,S2-268018268,S2-270696628,S2-290058179,S2-408281060,S2-45299437,S2-489324050,S2-493095964,S2-592371365,S2-606891597,S2-686959974,S2-691463903,S2-793729084,S2-816321644,S2-87368634,S2-980968650,S2-981065062,S3-743637976,S3-917670718
S1-315995636	S2-18564528,S2-218226592,S2-311402763,S2-8477807,S3-11305340,S3-114853615,S3-129830652,S3-55477356
S1-316400370	S2-101490015,S2-122323942,S2-221438387,S2-285063282,S2-298833866,S2-350847418,S2-459611127,S2-474032945,S2-522914889,S2-527812446,S2-532049994,S2-603240769,S2-639672397,S2-682357879,S2-70189931,S2-750247882,S2-843741773,S2-929233396,S2-94436932,S3-208293354
S1-316430286	S2-177636015,S2-28212542,S2-30835309,S2-341786209,S2-347549160,S2-467398951,S2-62221198,S2-661312696,S2-706976865,S2-715064227,S3-153155215,S3-274622680,S3-396661247,S3-422338518,S3-555973444,S3-557964027,S3-581908081,S3-722267804,S3-840115333
S1-316552980	S2-289056766,S2-329607640,S2-346746350,S2-442348963,S2-463474561,S2-49966674,S2-503157961,S2-619246179,S2-671340149,S2-678446632,S2-695804918,S2-883720517,S2-91305348,S2-922081332,S2-966560033,S2-984241859,S2-996945868,S3-130503761,S3-652795729,S3-776598091
S1-316955259	S2-173243370,S2-806931282,S3-152005488,S3-171131115,S3-31389340,S3-338655540,S3-414957496,S3-444995333,S3-456154072,S3-637307723,S3-661169830,S3-675117877,S3-716203564,S3-735801388,S3-825292497,S3-86828362,S3-874344144,S3-91557648,S3-929138356
S1-317533767	S2-475725619,S3-687505550
S1-31779799	S2-105293665,S2-453909888,S2-739955278,S2-836802685,S2-83999862,S2-981819822,S3-315621746,S3-598340744,S3-741650509,S3-895120719,S3-984861031,S3-995165825
S1-31802498	S2-136305349,S2-188612294,S2-303726261,S2-311814169,S2-436783714,S2-474277193,S2-505041950,S2-565543920,S2-569860965,S2-595795733,S2-654223315,S2-725621051,S2-753244753,S2-791444540,S2-792895602,S2-79488526,S2-892880098,S2-955922218,S2-996245861,S3-30038847
S1-318198516	S2-114113860,S2-126506454,S2-155681006,S2-176453879,S2-256868825,S2-371200780,S2-441422968,S2-497486406,S2-525859393,S2-540656284,S2-584306503,S2-618844064,S2-623517407,S2-795319261,S2-814052487,S2-874162453,S2-877479417,S2-880342210,S2-956132872,S3-678683280
S1-318332244	S2-154748565,S2-156452752,S2-425513728,S2-453482489,S2-57774625,S2-589750339,S2-622481215,S2-628378031,S2-680323770,S2-688999165,S2-776794265,S2-845683674,S2-957597561,S3-185166831,S3-272078390,S3-365937017,S3-37200688,S3-38512565,S3-398861119,S3-667111384
S1-318459	S2-223425813,S2-328680381,S2-352825625,S2-359437116,S2-378011585,S2-386701036,S2-439161022,S2-478530767,S2-485129405,S2-505311451,S2-507704636,S2-564238568,S2-579568693,S2-658347451,S2-682295338,S2-732634892,S2-804032476,S2-872303457,S2-906921519,S2-931005814
S1-319160605	S2-138565051,S2-163276543,S2-199857966,S2-416082593,S2-428043791,S2-442811291,S2-485916242,S2-843269057,S2-910093669,S3-135670555,S3-28430063,S3-295879531,S3-340833455,S3-38821105,S3-415492659,S3-453708551,S3-754648471,S3-767453164,S3-954070164
S1-319242287	S2-495622919,S2-799653257,S2-923526656,S3-521428579,S3-785942207
S1-319692635	S2-104012056,S2-141708078,S2-160993289,S2-198416322,S2-283924347,S2-437124125,S2-446506925,S2-490465808,S2-523379739,S2-649481873,S2-703653566,S2-705753717,S2-809988888,S2-863078243,S2-870725716,S2-88481979,S2-911625181,S3-174425316,S3-233641660,S3-384376918
S1-32038467	S2-246269528,S2-434329922,S2-637058650,S2-774319356,S2-799860844,S3-599035397,S3-702572404,S3-800837118,S3-976057251
S1-32049764	S2-168904308,S2-265732916,S3-251676214,S3-265824420,S3-343273716,S3-429949437,S3-754593692
S1-321297417	S2-103596307,S2-13574353,S2-350712412,S2-485062162,S2-524690385,S2-582690055,S2-660149993,S2-772010362,S2-993493208,S2-999705450,S3-134079003,S3-154863528,S3-27435119,S3-310672123,S3-496555647,S3-499205390,S3-501691503,S3-707818871,S3-776330583,S3-783003735
S1-321403787	S2-184929993,S2-311868409,S2-326195146,S2-402072076,S2-428415087,S2-529841486,S2-578115544,S2-633340926,S2-756454257,S2-763098788,S2-791566497,S3-116739343,S3-618635930,S3-654702180,S3-770368944,S3-783957625,S3-803973742,S3-821841712,S3-879688889,S3-978482438
S1-321558787	S2-111192912,S2-248267062,S2-319100992,S2-339756363,S2-464992822,S2-470488052,S2-503829652,S2-553297806,S2-584306503,S2-674862293,S2-694064827,S2-698598718,S2-722990656,S2-834942927,S2-877804964,S2-898880623,S2-923647134,S2-937072190,S2-995746647,S3-178847307
S1-321719399	S2-326100389,S2-364694925,S2-623407252,S3-157002874,S3-173833997,S3-193018281,S3-29424022,S3-344105377,S3-476513398,S3-816294672,S3-820577834,S3-932071874,S3-945117560,S3-963718472,S3-975638447
S1-322460356	S2-144466580,S2-173705524,S2-22865864,S2-366247122,S2-422045352,S2-719096317,S2-776900487,S2-779197401,S2-822974581,S2-90564148,S2-935018855,S2-953397382,S2-994512628,S3-236794983,S3-821811355
S1-323115790	S2-168368031,S2-428617725,S2-471376325,S2-52042047,S2-661795114,S2-743650476,S2-795672448,S2-979245640,S3-194278087,S3-280518905,S3-372045674,S3-438951846,S3-441335116,S3-520566309,S3-59132038,S3-593975648,S3-648251843,S3-85495040,S3-85674036,S3-998979281
S1-323155151	S2-12979692,S2-255280797,S2-289265748,S2-323474816,S2-399883790,S2-408865400,S2-445846380,S2-577625418,S2-578620577,S2-585118112,S2-623031574,S2-654713319,S2-667429157,S2-864548311,S2-922598590,S2-928003558,S3-231545071,S3-239695315,S3-425138992,S3-765883289
S1-323259653	S2-119843211,S2-14241037,S2-1505887,S2-151582230,S2-200814831,S2-242055718,S2-299990770,S2-333716982,S2-335860,S2-472431733,S2-513019344,S2-595033725,S2-628129193,S2-692585872,S2-818259839,S2-831064278,S2-959734804,S2-982003904,S2-991507759,S3-692612888
S1-324098575	S2-932641405,S2-95136969,S3-39467851,S3-480446667
S1-324265501	S2-150634918,S2-273999815,S2-571951923,S2-715418044,S2-728052097,S2-747666710,S2-81661580,S2-871695908,S2-964319654,S2-998619333,S3-327736042,S3-389939797,S3-689181921,S3-733113697,S3-742877637,S3-787435527,S3-790309241,S3-835283814,S3-870099303,S3-898305791
S1-324531828	S2-144812520,S2-32029894,S3-126311265,S3-843630269,S3-927149771
S1-324917866	S2-106295375,S2-110560539,S2-325625227,S2-391532224,S2-445245288,S2-488398535,S2-488826892,S2-677581339,S2-6940413,S2-774452418,S2-919784253,S2-92162900,S2-930341967,S2-945719929,S3-199222567,S3-484558101,S3-539966160,S3-61619477,S3-71256569,S3-812824156
S1-326006087	S2-115050976,S2-159889395,S2-207462895,S2-25410047,S2-30830908,S2-474924251,S2-524650056,S2-553193794,S2-877272078,S3-179512259,S3-26193075,S3-269416767,S3-369393579,S3-392933005,S3-494372643,S3-686194906,S3-726600439,S3-747355483,S3-85183848,S3-887660270
S1-326113558	S2-262608172,S2-702079175,S3-19750453,S3-993989272
S1-326514556	S2-318023531,S2-374257550,S2-37506605,S2-439970804,S2-459920228,S2-509400709,S2-509940498,S2-519857047,S2-659832586,S2-721938840,S2-743183224,S2-82724388,S2-85501721,S2-862591655,S3-247243743,S3-542347298,S3-836979296,S3-84100872,S3-972943517,S3-978202392
S1-326746657	S2-494953778,S2-601644204,S2-648622695,S3-409531849,S3-897902067
S1-326771265	S2-727107212,S2-792723533,S3-103440983,S3-661982936,S3-907034873,S3-920022154
S1-327054542	S2-308893253,S2-31441965,S2-351107485,S2-468517319,S2-474068243,S2-537423916,S2-563049977,S2-949408746,S2-994429169,S3-106354452,S3-432649750,S3-445364782,S3-503646152,S3-551656288,S3-653898925,S3-660782997,S3-66086242,S3-898370195,S3-904476801,S3-92140603
S1-327069775	S2-290216921
S1-327586665	S3-140111615,S3-207431439,S3-794443315
S1-327613003	S2-127378828,S2-375734344,S2-869324842,S3-232503566,S3-234624029,S3-269580152,S3-319505734,S3-334741027,S3-672209553,S3-674449298,S3-757626605,S3-762177704,S3-766044373,S3-833897708,S3-841209318,S3-98378162
S1-327800599	S2-126670069,S2-138702507,S2-145212314,S2-161706141,S2-259786094,S2-263813651,S2-311198079,S2-347133115,S2-409672248,S2-530762839,S2-545799835,S2-574089391,S2-606589402,S2-648055380,S2-811515562,S2-90564148,S2-993824191,S2-995066127,S3-21060124,S3-98716651
S1-328159582	S2-181834912,S2-240285502,S2-308893253,S2-31441965,S2-334728171,S2-345863671,S2-351107485,S2-417269575,S2-453685980,S2-468517319,S2-522905175,S2-563049977,S2-640768079,S2-653523091,S2-93196961,S2-949408746,S2-994429169,S3-21492419,S3-424198118,S3-612979392
S1-328379638	S2-102172461,S2-126506454,S2-155681006,S2-224839523,S2-256868825,S2-347221560,S2-441422968,S2-442463016,S2-497486406,S2-525859393,S2-610173207,S2-692245022,S2-696635067,S2-814052487,S2-874162453,S2-907307129,S2-956132872,S2-96362128,S3-211221239,S3-505429158
S1-328497075	S2-647751652,S2-684479579,S2-801595803,S2-882798930,S3-900666652
S1-328840263	S2-225004731,S2-272923611,S2-399721711,S2-62051149,S2-683803911,S2-696179681,S2-867352859,S3-166968177,S3-193418231,S3-31007367,S3-334775675,S3-400840619,S3-442475676,S3-514751209,S3-519128679,S3-633748381,S3-696489549,S3-879989678,S3-966573249
S1-32893941	S2-115642019,S2-12085355,S2-203296597,S2-404109757,S2-407933109,S2-448231092,S2-482965691,S2-505083731,S2-517668630,S2-547274941,S2-578129330,S2-581760687,S2-650216158,S2-683312986,S2-766445983,S2-944772275,S2-949348082,S3-146627125,S3-40965369,S3-60620184
S1-329055914	S2-119198667,S2-134928568,S2-184754903,S2-362516952,S2-409085279,S2-452517729,S2-505041498,S2-520168735,S2-673587061,S2-701003436,S2-744148663,S2-798654242,S2-833550351,S2-85132639,S2-865938468,S2-998583978,S3-245362729,S3-496561448,S3-762825829,S3-888393588
S1-329439352	S2-124554446,S2-248902651,S2-262508816,S2-560381010,S2-74888127,S2-805820982,S2-890088008,S3-115710355,S3-139561819,S3-250307450,S3-320192803,S3-341818389,S3-372130628,S3-449233819,S3-473480537,S3-707771233,S3-785765142,S3-857596836,S3-970753316
S1-329787236	S2-33750535,S2-657023181,S2-758201413,S3-508581999,S3-514207922,S3-68942393
S1-330704839	S2-129808262,S2-154427542,S2-268018268,S2-270696628,S2-290058179,S2-408281060,S2-42079935,S2-45299437,S2-489324050,S2-493095964,S2-686959974,S2-691463903,S2-793729084,S2-87368634,S2-980968650,S3-138797862,S3-408756164,S3-470639551,S3-488984319,S3-518730041
S1-331217055	S2-137278449,S2-23607459,S2-390754900,S2-42223728,S2-449131721,S2-459611127,S2-625365305,S2-640420911,S2-659300097,S2-702646757,S2-820410002,S2-827345339,S2-884608707,S2-901390153,S2-925829578,S2-932255610,S2-959012580,S3-131640589,S3-635420112,S3-987793237
S1-331599940	S2-109387539,S2-113396636,S2-154682950,S2-234917047,S2-34973697,S2-448371615,S2-518752249,S2-536365918,S2-592107318,S2-610875537,S2-618256008,S2-70160012,S2-919696564,S2-940250840,S3-120271062,S3-296262338,S3-331034812,S3-478019291,S3-803358984,S3-804092038
S1-331812776	S2-164039123,S2-236463655,S2-256868825,S2-352169028,S2-433060011,S2-497486406,S2-504301632,S2-553193794,S2-584306503,S2-674862293,S2-696635067,S2-704211489,S2-791856232,S2-821234111,S2-828872229,S2-841316739,S2-898880623,S2-918295077,S2-937072190,S2-96362128
S1-331928822	S2-433662183,S2-544123217,S2-882667834,S3-114445856,S3-162771968,S3-274997951,S3-627608863,S3-938434055
S1-332217777	S2-142609972,S2-177812522,S2-209318082,S2-229017655,S2-262423639,S2-35427816,S2-364709779,S2-458450467,S2-468391282,S2-502485918,S2-504734797,S2-576831490,S2-602117787,S2-65027320,S2-714078030,S2-91821920,S2-941207751,S2-999793401,S3-340023757,S3-593594840
S1-332219934	S2-828253169,S3-105082561,S3-335777177,S3-977747011
S1-33228700	S2-150806063,S2-162095694,S2-18643937,S2-302933108,S2-674367896,S2-679333576,S2-724966076,S2-725034135,S2-733777086,S2-751588111,S2-788195957,S2-815062890,S2-918997173,S3-26527178,S3-423800625,S3-450164727,S3-582175166,S3-682852657,S3-860424780,S3-925699584
S1-332500989	S2-195282062,S2-421213398,S2-421388655,S2-481679445,S2-510504303,S2-537818682,S2-547444939,S2-588054631,S2-689767417,S2-698899742,S2-715352193,S2-779174499,S2-802277435,S2-815170389,S2-847821102,S2-861965012,S2-865088358,S2-893332104,S2-971418260,S3-221928485
S1-332678305	S2-133557830,S2-140063041,S2-220997153,S2-300072820,S2-374471531,S2-455622231,S2-478056427,S2-824557716,S2-919474061,S2-923890535,S3-365049040,S3-522257263,S3-574687912,S3-7266696,S3-845201224,S3-891384413,S3-968977779
S1-332723848	S2-149765915,S2-201440412,S2-245909245,S2-441541199,S2-507724194,S2-563115127,S2-728104081,S2-791872120,S2-818301496,S2-884900177,S3-116531711,S3-125496288,S3-151334843,S3-301918485,S3-351775980,S3-598999080,S3-65009775,S3-799199666,S3-970657539
S1-333170275	S2-138068334,S2-14569417,S2-271664466,S2-342220961,S2-345189222,S2-381209028,S2-399204689,S2-405867764,S2-440253063,S2-450445631,S2-555462463,S2-637449023,S2-698270840,S2-754430630,S2-878352124,S2-893505549,S2-963186955,S2-978297595,S3-11129801,S3-54379516
S1-33341966	S2-102704852,S2-237466484,S2-296385109,S2-321398182,S2-333018724,S2-349303228,S2-380483491,S2-381193725,S2-401906975,S2-502866969,S2-551502726,S2-562839435,S2-622624356,S2-651096007,S2-75721696,S2-822504612,S2-878190468,S3-278236498,S3-49524845,S3-773895035
S1-33343096	S2-522371239,S2-555319294,S2-572092484,S2-577177978,S2-623602194,S2-720432695,S2-773283873,S2-790431600,S2-841917974,S2-912381259,S3-247045266,S3-356745176,S3-422728395,S3-435489279,S3-528291457,S3-718926017,S3-760703483,S3-813674252,S3-85445849,S3-865736546
S1-333477954	S2-174011725,S2-200614839,S2-310060823,S2-378820746,S2-414238106,S2-42969376,S2-516895381,S2-623263786,S2-719481758,S2-754878127,S2-830275301,S2-835201023,S2-856123835,S2-870769857,S2-918217884,S2-935206742,S2-976390618,S3-301710722,S3-807071461,S3-816643056
S1-33387776	S2-118011429,S2-259958407,S2-317283127,S2-412058850,S2-488252197,S2-702429792,S2-800655797,S3-112130235,S3-126412961,S3-13252179,S3-148516434,S3-390926388,S3-619625458,S3-62960245,S3-656783766,S3-683769757
S1-334195379	S2-109594201,S2-126690973,S2-282495105,S2-295957851,S2-34238946,S2-572421685,S2-774789455,S2-791588086,S2-842363865,S2-918110262,S2-989100620,S3-149280855,S3-252284978,S3-347710085,S3-355191456,S3-43801893,S3-517899514,S3-519399221,S3-546785918,S3-592371885
S1-334574057	S2-179427279,S2-180299877,S2-280355228,S2-460411206,S2-651611393,S2-844735754,S2-863771363,S2-870090299,S2-934524788,S2-955679080,S3-185204138,S3-212089764,S3-333925479,S3-682561420,S3-712567956,S3-929855082
S1-334634602	S2-15672083,S2-385302022,S2-659189614,S2-764339793,S2-833317600,S2-948927387,S3-163531889,S3-164250770,S3-164988651,S3-310645758,S3-419708185,S3-514511739,S3-559661145,S3-653540904,S3-889332261
S1-334918440	S2-285476252,S2-343688732,S2-408906304,S2-445011904,S2-467520734,S2-481678065,S2-501890286,S2-534602603,S2-577407322,S2-718120953,S2-844237759,S2-857159672,S2-903415969,S2-966134785,S2-980024410,S3-231550711,S3-482724406,S3-64097024,S3-737715114,S3-803950853
S1-336558282	S2-141268529,S2-451473736,S2-736730402,S2-747207847,S2-87200954,S2-898316726,S2-922698358,S3-133569825,S3-239367161,S3-268996648,S3-277423664,S3-316927744,S3-411196797,S3-570316184,S3-652983734,S3-740524384,S3-787963116,S3-797272249,S3-920780521,S3-922971635
S1-336615934	S2-10190295,S2-106443025,S2-220056055,S2-363149174,S2-395291902,S2-437460289,S2-45508951,S2-628279640,S2-791879767,S2-977186094,S2-977244874,S3-139561819,S3-301240957,S3-411783363,S3-568780790,S3-61047125,S3-963665279,S3-972831270
S1-33693239	S2-115642019,S2-275208775,S2-477675434,S2-482965691,S2-517668630,S2-581760687,S2-650216158,S2-858525068,S2-944772275,S2-994088655,S3-175685060,S3-213652300,S3-417373558,S3-512815941,S3-530281416,S3-531066512,S3-731464380,S3-740106696,S3-835052299,S3-998413426
S1-33698766	S2-324182471,S2-348011279,S2-38866977,S2-389384551,S2-404576751,S2-546070950,S2-549853792,S2-576100292,S2-592820576,S2-777459009,S2-777655733,S2-783345185,S2-847120229,S2-858063892,S2-931594628,S3-196092403,S3-3717652,S3-604212032,S3-623329302,S3-787353706
S1-337036157	S2-177192517,S2-247025703,S2-277459108,S2-693331755,S3-228040760,S3-328044404,S3-418200336,S3-47467967,S3-49100420,S3-550947722,S3-609076802,S3-639171333,S3-660835913,S3-664208118,S3-699490226,S3-728105473,S3-776094418,S3-785579261,S3-940087074,S3-946118908
S1-3372308	S2-121270854,S2-147695829,S2-218613949,S2-257443565,S2-359437654,S2-449766724,S2-453488966,S2-564951591,S3-107240077,S3-24249839,S3-456560162,S3-460135755,S3-476330681,S3-52378973,S3-546334783,S3-740382083,S3-819610811,S3-825982758,S3-911953301
S1-337550610	S2-524176080,S3-325168879
S1-337786184	S2-242386591,S2-495538886,S3-166683039,S3-173912764,S3-191877624,S3-279521232,S3-522268074,S3-678026298,S3-679932289,S3-87941342,S3-892631109
S1-338356991	S2-384137942,S3-708245937,S3-978738926
S1-338440769	S2-157564986,S2-201826651,S2-324803431,S2-374123528,S2-374521955,S2-463758786,S2-548580277,S2-551679176,S2-576107738,S2-605929562,S2-613019176,S2-629621942,S2-73199232,S2-802488403,S2-826989764,S2-831793066,S2-835052671,S2-962662960,S2-973057450,S3-616455995
S1-3388348	S2-154748565,S2-156452752,S2-301991525,S2-332014708,S2-370262688,S2-453482489,S2-468956394,S2-492836642,S2-560863486,S2-589750339,S2-622481215,S2-628378031,S2-658347451,S2-735790580,S2-9456816,S3-358429628,S3-507232800,S3-729826894,S3-810506007,S3-915109447
S1-338983945	S2-112776236,S2-213093426,S2-215182600,S2-231912572,S2-321631887,S2-361294747,S2-367457193,S2-581358537,S2-643634483,S2-857380822,S2-874762670,S2-937558441,S3-135367368,S3-170924221,S3-212496667,S3-558243624,S3-609275601,S3-855834042,S3-990250240
S1-339545528	S2-172032247,S2-192322654,S2-292719735,S2-308102913,S2-329830811,S2-427256869,S2-513182626,S2-650295367,S2-681275696,S2-859726068,S3-146499873,S3-210897239,S3-302236977,S3-502668307,S3-625040554,S3-718021112,S3-724226907,S3-790397204,S3-917038910,S3-989519626
S1-340375335	S2-374606734,S2-454838928,S2-650953812,S2-812330094,S3-334849425,S3-432449539,S3-806190929
S1-340565419	S2-191898792,S2-198060829,S2-199924846,S2-215484687,S2-253234697,S2-308398652,S2-378518962,S2-43723004,S2-503549788,S2-684150443,S2-728055261,S2-887677243,S2-893108988,S2-897326207,S2-945098318,S3-103168501,S3-260659091,S3-2973402,S3-404483959,S3-954685525
S1-340609452	S2-230461193,S2-558995051,S2-590725331,S2-929333569,S3-207431439,S3-52915572,S3-74619644
S1-340971449	S2-118407437,S2-173106767,S2-230602449,S2-258486293,S2-375337139,S2-387917057,S2-411142120,S2-435958787,S2-458726846,S2-496353454,S2-707147172,S2-711913107,S2-760415243,S2-762121909,S2-86597206,S2-965173509,S2-98740207,S3-42401161,S3-779708734,S3-877272240
S1-341059037	S2-267920369,S2-289056766,S2-333794564,S2-346746350,S2-442348963,S2-619246179,S2-671340149,S2-695804918,S2-861593659,S2-883720517,S2-922081332,S2-966560033,S2-984241859,S2-993053020,S3-130503761,S3-573114447,S3-608822753,S3-652795729,S3-776598091,S3-825158427
S1-341671385	S2-130736404,S2-337770866,S2-383900783,S2-508375755,S2-947421213,S2-958862682,S3-184403319,S3-215630143,S3-514205558,S3-559433434,S3-572856285,S3-82136670
S1-342209054	S2-109409319,S2-112834662,S2-239391031,S2-41313094,S2-439415286,S2-457321092,S2-483508684,S2-680125018,S2-685362882,S2-688766548,S2-710569303,S2-846497405,S2-97937368,S3-234510843,S3-245086490,S3-299239821,S3-461820494,S3-539685903,S3-730229139,S3-741230391
S1-342827923	S2-112765546,S2-116199441,S2-121022250,S2-216607898,S2-25408757,S2-425338531,S2-477346021,S2-539911221,S2-573593280,S2-595913199,S2-650403233,S2-650779848,S2-66080043,S2-671054050,S2-736189759,S2-757402261,S2-798828414,S2-8253948,S2-919620291,S3-857475836
S1-343476342	S2-15116571,S2-155361721,S2-2048071,S2-264484931,S2-280104333,S2-283918647,S2-317615334,S2-321565255,S2-326946504,S2-384477462,S2-390971137,S2-54045892,S2-566407734,S2-732609411,S2-785643946,S2-860657586,S2-873660516,S2-880662813,S3-211640022,S3-706790476
S1-344138980	S2-104272219,S2-286370159,S2-306322328,S2-45099840,S2-460041503,S2-647995833,S2-661531201,S2-756087518,S2-809440227,S3-124716467,S3-165949844,S3-184607046,S3-275459248,S3-360817353,S3-524756735,S3-534510987,S3-703324915
S1-344772705	S2-30000261,S3-362227959,S3-96530817,S3-973235630
S1-345086959	S2-113810287,S2-186594346,S2-281298862,S2-583078753,S2-684693984,S2-949133216,S3-205145669,S3-211747950,S3-244155552,S3-323133005,S3-366988622,S3-503361551,S3-507470965,S3-597275991,S3-687884733,S3-689371910,S3-742409148,S3-840030284,S3-889329354,S3-890974212
S1-345169631	S2-123740075,S2-206308788,S2-274993041,S2-291997969,S2-353826490,S2-372772311,S2-389134643,S2-463930863,S2-582067915,S2-595998529,S2-625158084,S2-656498290,S2-682432085,S2-699297088,S2-742079417,S2-827697830,S3-390731898,S3-540679336,S3-923622988,S3-964405253
S1-345184772	S2-644887876,S3-113933596,S3-661497851,S3-732751305
S1-345658255	S2-105805161,S2-180758086,S2-216449005,S2-236996558,S2-298562267,S2-314514656,S2-336593012,S2-418384956,S2-433673433,S2-644964208,S2-653366820,S2-6926950,S2-85663153,S2-991742653,S3-206371434,S3-24541751,S3-505544021,S3-668730631,S3-755505402,S3-836133258
S1-345865015	S2-289965050,S2-298198,S2-602602812,S2-762250877,S2-897176536,S3-253128333,S3-287855684,S3-573352109,S3-676887531,S3-810360558,S3-901441466,S3-904304477
S1-346289952	S2-486475380
S1-346508635	S2-106181589,S2-115932738,S2-139978777,S2-16775307,S2-184359632,S2-27263656,S2-328949966,S2-401480583,S2-410856515,S2-421462418,S2-459899781,S2-598351099,S2-623934062,S2-70928491,S2-774278153,S2-803547259,S2-804948682,S2-974267901,S3-525379710,S3-878327280
S1-347479394	S2-140810218,S2-210823572,S2-303598466,S2-339884517,S2-356532156,S2-49493733,S2-519687407,S2-547897345,S2-557110873,S2-584809660,S2-595463806,S2-726548209,S2-735478393,S2-943580833,S2-955091974,S2-957524142,S3-137921836,S3-340372710,S3-682747327
S1-348061693	S2-202342047,S2-485276710,S3-343919443,S3-661432469,S3-828806893,S3-915448392
S1-348780914	S2-337295888,S2-338866041,S2-344591721,S2-368705680,S2-370850230,S2-427947632,S2-447737527,S2-536174758,S2-555725950,S2-574605032,S2-707575978,S2-772356331,S2-808533307,S2-823617666,S2-878553621,S2-902694330,S2-923017996,S2-969392100,S3-517095947,S3-717915199
S1-349465982	S2-351230994,S3-589512133
S1-350347216	S2-119019224,S2-207962777,S2-326758003,S2-366081375,S2-462844339,S2-537858187,S2-538164865,S2-590545014,S2-725412413,S2-919896803,S2-922128498,S2-933488038,S2-937254230,S2-965326114,S2-983379660,S3-230928180,S3-247227460,S3-661400778,S3-902831029,S3-971984237
S1-350388196	S2-163126966,S2-195828714,S2-229182366,S2-296383909,S2-414958651,S2-476753105,S2-63044075,S2-706640915,S2-918474421,S3-121310477,S3-392346451,S3-712527186,S3-76330975,S3-872670573
S1-350717691	S2-126506454,S2-155681006,S2-164039123,S2-256868825,S2-441422968,S2-497486406,S2-516946324,S2-525859393,S2-584306503,S2-610173207,S2-674862293,S2-696635067,S2-814052487,S2-828872229,S2-874162453,S2-898880623,S2-907307129,S2-937072190,S2-956132872,S2-96362128
S1-351313544	S2-137610119,S2-17728304,S2-278972912,S2-500644328,S2-650221425,S2-660809085,S2-802556261,S2-964623878,S3-298780391,S3-331415185,S3-378289585,S3-49099863,S3-492935419,S3-520235240,S3-738713133,S3-764530024,S3-817880694,S3-837692818,S3-861674368,S3-926572062
S1-351411130	S2-7521413,S3-146499873,S3-403659761,S3-888421604,S3-890671575,S3-923982658
S1-35162884	S2-176116039,S2-189819030,S2-271004433,S2-27164175,S2-380743763,S2-405196382,S2-491441309,S2-539943184,S2-596450261,S2-668860670,S2-769858942,S2-821725294,S2-878026783,S2-900770605,S2-905049598,S2-910146414,S3-614873781,S3-633627329,S3-738675663,S3-744721607
S1-351902989	S2-121746745,S2-166747800,S2-194892182,S2-199652507,S2-277690362,S2-607064424,S2-721164770,S2-768073782,S3-268725608,S3-291199071,S3-348379246,S3-512430995,S3-603283735,S3-728708573,S3-730011762,S3-851056085
S1-351940401	S2-161195142,S2-718061027,S3-283424898,S3-393865801,S3-659926723,S3-674824859
S1-352211276	S2-104858458,S2-124717921,S2-170208292,S2-333131678,S2-41734651,S2-594354430,S2-635353014,S2-703333359,S2-741811666,S2-782615042,S2-929122489,S3-175610339,S3-268074050,S3-341935971,S3-392791047,S3-457962092,S3-473741924,S3-576765885,S3-8163509,S3-886534766
S1-352729329	S2-104529782,S2-19703867,S2-331308239,S2-3326062,S2-455677961,S2-474535244,S2-500759015,S2-602737838,S2-682657266,S2-705064215,S2-812151277,S2-878448261,S2-882760020,S2-989158977,S3-212749281,S3-398988695,S3-521050654,S3-533594676,S3-739222881,S3-901027582
S1-352820297	S2-156181830,S2-334284265,S2-505244705,S2-520441214,S2-555983033,S2-570512018,S2-58825780,S2-589492301,S2-59340728,S2-598991538,S2-626832027,S2-698383825,S2-749642407,S2-768351688,S2-857681318,S2-890476046,S2-950112893,S2-980457024,S2-98331541,S3-530592066
S1-352860913	S2-12220510,S2-136607551,S2-162935092,S2-164761174,S2-198732081,S2-380148372,S2-41902597,S2-479636080,S2-79911022,S3-143059532,S3-651725171
S1-354263864	S2-133311592,S2-19299067,S2-326312152,S2-480573177,S2-584727265,S2-591056455,S2-767778823,S2-800098684,S3-334148255,S3-551869488,S3-585551051,S3-67312004,S3-675055521,S3-741344465,S3-860212589
S1-354684504	S2-457904436,S2-692386788,S2-788637934,S2-984455476,S3-201487648,S3-421103964,S3-532505379,S3-835902343,S3-850384342
S1-354753714	S2-210717517,S2-222024725,S2-2567647,S2-276160279,S2-301219117,S2-472530538,S2-503045539,S2-518525663,S2-577275672,S2-640284162,S2-654784858,S2-677289558,S2-68205814,S2-780123305,S2-82856803,S2-885055444,S2-929993769,S2-934922347,S2-958814558,S3-969582391
S1-354794324	S2-456369311,S2-586704241,S2-888004402,S3-172605715,S3-320199698,S3-551107000
S1-355316851	S2-114651319,S2-18093374,S2-294047383,S2-310613953,S2-38917398,S2-484451220,S2-535762772,S2-622037749,S2-81426854,S2-856864973,S3-175699829,S3-189192159,S3-220997678,S3-470136901,S3-533281356,S3-550530811,S3-644585141,S3-693557560,S3-763456529,S3-985511871
S1-35557529	S2-162361100,S2-480389054,S2-905542076,S2-940744089,S3-268780873,S3-294693627,S3-632991007,S3-820624631
S1-355591678	S2-136305349,S2-164039123,S2-256868825,S2-303726261,S2-436783714,S2-474277193,S2-505041950,S2-516946324,S2-565543920,S2-569860965,S2-674862293,S2-769466487,S2-792895602,S2-79488526,S2-828872229,S2-892880098,S2-898880623,S2-937072190,S2-955922218,S3-184375154
S1-356179296	S2-122232872,S2-146330516,S2-182946969,S2-259929846,S2-279994068,S2-287396608,S2-349384633,S2-371549760,S2-402644725,S2-409556544,S2-560505973,S2-634692616,S2-690666650,S2-877250720,S2-944631871,S2-97351227,S3-142219663,S3-605021307,S3-674549141,S3-696506473
S1-356218571	S2-111192912,S2-124970234,S2-200200363,S2-244349047,S2-3987022,S2-427879682,S2-503829652,S2-509764556,S2-553297806,S2-607456603,S2-730588551,S2-764236252,S2-815524559,S2-828544692,S2-844267085,S2-85446560,S2-937072190,S2-962888224,S2-995746647,S3-557415172
S1-35653283	S2-401378044,S2-420897798,S2-533924890,S2-696620232,S2-750473552,S2-770469861,S2-796751354,S2-844320879,S2-856653361,S3-123929282,S3-252636277,S3-262000499,S3-359337613,S3-510558550,S3-746691477,S3-772138884,S3-807656015,S3-897038161
S1-356796387	S2-209969212,S2-333715815,S2-333783842,S2-457910484,S2-497334025,S2-501076096,S2-512030745,S2-607996454,S2-650444220,S2-674028684,S2-746334859,S2-784259305,S2-789681040,S2-985300066,S3-30469452,S3-470572378,S3-733553216,S3-954031559,S3-959771923,S3-983888892
S1-358708900	S2-118393214,S2-143181162,S2-174240991,S2-222899205,S2-254668576,S2-270518407,S2-276266669,S2-311198605,S2-538521710,S2-544174404,S2-591277113,S2-700717757,S2-799678830,S2-894413559,S2-973978023,S2-981022954,S3-269544985,S3-426118815,S3-782281317,S3-820784374
S1-359392921	S2-111237832,S2-169597264,S2-311575034,S2-350422499,S2-364850737,S2-497272055,S2-499298208,S2-545063219,S2-704759254,S2-714477528,S2-870092283,S2-975189217,S3-305581873,S3-368386071,S3-419556429,S3-444337280,S3-552485433,S3-593546281,S3-605338020,S3-891004563
S1-359454821	S2-114081967,S2-228344851,S2-490320012,S2-524651056,S2-526910948,S2-5540165,S2-561420173,S2-683060716,S2-714505855,S2-763983898,S2-783860213,S2-863698964,S2-942903224,S2-950442069,S3-172089780,S3-221947414,S3-639259547,S3-719861603,S3-743079660,S3-846991984
S1-359459459	S2-129637001,S2-156629748,S2-165515231,S2-219352693,S2-222042072,S2-231967292,S2-302466524,S2-316664083,S2-347193316,S2-447441433,S2-607468220,S2-609428348,S2-648126659,S2-679793793,S2-706527843,S2-732728003,S2-87909262,S2-959496667,S2-965204047,S2-968974774
S1-359470306	S2-112539575,S2-165705858,S2-312526178,S2-342163294,S2-356223527,S2-372452556,S2-395629639,S2-44710657,S2-448889138,S2-460647503,S2-535267261,S2-556022732,S2-693536582,S2-734878990,S2-739208908,S2-767838532,S2-895432381,S2-897389883,S3-533248392,S3-9100071
S1-359506850	S2-124462851,S2-132944427,S2-221228001,S2-290389184,S2-466301075,S2-51811889,S2-550001930,S2-580645960,S2-639196886,S2-685645264,S2-810427411,S2-827697830,S3-165184969,S3-280067260,S3-378119158,S3-469942141,S3-74446391,S3-850749753,S3-921871366,S3-952636995
S1-35983006	S2-147147658,S2-232784264,S2-504527920,S2-54330610,S2-608886373,S2-621473436,S2-651894655,S2-678788003,S2-711514278,S2-814955870,S2-872319713,S2-886359416,S2-95424985,S2-975896498,S2-978095463,S3-148236856,S3-152668629,S3-159460128,S3-330290735,S3-514662554
S1-360173826	S2-227348053,S2-723206455,S2-917679699,S3-276137584,S3-689090615,S3-876778201
S1-36023299	S2-133059574,S2-139134701,S2-163839305,S2-331461725,S2-444503858,S2-671555576,S2-71587579,S2-914459700,S3-192752392,S3-364986220,S3-372296511,S3-650574181
S1-360431534	S2-111262131,S2-293064422,S2-293065883,S2-302445507,S2-398233235,S2-661140913,S2-818422733,S2-932200179,S3-106354452,S3-127344332,S3-232003823,S3-238449299,S3-295082117,S3-422542644,S3-468693488,S3-471313232,S3-490746450,S3-499446981,S3-834328940,S3-885971333
S1-360712743	S2-133660776,S2-160094478,S2-161886862,S2-35786559,S2-371951712,S2-385546967,S2-49107732,S2-582172747,S2-630221771,S2-648126659,S2-685362882,S2-702680987,S2-709650804,S2-71789809,S2-729326599,S2-739015476,S2-753049565,S2-903132026,S2-988340451,S3-303230566
S1-360996455	S2-118962579,S2-238291901,S2-297215873,S2-334734847,S2-365411286,S2-383211986,S2-450684205,S2-477873982,S2-519986526,S2-754423272,S2-783841787,S2-837069807,S2-879980104,S2-881574008,S2-890099211,S3-316227241,S3-44734648,S3-578652912,S3-58834153,S3-691847882
S1-361165771	S2-123229271,S2-488992022,S2-618184414,S2-619991060,S2-647817284,S2-667162861,S2-743615667,S2-959611312,S3-158650066,S3-208368893,S3-219583316,S3-286423684,S3-286950527,S3-465875544,S3-47026052,S3-566787232,S3-958950590
S1-361461413	S2-299307182,S2-369922279,S2-590227135,S3-190748154,S3-687591489
S1-361463876	S2-122367876,S2-202977533,S2-338014892,S2-36862722,S2-386366146,S2-443727838,S2-490448223,S2-502490336,S2-53261677,S2-551853311,S2-553330712,S2-574162671,S2-581741743,S2-672233494,S2-770381895,S2-771705498,S2-882233455,S2-934610437,S2-952369105,S3-106006536
S1-361530458	S2-237742880,S2-247173812,S2-293203262,S2-308126862,S2-45425932,S2-469433725,S2-586329791,S2-812839190,S2-856714948,S2-8577495,S2-86086130,S2-874544387,S2-879632360,S2-9369287,S2-977564977,S2-998440718,S3-181942245,S3-231875408,S3-4185616,S3-987837035
S1-361647619	S2-154397073,S2-161592048,S2-185148108,S2-335681229,S2-452208391,S2-519912199,S2-666612729,S2-677255764,S2-694637717,S2-761037233,S2-789711070,S2-830797725,S2-847374839,S2-93542945,S2-955625648,S2-991843540,S3-267253262,S3-380538721,S3-797131187,S3-810549569
S1-361759607	S2-137658355,S2-156443143,S2-345917206,S2-496825047,S2-501614624,S2-54307441,S2-598788762,S2-665997870,S2-766743346,S2-784849034,S2-822377517,S2-828388778,S2-845362212,S2-895531443,S2-949220290,S2-988430985,S2-992673515,S3-146157047,S3-429067203,S3-935624661
S1-362079836	S2-241996354,S2-311575034,S2-345318102,S2-363334966,S2-377400032,S2-381730986,S2-502866969,S2-526298158,S2-559410369,S2-824323817,S2-877075699,S2-939858492,S3-301719470,S3-325509291,S3-363335263,S3-472143591,S3-718821474,S3-792770249,S3-899515880,S3-96234289
S1-362174897	S2-126343263,S2-223895922,S2-250366198,S2-316871270,S2-422510029,S2-443538808,S2-493532176,S2-555028725,S2-640759708,S2-657914911,S2-886552458,S2-902911954,S3-210014708,S3-278281476,S3-455163655,S3-716311190,S3-822386595,S3-875116109,S3-97436279,S3-977786380
S1-362701985	S2-182145854,S2-224909884,S2-371999426,S2-384139362,S2-411317921,S2-446585847,S2-480734818,S2-492031103,S2-499755795,S2-568385282,S2-64271083,S2-789874976,S2-806620029,S2-872581562,S2-910209862,S3-48311406,S3-528312156,S3-58050296,S3-752326361,S3-944154788
S1-362792368	S2-145521404,S2-176968531,S2-199669656,S2-261405250,S2-310613953,S2-38917398,S2-39079223,S2-39401964,S2-399449669,S2-457500956,S2-516249560,S2-574914445,S2-619859806,S2-716687956,S2-716961117,S2-734993182,S2-92868774,S3-183893342,S3-958568381,S3-988844770
S1-362873696	S2-11440399,S2-126464914,S2-225823147,S2-293360947,S2-336775853,S2-344767729,S2-444794612,S2-586167393,S2-68457567,S2-822191627,S2-929722075,S3-264478141,S3-322245467,S3-403615825,S3-411703488,S3-489436323,S3-586006087,S3-66810733,S3-704025615,S3-956876186
S1-362932671	S2-147973949,S2-162849450,S2-17364326,S2-187600650,S2-225690672,S2-231942361,S2-28920926,S2-29850634,S2-351025027,S2-406794851,S2-42284542,S2-428985968,S2-540105563,S2-548049276,S2-69512255,S2-743251605,S2-787819112,S2-846938440,S2-996064384,S3-289457107
S1-363589917	S2-207125846,S2-305299303,S2-404058314,S2-453423052,S2-558630771,S2-766550527,S2-784560026,S2-979587149,S3-497888796,S3-729392618,S3-746113016,S3-78200555,S3-839886025,S3-916244369
S1-36527923	S2-172322594,S2-209933312,S2-288879571,S2-367417973,S2-433187504,S2-456035454,S2-596723859,S2-668241111,S2-746301269,S2-83560115,S2-989100620,S3-168515525,S3-280738230,S3-358270545,S3-617001527,S3-701774132,S3-711723212,S3-840354646,S3-926275026,S3-981823883
S1-365605593	S2-315858397,S2-414531488,S2-645065771,S2-723818545,S2-746100476,S2-895140544,S2-972265060,S3-106582836,S3-257233809,S3-37823477,S3-583143002,S3-604855185,S3-61620689,S3-767828005,S3-821600835,S3-963173691
S1-365641216	S2-129439109,S2-461854597,S2-564948326,S2-663883876,S2-987865398,S3-205082381,S3-230440019,S3-297980124,S3-498295658,S3-509598958,S3-744119940,S3-957261878,S3-961659009
S1-365646237	S2-70367717,S3-20405732,S3-3028398
S1-367425657	S2-176116039,S2-242382648,S2-271004433,S2-27164175,S2-380743763,S2-405196382,S2-491441309,S2-539943184,S2-596450261,S2-668860670,S2-769858942,S2-790575557,S2-818156071,S2-878026783,S2-900770605,S2-905049598,S3-51639135,S3-678876952,S3-739805680,S3-933312041
S1-367430892	S2-116195313,S2-122367876,S2-202977533,S2-262867235,S2-284270656,S2-330994832,S2-443727838,S2-464849400,S2-502490336,S2-553330712,S2-66236312,S2-677198082,S2-744217737,S2-788406432,S2-799863220,S2-906609960,S3-241280104,S3-266279392,S3-287255555,S3-330489203
S1-367699263	S2-14285358,S2-160530551,S2-197226842,S2-292568914,S2-421975132,S2-526910948,S2-570280793,S2-679193324,S2-693256682,S2-88404845,S2-906287502,S2-958192744,S3-187000674,S3-387130498,S3-502628632,S3-552349188,S3-574114935,S3-660941882,S3-692607317,S3-885821457
S1-368017048	S2-169434063,S2-358938987,S2-516865153,S2-767522870,S3-360201712,S3-369391770
S1-369773678	S2-102907056,S2-192926861,S2-199795534,S2-21534435,S2-29607785,S2-349303228,S2-515649417,S2-700851619,S2-719841911,S2-834139045,S2-837975034,S2-894808340,S3-104879653,S3-408207034,S3-46956620,S3-489545274,S3-600392737,S3-741102489,S3-826826301,S3-969267220
S1-370581089	S2-114081967,S2-228344851,S2-408007392,S2-490320012,S2-524651056,S2-526910948,S2-561420173,S2-661783408,S2-714505855,S2-763983898,S2-783860213,S2-863698964,S2-936815990,S3-104206268,S3-148682393,S3-245730965,S3-267499170,S3-513278545,S3-576076553,S3-731501632
S1-370807987	S2-114034226,S2-169160798,S2-273730170,S2-333359081,S2-375738254,S2-427082891,S2-542069682,S2-548633980,S2-789852375,S2-794926277,S2-821463039,S2-824708203,S2-849078694,S2-870173901,S2-936826647,S2-974148905,S3-626341266,S3-726825244,S3-912183411,S3-979996496
S1-371400143	S2-108852285,S2-229560398,S2-26113837,S2-28134581,S2-377001396,S2-416217045,S2-435627530,S2-490251737,S2-765119288,S2-76522298,S2-770945474,S2-77285093,S2-843418679,S2-919706463,S2-983123295,S3-142217861,S3-157818444,S3-422900292,S3-491212682,S3-896496876
S1-371583017	S2-154397073,S2-161592048,S2-217933559,S2-355281881,S2-452208391,S2-494193597,S2-600711151,S2-666612729,S2-677255764,S2-735301870,S2-761037233,S2-789711070,S2-830797725,S2-844342057,S2-93542945,S2-955625648,S2-996569294,S3-124182217,S3-636107916,S3-996055745
S1-372425276	S2-115642019,S2-143977672,S2-203296597,S2-482965691,S2-505083731,S2-517668630,S2-523880117,S2-547274941,S2-578129330,S2-581760687,S2-62203766,S2-683312986,S2-808715382,S2-944772275,S2-949348082,S3-162862785,S3-173964112,S3-339931719,S3-446436554,S3-531066512
S1-372484825	S2-25933575,S2-487582639,S2-619246179,S2-621473485,S2-638803013,S2-640493688,S2-688142618,S2-757543295,S2-841137821,S2-918566040,S2-981744957,S3-234931047,S3-615929632,S3-741321466,S3-764528250,S3-833811615,S3-879478764,S3-900106368,S3-919985954,S3-990303879
S1-372620199	S2-175153925,S2-293115702,S2-414530090,S2-437039913,S2-55112374,S2-594147825,S2-678322177,S2-773126935,S2-906561823,S2-948542502,S3-104668450,S3-217004179,S3-428236051,S3-446507802,S3-452040925,S3-513110031,S3-657154075,S3-683770375,S3-750527864,S3-933712482
S1-373109137	S2-193441638,S2-236158530,S2-363334966,S2-384214759,S2-403466701,S2-685454476,S2-686074965,S2-757029411,S2-846975420,S3-130898287,S3-198562314,S3-410477423,S3-43296252,S3-668592616,S3-681121610,S3-732055184,S3-878470174,S3-950660541
S1-373347448	S2-101919056,S2-200614839,S2-224911581,S2-310060823,S2-378820746,S2-42969376,S2-516895381,S2-623263786,S2-719481758,S2-835201023,S2-856123835,S2-890186333,S2-917533681,S2-918217884,S2-91908767,S2-927447584,S2-935206742,S2-982675930,S3-103683355,S3-687462448
S1-373646464	S2-255974166,S2-386307519,S2-519268193,S2-54005911,S2-542224090,S2-56407721,S2-603240769,S2-630772014,S2-632966763,S2-792133497,S3-196092403,S3-283839336,S3-337037961,S3-387040548,S3-558653761,S3-584611096,S3-760013898,S3-881433812,S3-931409164,S3-976662803
S1-373760241	S2-372299667,S2-696833203,S3-226830210,S3-953554153
S1-37406476	S2-126506454,S2-155681006,S2-256868825,S2-403885951,S2-441422968,S2-497486406,S2-525859393,S2-610173207,S2-696635067,S2-814052487,S2-828872229,S2-874162453,S2-900874404,S2-907307129,S2-956132872,S2-991823857,S3-118578435,S3-147606215,S3-212997315,S3-817780039
S1-374442180	S2-109359308,S2-110504855,S2-139539165,S2-235976983,S2-326828857,S2-336722246,S2-529318908,S2-587541845,S2-818215394,S2-841725576,S2-859735740,S2-934975361,S2-953809861,S3-289858393,S3-294006520,S3-484370309,S3-580704271,S3-775058013,S3-91439691,S3-965482583
S1-374603055	S2-226698507,S2-246210384,S2-315291297,S2-387222645,S2-581741743,S2-738616992,S2-739677694,S2-74964090,S2-797287113,S2-859269096,S2-918919844,S2-970930483,S3-289000794,S3-296596276,S3-337204648,S3-585617171,S3-645674624,S3-730862747,S3-756545012,S3-916613684
S1-374944775	S2-157368531,S2-867362469,S2-94021020,S3-174326727,S3-310539789
S1-375542463	S2-342892891,S2-374137293,S2-377957995,S2-545170119,S2-803074201,S2-827062803,S2-868434806,S2-903416596,S2-919999094,S2-999204085,S3-252000257,S3-507936117,S3-556583777,S3-64875248,S3-665540684,S3-722202360,S3-773534142,S3-791231982,S3-883505756,S3-99907842
S1-376051287	S2-610308265,S2-715565276,S2-774905063,S3-242543327,S3-605412729
S1-376147884	S2-148435905,S2-168560796,S2-1689156,S2-344085581,S2-345516678,S2-358052714,S2-446101705,S2-492826161,S2-544679828,S2-555593257,S2-594240342,S2-604653513,S2-682538932,S2-784592218,S2-801647861,S2-812894315,S2-826030024,S3-168283316,S3-252232284,S3-781727540
S1-376210465	S2-105028901,S2-148368114,S2-163555319,S2-187258657,S2-1986290,S2-277151983,S2-278800318,S2-381589500,S2-398839408,S2-404660862,S2-427764935,S2-778812617,S2-785986172,S2-845858381,S2-902159509,S2-914129701,S2-941878534,S2-951482504,S2-963831224,S3-602566923
S1-376431369	S2-199525099,S2-285580099,S2-304467234,S2-413497995,S2-581606294,S2-620777649,S2-668136622,S2-825027996,S2-898171065,S3-151334843,S3-168315668,S3-300768172,S3-50968995,S3-598999080,S3-702106030,S3-745188159,S3-838333019,S3-900537791,S3-906367117
S1-376514301	S2-150634918,S2-273999815,S2-29657277,S2-502709642,S2-571951923,S2-589423683,S2-684921133,S2-747666710,S2-760267708,S2-81661580,S2-871695908,S2-92859440,S2-960129567,S2-964319654,S2-998619333,S3-389939797,S3-689181921,S3-733113697,S3-742877637,S3-787435527
S1-377031289	S2-164039123,S2-212539797,S2-256868825,S2-329607640,S2-463474561,S2-497486406,S2-49966674,S2-503157961,S2-516946324,S2-584306503,S2-674862293,S2-678446632,S2-696635067,S2-828872229,S2-91305348,S2-937072190,S2-96362128,S2-996945868,S3-660098493,S3-752577090
S1-377186602	S2-286696609,S2-374312103,S2-406552281,S2-440612475,S2-446315971,S2-499914480,S2-535747344,S2-575206081,S2-576774941,S2-768320218,S2-799644061,S2-890896148,S2-95398254,S2-996457755,S3-190923056,S3-359226982,S3-545546132,S3-726298016,S3-794676114,S3-868666934
S1-377828944	S2-292674283,S2-32851836,S3-274514181,S3-339396037,S3-411874487,S3-710027850,S3-719473880,S3-774281556,S3-776598239,S3-91897302,S3-955256439
S1-378256417	S2-102044665,S2-267020766,S2-315282227,S2-32175184,S2-364598294,S2-385345869,S2-387930936,S2-390167188,S2-536514418,S2-613204180,S2-633470468,S2-728751899,S2-857300699,S2-887383048,S2-908562469,S2-919538775,S3-471155625,S3-872782528,S3-919819512,S3-923722574
S1-378358977	S2-118962579,S2-297215873,S2-312379347,S2-334734847,S2-365411286,S2-450684205,S2-464887178,S2-477873982,S2-519986526,S2-580566062,S2-606889205,S2-615247466,S2-783841787,S2-790215125,S2-875839241,S2-879980104,S2-909113264,S2-944853638,S3-334843958,S3-969313946
S1-378824252	S2-41400869,S2-611944293,S3-202071647,S3-231193067,S3-274203430,S3-296317418,S3-338707959,S3-397636012,S3-606774905,S3-665357711,S3-860833200,S3-949326542,S3-978907009
S1-378898076	S2-312126807,S2-465089122,S2-531684146,S2-664222072,S2-684987015,S2-989925195,S3-10043243,S3-117533595,S3-141289624,S3-180159828,S3-208926046,S3-309270119,S3-352624027,S3-409321570,S3-431356437,S3-633462465,S3-662007331,S3-779324975,S3-884481463,S3-962374730
S1-378939539	S2-260471331,S2-278899754,S2-293675262,S2-319104076,S2-323885855,S2-347967135,S2-430060563,S2-565451364,S2-605659938,S2-67505679,S2-709026541,S2-895030236,S2-928348681,S2-976944285,S3-281440411,S3-511104869,S3-545360116,S3-556407852,S3-616809954,S3-908592628
S1-379024417	S2-125314910,S2-145204119,S2-218203548,S2-242367010,S2-294062437,S2-362262700,S2-367076099,S2-398456093,S2-483326033,S2-505029475,S2-564433190,S2-585698283,S2-596878321,S2-646593051,S2-662221399,S2-754789254,S2-848175214,S3-225042456,S3-391394243,S3-604230032
S1-379380263	S2-146516261,S2-205518186,S2-209093728,S2-274993041,S2-308390109,S2-353826490,S2-372202978,S2-372772311,S2-382377359,S2-389134643,S2-452431802,S2-46777321,S2-497025062,S2-512267700,S2-51977302,S2-682432085,S2-699297088,S2-699391872,S2-933085923,S3-673873991
S1-38056597	S2-10344470,S2-229481406,S2-311550120,S2-417725545,S2-424220142,S2-720603118,S2-784667666,S3-111562961,S3-133634810,S3-283549354,S3-335722391,S3-43456467,S3-439488104,S3-464840304,S3-594637322,S3-63657108,S3-718390559,S3-756253237,S3-77692600,S3-794448513
S1-380589748	S2-113656688,S2-16075678,S2-297487585,S2-32675678,S2-359710026,S2-402495223,S2-420192636,S2-45508951,S2-544796941,S2-585560719,S2-637184698,S2-648311535,S2-719112862,S2-789889917,S2-812149244,S2-823165701,S2-92265599,S2-99393133,S3-569160152,S3-940027325
S1-381165018	S2-318761441,S2-445637459,S3-108329052,S3-14801142,S3-157002874,S3-173833997,S3-193018281,S3-476513398,S3-733627953,S3-816294672,S3-820577834,S3-932071874,S3-945117560,S3-963718472,S3-975638447
S1-381282633	S2-138565051,S2-173342241,S2-18496240,S2-194786294,S2-247201763,S2-277904285,S2-292345315,S2-380352566,S2-396925921,S2-433317994,S2-549646601,S2-582640928,S2-585927314,S2-675300764,S2-686126703,S2-773208378,S2-774675260,S2-776702568,S2-939878921,S2-996303190
S1-382145526	S2-171003826,S2-2785320,S2-310889064,S2-314169444,S2-317986865,S2-340786070,S2-367682961,S2-383148775,S2-484452861,S2-503347858,S2-561199640,S2-566548079,S2-602353889,S2-626012117,S2-683438089,S2-716395915,S2-733596657,S2-770612182,S2-783938628,S2-96201237
S1-382193105	S2-122784514,S2-127649829,S2-134707060,S2-176453879,S2-254993487,S2-255846389,S2-371200780,S2-44960946,S2-550265337,S2-618844064,S2-649082293,S2-668446303,S2-746572173,S2-758796661,S2-831466682,S2-877479417,S2-880342210,S3-465413203,S3-608993223,S3-678683280
S1-382359121	S2-101821004,S2-184309677,S2-1956528,S2-197955364,S2-209372229,S2-341009055,S2-349458131,S2-353208872,S2-433588130,S2-530510716,S2-557710643,S2-770565365,S2-797791608,S2-824779626,S2-841294591,S2-841970144,S2-939466334,S2-977594573,S3-143031396,S3-217644500
S1-382508215	S2-127868772,S2-156568291,S2-188647999,S2-239707804,S2-301748164,S2-785915899,S2-884019399,S3-308099534,S3-359386815,S3-50074375,S3-536248614,S3-558120526,S3-746436539,S3-759966122,S3-763111895,S3-829030830,S3-841028827,S3-949136317,S3-949553023,S3-963206987
S1-382540390	S2-320828092,S2-435433424,S2-487191064,S2-500390036,S2-527142910,S2-597331429,S2-667937082,S2-74226485,S2-775203948,S2-826868298,S2-833005775,S2-872463534,S2-908474052,S3-229354585,S3-362029742,S3-574485212,S3-589262120,S3-65094669,S3-795131334,S3-970149442
S1-382733780	S2-167713261,S2-467360791,S2-488461521,S2-514791394,S2-525286182,S2-579205794,S2-619050146,S2-620446219,S2-62300552,S2-670524857,S2-690492377,S2-734311540,S2-784812795,S2-855059252,S2-926493074,S2-96328877,S3-298101095,S3-703416863,S3-740013072,S3-928329500
S1-383241878	S2-394217301,S3-41286251,S3-539679422
S1-383522048	S2-135311602,S2-145644685,S2-171818402,S2-283494314,S2-288307201,S2-35939506,S2-3899069,S2-412874461,S2-433146482,S2-475705942,S2-785369246,S2-800677162,S2-824972458,S2-874300009,S2-888108239,S2-990473569,S3-337458711,S3-807128395,S3-835661100,S3-884576444
S1-383921672	S2-178384635,S2-189567618,S2-386195364,S2-457914574,S2-623598119,S2-658332477,S2-756890612,S2-81272446,S2-818303488,S2-855048394,S2-930839882,S3-10028162,S3-137206821,S3-388343406,S3-447520371,S3-491663371,S3-706931985,S3-805347792,S3-863853742,S3-933143186
S1-383948348	S2-155767481,S2-182789318,S2-213010882,S2-213208828,S2-252902626,S2-258676677,S2-364546871,S2-495284460,S2-539393537,S2-622773844,S2-786842455,S2-791429680,S2-803596169,S2-815037725,S2-818696988,S2-839252781,S2-945865905,S3-696735136,S3-761522994,S3-959126708
S1-384064916	S2-180996143,S2-320974512,S2-371160196,S2-391418368,S2-425742459,S2-427111019,S2-458595956,S2-486408044,S2-516710606,S2-575462416,S2-585560719,S2-638514288,S2-775262626,S2-780782230,S2-91772237,S2-982567763,S3-400257379,S3-483773396,S3-737549151,S3-830494654
S1-384208523	S2-129845726,S2-146020539,S2-199635728,S2-250316100,S2-315823580,S2-353688026,S2-600006843,S2-858313842,S2-910122412,S2-926365725,S2-958304412,S3-126026824,S3-132281000,S3-376554709,S3-390950751,S3-432043289,S3-478832844,S3-788484702,S3-838627502,S3-992341899
S1-385377302	S2-11857388,S2-122336163,S2-151236622,S2-196293551,S2-19675450,S2-240079525,S2-287764511,S2-315548151,S2-324020280,S2-373251510,S2-387399926,S2-546934117,S2-652336922,S2-693072766,S2-784852829,S2-860787468,S2-978232132,S3-19833156,S3-336601124,S3-809313770
S1-385976880	S2-223502639,S2-299768740,S2-372711498,S2-395474189,S2-443267137,S2-567504093,S2-639751947,S2-645529775,S2-706770555,S2-820769530,S3-138975992,S3-233913371,S3-364778628,S3-509290455,S3-624341115,S3-714706386,S3-761487402,S3-844266618,S3-873937143,S3-907040311
S1-386729727	S2-165820820,S2-492182740,S2-567800173,S2-733943635,S2-814954929,S2-825487118,S2-830436713,S2-835362223,S2-975023541,S3-157028716,S3-168253489,S3-185808197,S3-244698333,S3-375490924,S3-539865899,S3-587590629,S3-59457903,S3-637280595,S3-669020425,S3-790711541
S1-387014542	S2-1107791,S2-140961326,S2-178672614,S2-318587615,S2-454889190,S2-52429330,S2-531346412,S2-628343036,S2-651611428,S2-674609623,S2-686425569,S2-692386788,S2-709626608,S2-817126274,S2-942858415,S3-298418517,S3-339556608,S3-50559062,S3-524726010,S3-730675874
S1-387423281	S2-105463326,S2-189723704,S2-26564516,S2-360585628,S2-370818838,S2-441094375,S2-441341822,S2-500654524,S2-507988,S2-600485958,S2-608629229,S2-637697607,S2-661030345,S2-695127520,S2-728507538,S2-81154512,S2-919385476,S2-93682954,S2-961093381,S2-998885968
S1-387607038	S2-162443366,S2-357044164,S2-383277758,S2-499092593,S2-522987587,S2-679456080,S2-731488223,S2-837663921,S3-114232235,S3-161580992,S3-281595805,S3-375821438,S3-41668104,S3-545560657,S3-640589615,S3-744279986,S3-857504929,S3-908889377,S3-92190520,S3-948007609
S1-388175010	S2-247257663,S2-33138397,S2-348179564,S2-402816014,S2-422894611,S2-46490477,S2-475549160,S2-512536140,S2-568849849,S2-622493652,S2-623379079,S2-654385809,S2-706135952,S3-134956741,S3-285904046,S3-416805845,S3-495779924,S3-502284903,S3-680676175,S3-757533817
S1-388302667	S2-101919056,S2-156028569,S2-281454716,S2-330518097,S2-338189175,S2-345172295,S2-360340589,S2-379148212,S2-384279989,S2-465789698,S2-556229120,S2-562696174,S2-628782781,S2-705748435,S2-783594912,S2-807301152,S2-877158229,S2-892976123,S3-193677507,S3-779190672
S1-38888542	S2-21892998,S2-241186919,S2-469465253,S2-480288603,S2-490605517,S2-620692536,S2-720231428,S2-844052892,S2-872770009,S2-942849471,S3-127057454,S3-174157202,S3-224083560,S3-342999845,S3-346695051,S3-416528615,S3-443516445,S3-69837746,S3-701081707,S3-793831707
S1-389411249	S2-124004347,S2-141257840,S2-145988185,S2-205505639,S2-234537205,S2-240314871,S2-277586168,S2-344720223,S2-359051463,S2-367097323,S2-574532965,S2-579726475,S2-63507249,S2-720057792,S2-809206937,S2-882819261,S3-109533885,S3-24127308,S3-418232358,S3-652795729
S1-389723812	S2-168932461,S2-180612273,S2-187709322,S2-209513872,S2-253412037,S2-335038001,S2-538327530,S2-538410207,S2-588431679,S2-62736893,S2-731971794,S2-74273469,S2-806958541,S2-80952010,S2-834738396,S2-931350000,S2-945339512,S2-962408077,S2-985500532,S3-476610073
S1-389865530	S2-307443980,S2-647174611,S3-769492322,S3-808616485
S1-390857641	S2-389575866,S2-528564025,S2-774873879,S2-792493408,S3-512782822,S3-623068786
S1-391041152	S2-130736404,S2-248478030,S2-262002046,S2-269515,S2-296670248,S2-304687919,S2-472714802,S2-534561054,S2-586211943,S2-619273487,S2-698322560,S2-72546078,S2-741800035,S2-842580585,S2-87437372,S2-942849471,S3-215630143,S3-514205558,S3-559433434,S3-82136670
S1-392002198	S2-182306097,S2-2307515,S2-34332768,S2-840169179,S2-880034045,S2-887792595,S3-44889689,S3-498082241,S3-799893831
S1-392021310	S2-41027767,S2-621473436,S2-673712453,S3-362193555,S3-421994680,S3-486508953,S3-604006827,S3-75514738,S3-917038910,S3-917093451
S1-392319911	S2-133929017,S2-143614907,S2-220948169,S2-253567973,S2-277345893,S2-354896315,S2-433285729,S2-514302848,S2-518015495,S2-573296825,S2-694627142,S2-790790300,S2-808477456,S2-86378047,S2-872042738,S2-921586557,S2-975334742,S3-378242316,S3-550904465,S3-890289350
S1-392652205	S2-112139501,S2-113537245,S2-267164913,S2-314468891,S2-437128444,S2-488433738,S2-679093794,S2-748597741,S2-756026136,S2-781862198,S2-867034949,S2-926634875,S3-400840619,S3-47170935,S3-522360070,S3-898571578
S1-392936909	S2-187600650,S2-438133983,S2-535526587,S2-649001216,S2-76938268,S3-143405290,S3-265900912,S3-308030238,S3-439076606,S3-545560657,S3-623008707,S3-675053277,S3-769600827,S3-793479535,S3-80201870,S3-811889464
S1-393023899	S2-101988027,S2-153046971,S2-269091686,S2-296510570,S2-338507726,S2-450648359,S2-473206091,S2-530868795,S2-623817123,S2-672321572,S2-727608986,S2-731649105,S2-756116674,S2-775967081,S2-787757653,S2-891407135,S2-94225976,S3-424949565,S3-551184199,S3-66007322
S1-393154683	S2-11817249,S2-134418223,S2-144757916,S2-158520226,S2-220795999,S2-288131526,S2-329011353,S2-357414778,S2-41586310,S2-46976821,S2-49420275,S2-687358761,S2-724909962,S2-881618155,S2-92618826,S3-247740920,S3-404748857,S3-687851235,S3-996192531,S3-997274714
S1-393578214	S2-18496240,S2-277904285,S2-292345315,S2-380352566,S2-396925921,S2-48370429,S2-582640928,S2-675076934,S2-686126703,S2-789296428,S2-992401374,S3-163416241,S3-236081788,S3-434771530,S3-507011869,S3-553225081,S3-572242916,S3-657444571,S3-725852461,S3-900018703
S1-393666700	S2-31893492,S2-432715099,S2-576819625,S2-591559531,S2-746214245,S3-100808019,S3-41913599,S3-511245242,S3-572100426,S3-662479413,S3-745800467,S3-819205351,S3-867394584,S3-970836033
S1-394070029	S2-114971268,S2-185537657,S2-277444929,S2-300373097,S2-313048014,S2-319771268,S2-343480658,S2-370549501,S2-437472479,S2-57046353,S2-635189252,S2-698436260,S2-732240757,S2-847408459,S2-965399023,S2-978606166,S3-18126062,S3-509965743,S3-601849496,S3-639712723
S1-394863830	S2-118215506,S2-376450266,S2-472873422,S2-561625161,S2-726251676,S2-78926945,S3-177114986,S3-188808323,S3-20921209,S3-322794514,S3-6040956,S3-696092013,S3-807328251,S3-887505896
S1-395751268	S2-180334619,S2-255280797,S2-399883790,S2-445846380,S2-587537432,S2-59809828,S2-619387578,S2-677159796,S2-928003558,S2-957076580,S3-102090587,S3-155130370,S3-240454133,S3-276028949,S3-284240044,S3-301042091,S3-422112369,S3-663369873,S3-701907202,S3-986820423
S1-396449782	S2-206214292,S2-452357649,S2-468869959,S2-539584158,S2-675528943,S2-749892655,S2-789927891,S2-864863017,S2-887357758,S2-976186040,S3-265573576,S3-266279392,S3-434661571,S3-471179979,S3-524934133,S3-573944470,S3-586037042,S3-648018653,S3-913208518,S3-981444357
S1-396631282	S2-613073879,S3-74910410
S1-396656399	S2-12904652,S2-223943562,S2-258568128,S2-343463510,S2-411475141,S2-479444280,S2-492056809,S2-619963626,S2-780381839,S2-80942167,S2-898605015,S2-910146414,S2-919135859,S2-962418847,S2-97675240,S3-160441920,S3-304138813,S3-444730740,S3-529939018,S3-819226717
S1-397210860	S2-140740414,S2-144703372,S2-177251471,S2-220840841,S2-221571945,S2-31643824,S2-418626522,S2-455122177,S2-508398703,S2-60027470,S2-618912706,S2-680839450,S2-727570982,S2-760621281,S2-808028948,S3-109868309,S3-144141126,S3-256270849,S3-465698998,S3-823487778
S1-39763020	S2-259293015,S2-283797923,S2-413365902,S2-474391443,S2-573861947,S2-757335972,S2-776031199,S2-864651701,S2-991843540,S3-263519653,S3-308769591,S3-438037989,S3-518548397,S3-530107911,S3-598552113,S3-656140690,S3-920834869,S3-969990999
S1-397636516	S2-177471665,S2-359230295,S2-370097518,S2-40937480,S2-492952399,S2-561003591,S2-637528523,S2-675627765,S2-685921135,S2-717026173,S2-788563685,S2-800303028,S2-849322523,S2-914577103,S2-956289606,S2-976792184,S3-121075047,S3-156881921,S3-789642375,S3-7954412
S1-397689465	S2-151738644,S2-162120078,S2-187987120,S2-296563967,S2-456040057,S2-545131272,S2-641217477,S2-733288116,S2-748955073,S2-757197434,S2-757543295,S2-808575628,S2-98074671,S2-98950539,S3-104260598,S3-158247675,S3-393022557,S3-395537703,S3-516773370,S3-682995762
S1-39945772	S2-129845726,S2-269397043,S2-315823580,S2-353688026,S2-603258347,S2-770652512,S2-926365725,S2-958304412,S3-132281000,S3-344615295,S3-376554709,S3-390950751,S3-432043289,S3-478832844,S3-580654791,S3-740684799,S3-788484702,S3-838627502,S3-939786038,S3-992341899
S1-400253815	S2-153237471,S2-154063343,S2-160639671,S2-184258903,S2-47351895,S2-47749434,S2-535988246,S2-563644814,S2-571618880,S2-572650198,S2-580021699,S2-747243692,S2-868365106,S2-869229747,S2-882569043,S2-902261581,S2-960361858,S2-975271190,S3-2298307,S3-507945781
S1-400448026	S2-128076983,S2-350898424,S2-423595620,S2-585168746,S2-594066271,S2-627173602,S2-631578396,S2-716107739,S2-724270114,S2-743683750,S2-76382003,S2-838126309,S2-979276925,S3-386207920,S3-464929036,S3-468331520,S3-633143677,S3-870490972,S3-926726677,S3-960240437
S1-400496229	S2-583884361,S2-597236950,S2-682420061,S2-852544040,S3-41076843
S1-40055313	S2-200925331,S2-26081285,S2-432687019,S2-475706495,S2-498279964,S2-506664767,S2-536330463,S2-604564398,S2-617013449,S2-646080124,S2-747466359,S2-780354672,S2-78769581,S2-791387978,S2-84715868,S2-884135049,S2-990031995,S3-226856021,S3-634384122,S3-992112704
S1-40061790	S3-253062678
S1-40115842	S2-14302008,S2-292295521,S2-468376722,S2-497473599,S2-613241838,S2-647450019,S2-655251958,S2-825273307,S2-849467099,S2-883744369,S3-133532300,S3-152800338,S3-630466802,S3-638690093,S3-685536631,S3-718959688,S3-804492861
S1-402029110	S2-125508095,S2-143072054,S2-20487623,S2-233917292,S2-286196062,S2-29376417,S2-51477351,S2-626825112,S2-674565629,S2-731073737,S2-986714176,S2-995388972,S3-153449077,S3-155696477,S3-328051645,S3-469339128,S3-572118849,S3-6012362,S3-649795952,S3-920755845
S1-402481883	S2-128817422,S2-129437880,S2-185385240,S2-272707869,S2-332390721,S2-405992741,S2-46699840,S2-489914607,S2-513106959,S2-798053358,S2-809767109,S2-87870694,S3-155016336,S3-594660264,S3-619697107,S3-661095448,S3-775339254,S3-782701512,S3-811970392,S3-831764498
S1-402748072	S2-155487435,S2-213113754,S2-259827865,S2-330186762,S2-398858701,S2-436225620,S2-462481915,S2-53160245,S2-579863213,S2-663884088,S2-694228270,S2-703556722,S2-7624353,S2-802084293,S2-824704489,S2-827933172,S2-842179113,S2-898077860,S3-897433644,S3-95314190
S1-403005744	S2-104576486,S2-158989871,S2-230910314,S2-246621020,S2-247759089,S2-344821654,S2-417455367,S2-489461707,S2-5371139,S2-547557150,S2-612768292,S2-659685525,S2-671270117,S2-78040196,S2-874582752,S2-950851985,S3-453886607,S3-606339243,S3-620653507,S3-883672863
S1-40356309	S2-184663351,S2-518844199,S2-843955820,S2-968810254,S3-37290448,S3-698396738
S1-403955166	S2-121251263,S2-247552236,S2-254788701,S2-318303423,S2-387866357,S2-418380949,S2-461563520,S2-558190674,S2-630651352,S2-689101624,S2-764713035,S2-776722434,S2-798018002,S2-822346901,S2-830962638,S2-903594677,S3-233425165,S3-248419317,S3-445490218,S3-523888043
S1-404567151	S2-126506454,S2-238469305,S2-423325211,S2-584306503,S2-674862293,S2-67790338,S2-679026008,S2-789468897,S2-844532043,S2-84838880,S2-898880623,S2-934932345,S2-979168999,S3-101882215,S3-132557129,S3-228880111,S3-258921069,S3-432454950,S3-871070019,S3-925715199
S1-404691170	S2-232439788,S2-290775709,S2-45990897,S2-482628805,S2-497820615,S2-767027167,S2-794737702,S2-859493273,S2-876560169,S3-106343583,S3-168873809,S3-357120906,S3-398011682,S3-443095133,S3-469168573,S3-494741372,S3-669860378,S3-815709443,S3-894991883,S3-966889245
S1-4048189	S2-21532254,S2-34332768,S2-479515657,S2-51746847,S2-722239453,S2-905737147,S2-954365821,S2-962888224,S2-968252585,S2-981550471,S3-169378126,S3-226018212,S3-338192874,S3-371793249,S3-438023181,S3-569118149,S3-591262107,S3-619649704,S3-629072663,S3-796823007
S1-404852989	S2-127713956,S2-17642625,S2-180641337,S2-429743155,S2-470675436,S2-573471649,S2-592851862,S2-716760864,S2-773052298,S2-783057840,S2-864774137,S2-949665666,S2-970384790,S3-196518213,S3-285123086,S3-427765200,S3-446731905,S3-729526569,S3-926854561,S3-999051777
S1-40495568	S2-201539447,S2-407584994,S2-416012712,S2-539435457,S2-637529172,S2-741266595,S2-763224685,S2-833628878,S3-181794979,S3-228572394,S3-378469475,S3-446098804,S3-691858823,S3-762989168,S3-826265734,S3-82988831,S3-897343656,S3-936436042,S3-965983831
S1-405032837	S2-853377123,S3-103440639,S3-197361083,S3-345774417,S3-752088719
S1-405275009	S2-151283214,S2-180742299,S2-297791916,S2-437213031,S2-660017999,S2-704805304,S2-851696757,S2-873810070,S2-934839124,S3-149247409,S3-182022305,S3-400992951,S3-404031208,S3-450293450,S3-48682809,S3-646439361,S3-8918312,S3-935996901
S1-405319590	S2-212629573,S2-421078322,S2-467121958,S2-472549533,S2-475820176,S2-557236326,S2-560657608,S2-702862423,S2-717368863,S2-727344061,S2-741298163,S2-863652256,S2-914673196,S2-939175706,S3-377978929,S3-48575067,S3-605495109,S3-640184542,S3-836603427,S3-937789417
S1-405407802	S2-1380723,S2-145379986,S2-200200363,S2-328112326,S2-349006487,S2-428723787,S2-477636878,S2-498285020,S2-509763111,S2-60572542,S2-8135342,S2-837302602,S2-889105163,S2-890218607,S2-911470484,S2-991981696,S3-511140011,S3-752024900,S3-774537267,S3-819560818
S1-405848761	S2-175654579,S2-42802754,S2-434996241,S2-560114832,S2-592113355,S2-776407025,S2-797549721,S2-824427833,S2-828266420,S2-836912450,S2-893356235,S2-934446529,S3-10944569,S3-125075828,S3-286149366,S3-332442975,S3-555041643,S3-690070174,S3-910231447,S3-975685429
S1-406513149	S2-164976993,S2-243893770,S2-40350094,S2-455836139,S2-488786537,S2-657877197,S2-707420806,S2-7658072,S2-777373869,S2-810476656,S2-82493242,S2-842981557,S2-917591322,S2-934608391,S2-939986664,S2-946767984,S2-952405297,S3-168016343,S3-742939042,S3-762322142
S1-406591482	S2-244892523,S2-669710633,S2-883157472,S3-279320155,S3-312407101,S3-468766564
S1-406774533	S2-26416963,S2-768125130,S2-832922847,S3-556915201,S3-671422662,S3-9450975
S1-406887369	S2-122635599,S2-125960721,S2-256692563,S2-267920369,S2-444215952,S2-451120296,S2-483480832,S2-585117339,S2-608496926,S2-650803267,S2-687768026,S2-696742763,S2-812711831,S2-847392050,S2-883256571,S2-951139927,S2-966057618,S2-968246739,S2-973454867,S3-845224450
S1-408018997	S2-187498810,S2-209513872,S2-246621020,S2-247759089,S2-344821654,S2-417455367,S2-489461707,S2-5371139,S2-546127792,S2-547557150,S2-588431679,S2-612768292,S2-659685525,S2-671270117,S2-853019908,S2-874582752,S2-950851985,S3-333713818,S3-450621593,S3-867270658
S1-40852383	S2-122232872,S2-146330516,S2-176333615,S2-186918703,S2-279994068,S2-371549760,S2-402644725,S2-409556544,S2-475021310,S2-582092399,S2-654410059,S2-663124706,S2-681117372,S2-688208234,S2-70659779,S2-740802374,S2-78243071,S3-648342753,S3-700757619,S3-871081690
S1-408619550	S2-139219752,S2-145940720,S2-178805416,S2-230507277,S2-295432206,S2-300061545,S2-409085279,S2-441919235,S2-491950020,S2-523889861,S2-578073975,S2-60220510,S2-604070394,S2-696694009,S2-926671037,S2-976466718,S3-294574940,S3-306707562,S3-343384107,S3-630185395
S1-408689174	S2-284493591,S2-571000379,S2-646991665,S2-709489246,S2-716367683,S2-841957465,S2-844767517,S2-908103405,S3-140010063,S3-193286264,S3-432810484,S3-480606721,S3-563271608,S3-732055184,S3-96356386
S1-408726852	S2-125324661,S2-168832434,S2-176849787,S2-467656736,S2-482529127,S2-512511350,S2-582837100,S2-599113058,S2-67353376,S2-690072744,S2-812725595,S2-868188645,S3-34090172,S3-422024505,S3-635262214,S3-681421017,S3-863081424,S3-963081970,S3-965360685,S3-9975500
S1-409259680	S2-118711492,S2-16458635,S2-224980295,S2-225137710,S2-284501015,S2-346922998,S2-354233452,S2-458658981,S2-472694676,S2-548296657,S2-561578608,S2-597540516,S2-662947850,S2-731682240,S2-76098565,S2-863278803,S2-865745597,S3-16622171,S3-388050884,S3-959703020
S1-409359702	S2-260471331,S2-293675262,S2-319104076,S2-323885855,S2-347967135,S2-430060563,S2-565451364,S2-67505679,S2-709026541,S2-796208627,S2-895030236,S2-928348681,S2-976944285,S3-281440411,S3-308927386,S3-511104869,S3-545360116,S3-556407852,S3-616809954,S3-908592628
S1-410123169	S2-14278997,S2-232898046,S2-256654481,S2-289629744,S2-300552236,S2-314159126,S2-35158435,S2-426381800,S2-445145941,S2-674913444,S2-687087140,S2-74236316,S2-852750425,S2-864135069,S3-23955806,S3-262727699,S3-584629637,S3-733170425,S3-821912797,S3-925864907
S1-410308495	S2-105368308,S2-144852361,S2-17349916,S2-178872120,S2-235714010,S2-352447496,S2-451468513,S2-542054333,S2-732053562,S2-794157438,S2-892253983,S2-901254733,S2-904315979,S2-978200106,S2-993723166,S3-18304410,S3-599440487,S3-710753967,S3-873415434,S3-882652527
S1-410817621	S2-167713261,S2-174541886,S2-22315267,S2-240972874,S2-290515184,S2-581448382,S2-586067025,S2-772997011,S2-899089837,S3-172325745,S3-235801349,S3-564810484,S3-62316700,S3-665517423,S3-690631341,S3-69171474,S3-813698866,S3-870803842,S3-949300114,S3-982303
S1-411357079	S2-114315780,S2-174241131,S2-187142053,S2-220665998,S2-234410739,S2-284968892,S2-362306844,S2-524884829,S2-60755622,S2-637868384,S2-711989435,S2-755606195,S2-801567871,S2-824958414,S3-311526271,S3-636676444,S3-683771472,S3-728924742,S3-871276323,S3-89461398
S1-411675084	S2-125256131,S2-129228958,S2-140550490,S2-154795306,S2-294419557,S2-305195258,S2-31193389,S2-381850998,S2-389715232,S2-395630550,S2-414623921,S2-42070634,S2-443885313,S2-502104859,S2-563863526,S2-71864258,S2-88626535,S2-940852673,S2-981338857,S3-93670414
S1-412507573	S2-10978218,S2-203357868,S3-378179418,S3-542850256,S3-701246127,S3-756474034,S3-863332447
S1-41271645	S2-280567789,S2-361101756,S2-478694080,S2-521688982,S2-708094397,S2-820126526,S2-852126549,S2-869927960,S3-661102099
S1-413502723	S2-110125353,S2-120477577,S2-139158507,S2-309430111,S2-4162476,S2-436120738,S2-445398027,S2-521176572,S2-530493518,S2-55155187,S2-5555370,S2-557253038,S2-589702801,S2-672567246,S2-76334495,S2-78286144,S2-846447193,S2-876540783,S3-15757558,S3-422511834
S1-413511258	S2-103629122,S2-143028616,S2-148837223,S2-253048064,S2-254621456,S2-484700872,S2-683214195,S2-68335569,S2-706360388,S2-722166534,S2-75528922,S2-801431995,S2-836563673,S2-887492622,S2-936003665,S2-936491223,S3-215399560,S3-423412642,S3-607937881,S3-966011920
S1-413666587	S2-157735411,S2-17178786,S2-17412567,S2-174298792,S2-24066716,S2-367235333,S2-377594474,S2-626326981,S2-634234746,S2-667917730,S2-668588671,S2-727104995,S2-823195976,S2-84430340,S2-865387587,S2-899758023,S3-139462351,S3-147101263,S3-429842794,S3-638023361
S1-413937892	S2-255444111,S2-424848139,S2-44202874,S2-663124706,S2-722506084,S2-799238901,S2-802929311,S2-878813376,S2-963796055,S3-165309247,S3-184336813,S3-226541510,S3-572037432,S3-668730631,S3-71438279,S3-720226342,S3-871894639
S1-4143432	S2-718807938,S3-134823859,S3-387640303,S3-506860101
S1-414363132	S2-164661963,S2-240244122,S2-253567973,S2-344874828,S2-345388497,S2-410007712,S2-416300306,S2-427963706,S2-447558928,S2-449692546,S2-575279420,S2-654698897,S2-661850583,S2-694336347,S2-696617658,S2-711588071,S2-772008314,S2-83607977,S2-912301356,S3-716376023
S1-415626382	S2-211754814,S2-239856035,S2-289593920,S2-439163885,S2-479444280,S2-497012290,S2-547097573,S2-572486268,S2-632127605,S2-889135205,S2-893932123,S2-919135859,S3-160441920,S3-220409146,S3-255977428,S3-28652509,S3-444730740,S3-48937942,S3-628039664,S3-822401103
S1-415710721	S2-110010593,S2-385049851,S2-395474189,S2-439507512,S2-472244440,S2-496735603,S2-544961532,S2-601010648,S2-722013784,S2-727514766,S2-804568374,S2-817576082,S3-253384525,S3-30058465,S3-320942207,S3-42212081,S3-555615699,S3-59806815,S3-813843940,S3-979757133
S1-415819464	S2-831187613,S3-390940002,S3-839180061
S1-416021517	S2-134004411,S2-77345142,S3-312881435,S3-790675977,S3-966169843,S3-980057159
S1-416146636	S2-238291901,S2-307131464,S2-383211986,S2-754423272,S2-837069807,S2-881574008,S2-890099211,S3-192361809,S3-238425024,S3-316227241,S3-44734648,S3-578652912,S3-58834153
S1-416343766	S2-180384831,S2-262155527,S2-613934572,S2-747629830,S3-372462386,S3-548820463,S3-667668849,S3-679380854
S1-416443393	S2-147695829,S2-218613949,S2-257443565,S2-359437654,S2-449766724,S2-453488966,S2-564951591,S3-201299669,S3-24249839,S3-456560162,S3-460135755,S3-52378973,S3-546334783,S3-740382083,S3-819610811,S3-825982758,S3-984038663
S1-417038207	S2-17728185,S2-210030094,S2-384702311,S2-450747582,S2-505915141,S2-600152572,S2-767696160,S2-776492749,S2-815544576,S3-172760242,S3-33039370,S3-377751216,S3-441368999,S3-444580020,S3-49173393,S3-558184196,S3-803358984
S1-417285750	S2-278827162,S2-324905400,S2-422734498,S2-498185031,S2-518590135,S2-62146987,S2-657989672,S2-787411419,S2-801321829,S2-911716180,S2-964142099,S3-184238919,S3-207469565,S3-226541510,S3-469749162,S3-527616438,S3-536531328,S3-605314134,S3-834952485,S3-85300534
S1-417817650	S2-134570163,S2-159052178,S2-175113686,S2-214375482,S2-257671595,S2-369692181,S2-389392474,S2-441606900,S2-448953270,S2-465889727,S2-491437391,S2-522504328,S2-834562973,S2-846975420,S2-860247860,S2-899616853,S2-93549767,S3-269635981,S3-460045321,S3-728776431
S1-418219350	S2-25933575,S2-477736542,S2-487582639,S2-621473485,S2-638803013,S2-640493688,S2-688142618,S2-757543295,S2-841137821,S2-864905500,S2-918566040,S2-981744957,S3-234931047,S3-615929632,S3-741321466,S3-803889599,S3-833811615,S3-900106368,S3-919985954,S3-990303879
S1-418510525	S2-111335885,S2-145275705,S2-164832868,S2-255078207,S2-283735766,S2-366888109,S2-379300869,S2-556499335,S2-807474854,S2-807872703,S2-864158214,S3-14089352,S3-142314771,S3-239883798,S3-456414729,S3-484801340,S3-705841003,S3-757085262,S3-826180359,S3-837661323
S1-418845620	S2-173770904,S2-260300338,S2-325478150,S2-520545166,S3-524812458,S3-890536066,S3-999435385
S1-420224819	S2-129978919,S2-185407646,S2-231203908,S2-240380733,S2-252428268,S2-315275205,S2-319553606,S2-342855767,S2-348940137,S2-557868975,S2-595341773,S2-608615424,S2-663666938,S2-800546354,S3-198095400,S3-202038037,S3-44261204,S3-812469663,S3-904222245,S3-954711163
S1-420260704	S2-12350592,S2-157314870,S2-171800192,S2-187775302,S2-251745770,S2-439385504,S2-531015403,S2-550106255,S2-683558125,S2-842446266,S2-874705272,S3-224939296,S3-283695257,S3-334078456,S3-466729566,S3-632361512,S3-661097388,S3-671868174,S3-737986793
S1-421275613	S2-449935779,S2-474993320,S2-571008694,S3-133190267,S3-687808994
S1-421375909	S2-237742880,S2-247173812,S2-293203262,S2-308126862,S2-45425932,S2-469433725,S2-570592656,S2-586329791,S2-756653786,S2-856714948,S2-86086130,S2-874544387,S2-879632360,S2-977564977,S3-393937718,S3-4185616,S3-849587523
S1-421561713	S2-122346437,S2-143230817,S2-170524891,S2-245155784,S2-503157961,S2-515001180,S2-578040732,S2-616051831,S2-620550222,S2-663394811,S2-815817095,S2-869971409,S2-901555677,S2-911504236,S3-152224399,S3-226738834,S3-302901311,S3-404309691,S3-53757489,S3-864056205
S1-421683289	S2-157756352,S2-207125846,S2-305299303,S2-308859601,S2-341505297,S2-404058314,S2-453423052,S2-520221064,S2-549891408,S2-558630771,S2-683098771,S2-70493486,S2-766550527,S2-789377888,S3-248201747,S3-578212828,S3-746113016,S3-78200555,S3-839886025,S3-938010521
S1-421897687	S2-14302008,S2-147267849,S2-157343630,S2-162252776,S2-241186919,S2-246619331,S2-368206306,S2-572531501,S2-65176276,S2-685027145,S2-8101063,S2-824007936,S2-830641479,S2-844052892,S2-851263667,S2-92683372,S3-416003935,S3-513175662,S3-539326806,S3-56114743
S1-422049366	S2-24680486,S2-305435733,S2-453455590,S2-496701813,S2-585877668,S2-594193732,S2-603854302,S2-645627128,S2-768946792,S2-790245385,S2-790790300,S2-980537150,S3-491192021,S3-544543959,S3-571595560,S3-738118492,S3-770388739,S3-92571632,S3-927864436,S3-992045287
S1-422355292	S2-56109562,S2-683429209,S2-71586350,S2-755730090,S2-799620104,S3-423000491,S3-473202434,S3-499111004,S3-602376830,S3-699873512,S3-715736002,S3-760266773,S3-841280531,S3-912405611
S1-422371626	S2-158175360,S2-163126966,S2-206775978,S2-209698063,S2-457305876,S2-474739920,S2-504216586,S2-554014950,S2-589708934,S2-73376606,S2-801583352,S2-826554006,S2-878446425,S2-973115012,S2-996222847,S3-306177431,S3-421008068,S3-446209408,S3-587252284,S3-61047125
S1-422679888	S2-102804293,S2-14940734,S2-228869624,S2-250840257,S2-252504575,S2-324903930,S2-328896377,S2-463750337,S2-58348149,S2-596075110,S2-6675433,S2-678434558,S2-719553441,S2-823717263,S2-849131246,S2-911358391,S3-293786625,S3-348821644,S3-691156820,S3-958847284
S1-423103498	S2-114810075,S2-172764601,S2-201704259,S2-311204736,S2-324840514,S2-376141448,S2-428899461,S2-478073345,S2-663373888,S2-704084572,S2-728393607,S2-831831000,S3-157512095,S3-414795323,S3-443157033,S3-712483742,S3-733581430,S3-741510769,S3-853143791,S3-965558352
S1-423169248	S2-119170862,S2-150242280,S2-17361803,S2-270355835,S2-378867947,S2-394669149,S2-501936753,S2-520395904,S2-587874439,S2-60172892,S2-691956246,S2-696679067,S2-731588087,S2-867710047,S2-876721131,S2-909393104,S2-934820328,S3-250647024,S3-424571344,S3-981889256
S1-424478513	S2-129607000,S2-172764601,S2-217445093,S2-288135194,S2-29727132,S2-345318102,S2-424081386,S2-653279267,S2-672082301,S2-683401055,S2-867358397,S2-888212008,S2-969439951,S2-988123906,S3-178901975,S3-285166307,S3-38271044,S3-494523969,S3-564830159,S3-979530754
S1-424641591	S2-203963465,S2-386533183,S2-474742769,S2-793627380,S2-875605169,S2-889223277,S2-957382655,S2-975112729,S2-992175639,S3-158304935,S3-181423519,S3-218227097,S3-467083796,S3-575233942,S3-710707457,S3-736078613,S3-744282026,S3-788751677,S3-861155049,S3-944266098
S1-425173019	S2-176116039,S2-208680051,S2-242382648,S2-271004433,S2-27164175,S2-380743763,S2-405196382,S2-491441309,S2-539943184,S2-596450261,S2-668860670,S2-7331264,S2-769858942,S2-790575557,S2-821725294,S2-878026783,S2-900770605,S2-905049598,S3-505446279,S3-982964913
S1-425382853	S2-340635941,S2-736681903,S2-757575456,S2-958509112,S3-282440452,S3-335292351,S3-534546666,S3-765192573,S3-768667028,S3-810616236,S3-970781123
S1-425442734	S2-256496470,S2-607623977,S2-612850348,S2-660319857,S3-432454950,S3-674378814,S3-715999705
S1-425459792	S2-112680550,S2-184579349,S2-512466481,S2-601255820,S2-612741947,S2-7368268,S2-864863017,S2-865413129,S2-887357758,S3-478233190,S3-50094089,S3-736343891,S3-834320729,S3-846067033,S3-849660875,S3-899476207
S1-426327173	S2-656681552,S3-201566327
S1-426540445	S2-135311602,S2-160787216,S2-171818402,S2-263916092,S2-288307201,S2-291892949,S2-293761981,S2-35939506,S2-3899069,S2-412874461,S2-433146482,S2-499306826,S2-719037803,S2-800677162,S2-824972458,S2-874300009,S2-888108239,S2-990473569,S3-506073322,S3-572598570
S1-426828389	S2-226686633,S2-231732832,S2-462938814,S2-533757075,S2-672082301,S2-815466396,S2-829022238,S2-837396568,S2-894842208,S2-954476831,S3-224504759,S3-325666587,S3-421052806,S3-448734210,S3-607044098,S3-721462461,S3-770988716,S3-839886025
S1-426972884	S2-104983781,S2-204289763,S2-217611792,S2-340603304,S2-365855447,S2-405277031,S2-48248106,S2-648163199,S2-721018371,S2-753657867,S2-786879588,S2-78769581,S2-891990623,S3-1400062,S3-195112848,S3-388649268,S3-484844526,S3-656783766,S3-818220231,S3-892923595
S1-427627298	S2-114261337,S2-149345266,S2-282800901,S2-406794851,S2-454450916,S2-630437161,S2-700038395,S2-789253282,S2-811330551,S2-861949848,S2-869263262,S2-970082710,S3-195150955,S3-259186625,S3-273324366,S3-421280042,S3-481444096,S3-872930286,S3-973562477,S3-974925695
S1-427668850	S2-263698393,S2-625899005,S2-73037424,S2-760455010,S3-107662868,S3-244382747
S1-428530727	S2-691265103,S3-242288545,S3-294047576,S3-409314100,S3-489238185,S3-514205558,S3-821718801
S1-428965330	S2-106188251,S2-184650944,S2-20750171,S2-29238569,S2-317164353,S2-317202838,S2-332456526,S2-342805198,S2-408281060,S2-43091282,S2-481602919,S2-500396801,S2-582174294,S2-591398537,S2-698463172,S2-726289953,S2-731553190,S2-7757866,S3-129709655,S3-588400097
S1-429583375	S2-578084658,S2-895030236,S3-374090095,S3-751831868
S1-429770351	S2-142576240,S2-190939937,S2-300329052,S2-306645634,S2-318025254,S2-369512941,S2-393122166,S2-573082517,S2-631415169,S2-694560342,S2-92393326,S2-93891477,S3-253330829,S3-665435978,S3-6674199,S3-755977556,S3-81955631,S3-822287920,S3-831143639,S3-953056404
S1-429933951	S2-165551292,S2-329805796,S2-408209415,S2-441769049,S2-495926087,S2-61781156,S2-81789993,S2-995681846,S3-120789944,S3-149509184,S3-23585980,S3-287202993,S3-371244010,S3-423473272,S3-487306955,S3-642660465,S3-746338691,S3-877672847,S3-90366436,S3-97349944
S1-430510588	S2-693950091,S2-787023331,S3-109813373,S3-304980097
S1-431138786	S2-170208292,S2-333131678,S2-594354430,S2-635353014,S2-703333359,S2-741811666,S2-782615042,S2-879667121,S2-929122489,S3-146499873,S3-175610339,S3-268074050,S3-353394163,S3-392791047,S3-473741924,S3-576765885,S3-711372713,S3-774729528,S3-837616573,S3-992272382
S1-43154095	S2-168008728,S2-243092207,S2-248618325,S2-264770017,S2-307443980,S2-345906299,S2-37637455,S2-423359380,S2-460880265,S2-504697447,S2-534682798,S2-712222308,S2-785013585,S2-8750634,S2-917402365,S2-924787500,S2-936033888,S3-253021698,S3-425366140,S3-436839067
S1-431700925	S2-220286148,S2-230309354,S2-258436929,S2-307878450,S2-362875802,S2-385497206,S2-392896073,S2-436917423,S2-508918211,S2-542093848,S2-589966270,S2-604519569,S2-672736825,S2-783742788,S2-790787324,S2-867756407,S2-973452651,S3-10388364,S3-325142878,S3-854164873
S1-431949423	S2-121056043,S2-500661016,S3-293716218
S1-432086283	S2-197837250,S2-257400295,S2-299772640,S2-320319183,S2-358313984,S2-388981331,S2-483634728,S2-512567536,S2-62630370,S2-694847902,S2-802351030,S2-827878473,S2-857071377,S2-91616724,S2-952324784,S2-952486243,S2-956708079,S2-956786940,S2-959269767,S2-972871988
S1-432258390	S2-127928747,S2-147114378,S2-148766315,S2-221911416,S2-311550120,S2-469981621,S2-523668634,S2-52443645,S2-542336124,S2-580438320,S2-653287190,S2-664425303,S2-826290265,S2-946543701,S2-983965245,S3-698085734,S3-738959049,S3-838058830,S3-883841328
S1-432491929	S2-142142252,S2-15263989,S2-161718066,S2-282087375,S2-342391763,S2-42992785,S2-643719032,S2-721315674,S2-787833272,S2-835639169,S2-890643402,S2-928901522,S2-977127221,S2-987872374,S3-262599451,S3-555024498,S3-580201445,S3-608561800,S3-658281338,S3-686479177
S1-432624023	S2-130399223,S2-273705065,S2-337528556,S2-364213324,S2-440595284,S2-487005531,S2-775168980,S2-845849286,S2-863212730,S2-948593094,S3-14659746,S3-209533980,S3-277132941,S3-304910077,S3-406337734,S3-490568871,S3-665397159,S3-769028905,S3-797737481,S3-979740437
S1-43280401	S2-112625539,S2-144469284,S2-152792248,S2-173917374,S2-239253388,S2-308666499,S2-318793758,S2-913037796,S3-197564242,S3-438141235,S3-450535600,S3-534123824,S3-707162050,S3-730861099,S3-751615414,S3-854080512,S3-878620931,S3-976797390,S3-997247509
S1-433003357	S2-163212711,S2-19326493,S2-265278512,S2-375550325,S2-378279047,S2-399971243,S2-402326574,S2-416677929,S2-498596750,S2-537422507,S2-568165035,S2-625872997,S2-675336835,S2-869901829,S2-888873504,S3-342798897,S3-515121656,S3-568736114,S3-576442922,S3-626294760
S1-433445018	S2-112671124,S2-314926539,S2-414628095,S2-438124350,S2-675300764,S2-800014563,S2-844463416,S2-966258228,S3-131841806,S3-20242737,S3-210668707,S3-214799093,S3-244998468,S3-432333498,S3-451481742,S3-488929821,S3-673840836,S3-705961063,S3-812548131,S3-868705845
S1-433637705	S2-132058133,S2-136305349,S2-188612294,S2-303726261,S2-311814169,S2-311912341,S2-436783714,S2-474277193,S2-505041950,S2-565543920,S2-569860965,S2-725621051,S2-792895602,S2-79488526,S2-80621282,S2-892880098,S2-955922218,S2-997168705,S3-248680578,S3-815120181
S1-434388023	S2-147151955,S2-228917785,S2-280435370,S2-316403963,S2-39206716,S2-533968218,S2-625470129,S2-667390221,S2-675394479,S2-721134375,S2-763018444,S2-791573351,S3-489489991,S3-595226927,S3-798044805,S3-8599226,S3-94472842
S1-434422621	S2-127849472,S2-192566893,S2-272346655,S2-407112133,S2-420232478,S2-557520173,S2-558442576,S2-566627479,S2-571998313,S2-695887657,S2-765929286,S2-771695132,S2-782327615,S2-892866501,S2-982544380,S3-22153941,S3-316065482,S3-709847277,S3-989761838,S3-998521672
S1-4347822	S2-100391675,S2-179327629,S2-238571661,S2-400167155,S2-822228321,S3-111094828,S3-335128845,S3-507666934,S3-610300086,S3-619214149,S3-631227915,S3-833456072,S3-85445849,S3-8702611,S3-949970595,S3-972716414
S1-435641009	S2-115314774,S2-136673444,S2-150527757,S2-232219224,S2-281355611,S2-359820757,S2-38909718,S2-404901317,S2-528143818,S2-585835879,S2-68483150,S2-770576876,S2-803487149,S2-853304409,S2-889900479,S2-900515245,S2-908719488,S2-953589233,S2-976109878,S3-751553545
S1-436306478	S2-163212711,S2-185692593,S2-19326493,S2-265278512,S2-327732893,S2-375550325,S2-378279047,S2-399971243,S2-402326574,S2-416677929,S2-498596750,S2-537422507,S2-568165035,S2-625872997,S2-675336835,S2-841701614,S2-869901829,S3-107732641,S3-680993863,S3-82213492
S1-436437179	S2-111192912,S2-200200363,S2-219183316,S2-308536466,S2-371549760,S2-503829652,S2-676197920,S2-785800036,S2-815524559,S2-85446560,S2-889901618,S2-946647258,S2-985346619,S3-133059026,S3-328065487,S3-7040241,S3-706308527,S3-715077649,S3-732637022,S3-997609453
S1-436496778	S2-634866377,S2-968810254,S3-26681723,S3-992248478
S1-436882426	S2-115050976,S2-159889395,S2-207462895,S2-328896377,S2-374302493,S2-474924251,S2-486557375,S2-524650056,S2-553193794,S2-764879575,S2-877272078,S3-179512259,S3-26193075,S3-269416767,S3-369393579,S3-392933005,S3-494372643,S3-747355483,S3-85183848,S3-887660270
S1-437051899	S2-372711498,S2-399846825,S2-432023467,S2-515386320,S2-639751947,S2-92147276,S3-127357302,S3-161336442,S3-233913371,S3-306949872,S3-314942550,S3-509290455,S3-564816811,S3-571653335,S3-598438595,S3-624341115,S3-761487402,S3-828606707,S3-911625149,S3-918421247
S1-437637657	S2-10950521,S2-122275059,S2-141268529,S2-191955894,S2-205824361,S2-292724004,S2-381130751,S2-43073112,S2-450992018,S2-490305039,S2-498691875,S2-53273621,S2-561017128,S2-569542739,S2-666993506,S2-698567775,S2-857216235,S2-928712830,S3-694367604,S3-70672241
S1-437710201	S2-174438903,S2-204429903,S2-41602182,S2-759739440,S2-943996696,S2-967989943,S3-16475570,S3-194921776,S3-283690674,S3-414486290,S3-655060238,S3-811209272,S3-952927081,S3-956329677
S1-438013421	S2-620721034,S2-926533987,S2-930839882,S3-441633562,S3-455043405
S1-438375727	S2-174939675,S2-311198079,S2-366451799,S2-479060290,S2-495768625,S2-501371408,S2-506727480,S2-64011633,S2-641770084,S2-671736202,S2-706943451,S2-860079307,S2-927898218,S2-93981671,S2-967185833,S3-154744410,S3-265756887,S3-765009395,S3-81461653,S3-988033921
S1-438469734	S2-213173611,S2-254924346,S2-260455971,S2-334987611,S2-337971131,S2-471713177,S2-489200537,S2-618250053,S2-679761638,S2-697927683,S2-772671903,S2-938561651,S2-966597713,S2-967439415,S2-980273250
S1-438966909	S2-113656828,S2-133609214,S2-293633804,S2-312868538,S2-34885923,S2-354443842,S2-373678906,S2-602902836,S2-617449437,S2-655931020,S2-770158780,S2-802868502,S2-867197250,S2-926996577,S2-960372483,S3-209686361,S3-366317868,S3-779773193,S3-804984970,S3-900343558
S1-439018089	S2-157735411,S2-17178786,S2-206508419,S2-24066716,S2-263365363,S2-366476781,S2-367235333,S2-377594474,S2-626326981,S2-634234746,S2-667917730,S2-668588671,S2-727104995,S2-838577490,S2-84430340,S2-865387587,S2-912255099,S2-939010115,S3-175615275,S3-891583602
S1-439190046	S2-456120390,S2-624818850,S2-656557768,S2-668909580,S2-892719860,S2-980850745,S3-289086222,S3-33736896,S3-478695006,S3-51474238,S3-656119418,S3-719834998,S3-7490779,S3-828108436,S3-888638599,S3-970453014
S1-439424204	S2-290530338,S2-361101756,S2-408165378,S2-439029303,S2-556957019,S2-633900226,S2-698567775,S2-907237230,S3-14801142,S3-174060033,S3-317391068,S3-376814645,S3-458499032,S3-512336424,S3-546299816,S3-552204575,S3-586846627,S3-667181525,S3-794185579,S3-86358305
S1-439448320	S3-183027444
S1-439591230	S2-305802248,S2-348144716,S2-435614075,S2-447789125,S2-474277193,S2-512382393,S2-531826116,S2-613596024,S2-640420911,S2-644948973,S2-668938769,S2-759859828,S2-937133577,S2-988366654,S3-170663312,S3-28847280,S3-408212372,S3-490107025,S3-594124016,S3-770867853
S1-439754523	S2-390412298,S2-399970601,S2-477564349,S2-683148395,S2-741721550,S3-373507615,S3-574183316
S1-440121686	S2-306233830,S2-515581965,S2-604848494,S2-69453030,S2-751644079,S2-905133363,S2-973287013,S3-140678333,S3-160669569,S3-199170475,S3-218503833,S3-259736258,S3-326565403,S3-359902298,S3-505610835,S3-525272562,S3-604536112,S3-627028990,S3-906460472,S3-943032673
S1-440184283	S2-901299277,S2-947018284,S3-330735708,S3-755586522,S3-859795245,S3-974553445
S1-440461589	S2-115642019,S2-143977672,S2-203296597,S2-287914093,S2-315581649,S2-482965691,S2-505083731,S2-517668630,S2-547274941,S2-578129330,S2-581760687,S2-683312986,S2-702512168,S2-750070126,S2-808715382,S2-929363943,S2-944772275,S2-949348082,S3-533253193,S3-854440725
S1-440692527	S2-224979374
S1-441401056	S2-228710851,S2-289962565,S2-290289962,S2-291437407,S2-863212730,S2-888190910,S2-950582651,S2-976795148,S3-712376429,S3-758600587,S3-771100865,S3-798111813,S3-896736932,S3-928113189
S1-441675087	S2-29318833,S3-391374835,S3-469567752,S3-47620966,S3-574497973
S1-442126647	S2-934887394,S3-365907325,S3-717921340,S3-813661911,S3-89817382,S3-919092688,S3-955991590
S1-442135420	S2-109452411,S2-112759487,S2-237386317,S2-272679967,S2-389032254,S2-465576174,S2-545014704,S2-558818013,S2-742233323,S3-237495436,S3-284079615,S3-363423194,S3-433607039,S3-463009981,S3-587890652,S3-705160488,S3-750084078,S3-832009894,S3-842554079,S3-88327485
S1-442152685	S2-165228168,S2-23207379,S2-49271218,S2-551155875,S2-614691434,S2-779723055,S2-798613273,S2-89415234,S2-922159873,S3-10133979,S3-22901856,S3-252112169,S3-31413720,S3-544654095,S3-636131596,S3-762445593,S3-783366534,S3-877600373,S3-978309149,S3-985469187
S1-442962998	S2-285274066,S2-28922011,S2-298464078,S2-414012166,S2-438100724,S2-569019785,S2-660920825,S2-750513165,S2-874472135,S2-892786187,S2-934830908,S2-943233024,S2-944867761,S3-272401700,S3-378005143,S3-396716250,S3-506858538,S3-598679970,S3-914678452,S3-947651653
S1-443423152	S2-201614579,S2-528817145,S3-752159414
S1-44450013	S2-193221858,S2-216552439,S2-254788212,S2-448515850,S2-627178121,S2-746884162,S2-876396237,S3-206567680,S3-316205283,S3-34203079,S3-560434900,S3-770660226,S3-778777900,S3-868971522,S3-893149997
S1-444752324	S2-254584940,S2-289181909,S2-297825440,S2-38917398,S2-39079223,S2-421755668,S2-439990737,S2-447442911,S2-457558399,S2-516249560,S2-622381127,S2-856341466,S2-933471443,S2-93469626,S2-968833758,S2-991285925,S3-327376554,S3-378551672,S3-61008041,S3-636625096
S1-445382984	S2-516521145,S2-685685424,S2-934306534,S3-406644331,S3-607911476,S3-614967969,S3-767020087
S1-445399054	S2-119606026,S2-166765722,S2-253108604,S2-348853897,S2-45258880,S2-460923489,S2-574995520,S2-7695059,S2-78431959,S2-817741541,S3-350194640,S3-444433615,S3-551442332,S3-563204328,S3-63342461
S1-446574306	S2-200433240,S2-311067502,S2-317964465,S2-322753932,S2-336700474,S2-424677111,S2-467084045,S2-603258347,S2-612137673,S2-70950205,S2-770652512,S2-779325544,S2-82047787,S2-887973943,S2-965341745,S2-972219237,S3-485472794,S3-580654791,S3-753536499,S3-897605023
S1-447608079	S2-189305879,S2-23161647,S2-320694941,S2-322921723,S2-33500340,S2-423915641,S2-441440192,S2-447725478,S2-498071695,S2-510322106,S2-514625723,S2-536369487,S2-566062581,S2-643646715,S2-674448643,S2-877085471,S2-902071397,S2-95752075,S3-605087792,S3-910638400
S1-448241265	S2-126506454,S2-146726066,S2-155681006,S2-18394219,S2-186509085,S2-234381814,S2-256868825,S2-497486406,S2-525859393,S2-584306503,S2-650334980,S2-664755818,S2-696635067,S2-828872229,S2-862540800,S2-874162453,S2-962347602,S2-96362128,S2-984241859,S3-802786092
S1-44863052	S2-166606349,S2-261600606,S2-286201851,S2-311609470,S2-328308841,S2-518657430,S2-556383672,S2-558654912,S2-568026492,S2-580815414,S2-600433897,S2-715503529,S2-767018785,S2-772551822,S2-775168980,S2-808694908,S2-862876636,S2-864622434,S3-236442419,S3-610574435
S1-448783834	S2-149349681,S2-271004433,S2-342712833,S2-352112358,S2-380743763,S2-405196382,S2-539943184,S3-194012961,S3-278740228,S3-333821736,S3-529413329,S3-650784579,S3-708556521,S3-796629251,S3-820237940,S3-854676915,S3-869830532,S3-88681783,S3-946254415,S3-948348282
S1-449321267	S2-154397073,S2-185148108,S2-217933559,S2-245763815,S2-355281881,S2-452208391,S2-494193597,S2-519912199,S2-565683094,S2-666612729,S2-677255764,S2-789711070,S2-844342057,S2-847374839,S2-983665296,S2-991843540,S2-996569294,S3-278661621,S3-65837156,S3-859535462
S1-449453088	S2-316593831,S2-34360486,S2-529564805,S2-5550691,S2-571778221,S2-642213864,S2-878011106,S2-915040229,S3-141906556,S3-391820582,S3-393211667,S3-40953461,S3-488019663,S3-513859665,S3-520834084,S3-567821295,S3-844286911,S3-919119436,S3-945117560,S3-961058678
S1-449656477	S2-120095800,S2-180996143,S2-391418368,S2-425742459,S2-427111019,S2-458595956,S2-486408044,S2-501371408,S2-516710606,S2-561625161,S2-585560719,S2-624720947,S2-748574067,S2-775262626,S2-780782230,S2-839077358,S2-91772237,S3-132544279,S3-171870966,S3-837516478
S1-449736477	S2-250805201,S2-319373159,S2-336205787,S2-364223322,S2-613934572,S2-670964612,S2-740416537,S2-830163987,S2-831212679,S2-846301085,S2-977699810,S3-199221833,S3-203578497,S3-212027537,S3-282637208,S3-326686952,S3-465207180,S3-751403198,S3-838249839,S3-981797385
S1-450275711	S2-111529715,S2-120391369,S2-274323360,S2-362132747,S2-364595902,S2-488565793,S2-500096956,S2-536777587,S2-590757045,S2-608023861,S2-658868799,S2-727477424,S2-750070041,S2-824243201,S2-842733615,S2-864704766,S2-902470452,S3-466442977,S3-709487398,S3-790527655
S1-450320532	S2-237304028,S2-500291006,S2-774119543,S2-817204125
S1-451356439	S2-105908404,S2-168832434,S2-249997299,S2-273430966,S2-392544045,S2-434786390,S2-518314314,S2-582837100,S2-681634213,S2-780775619,S2-844790251,S2-868188645,S2-91377268,S2-953044877,S2-998229665,S3-478406271,S3-734799160,S3-753975573,S3-863081424,S3-944870744
S1-452296998	S2-225153982,S2-444086487,S2-446433638,S2-550763752,S2-57072054,S2-596850209,S2-647040826,S2-666595458,S2-68447808,S2-686091696,S2-825612275,S2-835952001,S2-932434431,S3-230645592,S3-567622731,S3-577652431,S3-64704523,S3-722346939,S3-80480378,S3-898349593
S1-452805396	S2-13001610,S2-141696937,S2-328945826,S2-364848670,S2-395271825,S2-460515872,S2-513175014,S2-552346104,S2-570348003,S2-602894599,S2-627030102,S2-685736188,S2-704462219,S2-900867934,S3-197133721,S3-311994751
S1-452853450	S2-243782047,S2-428128275,S2-490621699,S2-633006686,S2-726249828,S2-840372190,S2-87494893,S3-166633233,S3-170211929,S3-17152697,S3-337365826,S3-452660233,S3-548917591,S3-600304932,S3-680024643,S3-681125006,S3-686594752,S3-746691477,S3-759139180,S3-880995539
S1-452876235	S2-101094440,S2-187514897,S2-215816278,S2-363779880,S2-371200780,S2-497606378,S2-552033015,S2-552487507,S2-61908140,S2-659432679,S2-762383502,S2-794412447,S2-922947373,S3-714573137,S3-766602475
S1-453727743	S2-119607177,S2-126506454,S2-155681006,S2-256868825,S2-334354664,S2-371392823,S2-441422968,S2-497486406,S2-569739603,S2-610173207,S2-696635067,S2-697886269,S2-732405607,S2-806094858,S2-814052487,S2-828872229,S2-854130309,S2-867371933,S2-874162453,S3-721431459
S1-453897221	S2-164384547,S2-578626759,S2-75357379,S3-163979156,S3-268857827,S3-349404502,S3-404509682,S3-496945076,S3-554579834,S3-627608863,S3-645676594,S3-725566034,S3-778149903,S3-796464759,S3-97083724
S1-453951429	S2-106786082,S2-207493658,S2-227083806,S2-237895533,S2-358791502,S2-588285167,S2-755535877,S2-806614534,S2-920340516,S2-947481671,S3-153319929,S3-171901473,S3-174685548,S3-232261743,S3-511917869,S3-617912400,S3-762700794,S3-966369596,S3-96822552,S3-994865743
S1-454366043	S2-102616783,S2-238301807,S2-260584116,S2-346176476,S2-524131276,S2-605189433,S2-6153043,S2-668325566,S2-677486760,S2-745993033,S2-76349004,S2-956786940,S3-197344181,S3-305229463,S3-357023967,S3-37951936,S3-399316276,S3-429776213,S3-545898423,S3-70804011
S1-454713507	S2-148282478,S2-264402899,S2-343655850,S2-530812298,S2-539165500,S2-565971823,S2-587455746,S2-623940116,S2-653761634,S2-711665259,S2-777195907,S2-918561351,S2-958069821,S3-267542981,S3-505622401,S3-688367896,S3-799815788,S3-839820529,S3-945956552,S3-992913367
S1-456286867	S2-962302190,S3-26116696,S3-363017853,S3-791374893
S1-456408189	S2-293051270,S2-392512147,S2-440235054,S2-50314590,S2-727516418,S2-789805368,S3-362630879,S3-928845689,S3-930062986
S1-456662070	S2-126506454,S2-164039123,S2-24726481,S2-256868825,S2-497486406,S2-516946324,S2-525859393,S2-584306503,S2-610173207,S2-674862293,S2-696635067,S2-814052487,S2-826865877,S2-828872229,S2-874162453,S2-89396592,S2-937072190,S2-956132872,S2-96362128,S3-560871293
S1-457078896	S2-138565970,S2-159371006,S2-160617862,S2-234377193,S2-238905996,S2-293477711,S2-389218278,S2-747417226,S2-811348101,S2-822006962,S2-859435344,S2-88700468,S2-925645314,S2-982701302,S3-171026009,S3-262638458,S3-312382426,S3-484898227,S3-609260854,S3-782912447
S1-457253629	S2-170543852,S2-244606480,S2-415733261,S2-507619867,S2-712479570,S2-744395359,S2-823993957,S2-889587153,S2-985896476,S3-113016475,S3-116293459,S3-33279835,S3-338655540,S3-374436244,S3-456154072,S3-53526646,S3-675117877,S3-739362788,S3-824821338,S3-996007251
S1-457528347	S2-258744234,S2-427767176,S2-462823897,S2-493601144,S2-522109681,S2-551562402,S2-597540516,S2-599383410,S2-628121208,S2-726098470,S2-76493060,S2-820781259,S2-859799156,S2-887600797,S3-25238211,S3-605286613,S3-632752593,S3-689621574,S3-727278948,S3-78614365
S1-458083791	S2-100822016,S2-101534757,S2-173337363,S2-318532387,S2-322792014,S2-33849775,S2-391850387,S2-444585102,S2-537224110,S2-664041404,S2-73256848,S2-775634359,S2-860806518,S2-928491301,S3-214789523,S3-21823181,S3-241340483,S3-285421877,S3-442922918,S3-854483624
S1-45823537	S2-145542592,S2-434232035,S2-594700448,S2-594973878,S2-659531921,S2-80220478,S2-844363575,S2-892659829,S3-23594242,S3-396821810,S3-415813056,S3-914632080,S3-928896137,S3-967058614,S3-979489162
S1-458800850	S2-106571440,S2-142576240,S2-204301831,S2-217881153,S2-236871658,S2-241047746,S2-242231390,S2-319761515,S2-392994485,S2-497848582,S2-569859514,S2-621352290,S2-667273577,S2-736541996,S2-875224601,S2-92393326,S3-363993207,S3-84322725,S3-877598574,S3-922531735
S1-458895296	S2-109716043,S2-153310153,S2-215208731,S2-249958292,S2-33004937,S2-447590349,S2-686218696,S2-783064201,S2-785540693,S2-838684322,S2-842312361,S2-97205990,S3-230129402,S3-404670106,S3-537675512
S1-45985014	S2-112934836,S2-210823572,S2-211838062,S2-242757088,S2-297293201,S2-324464206,S2-370915135,S2-410086490,S2-41602182,S2-454355317,S2-641706074,S2-717662608,S2-813706781,S2-838951760,S2-884836581,S2-893536739,S2-912300310,S2-919189653,S3-290521700,S3-948247263
S1-459953136	S2-220839689,S2-390762708,S2-749949012,S3-464746244,S3-741132609,S3-900750379,S3-993655874
S1-460242217	S2-112539575,S2-165705858,S2-312526178,S2-342163294,S2-356223527,S2-372452556,S2-390974534,S2-395629639,S2-44710657,S2-535267261,S2-556022732,S2-651512993,S2-693536582,S2-734878990,S2-739208908,S2-784239767,S2-815820045,S2-895432381,S2-897389883,S3-922145641
S1-460309009	S2-199622369,S2-225921192,S2-333566101,S2-336700474,S2-342852557,S2-455134753,S2-467084045,S2-513937414,S2-603258347,S2-612137673,S2-770652512,S2-779325544,S2-831084721,S2-887973943,S2-972219237,S3-485472794,S3-54064382,S3-580654791,S3-742189761,S3-745163346
S1-460570408	S2-148704233,S2-157368531,S2-46715599,S2-8120187,S2-828719129,S3-562152623,S3-732055184,S3-789108301,S3-820511082,S3-852557029,S3-854063368,S3-879185610,S3-97436279
S1-461326698	S2-219931583,S2-433358067,S2-476867235,S2-478160997,S2-592124585,S2-863824251,S2-903172785,S2-90627577,S3-148090860,S3-577638891,S3-721492986
S1-461413460	S2-123116483,S2-124309147,S2-144066810,S2-216293283,S2-245678856,S2-287485127,S2-297643075,S2-328900052,S2-350361739,S2-374396134,S2-439149899,S2-524239566,S2-541538900,S2-700693791,S2-734292216,S2-741378178,S2-814239836,S2-928125078,S3-698310569,S3-88786124
S1-462351955	S2-146516261,S2-205518186,S2-209093728,S2-308390109,S2-372202978,S2-382377359,S2-410329713,S2-426439815,S2-474346550,S2-497025062,S2-51977302,S2-699391872,S2-772269040,S2-777290565,S2-845577049,S2-868740769,S2-894693263,S2-933085923,S3-184666481,S3-957396127
S1-462615359	S2-265638842,S2-512889260,S2-560667201,S2-809946511,S2-969353759,S3-321078095,S3-610869762,S3-846280307
S1-462853641	S2-295522688,S2-375762019,S2-554746924,S2-567765965,S2-60243916,S2-794531956,S2-913864973,S2-936067206,S2-990567637,S3-103082085,S3-125845903,S3-202509558,S3-334005046,S3-393976960,S3-840568922,S3-957727642,S3-9765715,S3-994266819
S1-463658573	S2-130167276,S2-170230513,S2-204948859,S2-226658215,S2-348967666,S2-412103615,S2-423838997,S2-425706457,S2-543049878,S2-546409229,S2-560445859,S2-707123153,S2-724208538,S2-811366167,S2-812610176,S2-850920420,S2-878653508,S2-927764047,S2-980594306,S3-62822851
S1-464784191	S2-263855016,S2-309215976,S2-321543680,S2-58554266,S2-626304765,S2-626546137,S2-632506460,S2-684014035,S2-735830595,S2-817480836,S2-841227826,S2-958639980,S2-989231960,S3-103405689,S3-365522,S3-441953820,S3-479547424,S3-635693055,S3-641219652,S3-745376778
S1-464821276	S2-158989871,S2-172207378,S2-210062866,S2-246621020,S2-247759089,S2-357964362,S2-409016204,S2-425312658,S2-5371139,S2-547557150,S2-55691462,S2-671270117,S2-718710524,S2-819620168,S2-828947992,S2-874582752,S2-8914613,S3-323153716,S3-342117932,S3-587429088
S1-465294484	S2-11817249,S2-878859494,S3-122445137,S3-826653519
S1-465567298	S2-286696609,S2-374312103,S2-406552281,S2-432215903,S2-446315971,S2-535747344,S2-575206081,S2-576774941,S2-683377661,S2-799644061,S2-95398254,S3-329810583,S3-359226982,S3-446542439,S3-57113908,S3-697898952,S3-780883112,S3-794676114,S3-868666934,S3-879396600
S1-465578739	S2-10891223,S2-161454523,S2-208910231,S2-23581657,S2-23969575,S2-248578795,S2-305908130,S2-328120437,S2-51175956,S2-771705498,S2-867687512,S2-925919227,S3-351179638,S3-495856402,S3-791972647,S3-804250913,S3-867803042
S1-465590336	S2-1240778,S2-147767351,S2-201508020,S2-237713303,S2-34576967,S2-486870040,S2-500771794,S2-730378897,S2-938541625,S3-101503617,S3-176303384,S3-276123803,S3-398789248,S3-57328121,S3-602835171,S3-714275237,S3-766612754,S3-838306458,S3-857966419,S3-877654351
S1-465906456	S2-122293440,S2-133664622,S2-206820667,S2-289119895,S2-348990518,S2-931975453,S2-943601769,S2-945049160,S2-949253578,S2-978756288,S3-248959357,S3-384316033,S3-513830051,S3-588845584,S3-594929458,S3-621421309,S3-764163359,S3-819912750,S3-840242007,S3-889420056
S1-466765832	S2-29716190,S3-84068813
S1-467451219	S2-185580334,S2-25058109,S2-408865400,S2-444528389,S2-535116851,S2-565703063,S2-585118112,S2-623031574,S2-75907054,S2-813279273,S2-928003558,S3-319987864,S3-447117066,S3-476877208,S3-490528010,S3-506752973,S3-588046456,S3-593152841,S3-904521505,S3-999777761
S1-467603123	S2-16964085,S2-170993862,S2-246676918,S2-248578795,S2-393523489,S2-47665862,S2-497439092,S2-593645591,S2-596520145,S2-667274253,S2-73156996,S2-806523322,S2-85926088,S2-868571048,S2-872312323,S2-879330978,S2-928684896,S2-953098128,S2-974043916,S3-64809520
S1-467778248	S2-230796447,S2-257625334,S3-545687817
S1-468384985	S2-110172126,S2-229987246,S2-287510502,S2-340453610,S2-381379650,S2-623996043,S2-654263813,S2-701497045,S2-781969377,S2-785039800,S2-898578756,S2-934971100,S2-952498453,S2-957461313,S2-995668096,S2-997253638,S3-24623826,S3-314969122,S3-358152160,S3-890034561
S1-468528987	S2-104299111,S2-214850415,S2-32646815,S2-363587346,S2-830634166,S2-854097893,S2-86170063,S2-889620646,S2-89353670,S2-992300702,S3-15965097,S3-364873532,S3-418784402,S3-42970320,S3-558795774,S3-623985373,S3-747520602,S3-832464430,S3-939057194,S3-988207097
S1-468574254	S2-137507813,S2-141369082,S2-336089987,S2-344574972,S2-354439624,S2-620647719,S2-666971517,S2-692975431,S2-715549749,S2-740832281,S2-743960815,S2-755405795,S2-76382003,S2-918763928,S2-959611312,S2-984887153,S3-332735351,S3-340769228,S3-698378461,S3-948089755
S1-468587841	S2-112934836,S2-164661963,S2-175400854,S2-242757088,S2-370915135,S2-448548244,S2-613886186,S2-712241936,S2-717662608,S2-755113932,S2-846497405,S2-859192618,S2-981278356,S2-992672259,S2-997408631,S3-208645402,S3-251547432,S3-484065017,S3-528829351,S3-552328460
S1-46903195	S2-258040459,S2-384786144,S2-46715599,S2-598379790,S2-872881085,S2-8841494,S3-196452168,S3-344525431,S3-43240525,S3-483426716,S3-512747049,S3-77294614,S3-941835269
S1-469110850	S2-182666788,S2-198767145,S2-267562546,S2-284812957,S2-327566580,S2-386880933,S2-425391326,S2-539420714,S2-605404874,S2-620766122,S2-783158461,S2-849691947,S3-135056785,S3-381103354,S3-405627365,S3-444781328,S3-496635259,S3-695815523,S3-777352270,S3-869965726
S1-469827025	S2-11955069,S2-145521404,S2-160308190,S2-370988297,S2-39079223,S2-39401964,S2-516249560,S2-573744928,S2-619859806,S2-716687956,S2-743951385,S2-74614444,S2-766271571,S2-780583602,S2-92868774,S2-966966606,S3-342769950,S3-523082102,S3-822507271,S3-995057239
S1-470065737	S2-288874583,S2-438235722,S2-715327535,S2-9266856,S3-393421871,S3-445799355,S3-543952442,S3-697332041,S3-767691745,S3-84760110
S1-470140179	S2-223796690,S2-419203027,S2-889960957,S3-431978302
S1-470982759	S2-297103933,S2-510931375,S2-603686954,S2-613456541,S2-619985584,S2-627581325,S2-66662632,S2-728636225,S2-922944208,S3-255799386,S3-32940847,S3-432009123,S3-513461832,S3-584072374,S3-633425204,S3-707068001,S3-786746062,S3-89518375,S3-916626753,S3-962816371
S1-471132641	S2-119607177,S2-405363380,S2-493250458,S2-703872713,S2-705900992,S2-736167731,S2-758792649,S2-836563673,S3-125606814,S3-256990081,S3-381231328,S3-390687123,S3-683347366,S3-72776566,S3-885821457,S3-904468962,S3-907940772,S3-947976230,S3-949828523,S3-966308494
S1-471141124	S2-108388778,S2-176848763,S2-26651301,S2-461145283,S2-584056960,S2-681061569,S2-73430676,S2-894842208,S2-927326655,S3-130861131,S3-517854864,S3-870915488,S3-878882119
S1-471175623	S2-304131282,S2-352428027,S2-440739626,S2-762235357,S3-17282967,S3-270803698,S3-362979068,S3-376036774,S3-435288203,S3-468549934,S3-493938597
S1-471531777	S2-103598322,S2-112034896,S2-126904244,S2-128076983,S2-137670139,S2-163159297,S2-172626090,S2-210799457,S2-232933281,S2-302419463,S2-35086639,S2-370932433,S2-406854790,S2-410126841,S2-539778054,S2-716107739,S2-758210318,S2-835775099,S3-450570859,S3-916305416
S1-471544487	S2-148416682,S2-148880207,S2-173770904,S2-197943662,S2-298516988,S2-462973582,S2-476714949,S2-484063105,S2-499698033,S2-655027903,S2-724764615,S2-746566824,S2-808429951,S2-856518249,S2-959060224,S3-469320823,S3-481791314
S1-473485180	S2-1209589,S2-149663258,S2-18394219,S2-238463399,S2-247572689,S2-29942024,S2-303496949,S2-403241433,S2-419703205,S2-421959664,S2-452429687,S2-461145283,S2-47243310,S2-52869504,S2-576819625,S2-665463193,S2-69730118,S2-703646348,S2-984241859,S3-938352729
S1-473683187	S2-114070036,S2-182760047,S2-196527479,S2-269682094,S2-327453740,S2-333614933,S2-35443457,S2-45559332,S2-469684004,S2-547091489,S2-573375520,S2-574349442,S2-682250334,S2-756620063,S2-763450341,S2-838558871,S2-918917310,S2-936067206,S2-982374786,S3-540461935
S1-47371705	S2-223064898,S2-264507092,S2-300341241,S2-355701428,S2-468234939,S2-512060211,S2-618638266,S2-674347584,S2-691883672,S2-744713515,S2-79618483,S2-813772980,S2-890647761,S2-972873912,S2-982211219,S2-992110067,S3-123240460,S3-184163486,S3-347086826,S3-394782076
S1-47385924	S2-122293440,S2-133664622,S2-175153925,S2-206820667,S2-348990518,S2-480821739,S2-931975453,S2-939209196,S2-943601769,S2-949253578,S2-978756288,S3-128470458,S3-248959357,S3-287008822,S3-332442906,S3-384316033,S3-575021,S3-588845584,S3-621421309,S3-840242007
S1-474079345	S2-184493201,S2-693806263,S3-156135199,S3-343796388,S3-692783994,S3-793470539,S3-902873011
S1-475400585	S2-154748565,S2-156452752,S2-29302830,S2-425513728,S2-453482489,S2-468956394,S2-492836642,S2-622481215,S2-628378031,S2-738996676,S2-742088882,S2-784715242,S2-845683674,S2-9456816,S3-247456725,S3-556259417,S3-628657593,S3-764957249,S3-802389489,S3-92119383
S1-475852685	S2-103596307,S2-485062162,S2-524690385,S2-582690055,S2-644287468,S2-660149993,S2-772010362,S2-854377052,S2-993493208,S2-999705450,S3-134079003,S3-154863528,S3-496555647,S3-499205390,S3-501691503,S3-707818871,S3-776330583,S3-783003735,S3-902401757,S3-95055786
S1-476006686	S2-145889845,S2-267163368,S2-501229096,S2-537544767,S2-590906273,S2-59556650,S2-633643020,S2-653287190,S2-677079386,S2-740009891,S2-74134593,S2-796111194,S2-825948694,S2-850148712,S2-853177070,S3-157321891,S3-232823190,S3-403686554,S3-537720684,S3-750351266
S1-476093293	S2-109213024,S2-310118155,S2-536359871,S2-836190445,S3-16154425,S3-329002006,S3-397013346,S3-649836707,S3-75190163,S3-791632221,S3-903100645,S3-962793439
S1-476729941	S2-13738043,S2-188552402,S2-320492172,S2-336123169,S2-420318810,S2-475220510,S2-538868458,S2-755400375,S2-82736995,S2-834908113,S2-838431772,S2-896605287,S2-957154955,S3-509316873,S3-558115814,S3-562076041,S3-658976495,S3-860349458,S3-882596070,S3-931196009
S1-476939901	S2-112555472,S2-140201234,S2-156725250,S2-167206756,S2-173213236,S2-242608084,S2-25679689,S2-414215761,S2-42223728,S2-51291991,S2-539010081,S2-582225331,S2-588828600,S2-663049678,S2-681575605,S2-753099335,S2-902366799,S3-234227220,S3-281882511,S3-746525242
S1-476960066	S2-13970643,S2-198648166,S2-296830281,S2-309568719,S2-484680744,S2-67405801,S2-822625199,S2-880939624,S2-89371166,S2-924880473,S2-964687346,S3-184261658,S3-691573803,S3-949179098
S1-47705397	S2-212673099,S2-237561214,S2-492049127,S2-504700688,S2-570344226,S2-574124854,S2-624620610,S2-752518236,S2-86592683,S2-881527734,S2-947153697,S2-987537290,S3-30179036,S3-54483217,S3-563709941,S3-590920472,S3-600943585,S3-803092797,S3-913335598,S3-9937849
S1-477101862	S2-121472316,S2-211612895,S2-276423740,S2-404679000,S2-47409732,S2-479408335,S2-520461134,S2-601620561,S2-713475987,S2-730679980,S2-792358599,S2-951843450,S2-96221426,S2-995681846,S3-24969390,S3-429823484,S3-587934809,S3-609419399,S3-651909455,S3-894515486
S1-477119359	S2-150814682,S2-155767481,S2-182789318,S2-225037888,S2-258676677,S2-272004093,S2-300127561,S2-364546871,S2-477730535,S2-539393537,S2-59280127,S2-622773844,S2-640723488,S2-791429680,S2-803596169,S2-818696988,S2-839252781,S2-879575458,S2-945865905,S3-785540122
S1-477272907	S2-125017062,S2-201004709,S2-212069177,S2-789504087,S2-790058191,S2-790679317,S2-793585277,S2-818687100,S3-11133787,S3-189338517,S3-20719352,S3-277933598,S3-416585396,S3-428603478,S3-563889217,S3-576806508,S3-665288219,S3-858265236,S3-992001661
S1-478335648	S2-214022667,S2-336619418,S2-491552036,S2-627556061,S2-762595900,S2-832392694,S2-96512748,S2-988249849,S3-360496305,S3-427189916,S3-431745852,S3-434464481,S3-483120890,S3-56905053,S3-745719143,S3-956418124
S1-478362287	S2-166986252,S2-193586650,S2-284403157,S2-360730261,S2-374809649,S2-507893428,S2-558366994,S2-630232878,S2-753872176,S2-77458410,S2-846842010,S2-861275839,S3-304515227,S3-606280402,S3-647517646,S3-670677682,S3-753573130,S3-769936403,S3-790272203,S3-983679014
S1-478464382	S2-107389460,S2-122231250,S2-34332768,S2-479515657,S2-512382393,S2-726906183,S2-905737147,S2-954365821,S2-969060077,S2-981550471,S3-226018212,S3-271746478,S3-338192874,S3-371793249,S3-438023181,S3-493301583,S3-578030217,S3-619649704,S3-881224789,S3-969534231
S1-478475378	S2-126506454,S2-164039123,S2-256868825,S2-334403232,S2-497486406,S2-516946324,S2-584306503,S2-674862293,S2-696635067,S2-7557390,S2-814052487,S2-828872229,S2-874162453,S2-898880623,S2-907307129,S2-937072190,S2-96362128,S3-192797318,S3-581864959,S3-591945193
S1-478582966	S2-110239007,S2-186614082,S2-326094937,S2-426046760,S2-447164556,S2-59556650,S2-617757493,S2-633236997,S2-717911914,S2-742149781,S2-742893789,S2-767099508,S2-797329396,S2-837187320,S2-883293442,S2-929534934,S2-975996812,S2-982170980,S3-379314879,S3-634919142
S1-478801668	S2-181067086,S2-287965852,S2-493827213,S2-624696621,S2-957143385,S3-148923346,S3-526279711
S1-47882471	S2-329410634,S2-537254465,S2-805306727,S3-624763009,S3-658756404
S1-478844634	S2-450764313,S2-564690281,S2-604677233,S2-613526535,S2-738833436,S2-76561277,S2-808981046,S2-809338755,S2-857340303,S3-106172674,S3-152614880,S3-160656646,S3-2655187,S3-385610947,S3-409988696,S3-437594165,S3-510104994,S3-609777171,S3-760121120,S3-820101907
S1-479264105	S2-111181163,S2-153295020,S2-193982756,S2-251694915,S2-326452445,S2-36535392,S2-392531905,S2-54356365,S2-571882905,S2-623750845,S2-681381384,S2-715636506,S2-730105794,S2-819911306,S2-857937327,S2-876121021,S2-888157746,S2-913341525,S2-929934377,S3-775185747
S1-479300329	S2-150408258,S2-242965323,S2-278869075,S2-354170886,S2-51357105,S2-651292790,S2-767506520,S2-78083922,S2-789555034,S2-982439832,S3-27486981,S3-379394494,S3-488337976,S3-500299586,S3-506778190,S3-524240423,S3-566085102,S3-597660366,S3-672363484,S3-825570758
S1-479312468	S2-312805338,S2-38839585,S2-518154132,S2-697741553,S2-832575187,S2-872738270,S2-886131666,S2-886950638,S2-933108456,S3-306819534,S3-343564624,S3-386011812,S3-394203623,S3-399165201,S3-40588857,S3-480781346,S3-511813832,S3-550950007,S3-781138544,S3-998453636
S1-479354660	S2-126506454,S2-155681006,S2-164039123,S2-256868825,S2-418470591,S2-441422968,S2-497486406,S2-525859393,S2-584306503,S2-602494299,S2-610173207,S2-674862293,S2-696635067,S2-814052487,S2-874162453,S2-898880623,S2-907307129,S2-956132872,S2-96362128,S3-990177029
S1-479808359	S2-417066121,S2-598099137,S2-950624709,S3-110965025,S3-11638243,S3-295158014,S3-483421646,S3-524099729,S3-678711898,S3-699497754,S3-740573956,S3-937526441
S1-479830355	S2-266924851,S2-391277285,S2-469096762,S2-480865413,S2-634994990,S2-662829547,S2-676001136,S2-694958490,S2-77475341,S2-783194949,S2-786687739,S2-879132778,S2-887076586,S2-893222499,S3-450821651,S3-562834080,S3-674808390,S3-723516156,S3-886778920,S3-941759860
S1-479988364	S2-168368031,S2-276478634,S2-428617725,S2-455412990,S2-471376325,S2-517757570,S2-52042047,S2-795672448,S2-803599426,S2-872042738,S2-95265751,S2-975334742,S3-194278087,S3-280518905,S3-372045674,S3-438951846,S3-441335116,S3-59132038,S3-593975648,S3-85674036
S1-480223922	S2-273999815,S2-289186799,S2-29657277,S2-305783100,S2-349456263,S2-432723670,S2-502709642,S2-547504471,S2-571951923,S2-589423683,S2-715418044,S2-743691113,S2-81661580,S2-871695908,S2-87980826,S2-964319654,S2-998619333,S3-677897963,S3-727431881,S3-799301227
S1-481276670	S2-145624152,S2-577773321,S2-605846251,S2-631451351,S2-632493138,S2-671986797,S2-679366854,S2-696173201,S2-880342210,S2-921062457,S2-934168973,S3-106503162,S3-250980953,S3-568551515,S3-592303661,S3-622298915,S3-645492944,S3-748711619,S3-758211353,S3-81471343
S1-481382136	S2-105521173,S2-275995521,S2-538649199,S2-565595683,S2-943340539,S3-317559077,S3-628043221,S3-938180652
S1-481420419	S2-110011748,S2-181056636,S2-330414279,S2-574487035,S2-773196249,S2-797710875,S2-981399075,S3-277544896,S3-379483194,S3-556994312,S3-728911262,S3-749923428,S3-776851534,S3-986292117
S1-481499480	S2-892434434,S3-198888008,S3-664629547
S1-481869259	S2-302550187,S2-362447234,S2-709602225,S3-823056657
S1-482276311	S2-133818462,S2-177348709,S2-614822615,S2-654010408,S2-680375663,S2-685560380,S2-766937216,S2-829573267,S2-841362603,S2-861128429,S2-968004596,S2-998211272,S3-388687159,S3-553961643,S3-603905503,S3-742149357,S3-7513738,S3-93470749,S3-948329043,S3-972759339
S1-482363253	S2-113341203,S2-2758552,S2-571389768,S2-767135633,S2-841230240,S2-972636679,S3-243301120,S3-314817658,S3-464195298,S3-563754134,S3-642429774,S3-65746464,S3-736898216,S3-908208582,S3-9776018
S1-482473015	S2-170074241,S2-17065376,S2-222205498,S2-47830722,S2-607054537,S2-642445801,S2-650923881,S2-652381513,S2-748349171,S2-776195784,S3-39095230,S3-479107299
S1-482621141	S2-102137208,S2-114971268,S2-185537657,S2-274109622,S2-277444929,S2-288895558,S2-296830281,S2-300373097,S2-319771268,S2-504845030,S2-528320338,S2-57046353,S2-732240757,S2-772154797,S2-847408459,S2-890602252,S2-912228916,S2-978606166,S3-335159370,S3-566450810
S1-483857990	S2-126506454,S2-155681006,S2-167206756,S2-256868825,S2-370045645,S2-371312178,S2-441422968,S2-497486406,S2-525859393,S2-539010081,S2-584306503,S2-610173207,S2-681575605,S2-814052487,S2-847055518,S2-874162453,S2-892014687,S2-907307129,S2-956132872,S3-14790752
S1-48403259	S2-201170186,S2-369414870,S2-437345445,S2-768958764,S3-287551957,S3-373922607,S3-393836488,S3-450677694,S3-466674052,S3-941070880,S3-945107885
S1-484708326	S2-248154241,S2-300224705,S2-608896371,S2-662205903,S2-705276084,S2-717435033,S2-761711780,S2-874126749,S3-181635910,S3-255298254,S3-380818663,S3-38799580,S3-504158474,S3-514641802,S3-696811033,S3-707705401,S3-732283044,S3-852603802,S3-893362124,S3-961624388
S1-485548135	S2-130214557,S2-358263647,S2-439374272,S2-520678397,S2-766173940,S2-954926042,S3-222783425,S3-26501809,S3-308273355,S3-358860884,S3-723230798,S3-930515438,S3-972440505
S1-485883731	S2-201470626,S2-354041580,S2-46186660,S2-462839504,S2-549614357,S2-591056455,S2-755266348,S2-952492550,S2-994725232,S3-41462062,S3-474109156,S3-600304932,S3-631348007,S3-727191903,S3-750099055,S3-757951400,S3-85606801,S3-950067622,S3-977371555
S1-485995332	S2-129035093,S2-281355611,S2-506434152,S2-731405442,S2-863212730,S3-30337956,S3-335676086,S3-448067151,S3-483471083,S3-487291197,S3-708844377
S1-486002445	S2-314618207,S2-438363738,S2-621830421,S2-639941183,S2-964956114,S2-977886223,S3-113928595,S3-266645445,S3-285067271,S3-318595667,S3-348663731,S3-349708782,S3-485888841,S3-516923832,S3-6050127,S3-716525951,S3-749910330,S3-912931094,S3-91930394,S3-996341848
S1-486057306	S2-137609722,S2-307519120,S3-530219243,S3-629017122,S3-964414751
S1-486190377	S2-285520492,S2-379930133,S2-453343738,S2-464844498,S2-53619034,S2-67979835,S3-707037570,S3-917274214,S3-92163694
S1-48625479	S2-272707869,S2-303907719,S2-492586527,S2-557745409,S2-558588522,S2-782368618,S2-924929045,S2-960659935,S3-132895808,S3-619697107,S3-638293926,S3-652187277,S3-654032044,S3-75932127,S3-773621644,S3-998446209
S1-486527126	S2-104403960,S2-121549347,S2-296885990,S2-381785440,S2-464392430,S2-549143741,S2-584428775,S2-587945736,S2-590221606,S2-595414933,S2-704267442,S2-806777913,S2-871348455,S2-880931252,S2-988228866,S3-271206487,S3-583996248,S3-622646033,S3-85159123,S3-894824038
S1-486867376	S2-207999549,S2-244324797,S2-258613807,S2-281803835,S2-383095100,S2-532389987,S2-594439575,S2-690099524,S2-867995717,S3-141091621,S3-142611281,S3-230421058,S3-31440757,S3-456681564,S3-610826510,S3-887663945,S3-979934303
S1-487019836	S2-110610062,S2-133379329,S2-157547508,S2-189819030,S2-194206656,S2-26746986,S2-490320012,S2-566376756,S2-618606811,S2-851185635,S2-910146414,S2-989339795,S3-302736809,S3-565909273,S3-623713164,S3-633627329,S3-738675663,S3-869187772,S3-945509576,S3-965965437
S1-487238745	S2-234216055,S2-280193188,S2-329510427,S2-388406696,S2-686723516,S2-699029532,S2-754101505,S2-75579158,S2-756890612,S2-944847344,S2-967797726,S3-140571110,S3-355143851,S3-368376521,S3-419620579,S3-761349392,S3-818560738,S3-826273687,S3-838168337,S3-83877165
S1-487281271	S2-118962579,S2-181003873,S2-205186552,S2-297215873,S2-312379347,S2-330772119,S2-334734847,S2-365411286,S2-450684205,S2-464887178,S2-477873982,S2-519986526,S2-580566062,S2-606889205,S2-790215125,S2-841679250,S2-875839241,S2-879980104,S2-893074332,S3-795833003
S1-487479906	S2-253862413,S2-483480832,S2-609148966,S2-764306412,S2-772323364,S2-800959646,S2-827275925,S2-880574147,S3-25326796,S3-656477499,S3-687187929,S3-828753819,S3-841406180,S3-849314875,S3-865044079,S3-903647572,S3-998525161
S1-487735995	S2-124970234,S2-185388599,S2-200200363,S2-248267062,S2-274346059,S2-279795129,S2-482379001,S2-509764556,S2-553297806,S2-607456603,S2-730588551,S2-764236252,S2-815524559,S2-828544692,S2-844267085,S2-937072190,S2-995746647,S3-138605312,S3-498137942,S3-614810127
S1-488543375	S3-48583355,S3-593853040
S1-489071920	S2-226561316,S3-385298683,S3-58471411
S1-489485881	S2-115314774,S2-130903410,S2-136673444,S2-150527757,S2-359820757,S2-528143818,S2-644264374,S2-68483150,S2-770576876,S2-795809304,S2-803487149,S2-853275037,S2-860663461,S2-900515245,S2-908719488,S2-92469603,S2-953589233,S2-987474411,S3-472299872,S3-519758071
S1-489563855	S2-126670069,S2-138702507,S2-311198079,S2-347133115,S2-366268069,S2-407032747,S2-476083868,S2-546675809,S2-574089391,S2-770407575,S2-786533482,S2-878167058,S2-962814088,S2-993824191,S3-107784569,S3-327676250,S3-37845141,S3-435177943,S3-829229317,S3-901273781
S1-490550710	S2-140036589,S2-282908996,S2-347017935,S2-379929368,S2-406105988,S2-46771753,S2-487383344,S2-532409011,S2-544760260,S2-736022405,S2-785224323,S2-843698728,S2-94420973,S2-977762332,S3-431902626,S3-555825059,S3-649386396,S3-666108143,S3-72873666,S3-960546313
S1-490916338	S2-111911456,S2-116895353,S2-125153664,S2-145015769,S2-217254129,S2-246935360,S2-542402013,S2-552346104,S2-568882672,S2-623235077,S2-782562162,S2-809275957,S2-842907040,S2-858147794,S2-866503046,S2-948293396,S2-95424985,S2-992500269,S3-190619914,S3-249385882
S1-4918762	S2-269675468,S2-416595358,S2-489548055,S2-498484046,S2-560574953,S2-626536019,S2-726268512,S2-848506037,S2-868511583,S2-873041737,S2-927296926,S2-975567090,S3-236386668,S3-444600693,S3-462576589,S3-744677118,S3-800045262,S3-816040903,S3-852310629,S3-991463662
S1-491929472	S2-110239007,S2-186614082,S2-349416613,S2-407948015,S2-426046760,S2-500654524,S2-573805913,S2-633236997,S2-64494419,S2-695127520,S2-725319908,S2-765062079,S2-767099508,S2-797329396,S2-883293442,S2-903243837,S2-963177607,S2-990682127,S3-667473543,S3-682967634
S1-492132638	S2-164976993,S2-18635222,S2-3261389,S2-377518608,S2-523744904,S2-606740532,S2-69324380,S2-773286023,S2-801774330,S2-810476656,S2-835410474,S2-842981557,S2-917591322,S2-939986664,S2-946767984,S3-252173391,S3-403765309,S3-714873691,S3-820624631,S3-942160008
S1-492699424	S2-139611348,S2-293065883,S2-296457382,S2-56048435,S2-661140913,S2-75437241,S2-932200179,S3-127344332,S3-217360399,S3-238449299,S3-295082117,S3-422542644,S3-468693488,S3-490746450,S3-717518438,S3-734881258,S3-771736575,S3-815226732,S3-834328940,S3-93402322
S1-492930893	S2-425348204,S2-435992024,S2-821962744,S3-127241962
S1-493489990	S2-15828501,S2-172778216,S2-337462823,S2-340882825,S2-352561696,S2-363534521,S2-401408311,S2-402816908,S2-430254170,S2-605005949,S2-636879107,S2-695769315,S2-774698384,S2-776356778,S2-779405377,S2-808728262,S2-837266835,S2-846238992,S2-927370100,S3-574166936
S1-493915140	S2-150634918,S2-273999815,S2-29657277,S2-502709642,S2-556461621,S2-571951923,S2-57257373,S2-687817957,S2-69548603,S2-714865991,S2-715418044,S2-81661580,S2-871695908,S2-964319654,S2-998619333,S3-334120665,S3-511786699,S3-750582315,S3-755435268,S3-895765444
S1-494021477	S2-232219224,S2-281355611,S2-303598466,S2-38909718,S2-404901317,S2-496765251,S2-657711344,S2-853304409,S2-889900479,S2-906921519,S2-941699084,S2-945240904,S2-976109878,S3-115633847,S3-132024841,S3-172752710,S3-174015578,S3-589010985,S3-755782437,S3-760418001
S1-49423052	S2-12970251,S2-218598097,S2-249818014,S2-303148353,S2-398026526,S2-449738851,S2-509568499,S2-623705967,S2-66523922,S2-715851950,S2-784563143,S2-829070070,S2-918415407,S2-938559567,S2-948542502,S3-123277936,S3-423255944,S3-698682851,S3-771932448,S3-871896914
S1-494541950	S2-375055728,S2-419860428,S2-682371123,S3-211321885,S3-271446960,S3-402432402,S3-415260893,S3-423846809,S3-599216212,S3-667175453
S1-494637151	S2-409466234,S2-543250384,S2-675464801,S3-441836222,S3-603028118
S1-494759836	S2-133187089,S2-171652466,S2-225085900,S2-318977909,S2-342645551,S2-407012146,S2-409751632,S2-473245321,S2-476543954,S2-589013466,S2-628925789,S2-769293853,S2-791413065,S2-828612033,S2-859714351,S2-968815299,S3-109293886,S3-428015546,S3-773723169,S3-839159908
S1-494879281	S2-547034713,S2-604960443,S3-544755392
S1-495158490	S2-102248942,S2-184898378,S2-212286488,S2-285659000,S2-307634941,S2-510540757,S2-55421595,S2-57473027,S2-596446650,S2-663227434,S2-693256682,S2-699970234,S2-772323364,S2-816989315,S2-864600696,S2-942123749,S2-976881397,S3-250482077,S3-605167228,S3-78309751
S1-495305740	S2-253412037,S2-277236290,S2-335038001,S2-337103519,S2-42802754,S2-454353933,S2-598605233,S2-62736893,S2-731971794,S2-74273469,S2-80952010,S2-834738396,S2-871271894,S2-893356235,S2-931350000,S2-945339512,S2-962408077,S2-985500532,S3-341554558,S3-555041643
S1-49558821	S2-187853987,S2-30754553,S2-34644977,S2-399883790,S2-408865400,S2-420631651,S2-445846380,S2-537121275,S2-555095448,S2-585118112,S2-631521974,S2-726354164,S2-928003558,S3-106193820,S3-297244661,S3-319987864,S3-38868429,S3-504951107,S3-765883289,S3-925285840
S1-495834790	S2-115888713,S2-199924387,S2-344308178,S2-40909747,S2-760323383,S2-95443971,S3-25921797,S3-462297856,S3-825330849
S1-496344377	S2-116130717,S2-148466906,S2-323685279,S2-357050180,S2-369826068,S2-446871083,S2-448517406,S2-452492733,S2-486196502,S2-57239359,S2-635164147,S2-822977276,S3-11307910,S3-122836633,S3-428020321,S3-496394605,S3-510400674,S3-748281818,S3-816040903,S3-889964710
S1-497196851	S2-101477388,S2-173613154,S2-273993511,S2-317848485,S2-353490425,S2-482452040,S2-493730592,S2-512145995,S2-517140140,S2-557152251,S2-631555257,S2-689151299,S2-732141338,S2-763329945,S2-855275213,S2-883194048,S2-899773860,S3-298072626,S3-386273801,S3-50745530
S1-497276023	S2-151648277,S2-266911185,S2-475208284,S2-491673309,S2-510966715,S2-597587140,S2-770751342,S2-821933889,S2-903592151,S2-944147628,S2-951194915,S2-96512748,S3-329589334,S3-356305636,S3-508373297,S3-635194482,S3-787174779,S3-883992390,S3-893808215,S3-903130701
S1-497314833	S2-104638783,S2-246141135,S2-313972714,S2-325716350,S2-542682637,S2-719666860,S2-755648314,S3-444080124,S3-53178265
S1-497341402	S2-163321556,S2-443056054,S2-519903945,S2-824949229,S2-91485462,S2-942555848,S3-173260123,S3-238033204,S3-369035856,S3-412881910,S3-418284170,S3-452675423,S3-68092944,S3-714580977,S3-869716589,S3-960746230
S1-498276302	S2-163627906,S2-192330443,S2-198039871,S2-356806936,S2-384220716,S2-423923505,S2-448967653,S2-51088277,S2-534814066,S2-593940594,S2-625337300,S2-667267135,S2-684521067,S2-723988788,S2-839675956,S2-853277837,S2-921287883,S3-427968582,S3-58081838,S3-614414507
S1-498857162	S2-25933575,S2-428861135,S2-621473485,S2-638803013,S2-640493688,S2-688142618,S2-757543295,S2-792895602,S2-841137821,S2-918566040,S2-981744957,S3-115611516,S3-183785862,S3-234931047,S3-533052842,S3-615929632,S3-741321466,S3-833811615,S3-919985954,S3-990303879
S1-498937787	S2-279085239,S2-284104627,S2-298602654,S2-299436069,S2-404055348,S2-498724162,S2-528308438,S2-561208822,S2-6412284,S2-642913266,S2-771412413,S2-862492525,S2-918766216,S2-980743302,S3-428302556,S3-753310750,S3-787111505,S3-799788585,S3-891855608,S3-932289505
S1-499065171	S2-199141006,S2-230700680,S2-275274403,S2-305666391,S2-316871270,S2-370665662,S2-629591811,S2-81308229,S3-192075537,S3-237031504,S3-261252573,S3-285521292,S3-425579977,S3-578826797,S3-61992185,S3-625968,S3-634019058,S3-653366196,S3-943165953,S3-95049266
S1-499855366	S2-612137673,S2-686723516,S2-717657453,S2-890517792,S3-181989176,S3-418835231,S3-858018885
S1-500178832	S2-511523373,S2-838724627,S3-519340510,S3-595538546,S3-691435728
S1-500785610	S2-102704852,S2-154655572,S2-155681006,S2-296385109,S2-321398182,S2-333018724,S2-349303228,S2-380483491,S2-502866969,S2-548013778,S2-551502726,S2-562839435,S2-622624356,S2-66324473,S2-822504612,S2-838577490,S2-874162453,S3-205580308,S3-593119739,S3-808496544
S1-500844858	S2-216761583,S2-343316196,S2-473016541,S2-482144012,S2-714897144,S2-72416616,S2-843469949,S3-134594626,S3-791922928,S3-827586277,S3-915553637
S1-501192069	S2-114081967,S2-228344851,S2-321877910,S2-408007392,S2-490320012,S2-524651056,S2-5540165,S2-558810485,S2-561420173,S2-714505855,S2-728143975,S2-760074449,S2-763983898,S2-783860213,S2-813441894,S2-873164426,S2-895618236,S2-942903224,S3-889060247,S3-993483803
S1-50124292	S2-114801328,S2-148683077,S2-187593824,S2-225712890,S2-242059797,S2-247341171,S2-322753932,S2-38173387,S2-458680931,S2-507401631,S2-564777969,S2-605734275,S2-939010994,S2-945636903,S2-987414512,S3-27933425,S3-541506098,S3-805347792,S3-874715964,S3-948466849
S1-501870388	S2-102286733,S2-132169083,S2-268190132,S2-308126862,S2-327522800,S2-344308178,S2-349267854,S2-413096427,S2-453815703,S2-469596254,S2-496500351,S2-511555488,S2-575251712,S2-804581722,S2-87483036,S3-232475819,S3-249312713,S3-595115560,S3-69685134,S3-716221630
S1-501995842	S2-144554380,S2-226654105,S2-366219457,S2-592164803,S2-913136835,S3-443666338,S3-494947480,S3-690488965
S1-502476311	S2-155159431,S2-186299069,S2-196741372,S2-222211821,S2-495743104,S2-574871128,S2-841394108,S2-926118408,S3-311870926,S3-418204799,S3-455875429,S3-55056988,S3-556912037,S3-64551759,S3-679152021,S3-745322865,S3-825661713
S1-502582749	S2-103466554,S2-147619555,S2-331642939,S2-441758107,S2-464266370,S2-515796690,S2-530880857,S2-589210815,S2-671769570,S2-691089241,S2-698746952,S2-722559992,S2-864072799,S2-914577103,S3-182523924,S3-240551571,S3-591733623,S3-641694435,S3-916573867,S3-93641939
S1-502819348	S2-126506454,S2-137246971,S2-155681006,S2-381676404,S2-441422968,S2-525859393,S2-535965939,S2-584306503,S2-674862293,S2-814052487,S2-874162453,S2-907307129,S2-963844769,S3-133728082,S3-165090670,S3-258020557,S3-414811734,S3-720333495,S3-969461973,S3-985816124
S1-502951356	S2-620478753,S2-919469174,S3-181913509,S3-284924711,S3-397121145,S3-827973783
S1-503107855	S2-111192912,S2-37944304,S2-436282991,S2-497131933,S2-503829652,S2-515581965,S2-579633576,S2-607456603,S2-82544670,S2-894456280,S2-937072190,S2-938955832,S3-201511241,S3-212145591,S3-423846422,S3-536557916,S3-539742177,S3-618089819,S3-668313247,S3-715077649
S1-503726622	S2-344767729,S2-475170125,S2-887066905,S3-132139322,S3-15209528,S3-238340552,S3-277174993,S3-292475921,S3-304581702,S3-307030196,S3-325523149,S3-520785397,S3-777984072,S3-919253189,S3-958804540
S1-50397671	S2-140692983,S2-213808713,S2-218449904,S2-262688206,S2-397569691,S2-68875511,S3-229769148,S3-261391066,S3-332635967,S3-384365415,S3-406009851,S3-703436131,S3-779869325,S3-802595405,S3-874980615
S1-504039876	S2-192596768,S2-355459398,S2-587529231,S2-657930119,S2-692182388,S2-723956284,S2-766445983,S2-803226819,S2-893222499,S2-98198591,S3-215918343,S3-307736579,S3-368317788,S3-384990186,S3-390223587,S3-439043205,S3-463534703,S3-886719039,S3-93704936,S3-959990185
S1-50425505	S2-124004347,S2-168137370,S2-199687885,S2-264484989,S2-318528393,S2-444776195,S2-848506037,S2-871830923,S2-88789498,S2-9617821,S2-973134574,S3-255846010,S3-323565942,S3-563715796,S3-582423226,S3-589149301,S3-766449303,S3-898421921
S1-504331452	S2-112858372,S2-114606790,S2-227417350,S2-251752267,S2-488789411,S2-515027313,S2-56326476,S2-625308131,S2-647493914,S2-663105160,S2-714478604,S2-730242141,S2-869600001,S2-904044579,S2-941632499,S3-296317418,S3-406757994,S3-438023181,S3-589089722,S3-630609559
S1-504448361	S2-136016876,S2-18771302,S2-672844920,S2-915703826,S3-315423069,S3-715434423,S3-720357534,S3-919191334
S1-504915373	S2-203158054,S2-471166030,S2-53665849,S2-548771393,S2-709426534,S2-862775293,S3-323870513,S3-607135608,S3-673466952,S3-764565144,S3-974247300
S1-504975156	S2-11100515,S2-180254937,S2-27171655,S2-362717442,S2-453685980,S2-503048625,S2-764760426,S2-791613827,S2-832640462,S3-132310350,S3-18249863,S3-305598737,S3-337158223,S3-343120301,S3-497129584,S3-58327831,S3-627619807,S3-669515396,S3-897577695,S3-914281820
S1-505331818	S2-190660027,S2-252816537,S2-760880556,S2-799402582,S2-940136621,S2-978200106,S3-156366354,S3-178738225,S3-212631198,S3-218349729,S3-245878259,S3-307301526,S3-357023967,S3-407152432,S3-498212762,S3-55034940,S3-56905053,S3-812841669,S3-853428901,S3-853947373
S1-505399756	S2-157756352,S2-224353865,S2-341505297,S2-520221064,S2-683098771,S3-373569420,S3-599298489
S1-505461326	S2-166606349,S2-192635632,S2-286201851,S2-290216921,S2-328308841,S2-409504658,S2-556383672,S2-558654912,S2-580815414,S2-600433897,S2-715503529,S2-767018785,S2-772551822,S2-775168980,S2-804464442,S2-808694908,S2-955876448,S2-998619333,S3-374957171,S3-654274312
S1-505475964	S2-153258175,S2-203963465,S2-212149820,S2-232219224,S2-356532156,S2-384219063,S2-63801241,S2-706168001,S2-793627380,S2-831117180,S2-835256551,S2-868563454,S2-879019234,S2-889223277,S2-957382655,S2-992175639,S3-181423519,S3-218227097,S3-788751677,S3-91992900
S1-505677998	S2-261063128,S2-456462661,S3-214436839,S3-890813507
S1-506224240	S2-213670559,S2-219736692,S2-364000174,S2-442447046,S2-520065071,S2-890423795,S2-917743892,S3-315734162,S3-469547314,S3-598842608,S3-811952583,S3-946554148
S1-506410354	S2-114971268,S2-180447643,S2-201089624,S2-277444929,S2-370549501,S2-442062682,S2-453846998,S2-465280450,S2-57046353,S2-698436260,S2-70236447,S2-740567996,S2-847408459,S2-965399023,S2-978606166,S3-343009930,S3-443948595,S3-454380886,S3-576518467,S3-969145106
S1-50647263	S2-129689784,S2-185513987,S2-199622369,S2-250366198,S2-398832781,S2-422510029,S2-443538808,S2-486232750,S2-493532176,S2-555028725,S2-57391451,S2-603130989,S2-723291260,S2-995265148,S3-362030854,S3-511565885,S3-815388872,S3-832956444,S3-842136421,S3-938519874
S1-506746615	S2-113200953,S2-336381346,S2-364780399,S2-468078612,S2-623686856,S2-827203140,S2-954857805,S3-296647945,S3-361932671,S3-523728448,S3-657552215,S3-702050618
S1-506989006	S2-515399249,S2-590033229,S2-611944293,S3-274203430,S3-296317418,S3-315227796,S3-397636012,S3-516939693,S3-606774905,S3-740711241,S3-799995121,S3-978907009
S1-507148421	S2-121549347,S2-138043295,S2-29692158,S2-381785440,S2-400132919,S2-444271008,S2-49461175,S2-681384833,S2-683539102,S2-736654053,S2-81426854,S2-814565512,S2-846535978,S2-9255512,S2-96961085,S2-97346546,S2-988228866,S3-200947384,S3-286412768,S3-423721643
S1-507922423	S2-220833983,S2-322621521,S2-580336562,S2-810790077,S2-934808934,S3-615008429,S3-784906945
S1-508005727	S2-242223385,S3-264353850,S3-498199707,S3-702553560
S1-508149887	S2-154397073,S2-161592048,S2-217933559,S2-355281881,S2-452208391,S2-494193597,S2-519912199,S2-600711151,S2-603160684,S2-666612729,S2-677255764,S2-699292350,S2-761037233,S2-830797725,S2-840291057,S2-844342057,S2-93542945,S2-955625648,S2-991843540,S2-996569294
S1-508462250	S2-108511329,S2-192818734,S2-209726399,S2-314783331,S2-332903939,S2-346228668,S2-601145417,S2-636409341,S2-680159084,S2-691578119,S2-720782740,S2-760313958,S2-795706136,S2-801559396,S2-881452548,S2-902059616,S2-983509438,S3-421854912,S3-448678413,S3-691058260
S1-509212696	S2-167426364,S2-185709139,S2-249019935,S2-25933575,S2-284225538,S2-35923966,S2-402719477,S2-527521763,S2-609610674,S2-61232461,S2-663143039,S2-679646694,S2-694875222,S2-779295789,S2-799792964,S2-827313615,S2-898178912,S3-251533392,S3-656725017,S3-960994535
S1-509301450	S2-103156310,S2-126506454,S2-155681006,S2-256868825,S2-447541797,S2-497486406,S2-516946324,S2-517966898,S2-525859393,S2-66316865,S2-696635067,S2-814052487,S2-828872229,S2-874162453,S2-896572480,S2-935533753,S2-947405146,S2-956132872,S2-96362128,S3-405251496
S1-509362390	S2-122018059,S2-235039028,S2-238257070,S2-314481641,S2-331133074,S2-444139007,S2-562497096,S2-579569398,S2-622087557,S2-638937420,S2-650221425,S2-894313135,S2-895297966,S2-919469174,S2-926723118,S2-959518463,S3-232654744,S3-506754633,S3-822840429,S3-926031154
S1-509535281	S2-179921948,S2-327181222,S2-503552861,S2-71403665,S2-880574147,S3-344709900,S3-600040402,S3-966120076
S1-509740111	S2-189369869,S2-382115578,S2-403364722,S2-481889816,S2-491093179,S2-542602090,S2-613241838,S2-689691524,S2-694385723,S2-724846527,S2-777826651,S2-790721694,S2-806069321,S2-83801314,S3-186656652,S3-360871824,S3-484196554,S3-669376689,S3-773448585,S3-83836442
S1-509825725	S2-13001610,S2-16742299,S2-256868825,S2-328945826,S2-395271825,S2-441422968,S2-497486406,S2-552346104,S2-557596520,S2-570348003,S2-627030102,S2-685736188,S2-696635067,S2-848645265,S2-874162453,S2-900867934,S2-96362128,S3-122199141,S3-311994751,S3-586421691
S1-509940948	S2-111262131,S2-154334183,S2-196635735,S2-196924112,S2-204301831,S2-217396768,S2-393629406,S2-398233235,S2-425405131,S2-530423725,S2-56048435,S2-569860965,S2-776754812,S2-816989315,S2-864873698,S2-877479417,S2-882819261,S2-900424122,S2-931785818,S3-391961192
S1-510296298	S2-167358981,S2-199011759,S2-248573642,S2-401378044,S2-533924890,S2-696620232,S2-728351000,S2-770469861,S3-119724795,S3-123929282,S3-128818352,S3-142779788,S3-228456619,S3-248425494,S3-252636277,S3-262000499,S3-359337613,S3-510558550,S3-897038161,S3-942807317
S1-510394393	S2-499275084,S2-534581734,S2-629922608,S2-639590499,S2-831270192,S2-869625216,S3-170317357,S3-211016736,S3-250590475,S3-42344139,S3-595134643,S3-822260629
S1-510696580	S2-285520492,S2-46703856,S2-53619034,S2-53773768,S2-552868200,S2-58260214,S2-633301797,S2-707136681,S2-847408459,S3-224059407,S3-26990204,S3-414464483,S3-418381400,S3-489195900,S3-526805622,S3-643378715,S3-746436539,S3-845882332,S3-886688931,S3-981342577
S1-510910229	S2-555873106,S2-589108263,S3-247048635,S3-391963647,S3-397909915,S3-440375966,S3-83781852,S3-910657009
S1-511288785	S2-129316153,S2-143232725,S2-183809326,S2-232945113,S2-248915448,S2-259747487,S2-265603128,S2-310653211,S2-369177020,S2-523026800,S2-548400968,S2-556543773,S2-565519778,S2-665661740,S2-791699751,S2-84619752,S2-891325970,S2-958748878,S3-109219497,S3-951833178
S1-511531095	S2-132663009,S2-171100423,S2-337874846,S2-351547499,S2-421078322,S2-467121958,S2-472549533,S2-475820176,S2-557236326,S2-560657608,S2-587381188,S2-628011193,S2-717368863,S2-727344061,S2-741298163,S2-84805581,S2-863652256,S2-877014045,S2-914673196,S3-775364305
S1-512026719	S2-220948169,S2-224869315,S2-325180706,S2-350985725,S2-517757570,S2-533183444,S2-551353044,S2-583111097,S2-655877038,S2-717449271,S2-735378655,S2-757209949,S2-774697496,S2-790790300,S2-820079347,S2-924946907,S2-975334742,S3-31616462,S3-57682212,S3-63845638
S1-512101577	S2-286020093,S2-372040981,S2-395046384,S2-423945789,S2-434511737,S2-465311792,S2-49107732,S2-645795271,S2-834283261,S2-882346867,S2-917122044,S2-934328563,S2-935901900,S3-324507328,S3-356238971,S3-381187996,S3-60493242,S3-626220574,S3-672695820,S3-690527365
S1-51365475	S2-103249097,S2-168958761,S2-242380548,S2-331535598,S2-332758205,S2-371188945,S2-423606381,S2-682814350,S2-699928990,S2-719187484,S2-820530357,S2-826627074,S2-835441368,S2-88188079,S2-909935981,S2-946294360,S2-968252585,S2-980786220,S3-420072314,S3-751162050
S1-51428083	S2-194493885,S2-237713303,S2-26756651,S2-463758786,S2-519989815,S2-604393460,S2-730378897,S2-791671393,S3-125884276,S3-342574574,S3-37621255,S3-510335400,S3-572018958,S3-634336256,S3-64671877,S3-744319925,S3-9305700,S3-937221179,S3-975653647
S1-514455625	S2-159064454,S2-197696225,S2-22257325,S2-300451593,S2-386690759,S2-592335494,S2-619282421,S2-620734885,S2-651423690,S2-686251531,S2-801751736,S2-886247443,S2-926047574,S3-272692931,S3-499028395,S3-628142805,S3-778374264,S3-926446314,S3-950420522,S3-95920060
S1-514713560	S2-159918016,S2-289653866,S2-332850880,S2-333543952,S2-452952321,S2-56744275,S2-698434686,S2-731936604,S2-877583472,S3-125600199,S3-173097044,S3-17639430,S3-315279368,S3-327831484,S3-390675373,S3-431436183,S3-431581243,S3-555267339,S3-643204826,S3-787846724
S1-514908538	S2-486792658,S2-541663524,S3-42484426,S3-785690890
S1-516588059	S2-117340400,S2-118711492,S2-224980295,S2-225137710,S2-245024186,S2-284501015,S2-391886434,S2-409657574,S2-476070639,S2-481254808,S2-548296657,S2-597540516,S2-662947850,S2-731682240,S2-735983239,S2-865745597,S2-91984199,S3-202084154,S3-696520372,S3-704199405
S1-516897404	S2-170548497,S2-211126789,S2-284439219,S2-287188667,S2-410312937,S2-427850625,S2-437152438,S2-503956565,S2-520982551,S2-535061876,S2-616375903,S2-620446219,S2-625682061,S2-642728852,S2-681546007,S2-920403124,S2-995335581,S3-10388364,S3-44996030,S3-839142494
S1-517215907	S2-115409222,S2-16801220,S2-470556861,S2-55215136,S2-583842572,S2-628157957,S2-648381005,S2-729954343,S2-783229110,S2-837561448,S3-154688762,S3-190596250,S3-236140634,S3-354975667,S3-357952626,S3-53474765,S3-763105583,S3-840755272
S1-518037571	S2-10950521,S2-196668169,S2-198142872,S2-394926296,S2-557457136,S2-558560692,S2-560889793,S2-841689006,S3-177115168,S3-302483285,S3-551037408,S3-668964401,S3-697648359,S3-724317392,S3-737011364
S1-518461585	S2-20546648,S2-891051005,S2-950526797,S3-287739477,S3-720761378,S3-824821338
S1-518811870	S2-194885385,S2-20458509,S2-304133598,S2-390711363,S2-45480428,S2-566194399,S2-67703868,S2-691269966,S2-749031897,S2-882206605,S2-958101889,S3-13649850,S3-527394281,S3-573699674,S3-745492642,S3-885778203
S1-518857366	S2-116518353,S2-175263301,S2-319179370,S2-356438396,S2-842931845,S2-953657750,S3-138402567,S3-369979522,S3-514619147,S3-690706825,S3-71120317,S3-759101778,S3-788071661
S1-519147988	S2-247839308,S2-369801467,S2-469968567,S3-281064859,S3-696487442,S3-795143873,S3-976264241
S1-519591817	S2-100842773,S2-179213874,S2-238257070,S2-254277016,S2-263930722,S2-276478634,S2-314481641,S2-331954526,S2-424790295,S2-437914811,S2-444139007,S2-562497096,S2-73502247,S2-758960021,S2-840528380,S2-889223277,S2-894313135,S2-900573110,S2-959518463,S2-98013069
S1-520285781	S2-230547762,S3-108430562,S3-680226993,S3-799514174
S1-520697068	S2-101094440,S2-215816278,S2-305248041,S2-363779880,S2-371200780,S2-407494984,S2-484557188,S2-497606378,S2-552033015,S2-552487507,S2-659432679,S2-762383502,S2-794412447,S3-50509157,S3-545474998,S3-717257569,S3-870850326,S3-946721202
S1-520917483	S2-116176721,S2-130549409,S2-149056174,S2-159670832,S2-170054977,S2-253799125,S2-280435218,S2-436838908,S2-567768905,S2-643916895,S2-664148958,S2-768716535,S2-901433670,S2-909519831,S2-937509955,S2-939008239,S3-469956061,S3-545217836,S3-628230226,S3-699184135
S1-521254062	S2-187777854,S2-187962585,S2-249708234,S2-263800130,S2-334697527,S2-480567047,S2-49938416,S2-549237557,S2-656709219,S2-709060721,S2-782471142,S2-806093934,S3-56115177,S3-657154075,S3-714706386,S3-787361741,S3-81677858,S3-847181660,S3-882938133,S3-988364181
S1-521662861	S2-1209589,S2-149663258,S2-152411138,S2-238463399,S2-247247862,S2-303496949,S2-304685759,S2-403241433,S2-419703205,S2-421959664,S2-446464109,S2-452429687,S2-461145283,S2-47243310,S2-52869504,S2-557178247,S2-613741067,S2-62290647,S2-665463193,S2-69730118
S1-522453190	S2-137792071,S2-345807419,S2-451190891,S2-476342090,S2-493601144,S2-599383410,S2-636663664,S2-76493060,S2-977796291,S3-25238211,S3-331411928,S3-449374684,S3-494314974,S3-605286613,S3-624778239,S3-689621574,S3-769101677,S3-78614365,S3-905135036,S3-974661014
S1-522478526	S2-142065531,S2-260193085,S2-349796986,S2-378631872,S2-423915641,S2-50081355,S2-507152762,S2-572282104,S2-594414847,S2-703771002,S2-73050521,S3-2471782,S3-281445220,S3-325312344,S3-363724515,S3-586953023,S3-739921520,S3-842159804
S1-522730253	S2-106786082,S2-207493658,S2-227083806,S2-237895533,S2-246676918,S2-452973108,S2-588285167,S2-593645591,S2-596520145,S2-667274253,S2-806523322,S2-872312323,S2-879330978,S2-947481671,S2-953098128,S3-117943230,S3-511917869,S3-966369596,S3-96822552,S3-994865743
S1-52313316	S2-108583276,S2-159376061,S2-177386827,S2-401417009,S2-462958409,S2-511935033,S2-625328255,S2-897684307,S2-982919161,S3-250091945,S3-378184713,S3-449949289,S3-543825402,S3-615069343,S3-7071467,S3-77145525
S1-523641461	S2-103908855,S2-14068945,S2-180539860,S2-334060084,S2-33746384,S2-432522197,S2-436126526,S2-445671628,S2-494636322,S2-53030812,S2-534274444,S2-556993208,S2-702946115,S2-712344256,S2-742812958,S2-803060741,S2-906367384,S2-997910326,S3-401589450,S3-494896379
S1-523999285	S2-113842848,S2-138565051,S2-173342241,S2-247201763,S2-277904285,S2-292345315,S2-380352566,S2-396925921,S2-433317994,S2-582640928,S2-585927314,S2-686126703,S2-773208378,S2-774675260,S2-776702568,S2-789296428,S2-939878921,S2-992401374,S3-193530360,S3-764292105
S1-52436913	S2-112539575,S2-165705858,S2-312526178,S2-342163294,S2-356223527,S2-372452556,S2-395629639,S2-44710657,S2-535267261,S2-556022732,S2-693536582,S2-734878990,S2-739208908,S2-895432381,S2-897389883,S2-976851543,S3-206467805,S3-372863300,S3-629051214
S1-524739153	S2-316880386,S2-363154872,S2-43889792,S2-485668522,S2-546920738,S2-657590038,S2-97448326,S2-980994048,S3-229077036,S3-298474157,S3-304726387,S3-311989137,S3-534864429,S3-639073046,S3-757463402,S3-757951400,S3-840003502,S3-856667057,S3-889635438,S3-953476784
S1-524838951	S2-132531751,S2-204845442,S2-227892166,S2-316157849,S2-541176685,S2-648012514,S2-776222621,S2-807177950,S2-84346183,S2-873041737,S3-166231793,S3-303066305,S3-331765879,S3-470936194,S3-496785125,S3-516953219,S3-553690242,S3-713060806,S3-846076854,S3-993679258
S1-524888117	S2-116863611,S2-126761070,S2-133399775,S2-15919698,S2-190976167,S2-203962033,S2-209869827,S2-248784624,S2-297926954,S2-329838482,S2-346604707,S2-353916808,S2-363154872,S2-390705356,S2-5568643,S2-677563863,S2-728570647,S2-959566926,S2-994698031,S3-693033857
S1-52514848	S2-157564986,S2-201826651,S2-324803431,S2-360458964,S2-374123528,S2-374521955,S2-548580277,S2-551679176,S2-576107738,S2-605929562,S2-613019176,S2-802488403,S2-831793066,S2-835052671,S2-902700144,S2-959548294,S2-973057450,S3-38372235,S3-636021729,S3-722215203
S1-525370832	S2-218333893,S2-334666540,S2-435376880,S2-437592986,S2-461782717,S2-477841083,S2-486281718,S2-529841486,S2-784118903,S2-902392436,S2-910839611,S2-964921883,S3-115495517,S3-144160223,S3-316302368,S3-437226051,S3-486677804,S3-729325224,S3-81207642,S3-813661911
S1-525793567	S2-158902765,S2-293104526,S2-336338996,S2-369127255,S2-473358008,S2-593628794,S2-759589362,S2-835441368,S2-861432338,S2-877549475,S2-959049552,S3-344924014,S3-413623444,S3-506417967,S3-507397691,S3-664629547,S3-776466162,S3-795374715,S3-802450176,S3-883319928
S1-526360798	S2-112723777,S2-291865461,S2-497793569,S2-621086793,S2-625798224,S2-804408295,S2-851344341,S2-922504636,S2-980539465,S2-990550346,S3-283749772,S3-289191412,S3-311979299,S3-414418981,S3-77756373,S3-812958815,S3-981528429
S1-526536568	S2-121022250,S2-306417504,S2-375921441,S2-407963448,S2-451325879,S2-466313790,S2-55950137,S2-57929088,S2-616259281,S2-6274383,S2-639451164,S2-674414199,S2-676808666,S2-734808407,S2-861280410,S2-943709574,S3-468795691,S3-654550161,S3-745172562,S3-797831831
S1-527124503	S2-102791588,S2-120404389,S2-149711897,S2-150370226,S3-21644750,S3-228877953,S3-272341976,S3-273986641,S3-753214082,S3-908166433
S1-52739074	S2-150153842,S2-153258175,S2-212149820,S2-232219224,S2-356532156,S2-383822500,S2-384219063,S2-420967895,S2-517503876,S2-52579303,S2-587775967,S2-595963334,S2-63801241,S2-706168001,S2-831117180,S2-835256551,S2-868563454,S2-879019234,S3-725632649,S3-879459665
S1-527507842	S2-348975730,S2-412024214,S2-56864149,S2-869786399,S3-15521891,S3-999677550
S1-527578795	S2-127378828,S2-375734344,S2-753075772,S2-869324842,S3-173598665,S3-219345195,S3-232503566,S3-234624029,S3-319505734,S3-334741027,S3-450191381,S3-672209553,S3-757626605,S3-762177704,S3-766044373,S3-833897708,S3-841209318,S3-888196876,S3-903690137,S3-933814336
S1-527895018	S2-325820134,S3-973409089
S1-528797833	S2-151879215,S2-174703910,S2-200396547,S2-354146575,S2-422005101,S2-422734498,S2-486941957,S2-540311346,S2-696843601,S2-704827625,S3-297021156,S3-768354009,S3-9063447
S1-528820899	S2-587127612,S2-599945031,S2-675422407,S2-847116454,S2-863198881,S2-927805200,S3-404975600,S3-441964081,S3-485518006,S3-533658614,S3-597352721,S3-740286911,S3-777115720,S3-788624238,S3-84114297,S3-902624764,S3-913532332,S3-914315102
S1-529055721	S2-126411084,S2-170548497,S2-180292031,S2-257460141,S2-284439219,S2-345313911,S2-362105495,S2-400214437,S2-404347412,S2-427850625,S2-580277029,S2-616375903,S2-620446219,S2-625682061,S2-681546007,S2-855607733,S2-920403124,S2-995335581,S3-208687013,S3-893899863
S1-529280685	S2-146892719,S2-303327441,S2-520205401,S2-564149832,S2-571444972,S2-700428441,S2-714440796,S2-723412592,S2-780396032,S2-89906125,S2-919402587,S2-974002639,S3-246385569,S3-292041775,S3-324536147,S3-569747762,S3-596150428,S3-740021582,S3-790908537,S3-875649432
S1-529593062	S2-179427279,S2-180299877,S2-202860868,S2-280355228,S2-460411206,S2-637734837,S2-643380592,S2-651611393,S2-793749751,S2-844735754,S2-870090299,S2-886553223,S2-934524788,S2-955679080,S3-185204138,S3-212089764,S3-369810577,S3-675087543,S3-682561420,S3-947720993
S1-529685324	S2-115642019,S2-275208775,S2-459421608,S2-482965691,S2-517668630,S2-547274941,S2-578129330,S2-750070126,S2-808715382,S2-858525068,S2-944772275,S2-994088655,S3-213652300,S3-417373558,S3-512815941,S3-530281416,S3-531066512,S3-740106696,S3-835052299,S3-998413426
S1-529929587	S2-101077577,S2-251270580,S2-280945683,S2-313697682,S2-35548262,S2-459018782,S2-474753164,S2-573795106,S2-582932642,S2-724273139,S2-75894555,S2-792751444,S2-827203140,S2-851999011,S2-938508012,S2-952760058,S2-953860617,S2-984055381,S3-239779126,S3-825683850
S1-52992974	S2-155086154,S2-196015977,S2-388088551,S2-39909410,S2-472879741,S2-479003126,S2-683903255,S2-799353940,S2-802157748,S2-862953599,S2-916871057,S2-973608133,S3-191968837,S3-236642400,S3-37341697,S3-377610793,S3-56323051,S3-57497849,S3-61623021,S3-760808873
S1-530662368	S2-210790054,S2-274394854,S2-337266716,S2-651922803,S2-676181625,S2-688182355,S2-694421827,S2-748675886,S3-465817903,S3-720953475
S1-530860804	S2-226167207,S2-383115169,S2-402548315,S2-441422968,S2-497486406,S2-516946324,S2-525859393,S2-610173207,S2-674862293,S2-683588684,S2-696635067,S2-814052487,S2-820471246,S2-828872229,S2-874162453,S2-911154739,S2-944038780,S2-956132872,S2-96362128,S3-391690234
S1-531173188	S2-176871458,S2-195930547,S2-221739123,S2-334286361,S2-392896073,S2-411902701,S2-450847341,S2-569515778,S2-598903790,S2-626907968,S2-634770470,S2-658980407,S2-690532976,S2-721443742,S2-730591902,S2-876951170,S2-917950737,S2-947318362,S3-157927939,S3-530677109
S1-531195041	S2-152632978,S2-587027861,S2-886359416,S3-102683694,S3-228451820,S3-232672269,S3-358124255,S3-824452
S1-531223549	S2-140036589,S2-18124353,S2-200267070,S2-262784180,S2-282390486,S2-282908996,S2-347017935,S2-361230651,S2-406105988,S2-46771753,S2-487383344,S2-514714174,S2-532409011,S2-540931339,S2-544760260,S2-570790678,S2-609461349,S2-815783446,S2-823414994,S2-977762332
S1-531347465	S2-194390312,S2-200074362,S2-209019917,S2-382653490,S2-454977828,S2-685677244,S2-942493091,S3-123292466,S3-132358158,S3-228261457,S3-26331081,S3-362938466,S3-505065877,S3-59133681,S3-708630133,S3-723226670,S3-743740413,S3-845819832,S3-955017102,S3-963327531
S1-53157842	S2-424222179,S2-542700608,S3-325175646
S1-533164068	S2-223693532,S2-362698164,S2-391922062,S2-629200756,S2-634421838,S2-873959444,S3-175600997,S3-302591797,S3-750910724
S1-533237796	S2-136283643,S2-153259700,S2-184309677,S2-1956528,S2-348289362,S2-372902301,S2-433588130,S2-450847341,S2-546889107,S2-650376618,S2-862016792,S2-876678433,S2-887539358,S2-977594573,S2-983169327,S3-126318239,S3-160177898,S3-204376219,S3-923254453,S3-997248299
S1-533738730	S2-313291466,S2-359341681,S2-401829422,S2-444101770,S2-473878191,S2-477841083,S2-516282903,S2-528225733,S2-598194276,S2-650865764,S2-677112745,S2-680375663,S2-763978260,S2-812397224,S2-858484587,S2-924470584,S2-931648865,S2-955928608,S2-995896579,S3-459020673
S1-533796472	S2-117441379,S2-314165942,S2-318025254,S2-898599389,S2-898605015,S3-215374214,S3-228279939,S3-276689919,S3-324489568,S3-355283260,S3-411174444,S3-476529711,S3-838967207,S3-913422380
S1-533936918	S2-109387539,S2-15025788,S2-258735892,S2-377957995,S2-429748049,S2-493986716,S2-515193652,S2-565106345,S2-641100149,S2-643380592,S2-731662359,S2-793749751,S2-873717113,S2-886553223,S2-89176478,S2-950589172,S2-962091361,S2-994074837,S3-558795526,S3-785406929
S1-534183377	S2-215381850,S2-245746696,S2-274307379,S2-284117033,S2-447933267,S2-76522298,S2-924092320,S3-111137660,S3-12911761,S3-217421183,S3-236799470,S3-284514054,S3-491577549,S3-501407043,S3-554899827,S3-784806060
S1-534233986	S2-121170903,S2-159289810,S2-166319695,S2-207803832,S2-241868453,S2-250316100,S2-265591149,S2-341187488,S2-453308379,S2-471852141,S2-543408145,S2-555388659,S2-670948516,S2-824072170,S2-825374035,S2-874069779,S2-97510030,S3-32970244,S3-365231906,S3-418093121
S1-534399135	S2-10754052,S2-110550221,S2-226658215,S2-348967666,S2-409908460,S2-425706457,S2-560445859,S2-594752602,S2-724208538,S2-811366167,S2-878653508,S2-88847209,S3-115448409,S3-141612776,S3-280141820,S3-583655530,S3-633316142,S3-792687323,S3-859783672,S3-919815876
S1-534901198	S2-189369869,S2-403364722,S2-491093179,S2-521928900,S2-542602090,S2-630645813,S2-63073307,S2-645607753,S2-654206738,S2-694385723,S2-731461355,S2-777826651,S2-945874759,S3-317525910,S3-45411215,S3-612141987,S3-649352632,S3-655626782,S3-856918020,S3-857267834
S1-534956859	S2-180677815,S2-272255409,S2-655763943,S3-159128071,S3-244680592,S3-434348360,S3-454259370,S3-660315388,S3-893478403
S1-535054121	S2-113328539,S2-393432021,S2-431590321,S2-459396163,S2-569739603,S2-993836401,S3-118707874,S3-137806650,S3-185300025,S3-211149807,S3-263023140,S3-326356764,S3-524969528,S3-669839117,S3-786260516,S3-938461085,S3-95314190,S3-961269131,S3-962263643,S3-997821216
S1-535151404	S2-208731539,S2-239600027,S2-272756604,S2-309376589,S2-353872072,S2-381649344,S2-417090507,S2-488499591,S2-541160022,S2-559921342,S2-577731258,S2-727190886,S2-848582954,S2-856048107,S2-921443202,S3-322606058,S3-449628818,S3-464400354,S3-656572957,S3-953538818
S1-535361877	S2-158902765,S2-293104526,S2-336338996,S2-369127255,S2-593628794,S2-759589362,S2-769071332,S2-835441368,S2-861432338,S2-959049552,S3-148565110,S3-179289650,S3-572604892,S3-664629547,S3-776466162,S3-795374715,S3-802450176,S3-883319928,S3-901872120,S3-943032673
S1-535660644	S2-172032247,S2-263855016,S2-309215976,S2-46620659,S2-51839425,S2-541190279,S2-626304765,S2-626546137,S2-632506460,S2-735830595,S2-796384454,S2-817480836,S2-841227826,S3-316463328,S3-365522,S3-441953820,S3-479547424,S3-745376778,S3-796079354,S3-911813535
S1-536846536	
S1-537290712	S2-177402077,S2-463460898,S2-516282903,S2-527086736,S2-528225733,S2-680375663,S2-812397224,S2-8364913,S2-858484587,S2-892568500,S2-995896579,S3-128243847,S3-457277228,S3-459020673,S3-538272206,S3-608025621,S3-703391737,S3-879684994,S3-921883942,S3-959439780
S1-537295445	S2-103629122,S2-143028616,S2-148837223,S2-185456204,S2-198123756,S2-253048064,S2-254621456,S2-26151543,S2-484700872,S2-683214195,S2-68335569,S2-705705496,S2-706360388,S2-75528922,S2-801431995,S2-836563673,S2-843039363,S2-922081332,S2-936003665,S2-936491223
S1-537395621	S2-150806063,S2-302933108,S2-534416622,S2-625322358,S2-674367896,S2-679333576,S2-724966076,S2-725034135,S2-733777086,S2-734527887,S2-751588111,S2-760779538,S2-788195957,S2-815062890,S2-933092030,S2-963646032,S3-29926571,S3-497947619,S3-599246870,S3-9951402
S1-537477431	S2-251699881,S2-283757169,S3-419688323
S1-538286575	S2-16458635,S2-257137958,S2-278570057,S2-307857247,S2-311261332,S2-399052000,S2-495238985,S2-502191143,S2-549220573,S2-684664419,S2-708001628,S2-75114506,S2-830436713,S2-876540783,S2-910575791,S3-107202376,S3-171066888,S3-612029514,S3-694630703,S3-769696563
S1-53864827	S2-20220288,S2-223158348,S2-301886115,S2-313628562,S2-352829264,S2-373531293,S2-380923706,S2-505987024,S2-517460204,S2-601337861,S2-704773714,S2-787962358,S2-874767244,S2-943955488,S3-253580070,S3-293632747,S3-371779109,S3-582858478,S3-670419439,S3-949923992
S1-538665049	S2-539715820,S3-680510477
S1-538733011	S2-163963287,S2-23812106,S2-241083199,S2-428461775,S2-430379962,S2-48437260,S2-509060089,S2-553458222,S2-586442771,S2-649917878,S2-735788494,S2-745144089,S2-855284228,S2-888860465,S2-895946886,S2-970108649,S3-14012037,S3-186876150,S3-220782825,S3-25926496
S1-538975879	S3-435070124
S1-539513267	
S1-539880842	S2-164661963,S2-235040158,S2-284832366,S2-344874828,S2-345388497,S2-355431664,S2-410007712,S2-448658668,S2-575279420,S2-586067025,S2-661850583,S2-711588071,S2-822576477,S2-912301356,S3-15837840,S3-475984658,S3-481733134,S3-498665422,S3-64334701,S3-755807360
S1-539993069	S2-140289090,S2-206905313,S2-389154164,S2-452877878,S2-476843531,S2-559428006,S2-570006860,S2-758796661,S2-932797437,S2-936884379,S3-680747472
S1-540728606	S2-168315855,S2-226030742,S2-246909477,S2-35980358,S2-429232534,S2-517026558,S2-551298833,S2-680286294,S2-706494857,S2-769072993,S2-797964612,S2-910103661,S3-242568274,S3-43944619,S3-469602682,S3-510827058,S3-534274450,S3-620156041,S3-820901627,S3-907610045
S1-54096890	S2-170548497,S2-180292031,S2-211126789,S2-257460141,S2-284439219,S2-287188667,S2-345313911,S2-362105495,S2-410312937,S2-427850625,S2-503956565,S2-616375903,S2-620446219,S2-625682061,S2-654925978,S2-681546007,S2-791092720,S2-995335581,S3-163048218,S3-197091249
S1-541277963	S2-100798928,S2-16423658,S2-187499079,S2-242286420,S2-26760280,S2-331724815,S2-335529804,S2-436282991,S2-472527104,S2-49405337,S2-592507930,S2-608496926,S2-664351662,S2-678286970,S2-745169325,S2-848645265,S2-986559342,S3-213941005,S3-321729145,S3-970601292
S1-541318283	S2-240377776,S2-337644802,S2-410017075,S2-518683159,S2-557987308,S2-58348149,S2-679193324,S2-726732611,S2-754566833,S2-76595366,S2-812996586,S2-872213594,S2-945853378,S2-96426489,S2-9723901,S3-179738152,S3-258774916,S3-33842912,S3-402140504,S3-845553660
S1-541334198	S2-137246971,S2-227936545,S2-340617296,S2-378822479,S2-576594275,S2-586344498,S2-621473485,S2-690328662,S2-751864723,S2-817480836,S2-963844769,S3-133728082,S3-152537826,S3-165090670,S3-19425589,S3-325523149,S3-51441603,S3-720333495,S3-862949256,S3-969461973
S1-541564298	S2-312805338,S2-31971701,S2-386965330,S2-420605151,S2-458646122,S2-518154132,S2-697741553,S2-832575187,S2-886131666,S2-886950638,S2-976646126,S3-306819534,S3-386011812,S3-394203623,S3-399165201,S3-480781346,S3-511813832,S3-550950007,S3-781138544,S3-998453636
S1-54159283	S2-140743640,S2-41059663,S2-421049739,S2-429976659,S2-484254998,S2-608750139,S2-703653566,S2-705276084,S2-753577285,S2-76899852,S2-806197786,S2-820687768,S2-888694804,S2-922714604,S2-955407713,S3-390223587,S3-749930782
S1-541636684	S2-211136353,S2-417090507,S2-477052365,S2-482388185,S2-492131804,S2-522893845,S2-558987312,S2-564651803,S2-608077591,S2-619091916,S2-652123001,S2-788302197,S2-802277435,S2-910892516,S2-973891945,S3-155521981,S3-193243958,S3-238908138,S3-587534206,S3-83547406
S1-541671579	S2-135429782,S2-312111316,S2-318004965,S2-737493248,S2-779076884,S2-865830039,S2-91384801,S2-950519916,S3-513121509,S3-573204232,S3-59210955,S3-651623107,S3-705219991,S3-897457543,S3-927610627,S3-93821763
S1-541728335	S2-53881378
S1-542833139	S2-118711492,S2-224980295,S2-225137710,S2-245024186,S2-284501015,S2-346922998,S2-354233452,S2-391886434,S2-409657574,S2-467505244,S2-472694676,S2-481254808,S2-548296657,S2-597540516,S2-662947850,S2-731682240,S2-735983239,S2-76098565,S2-865745597,S3-315601319
S1-543011985	S2-10587098,S2-141275455,S2-231195947,S2-275404449,S2-30466066,S2-470659069,S2-539190173,S2-591174313,S2-62446720,S2-646326138,S2-663124706,S2-681634213,S2-743127438,S2-779806265,S2-786544564,S2-790575557,S2-826516454,S2-928620819,S3-13280182,S3-641347984
S1-543434354	S2-123974950,S2-145865332,S2-14940734,S2-158267007,S2-228869624,S2-250840257,S2-324903930,S2-330362916,S2-332729524,S2-463750337,S2-46620659,S2-596075110,S2-607423444,S2-636702130,S2-6675433,S2-748545907,S2-849131246,S2-911358391,S2-988307215,S3-102078157
S1-544355293	S2-114034226,S2-169160798,S2-267771398,S2-273730170,S2-315122042,S2-333359081,S2-375738254,S2-400718321,S2-427082891,S2-542069682,S2-548633980,S2-656556380,S2-794926277,S2-824708203,S2-849078694,S2-936826647,S2-974148905,S3-400371235,S3-563050791,S3-979225469
S1-546071564	S2-148416682,S2-220948169,S2-227723328,S2-426945415,S2-467330520,S2-49800044,S2-517757570,S2-687048917,S2-694627142,S2-811872885,S2-820079347,S2-921586557,S2-975334742,S3-192439908,S3-206996909,S3-239438314,S3-601713448,S3-611783938,S3-833379688,S3-89109387
S1-54639848	S2-112539575,S2-165705858,S2-312526178,S2-342163294,S2-356223527,S2-372452556,S2-395629639,S2-44710657,S2-535267261,S2-556022732,S2-693536582,S2-734878990,S2-739208908,S2-895432381,S2-897389883,S3-543783871,S3-694212923,S3-743474812,S3-837175052,S3-889867316
S1-54688985	S2-16801220,S2-187943630,S2-242790118,S2-343688732,S2-453844783,S2-534602603,S2-554985407,S2-681275696,S2-926533987,S2-959468309,S3-435540993,S3-447121631
S1-547117549	S2-118123178,S2-334485670,S2-392939742,S2-46287253,S2-527089630,S2-651263423,S2-732212853,S2-736612514,S2-89697270,S2-963079097,S3-127984194,S3-299980185,S3-419078273,S3-437006144,S3-469046465,S3-548862440,S3-554235374,S3-761695503,S3-859787145,S3-909876219
S1-547371521	S2-130999021,S2-175351996,S2-247771981,S2-438363738,S2-48847392,S2-579929230,S2-621830421,S2-639941183,S2-676400946,S2-687664060,S2-72134395,S2-956494648,S2-964956114,S3-266645445,S3-348663731,S3-485888841,S3-6050127,S3-749910330,S3-77278261,S3-91930394
S1-547452423	S2-13812903,S2-269216938,S2-339455014,S2-448720779,S2-472275844,S2-573187884,S2-659055303,S2-70966265,S2-730331157,S2-772959226,S2-824474937,S2-882148632,S2-935671009,S2-971353836,S2-982088229,S3-23074922,S3-443957273,S3-47078751,S3-560982584,S3-635262214
S1-547750852	S2-275292871,S2-31958613,S2-389435470,S2-395151585,S2-571132317,S2-653875888,S2-684808575,S2-840424904,S2-854741645,S2-861414287,S2-914877951,S2-926536195,S2-944104238,S3-228360752,S3-233767917,S3-47615145,S3-590167657,S3-61436435,S3-862327751,S3-907707028
S1-548053824	S2-188229710,S2-207720575,S2-212539797,S2-29161970,S2-310750719,S2-329607640,S2-436674426,S2-463474561,S2-487495973,S2-503157961,S2-513946517,S2-564667633,S2-621953512,S2-637598848,S2-678446632,S2-799819684,S2-91305348,S2-97639988,S2-996945868,S3-987893978
S1-548163381	S2-134770421
S1-54970591	S2-105463326,S2-189723704,S2-258524103,S2-392899911,S2-441341822,S2-498472092,S2-558488796,S2-56133264,S2-599910283,S2-622037749,S2-637697607,S2-66524928,S2-730735143,S2-871585253,S2-879030047,S2-967332593,S3-175699829,S3-201742983,S3-599884327,S3-644585141
S1-549796023	S2-188612294,S2-243703156,S2-300329052,S2-303726261,S2-318025254,S2-436783714,S2-474277193,S2-505041950,S2-515399249,S2-565609932,S2-569860965,S2-590033229,S2-631415169,S2-715999104,S2-725621051,S2-747478411,S2-849332419,S2-892880098,S3-740711241,S3-895371174
S1-550121301	S2-260471331,S2-278899754,S2-319104076,S2-323885855,S2-430060563,S2-575140281,S2-591736054,S2-663191944,S2-67505679,S2-676769255,S2-73710322,S2-792960333,S2-796208627,S2-976944285,S3-149458374,S3-223336799,S3-357417119,S3-860821345,S3-975551086,S3-983650353
S1-550547307	S2-140036589,S2-18124353,S2-200267070,S2-232484718,S2-282390486,S2-282908996,S2-347017935,S2-361230651,S2-406105988,S2-46771753,S2-487383344,S2-520323329,S2-532409011,S2-540931339,S2-544760260,S2-844801455,S3-185751966,S3-300569867,S3-359924929,S3-810893565
S1-551001018	S2-252838542,S2-262064954,S2-283976094,S2-306843143,S2-356781591,S2-358023617,S2-419213267,S2-54267149,S2-69029135,S2-762585007,S2-911062174,S2-953427850,S3-159732193,S3-218275241,S3-463941638,S3-489252881,S3-541782985,S3-776098422,S3-850943622,S3-931674180
S1-551223749	S2-31353727,S2-418574039,S2-425861261,S2-528308438,S2-542719473,S2-555707870,S2-567659011,S2-586058121,S2-683803911,S2-71529448,S2-755277359,S3-250231571,S3-276392245,S3-321537397,S3-396691169,S3-703777518,S3-706076754,S3-75494066,S3-830996955,S3-857108557
S1-551509911	S2-142576240,S2-271901025,S2-275404449,S2-300329052,S2-318025254,S2-369512941,S2-552565714,S2-565609932,S2-573082517,S2-621352290,S2-631415169,S2-694560342,S2-697950080,S2-747478411,S2-786544564,S2-843803699,S2-93891477,S3-445640827,S3-788045504,S3-964520582
S1-551636838	S2-304458846,S2-554948825,S2-572533740,S2-612419793,S2-624804463,S2-763596040,S2-79579008,S2-958882646,S3-134209802,S3-214154409,S3-333873888,S3-397111560,S3-447073992,S3-501901914,S3-529135696,S3-59112640,S3-60072497,S3-65844361,S3-67036274,S3-95751984
S1-551657630	S2-142947851,S2-148904714,S2-342983489,S2-369116881,S2-427111019,S2-479278257,S2-582458634,S2-608141393,S2-729115925,S2-918750094,S2-952201155,S3-275322131,S3-699130990,S3-804882147,S3-882677984
S1-552113119	S2-145779880,S2-198145645,S2-238915322,S2-299632168,S2-407040766,S2-485822686,S2-539330980,S2-603699573,S2-645373698,S2-692700828,S2-845357994,S2-871343777,S3-194604082,S3-250659435,S3-346773982,S3-477306145,S3-678450927,S3-679593224,S3-779861274,S3-888875282
S1-552309262	S2-132193975,S2-752088483,S3-174985280,S3-398789248,S3-407239954,S3-57328121,S3-602835171,S3-714275237,S3-766612754,S3-804481827,S3-857966419
S1-552354452	S2-390336969,S2-593051228,S2-622166078,S2-68899217,S2-691205604,S2-952125434,S2-954259326,S3-232528731,S3-325438653,S3-398808777,S3-458751935,S3-467544335,S3-575314505,S3-717356600,S3-835420491
S1-552572889	S2-770706607,S2-888828925,S3-191147157,S3-473202434
S1-552633870	S2-114971268,S2-161306122,S2-180447643,S2-201089624,S2-288895558,S2-370549501,S2-442062682,S2-698436260,S2-70236447,S2-732240757,S2-740567996,S2-934983645,S2-965399023,S2-978606166,S2-98445220,S3-343009930,S3-454380886,S3-576518467,S3-67840077,S3-969145106
S1-552776375	S2-265951472,S2-31339174,S2-429121902,S2-545898515,S2-808715434,S2-821252739,S2-934796779,S2-97283002,S3-132237919,S3-15521891,S3-193199898,S3-217123380,S3-374688739,S3-375048018,S3-440953247,S3-550424247,S3-585534132,S3-880701593,S3-891626766,S3-981382914
S1-552778660	
S1-553530154	S2-145521404,S2-176968531,S2-199669656,S2-27986137,S2-310613953,S2-38917398,S2-39079223,S2-39401964,S2-457500956,S2-516249560,S2-574914445,S2-619859806,S2-671212976,S2-716687956,S2-716961117,S2-734993182,S2-836471800,S2-92868774,S3-166544382,S3-58609774
S1-553677944	S2-114113860,S2-171416407,S2-192846986,S2-201316244,S2-243703156,S2-24406187,S2-313572774,S2-337572515,S2-358963419,S2-462816155,S2-491764840,S2-559863532,S2-658199566,S2-712777388,S2-771337374,S2-783594912,S2-812259486,S2-890456977,S2-974123948,S3-746490228
S1-554422555	S2-33349923,S2-404166268,S2-430489160,S2-447974723,S2-512896592,S2-603505859,S2-75631024,S2-800694119,S2-842896033,S3-210756855,S3-28430063,S3-431111017,S3-538435702,S3-588825568,S3-599688303,S3-603744101,S3-669166922,S3-678298882,S3-880701593,S3-950170064
S1-554447520	S2-10587098,S2-231195947,S2-470659069,S2-539190173,S2-62446720,S2-743127438,S2-779806265,S2-826516454,S2-972350591,S3-263247365,S3-390362008,S3-42057109,S3-429577988,S3-505172112,S3-511346408,S3-561765558,S3-619281146,S3-651625453,S3-689746930,S3-821345067
S1-55463141	S2-470524880,S3-690686857,S3-71749425,S3-832512426,S3-869212249
S1-554887386	S2-184898378,S2-346565848,S2-409657574,S2-533715715,S2-564380088,S2-663227434,S2-679132159,S2-693256682,S2-699970234,S2-772323364,S2-816989315,S2-942123749,S3-193286264,S3-313294780,S3-332376646,S3-333089158,S3-358376851,S3-366203679,S3-679152021,S3-884588875
S1-554960239	S2-126506454,S2-155681006,S2-256868825,S2-262578786,S2-380425439,S2-441422968,S2-497486406,S2-499529553,S2-50930109,S2-525859393,S2-584306503,S2-610173207,S2-674631547,S2-696635067,S2-814052487,S2-872202338,S2-874162453,S2-907307129,S2-919088656,S2-956132872
S1-555423121	S2-169701381,S2-256945357,S2-269911720,S2-296886403,S2-477226287,S2-497749133,S2-63829811,S2-690267015,S2-731097037,S2-806620029,S2-810508727,S2-869014458,S3-230676665,S3-395736953,S3-541578295,S3-851056085
S1-555789113	S2-179428955,S2-327837449,S2-344993710,S2-553009028,S2-573540967,S2-622196962,S2-7125717,S2-718051018,S2-77267153,S2-826701390,S2-840597934,S2-85501721,S2-973085749,S3-128050030,S3-181296688,S3-432175691,S3-437122421,S3-801935442,S3-863588251,S3-914226212
S1-556155390	S2-112834662,S2-166470814,S2-220720253,S2-229886583,S2-232490044,S2-239391031,S2-457321092,S2-489827398,S2-50256920,S2-572367141,S2-680125018,S2-717160791,S2-756302651,S2-76206961,S2-798413379,S2-846497405,S2-872022787,S2-903003295,S2-97937368,S3-892756348
S1-556369004	S2-156443143,S2-166108740,S2-345917206,S2-358578952,S2-439072420,S2-501614624,S2-54307441,S2-598788762,S2-665997870,S2-766743346,S2-784849034,S2-803074201,S2-822377517,S2-828388778,S2-949220290,S2-988430985,S2-992673515,S3-146157047,S3-429067203,S3-935624661
S1-556430637	S2-201242204,S2-216540018,S2-21794839,S2-223377216,S2-310653211,S2-498384159,S2-564502430,S2-780872035,S2-805779492,S2-877297511,S2-907589259,S2-995066127,S3-309448233,S3-324280299,S3-380530259,S3-807071310,S3-90100170
S1-556956301	S2-137278449,S2-293065883,S2-349287990,S2-390754900,S2-42223728,S2-425439273,S2-443780616,S2-486778080,S2-625365305,S2-640420911,S2-659300097,S2-661140913,S2-932200179,S2-932255610,S3-127344332,S3-238449299,S3-295082117,S3-422542644,S3-490746450,S3-834328940
S1-557524481	S2-263622543,S2-936250601,S3-479396179,S3-652257717
S1-558007048	S2-16075678,S2-297487585,S2-32675678,S2-359710026,S2-371951712,S2-402495223,S2-45508951,S2-544796941,S2-585560719,S2-634893710,S2-648311535,S2-719112862,S2-80489231,S2-812149244,S2-92265599,S2-951392995,S3-165105219,S3-177663150,S3-259302883,S3-513565993
S1-558476159	S2-101505851,S2-113964806,S2-119779731,S2-240602525,S2-261771067,S2-315610194,S2-64001503,S2-932477230,S2-95812565,S2-983938812,S3-253205166,S3-330813112,S3-363182465,S3-563181684,S3-594179280,S3-630466802
S1-558850787	S2-107071773,S2-221773264,S2-267109426,S2-318024024,S2-333710413,S2-336854488,S2-344159907,S2-364993157,S2-382657775,S2-453317682,S2-563517502,S2-61826705,S2-658524207,S2-738229447,S3-134176010,S3-18270580,S3-345522299,S3-661567480,S3-683359515,S3-752251770
S1-558851766	S2-114634429,S2-15802375,S2-20058819,S2-31983721,S2-432499908,S2-801947174,S2-88098605,S2-951267309,S2-961184985,S2-963239240,S2-986670350,S3-116356423,S3-150421652,S3-323392551,S3-409610103,S3-437319899,S3-441292477,S3-569219394,S3-588712408,S3-710280798
S1-558859574	S2-184380459,S2-242836631,S2-406460695,S2-674347584,S2-704012671,S2-716046673,S2-787866013,S2-992110067,S2-99534465,S3-138123826,S3-207427978,S3-31907577,S3-394782076,S3-461169176,S3-547308749,S3-729648123,S3-876557761,S3-977162582
S1-55889287	S2-118258458,S2-119646361,S2-155280953,S2-253428263,S2-430641590,S2-537495258,S2-642958572,S2-814881099,S2-826470477,S2-867219610,S2-919402609,S2-932169977,S3-256812623,S3-275360323,S3-451480230,S3-670879219
S1-559138743	S2-199011759,S2-250111142,S2-606354334,S2-662945835,S2-795113370,S2-878738240,S2-942849471,S2-950101944,S2-971885258,S3-102982047,S3-180670742,S3-206519992,S3-265936713,S3-374290581,S3-397191466,S3-428665128,S3-792353689,S3-804304992,S3-929554922
S1-559301033	S2-329293137,S3-396343191,S3-856050658
S1-559930454	S2-277670314,S2-407305614,S2-520104827,S2-547027610,S2-733402251,S2-7709851,S2-790031364,S2-850641622,S2-878167058,S2-980577482,S3-215497000,S3-29813576,S3-340622083,S3-362080326,S3-382932672,S3-453230038,S3-565651855,S3-582052690,S3-798174717,S3-805138672
S1-560129274	S2-151829575,S2-173844313,S2-280035965,S2-286486265,S2-40979861,S2-416174386,S2-537727713,S2-558813269,S2-618042532,S2-622653036,S2-694336347,S2-846348378,S2-883129869,S2-947282445,S3-320778296,S3-342076489,S3-548599478,S3-555860611,S3-610385177,S3-682632258
S1-560280487	S2-108255546,S2-150882117,S2-171172645,S2-199425487,S2-324605242,S2-3506038,S2-42768325,S2-466380342,S2-467281480,S2-481251825,S2-515516765,S2-557849486,S2-814557757,S2-863476565,S2-97043292,S3-367454795,S3-514108823,S3-699444404,S3-701988328,S3-947766569
S1-560702700	S2-193026221,S2-330022072,S2-35311460,S2-508602797,S2-663143039,S2-691003831,S2-934047348,S2-959549116,S2-971339247,S3-172865157,S3-231280551,S3-309848503,S3-334139223,S3-425122139,S3-432130001,S3-439996141,S3-603466968,S3-652099563,S3-670666444,S3-902881467
S1-561467755	S2-106248676,S2-25579731,S2-348005509,S2-368384203,S2-433677001,S2-466858776,S2-492882063,S2-532227689,S2-612755733,S2-623517407,S2-62697433,S2-683764547,S2-72112805,S2-764648308,S2-790772422,S2-800742524,S2-891935518,S3-829490404,S3-865010009,S3-962110368
S1-561571753	S2-195899758,S2-328849658,S2-533173658,S2-571389768,S2-841230240,S3-145064852,S3-20026517,S3-300764673,S3-401112525,S3-786194684
S1-561769472	S2-139899840,S2-185513987,S2-18633864,S2-24689570,S2-280281387,S2-31200405,S2-4720418,S2-521500338,S2-552033015,S2-57391451,S2-718900613,S2-856941269,S2-875103780,S2-877075699,S2-891123807,S3-101444995,S3-301775250,S3-815388872,S3-832956444,S3-842136421
S1-561789864	S2-103249097,S2-185911464,S2-225712890,S2-331535598,S2-371188945,S2-375563315,S2-478871483,S2-701998259,S2-736042244,S2-783064201,S2-820530357,S2-835441368,S2-88188079,S2-909935981,S2-980786220,S3-163706235,S3-522420912,S3-794190493,S3-960599595,S3-982115034
S1-561982675	S2-102616783,S2-15235408,S2-233994357,S2-290775709,S2-299980209,S2-36832195,S2-375543235,S2-382172379,S2-572640114,S2-6153043,S2-668325566,S2-677486760,S2-76349004,S2-866357967,S2-953579753,S3-226380839,S3-263121708,S3-37951936,S3-477268653,S3-545898423
S1-562151239	S2-142609972,S2-177812522,S2-209318082,S2-229017655,S2-262423639,S2-314926539,S2-316856729,S2-35427816,S2-364709779,S2-458450467,S2-468391282,S2-498046006,S2-502485918,S2-576831490,S2-602117787,S2-65027320,S2-714078030,S2-941207751,S2-999793401,S3-593594840
S1-56228302	S2-100822016,S2-101534757,S2-166938753,S2-167727545,S2-173337363,S2-322792014,S2-33849775,S2-391850387,S2-426518953,S2-664041404,S2-73256848,S2-775634359,S2-860660037,S2-860806518,S3-214789523,S3-357825329,S3-388531973,S3-418483324,S3-647633805,S3-848799378
S1-562537402	S2-107363853,S2-23851151,S2-417523254,S2-91326447,S2-967185833,S3-208984242,S3-455237254,S3-463203079,S3-539781766,S3-647548036
S1-56290812	S2-157547508,S2-206553535,S2-493517181,S2-73210596,S2-989339795,S3-302736809,S3-945509576,S3-965965437
S1-563203354	S2-232937858,S2-639328614,S2-836225635,S3-16081438,S3-474978002,S3-607104444
S1-563557396	S2-120461372,S2-149370940,S2-167245478,S2-179553455,S2-268988303,S2-608615424,S2-690755560,S2-693838110,S2-748675886,S3-208914650,S3-344059016,S3-369356211,S3-538802987,S3-568143739,S3-714791649,S3-743184476,S3-772336986,S3-808376527,S3-830387454,S3-987031930
S1-563715779	S2-153336614,S2-17149483,S2-206495455,S2-363654366,S2-422510029,S2-479556958,S2-503750580,S2-635938176,S2-651190084,S2-804245416,S2-810987431,S2-823424049,S2-862841483,S2-863129268,S2-876532483,S2-881632070,S2-913033756,S2-944030245,S2-986518655,S3-931496144
S1-564333817	S2-387388760,S2-39628644,S2-406200887,S2-452431802,S2-463930863,S2-488915476,S2-512267700,S2-526719108,S2-571444972,S2-623626120,S2-680762771,S2-752949161,S2-839555944,S2-856518736,S2-869606758,S2-932096839,S2-938743845,S3-462852367,S3-488950094,S3-505399086
S1-564419180	S2-209392471,S2-274993041,S2-353826490,S2-372772311,S2-389134643,S2-452431802,S2-463930863,S2-478230107,S2-512267700,S2-623626120,S2-625158084,S2-682432085,S2-699297088,S2-699843110,S2-958818283,S3-372667165,S3-536182355,S3-852250284
S1-564853418	S2-34582305,S3-133110208,S3-679324316,S3-855478982
S1-565401666	S2-126277488,S2-678534726,S2-833323867,S3-2146367
S1-565706896	S2-1900189,S2-1956528,S2-309019967,S2-338923264,S2-348289362,S2-405026547,S2-433588130,S2-546889107,S2-743174235,S2-829457689,S2-860625762,S2-89314062,S2-983169327,S3-113179773,S3-353225438,S3-461792631,S3-573397061,S3-655942757,S3-710381968,S3-755166312
S1-566059567	S2-117672295,S2-261400212,S2-332054528,S2-428767645,S2-437570258,S2-454998902,S2-495832916,S2-570280793,S2-608447496,S2-650227105,S2-717552259,S2-737583928,S2-856253835,S2-876148854,S2-887168250,S2-961599376,S2-974126678,S3-49126051,S3-559551680,S3-74946954
S1-567015329	S2-1062747,S2-225998968,S2-252511312,S2-321386776,S2-73094443,S2-92835928,S2-94666609,S3-149356925,S3-183354936,S3-262357786,S3-280805764,S3-293569848,S3-298606592,S3-325791419,S3-366724144,S3-569626287,S3-596901425,S3-693719808,S3-785285396,S3-943406134
S1-56716937	S2-786745839,S3-753994070
S1-567339025	S2-216900764,S3-291165871,S3-556264115
S1-568887706	S2-563485680,S3-390627684
S1-568965276	S2-100798928,S2-16423658,S2-187499079,S2-242286420,S2-26760280,S2-302561043,S2-331724815,S2-335529804,S2-436282991,S2-472527104,S2-490253170,S2-49405337,S2-592507930,S2-664351662,S2-678286970,S2-745169325,S2-848645265,S2-986559342,S3-377091393,S3-962214075
S1-569073972	S2-142609972,S2-177812522,S2-209318082,S2-229017655,S2-262423639,S2-316856729,S2-35427816,S2-364709779,S2-458450467,S2-468391282,S2-502485918,S2-576831490,S2-65027320,S2-714078030,S2-839008410,S2-941207751,S2-999793401,S3-25526328,S3-593594840,S3-64591142
S1-569134011	S2-14147574,S2-175500778,S2-277459108,S2-288431303,S2-327557564,S2-846600326,S2-855978335,S2-867392679,S3-142717788,S3-150772515,S3-229562895,S3-270784896,S3-329269099,S3-379766894,S3-49100420,S3-504146882,S3-639171333,S3-763406361,S3-776094418,S3-785128321
S1-569261249	S2-519537722,S3-820189163,S3-905669732,S3-924401506
S1-569292364	S2-134928568,S2-1550879,S2-184754903,S2-362516952,S2-409085279,S2-441612824,S2-532120159,S2-701003436,S2-744148663,S2-798654242,S2-856662600,S2-998583978,S3-226592306,S3-414821556,S3-508133582,S3-523101645,S3-591429403,S3-762825829,S3-944817548,S3-997642536
S1-569395961	S2-159701054,S2-160130247,S2-241904823,S2-262225869,S2-344572841,S2-468328646,S2-540035112,S2-544112496,S2-583716579,S2-793063212,S2-925849745,S3-186277922,S3-340847357,S3-361618710,S3-429392366,S3-53150552,S3-713130006,S3-915510986,S3-971956598,S3-99456858
S1-569403371	S2-219833091,S2-376372110,S2-416469255,S2-425408287,S2-462526248,S2-560253318,S2-589928955,S2-613431408,S2-699425439,S2-716329132,S2-765237014,S2-941570409,S3-348528084,S3-482564924,S3-689176456,S3-700231434,S3-770254929,S3-798449084,S3-80145604,S3-857365287
S1-569412923	S2-278064647,S2-81387615,S3-450229934,S3-463591341,S3-995460374
S1-56968996	S2-161592048,S2-185148108,S2-325626327,S2-567819618,S2-681565072,S2-682667470,S2-715874517,S2-789711070,S2-820377495,S2-883541371,S2-955625648,S2-991843540,S3-405004250,S3-492065885,S3-610012811,S3-685076734,S3-706710886,S3-806485531,S3-904910176,S3-983162677
S1-570228761	S2-300440068
S1-570239400	S2-697909036,S3-317971408,S3-402602863,S3-870198931
S1-570411951	S2-127849472,S2-187829239,S2-192566893,S2-238971069,S2-262709320,S2-272346655,S2-354333238,S2-407112133,S2-477171381,S2-557520173,S2-558442576,S2-566627479,S2-571998313,S2-600433503,S2-765929286,S2-771695132,S2-782327615,S2-892866501,S2-956811797,S2-982544380
S1-570526312	S2-147418558,S2-249595174,S2-321842214,S2-656530182,S3-170796729,S3-178127640,S3-362227959,S3-550061286,S3-553314843,S3-581541696,S3-986878161
S1-570866981	S2-148854997,S2-151912204,S2-1942598,S2-247525761,S2-330334739,S2-466464824,S2-577186665,S2-629656502,S2-657612909,S2-672144096,S2-761563119,S2-798287923,S2-856654739,S2-910978799,S2-91652768,S2-918939789,S3-42499730,S3-487739517,S3-495102234,S3-853037221
S1-571079242	S2-122635599,S2-256692563,S2-333794564,S2-442348963,S2-483480832,S2-585117339,S2-608496926,S2-619246179,S2-671340149,S2-687768026,S2-847392050,S2-883256571,S2-883720517,S2-922081332,S2-966560033,S2-984241859,S3-130503761,S3-652795729,S3-776598091,S3-845224450
S1-571221361	S2-212673099,S2-218038091,S2-237561214,S2-570344226,S2-574124854,S2-624620610,S2-752518236,S2-83801314,S2-841714312,S2-86592683,S2-947153697,S2-987537290,S3-233000573,S3-30179036,S3-314942550,S3-54483217,S3-551066662,S3-563709941,S3-667592455,S3-974023665
S1-571475726	S2-220059527,S2-233564080,S2-246900706,S2-260938928,S2-29238569,S2-399299497,S2-443989369,S2-489974801,S2-490814405,S2-498134193,S2-507704636,S2-527185434,S2-567755455,S2-721510365,S2-87360086,S3-997497814
S1-572674318	S2-235745901,S2-295130838,S2-369512941,S2-719553441,S2-86422545,S2-988123050,S3-382882947
S1-573098476	S2-209019917,S2-232488330,S2-507773608,S2-612376026,S2-695720803,S2-873958882,S2-945443831,S2-99294513,S3-123292466,S3-167763171,S3-228261457,S3-26331081,S3-31784973,S3-330554117,S3-362938466,S3-442281007,S3-696835255,S3-94217578,S3-952285788,S3-963327531
S1-573339122	S2-139587208,S2-144703372,S2-179926110,S2-344085581,S2-494843676,S2-60027470,S2-680839450,S2-694421827,S2-727570982,S2-938245687,S2-986451450,S3-216014667,S3-389181788,S3-43192106,S3-439413671,S3-4798555,S3-611087077,S3-785002331,S3-854413822,S3-946561656
S1-573705913	S2-126506454,S2-155681006,S2-441422968,S2-496018186,S2-497486406,S2-525859393,S2-607679396,S2-610173207,S2-814052487,S2-874162453,S2-907307129,S2-915340314,S2-956132872,S2-96362128,S3-415636299,S3-513414099,S3-535516871,S3-619715125,S3-859953894,S3-929115395
S1-574175396	S2-104179984,S3-214664157,S3-521861594,S3-663552978,S3-820470667,S3-984253040
S1-574194718	S2-164661963,S2-240244122,S2-310620198,S2-344874828,S2-345388497,S2-410007712,S2-416300306,S2-447558928,S2-449692546,S2-575279420,S2-654698897,S2-661850583,S2-696617658,S2-711588071,S2-83607977,S2-912301356,S3-129297797,S3-207880819,S3-66731741,S3-81990596
S1-574313935	S2-15932911,S2-247932015,S2-28360508,S2-295171012,S2-345172295,S2-392306223,S2-532650068,S2-626536019,S2-714667997,S2-724775506,S2-785965991,S2-789519068,S2-90531864,S3-178695886,S3-625957180,S3-656725017,S3-793816338,S3-811012124,S3-904776573,S3-927026135
S1-574833825	S2-423682649,S2-425797777,S2-456377776,S2-47982310,S2-557554478,S2-634055516,S2-660807161,S2-728560070,S2-785979063,S2-849336328,S2-965787366,S3-104862763,S3-167868577,S3-279742600,S3-315528878,S3-362629733,S3-619615615,S3-650620113,S3-731756038,S3-981444357
S1-575476875	S2-255486589,S2-363654366,S2-395804945,S2-560574953,S2-726268512,S2-749555697,S2-752903533,S2-873041737,S2-92046713,S3-102891161,S3-168055241,S3-375403747,S3-418232358,S3-475764266,S3-516448030,S3-522084277,S3-686343340,S3-709021698,S3-756672092,S3-767504564
S1-575820031	S2-277804051,S2-312042342,S2-35410781,S2-510834116,S2-52467947,S2-567768905,S2-584015234,S2-646854233,S2-677522080,S2-712238103,S2-911931884,S2-968774114,S2-999288708,S3-137394985,S3-363819080,S3-539067678,S3-692222071,S3-908339451,S3-949429248,S3-963813930
S1-575885425	S2-145475727,S2-201200740,S2-22407917,S2-267843055,S2-334286361,S2-424985370,S2-496597750,S2-6144892,S2-637008636,S2-657092756,S2-7729730,S3-492024212,S3-516339811,S3-590482853,S3-670139239,S3-691472898,S3-911530348
S1-57602396	S2-184803596,S2-245722348,S2-284919985,S2-328398392,S2-482400042,S2-575161283,S2-613254004,S2-639558029,S2-683021015,S2-695141155,S2-789154183,S3-108173786,S3-378838298,S3-458044931,S3-489639409,S3-529493908,S3-634184732,S3-746417011,S3-879886486,S3-975638447
S1-576102419	S2-110856341,S2-195768351,S2-209372229,S2-382135137,S2-528684176,S2-577673588,S2-591725263,S2-684576096,S2-781672259,S2-820761727,S2-827460599,S2-860374008,S3-162014524,S3-16285593,S3-270010913,S3-387788972,S3-396047656,S3-419209138,S3-46281730,S3-89014661
S1-577971884	S2-35554040,S2-386302724,S2-419705366,S2-430835289,S2-481816831,S2-493511347,S2-500008641,S2-6378216,S2-667994425,S2-675472707,S2-803376442,S2-869290315,S2-935425652,S3-119890054,S3-4882806,S3-605405389,S3-636647761,S3-655041468,S3-701279772
S1-579065258	S2-178386625,S2-281066731,S2-282188517,S2-368660014,S2-373667286,S2-376773244,S2-395135411,S2-444197657,S2-666818757,S2-72321941,S2-810865448,S3-150106673,S3-18108561,S3-201479203,S3-504675118,S3-730957085,S3-753252502,S3-833590990,S3-932652185,S3-948193467
S1-579600108	S2-15932911,S2-288135194,S2-345318102,S2-424081386,S2-482529127,S2-672082301,S2-867358397,S2-888212008,S2-965341745,S2-969439951,S2-984190509,S3-138876124,S3-474250308,S3-494523969,S3-550867514,S3-578933025,S3-592749629,S3-667106573,S3-879916437,S3-979530754
S1-579800647	S2-126506454,S2-164039123,S2-285476252,S2-343688732,S2-408906304,S2-445011904,S2-467520734,S2-481678065,S2-516946324,S2-534602603,S2-544639758,S2-577407322,S2-584306503,S2-661964628,S2-674862293,S2-828872229,S2-857159672,S2-903415969,S2-937072190,S3-486963545
S1-580301160	S2-104983781,S2-204289763,S2-340603304,S2-365855447,S2-405277031,S2-459929067,S2-478312353,S2-48248106,S2-648163199,S2-721018371,S2-738536601,S2-753657867,S2-786879588,S2-800975630,S3-195112848,S3-388649268,S3-421026540,S3-484844526,S3-684132822,S3-818220231
S1-582058503	S2-451161055,S2-686851024,S2-885959842,S3-671635410,S3-858896993,S3-879293196
S1-582084910	S2-316871270,S2-358847422,S2-387269711,S2-7038517,S2-927439815,S3-106298415,S3-127637575,S3-248745848,S3-281768888,S3-300179214,S3-32065862,S3-447221461,S3-455163655,S3-699137064,S3-919458680,S3-97436279
S1-582136816	S2-248300961,S2-421854521,S2-535097128,S2-573717287,S2-693307120,S2-749573398,S3-286855190,S3-31272783,S3-93147424
S1-582151101	S2-102760423,S2-124970234,S2-165189958,S2-3987022,S2-509764556,S2-553297806,S2-584188304,S2-607456603,S2-701519184,S2-730588551,S2-731066514,S2-828544692,S2-844267085,S2-886199983,S2-937072190,S2-962888224,S2-995746647,S3-575012709,S3-870820963,S3-985860933
S1-583046425	S2-121198534,S2-17298657,S2-198938800,S2-273140296,S2-302353246,S2-319630490,S2-352057931,S2-535260713,S2-536900454,S2-570539664,S2-57303947,S2-651025657,S2-673711388,S2-925406343,S2-928052985,S2-99655312,S3-364380253,S3-421265478,S3-492766636,S3-715383042
S1-58307279	S2-189089447,S2-383822500,S2-470535992,S2-51461972,S2-610397159,S2-775563537,S2-814437817,S2-833412327,S2-898607580,S2-968791970,S3-107240077,S3-19527532,S3-305163567,S3-337009981,S3-360224553,S3-554011382,S3-642715646,S3-701941347,S3-75894615,S3-973988388
S1-583286207	S2-41400869,S2-612054201,S2-655087081,S2-711906490,S2-795186048,S2-914351405,S2-915769300,S3-108026874,S3-17843553,S3-300764673,S3-344189504,S3-393113017,S3-459679183,S3-47035394,S3-563124831,S3-633075548,S3-704074585,S3-804226052,S3-829675057,S3-852407693
S1-583343780	S2-250651673,S3-467190152,S3-618342334,S3-870679804,S3-90044797,S3-907636282,S3-981982291
S1-584163881	S2-167206756,S2-303409764,S2-342712833,S2-352112358,S2-380743763,S2-405196382,S2-539010081,S2-609152364,S2-681575605,S3-194012961,S3-278740228,S3-333821736,S3-708556521,S3-713721920,S3-733453820,S3-796629251,S3-854676915,S3-929565747,S3-946254415,S3-948348282
S1-584223005	S2-117080450,S2-121409934,S2-180267271,S2-209596770,S2-282478224,S2-42154825,S2-511376005,S2-523379739,S2-608594687,S2-629548892,S2-637048988,S2-659057552,S2-664759444,S2-871636446,S2-970439,S3-618382189,S3-755927491,S3-832390858,S3-878559803,S3-919119436
S1-584402538	S2-226686633,S2-462938814,S2-533757075,S2-672082301,S2-815466396,S2-829022238,S2-954476831,S3-224504759,S3-325666587,S3-607044098,S3-721462461,S3-770988716
S1-58459361	S2-25594842,S2-293064422,S2-360639409,S2-369155141,S2-40064924,S2-417364728,S2-611787362,S2-965792037,S3-109522127,S3-395732748,S3-509460686,S3-801394678,S3-927074854,S3-929441108
S1-585058019	S2-178176629,S2-184898378,S2-245715646,S2-364258615,S2-369923947,S2-435107976,S2-677927775,S2-734499222,S2-906665240,S2-913059928,S3-214661363,S3-225975341,S3-355183349,S3-408443570,S3-62785411,S3-637768078,S3-659077450,S3-792824791,S3-907815043,S3-965176519
S1-585079239	S2-505311451,S2-561770169,S2-667428931,S2-67633883,S2-763028412,S2-772008314,S2-830666056,S3-164345826,S3-354475865,S3-574449813,S3-766923547,S3-932881092
S1-585085470	S2-210544585,S2-248230013,S2-318550556,S2-518413297,S2-628503825,S2-742860190,S2-830888138,S3-247638757,S3-275075268,S3-580325007,S3-686689606,S3-813080912,S3-858007729,S3-981197869,S3-984301120
S1-585535142	S2-136113375,S2-174609481,S2-216434283,S2-219374527,S2-226551251,S2-30769224,S2-433695034,S2-471517558,S2-481306942,S2-617626301,S2-624920895,S2-751058119,S2-76243565,S2-80378413,S2-849276951,S2-895791781,S3-127002503,S3-46153492,S3-520121653,S3-967764370
S1-585888225	S2-104634405,S2-156004435,S2-225153982,S2-258913818,S2-446433638,S2-498911783,S2-544993889,S2-550763752,S2-57072054,S2-68447808,S2-686927061,S2-782032185,S2-804045537,S2-825612275,S2-835349895,S2-843937862,S2-92854944,S3-230645592,S3-523960321,S3-591014648
S1-586056726	S2-196668169,S2-213063115,S2-369053827,S2-369203988,S2-595735997,S2-645960868,S2-669794275,S2-72275879,S2-761462453,S2-832692110,S2-841970144,S2-926678089,S3-133399151,S3-286120297,S3-365179699,S3-447061481,S3-668895772,S3-772773788,S3-817977074,S3-937608716
S1-586974192	S2-139899840,S2-185513987,S2-208614397,S2-23721069,S2-24689570,S2-486232750,S2-500894793,S2-57391451,S2-718900613,S3-101444995,S3-284276887,S3-286764798,S3-301775250,S3-362030854,S3-511565885,S3-726608833,S3-815388872,S3-832956444,S3-842136421,S3-938519874
S1-587047853	S2-991181801,S3-137999769,S3-432003413
S1-58773424	S2-283816870,S2-341476036,S2-363779880,S2-369611703,S2-559152386,S2-69852428,S2-802837546,S2-879724650,S2-893815140,S2-917557484,S2-995438812,S3-148565110,S3-282583918,S3-305581873,S3-329969085,S3-370815182,S3-437337823,S3-668860039,S3-693773842,S3-858472777
S1-588270465	S2-146516261,S2-205518186,S2-372202978,S2-382377359,S2-384829851,S2-410329713,S2-472790482,S2-497025062,S2-51977302,S2-575536430,S2-591940527,S2-699391872,S2-776608753,S2-829337272,S2-845577049,S2-933085923,S2-9656587,S3-266858336,S3-344206881,S3-808546100
S1-588371270	S2-118594158,S2-127761388,S2-185318066,S2-203563265,S2-283816870,S2-322553696,S2-341476036,S2-363779880,S2-369611703,S2-484903051,S2-514160870,S2-527936172,S2-621975205,S2-635228641,S2-670098295,S2-69852428,S2-802837546,S2-879724650,S2-917557484,S2-995438812
S1-58892753	S2-118779334,S2-218626843,S2-219907659,S2-30506454,S2-372304437,S2-375122713,S2-447659146,S2-494966281,S2-500894793,S2-602104238,S2-644850388,S2-686378507,S2-754010566,S2-93459118,S2-944353390,S2-946002985,S3-104433822,S3-120412767,S3-507540023,S3-73297161
S1-589284935	S2-418229731,S2-44349453,S2-558108658,S2-646606580,S3-19261618,S3-692785747,S3-728317817
S1-589506237	S2-121382357,S2-139550940,S2-145521404,S2-150746027,S2-27986137,S2-310613953,S2-39401964,S2-399449669,S2-457500956,S2-497025062,S2-625369101,S2-662221399,S2-716687956,S2-716961117,S2-831212679,S2-850483762,S2-92868774,S3-245194920,S3-58595912,S3-762997714
S1-589992615	S2-375538340,S2-404345480,S2-44247053,S2-79603737,S3-109522127,S3-406028571,S3-661013347,S3-876426966
S1-590002529	S2-151660239,S2-153141238,S2-390028589,S2-454588561,S3-768757639
S1-590088367	S2-244170294,S2-255224117,S2-441775766,S2-467890656,S2-475655270,S2-543817939,S2-563493244,S2-666132621,S2-673025388,S2-685689907,S2-694169948,S3-114293086,S3-512195270,S3-542007550,S3-574582045,S3-660058538,S3-74640279,S3-962433627,S3-985544899
S1-590198978	S2-192955479,S2-196004824,S2-345943087,S2-372695124,S2-427640018,S2-478163523,S2-503228977,S2-521781927,S2-614122807,S2-662708356,S2-789616276,S2-860534246,S2-936516737,S2-968269476,S2-993904363,S3-199866836,S3-61276340,S3-804477499,S3-845626087,S3-955529052
S1-590272768	S2-147678850,S2-232488330,S2-236763221,S2-336517841,S2-376204786,S2-428566042,S2-512947690,S2-645627128,S2-940670379,S2-940954835,S2-945443831,S3-167763171,S3-218956342,S3-276447565,S3-31784973,S3-327426828,S3-558205830,S3-696835255,S3-73168111,S3-94217578
S1-590430656	S2-129843489,S2-139986213,S2-260783262,S2-27607600,S2-36345736,S2-39969572,S2-584195132,S2-612477017,S2-667165747,S2-718775157,S2-720292592,S2-721502513,S2-741124141,S2-784742941,S2-844382569,S2-900654127,S2-918750094,S2-93160252,S3-613730352,S3-725360747
S1-591378155	S2-365315580,S2-402930202,S2-802018674,S3-208873223,S3-384206670,S3-695166686,S3-9205431
S1-591458291	S2-234289368,S2-253321335,S2-29950408,S2-464669590,S2-473129182,S2-63983150,S2-678191772,S2-732036770,S2-808610334,S2-930582849,S3-124291758,S3-264605205,S3-461185136,S3-601496716,S3-686235406,S3-753138531,S3-783860613,S3-81771864
S1-592769147	S2-164661963,S2-240244122,S2-253567973,S2-344874828,S2-345388497,S2-410007712,S2-427963706,S2-447558928,S2-449692546,S2-575279420,S2-654698897,S2-661850583,S2-694336347,S2-696617658,S2-711588071,S2-772008314,S2-83607977,S2-912301356,S2-990416639,S3-452167861
S1-593083987	S2-229061400,S2-292840209,S2-448645149,S2-45962616,S2-552647347,S2-789664214,S2-919186181,S2-99939468,S3-337969039,S3-570998205,S3-608788943,S3-821723923,S3-882586512,S3-916034551
S1-593512671	S2-123445620,S2-136620539,S2-139899840,S2-148707778,S2-245479412,S2-247158574,S2-418022881,S2-449660364,S2-468482346,S2-472820763,S2-509791954,S2-522817566,S2-682145673,S2-754143427,S2-81308229,S2-820645328,S2-975151372,S3-1271779,S3-584170524,S3-941429537
S1-593747781	S2-118914325,S2-235700496,S2-364081877,S2-391323703,S2-439385504,S2-550106255,S2-674050178,S2-691883672,S2-720232633,S2-740416537,S2-891880075,S3-171553947,S3-48065608,S3-538908484,S3-545359610,S3-633186686,S3-654565491,S3-790008609,S3-878591506,S3-965951984
S1-593999035	S2-177670372,S2-208614397,S2-339750053,S2-351107485,S2-48627872,S2-560952400,S2-576580892,S2-621473436,S2-996793303,S3-753405045,S3-867745530,S3-998647516
S1-594051037	S2-179553455,S2-268988303,S2-693838110,S3-208914650,S3-344059016,S3-568143739,S3-714791649,S3-772336986,S3-808376527,S3-84145911,S3-987031930
S1-594089647	S2-114340268,S2-218371461,S2-233372491,S2-259456623,S2-386531852,S2-497425083,S2-518657430,S2-62564618,S2-71874502,S2-822209813,S2-938430477,S2-950135492,S3-281698066,S3-305175810,S3-334033762,S3-441988582,S3-481078934,S3-641607304,S3-651005074,S3-871551785
S1-594116467	S2-184898378,S2-318025254,S2-352169028,S2-364258615,S2-369923947,S2-433060011,S2-435107976,S2-504301632,S2-553193794,S2-699029532,S2-791856232,S2-822482083,S2-882915480,S2-91800234,S2-93891477,S3-214661363,S3-225975341,S3-355183349,S3-439131891,S3-971331593
S1-595539842	S2-113656688,S2-117695035,S2-297487585,S2-402495223,S2-425397364,S2-494894198,S2-514438282,S2-585560719,S2-602532045,S2-792034672,S2-812149244,S2-92265599,S2-93286257,S2-99393133,S3-115030612,S3-203646470,S3-302237356,S3-499782512,S3-617512803,S3-680502926
S1-595931537	S2-242050433,S2-797818444,S2-916455411,S3-284642949,S3-339656946,S3-903584153
S1-596163190	S2-157564986,S2-201826651,S2-324803431,S2-374123528,S2-374521955,S2-463758786,S2-548580277,S2-551679176,S2-576107738,S2-605929562,S2-613019176,S2-629621942,S2-716673557,S2-73199232,S2-802488403,S2-826989764,S2-831793066,S2-835052671,S2-902700144,S2-973057450
S1-59674028	S2-126670069,S2-137040293,S2-161706141,S2-164255313,S2-173678305,S2-311198079,S2-547656850,S2-551899354,S2-574089391,S2-606589402,S2-648055380,S2-784589668,S2-90564148,S2-995066127,S3-315621746,S3-342030144,S3-426820865,S3-679306055,S3-756027613,S3-822866561
S1-597188860	S2-142576240,S2-145865332,S2-228869624,S2-250840257,S2-252504575,S2-324903930,S2-330362916,S2-46620659,S2-474404665,S2-552565714,S2-573082517,S2-58348149,S2-621352290,S2-636702130,S2-6675433,S2-748545907,S2-849131246,S2-911358391,S2-92393326,S3-138802481
S1-59737630	S2-29547256,S2-304458846,S2-572533740,S2-612419793,S2-624804463,S2-763596040,S2-79579008,S2-80440792,S2-958882646,S2-9662497,S3-199011439,S3-214154409,S3-333873888,S3-396240758,S3-543573871,S3-616866873,S3-65844361,S3-67036274,S3-888156646,S3-95751984
S1-59759783	S2-107363750,S2-185388599,S2-274346059,S2-2785320,S2-279795129,S2-366696624,S2-4039140,S2-404262688,S2-437343398,S2-488789411,S2-773666132,S2-854223936,S2-872202338,S2-896730409,S2-949408746,S3-233219517,S3-391128240,S3-531239757
S1-59886847	S2-165809100,S2-261272734,S2-341288100,S2-41741727,S2-426046760,S2-44621127,S2-572367141,S2-756302651,S2-811863966,S2-842463067,S2-973674638,S3-148199656,S3-229988428,S3-242950495,S3-574628806,S3-6326303,S3-729398114,S3-82969326,S3-892449116,S3-926031154
S1-599201370	S2-51018399,S2-792920808,S3-136791093,S3-166171443,S3-28590814,S3-291224350,S3-702993589,S3-917146724,S3-973365771,S3-998769872
S1-599478773	S2-116431346,S2-136113375,S2-174609481,S2-216434283,S2-219374527,S2-226551251,S2-231603712,S2-30769224,S2-388362035,S2-471517558,S2-481306942,S2-588291599,S2-617626301,S2-624920895,S2-673704658,S2-76243565,S2-80378413,S2-849276951,S2-895791781,S2-930930197
S1-599682370	S2-227749267,S2-456237430,S2-529314826,S2-729433636,S3-300865467,S3-605969721,S3-725021799,S3-937945935
S1-600702369	S2-11660576,S2-145644685,S2-171818402,S2-291892949,S2-35939506,S2-3899069,S2-412874461,S2-433146482,S2-475705942,S2-499306826,S2-64270974,S2-785369246,S2-846811536,S2-888108239,S2-905760230,S2-990473569,S3-124271680,S3-304128691,S3-508801484,S3-651156483
S1-600834723	S2-173663181,S2-178147378,S2-243805328,S2-247926647,S2-53745174,S2-589174984,S2-633643020,S2-776203445,S2-776979128,S2-932897105,S3-144314902,S3-423580129,S3-961916983
S1-601019317	S2-13046199,S2-201199418,S2-205614877,S2-234439634,S2-278327301,S2-3307727,S2-421540927,S2-570499421,S2-647874358,S2-855170084,S2-863923499,S2-896277824,S2-908872975,S2-961202263,S3-228992700,S3-279416625,S3-596629355,S3-708843620,S3-754336317,S3-783632803
S1-601806468	S2-114971268,S2-146503710,S2-180447643,S2-201089624,S2-277444929,S2-319771268,S2-370549501,S2-442062682,S2-465280450,S2-57046353,S2-698436260,S2-70236447,S2-740567996,S2-847408459,S2-965399023,S2-978606166,S3-191877624,S3-343009930,S3-576518467,S3-969145106
S1-601883691	S2-143676738,S2-321975134,S2-383799188,S2-396202187,S2-448108376,S2-593120056,S2-836225635,S2-843668336,S2-993754802,S3-370598265,S3-394074218,S3-411324695,S3-504984855,S3-566878707,S3-753076549,S3-793154719,S3-859951130,S3-891374685,S3-945034081,S3-985012719
S1-601898563	S2-213501555,S2-240377776,S2-337644802,S2-399052000,S2-410017075,S2-438574331,S2-726732611,S2-754566833,S2-76595366,S2-779046920,S2-812996586,S2-878637248,S2-945853378,S2-9723901,S3-179738152,S3-258774916,S3-33842912,S3-445454974,S3-450964028,S3-608133135
S1-602005528	S2-11932311,S2-122744511,S2-191866478,S2-270554846,S2-377809075,S2-407004679,S2-485566503,S2-5514738,S2-60973883,S2-833227760,S2-903178968,S2-91761254,S3-237649282,S3-313040087,S3-354910039,S3-379415128,S3-39489547,S3-408148738,S3-467523035,S3-759358326
S1-602251580	S2-166155058,S2-799111566,S3-226617429,S3-470821740
S1-60282993	S2-101919056,S2-249912014,S2-281454716,S2-330518097,S2-338189175,S2-345172295,S2-360340589,S2-379148212,S2-384279989,S2-562696174,S2-628782781,S2-705748435,S2-783594912,S2-795872925,S2-807301152,S2-892976123,S3-150353638,S3-27935782,S3-490501031,S3-584114643
S1-602863358	S2-153284270,S2-184086201,S2-299917700,S2-646881698,S2-671837105,S2-772183271,S2-814876053,S2-849890737,S2-975287575,S3-131399064,S3-253872844,S3-371292760,S3-447553597,S3-541227706,S3-569461375,S3-81686445
S1-602968915	S2-111529715,S2-123459391,S2-274323360,S2-31951627,S2-362132747,S2-364595902,S2-488565793,S2-500096956,S2-501875319,S2-536777587,S2-630138778,S2-658868799,S2-824243201,S2-864704766,S3-104373022,S3-138768321,S3-247836691,S3-464039850,S3-478776945,S3-67045422
S1-603443248	S2-129607000,S2-877250720,S3-22217388,S3-454804797,S3-848189945
S1-603574022	S2-384756413,S2-393808325,S2-435390800,S2-444794612,S2-459611127,S2-494844722,S2-598446797,S2-602013839,S2-702646757,S2-820410002,S2-827345339,S2-884608707,S2-901390153,S2-925829578,S3-131640589,S3-277775761,S3-635420112,S3-734258731,S3-797160510,S3-987793237
S1-603600041	S2-119607177,S2-453308379,S2-493250458,S2-546063743,S2-703872713,S2-715905554,S2-736167731,S2-836563673,S3-125606814,S3-390687123,S3-40995498,S3-556827232,S3-640207759,S3-683347366,S3-72776566,S3-885821457,S3-907940772,S3-947976230,S3-949828523,S3-966308494
S1-604120437	S2-246176927,S2-368752494,S2-384027720,S2-392468975,S2-408784551,S2-449671151,S2-480854110,S2-540155192,S2-560833437,S2-613012191,S2-61330089,S2-837791363,S2-868668151,S2-930575697,S2-962425485,S2-992974200,S3-152972449,S3-785281082,S3-926797096,S3-951667909
S1-604178350	S2-123485989,S2-165768476,S2-363867608,S2-386384920,S2-388524775,S2-43218614,S2-556932415,S2-564768535,S2-676618776,S2-709989077,S2-803294359,S2-93729553,S2-958224230,S2-963885252,S2-967923960,S2-972445392,S3-467899517,S3-601606947,S3-638209590,S3-689855967
S1-604264798	S2-273950729,S2-284541450,S2-286135254,S2-389476304,S2-480589587,S2-562767509,S2-601193432,S2-615799185,S2-871533737,S3-105373813,S3-251435904,S3-314635677,S3-35231611,S3-495493322,S3-541815091,S3-552376050,S3-588179961,S3-61993139,S3-658580647
S1-604425611	S2-148854997,S2-247525761,S2-330334739,S2-577186665,S2-629656502,S2-630101802,S2-657612909,S2-672144096,S2-761563119,S2-856654739,S2-910978799,S2-91652768,S2-918939789,S3-332753509,S3-570182570,S3-707688567,S3-73747670,S3-823721640,S3-921951280,S3-986374350
S1-604544285	S2-132694747,S2-478064148,S2-565349783,S2-796770637,S2-911012498,S3-160107838,S3-282362067,S3-728960712,S3-751895533
S1-604940428	S2-101411979,S2-120215656,S2-124522842,S2-139638068,S2-190103142,S2-286097795,S2-30506454,S2-45813436,S2-500894793,S2-594118702,S2-612912448,S2-648647657,S2-699860008,S2-703946335,S2-769445369,S3-218393151,S3-269732947,S3-42672457,S3-58973096,S3-961906083
S1-605519132	S2-151738644,S2-162120078,S2-170428654,S2-187987120,S2-425026378,S2-456040057,S2-545131272,S2-592491751,S2-641217477,S2-748955073,S2-757197434,S2-757543295,S2-808575628,S2-98074671,S2-98950539,S3-104260598,S3-418290319,S3-499235635,S3-592133021,S3-682995762
S1-605688694	S2-138705673,S2-167737773,S2-169083107,S2-228338166,S2-3026870,S2-307201933,S2-367570288,S2-420641004,S2-468961603,S2-54143783,S2-611641666,S2-677418056,S2-809460945,S2-864041841,S2-952623407,S2-981104251,S3-353816175,S3-680580064,S3-70581453,S3-810941597
S1-60836490	S3-108477070,S3-115238739,S3-289374007,S3-438049837,S3-816971191,S3-998614690
S1-608368205	S2-273430966,S2-34100948,S2-608447496,S2-64324531,S2-64465381,S2-762383502,S2-811915007,S2-976412040,S2-980732442,S3-126979187,S3-197328747,S3-535498375,S3-690491070,S3-744781779,S3-746336669,S3-74640521,S3-749330205,S3-851536050,S3-962806873,S3-996728823
S1-608410921	S2-130336511,S2-1722538,S2-246619331,S2-321033055,S2-347017935,S2-368206306,S2-406105988,S2-423147414,S2-461028307,S2-508468564,S2-544760260,S2-572531501,S2-611548253,S2-724990460,S2-851263667,S2-869402327,S2-94390509,S3-273888869,S3-705419548,S3-872630715
S1-608682254	S2-316007469,S2-579827096,S2-841065663,S3-44329629,S3-487949713
S1-610233249	S2-154012771,S2-210211020,S2-291353274,S2-408845232,S2-42297081,S2-433072095,S2-441899223,S2-504563685,S2-5707522,S2-612793266,S2-620275026,S2-646192031,S2-668570916,S2-684017125,S2-691743878,S2-711655735,S2-799930898,S2-947549174,S2-950124108,S3-1734904
S1-610273600	S2-169184293,S2-205121019,S2-20521724,S2-238341006,S2-241464589,S2-32851836,S2-331692143,S2-41999958,S2-450093756,S2-479278257,S2-499048769,S2-556530424,S2-637868384,S2-771555843,S2-846347139,S2-849730555,S2-91567982,S2-919494113,S3-329622221,S3-840618714
S1-61031119	S2-117041640,S2-12970251,S2-218598097,S2-228567244,S2-234380287,S2-249818014,S2-303148353,S2-398659226,S2-449738851,S2-454522940,S2-623705967,S2-645865683,S2-66523922,S2-715851950,S2-784563143,S2-829070070,S2-918415407,S2-938559567,S2-948542502,S2-993107908
S1-610383948	S2-122336163,S2-151236622,S2-19675450,S2-240079525,S2-315548151,S2-324020280,S2-387399926,S2-434190410,S2-532002586,S2-546934117,S2-562792954,S2-652336922,S2-693072766,S2-784852829,S2-860787468,S2-978232132,S3-370453514,S3-537578952,S3-842136421,S3-991195155
S1-611262301	S2-127624822,S2-193586650,S2-297103044,S2-31103063,S2-348356019,S2-35447298,S2-441765868,S2-476437527,S2-499180496,S2-58670232,S2-653376534,S2-738100830,S2-953716469,S3-145169487,S3-233922829,S3-280031997,S3-296148473,S3-501450699,S3-674608832,S3-878822026
S1-611360107	S2-223502639,S2-281740334,S2-381231365,S2-568142384,S2-706770555,S2-783530986,S2-801225224,S2-806931282,S2-979691248,S3-37978446,S3-471847899,S3-640985486,S3-692602256,S3-776263896,S3-82954835,S3-873219156
S1-611776607	S2-148837223,S2-198123756,S2-254621456,S2-378407113,S2-678079382,S2-683214195,S2-68335569,S2-705705496,S2-706360388,S2-75528922,S2-801431995,S2-810776331,S2-819110592,S2-887492622,S2-936491223,S3-12397492,S3-228539833,S3-630688685,S3-922856253,S3-93453970
S1-61201622	S2-14363314,S2-177486508,S2-185152513,S2-275659184,S2-275682619,S2-297457236,S2-299772640,S2-400162401,S2-477936301,S2-536514418,S2-718517681,S2-762168446,S2-790959090,S2-95347749,S2-961687043,S3-71571199,S3-905571881
S1-612234470	S2-269166097,S2-40478498,S2-496825047,S2-54307441,S2-588162053,S2-725374334,S2-766743346,S2-779289127,S2-784849034,S2-822377517,S2-828388778,S2-895531443,S2-920131632,S2-988430985,S2-992673515,S3-247103302,S3-295339758,S3-609005268,S3-642056004,S3-725153129
S1-61317816	S2-100251681,S2-283433987,S2-308356127,S2-309436005,S2-399112375,S2-474914898,S2-479186257,S2-544197083,S2-568999124,S2-582629579,S2-618067988,S2-654501694,S2-6607727,S2-755868171,S2-770751342,S2-894152578,S2-956840745,S3-59608101,S3-668467118,S3-729097220
S1-613684012	S2-145475727,S2-22407917,S2-424985370,S2-48319977,S2-496597750,S2-6144892,S2-637008636,S2-657092756,S3-14801142,S3-261187527,S3-376814645,S3-492024212,S3-512336424,S3-516339811,S3-546299816,S3-552204575,S3-667181525,S3-670139239,S3-794185579,S3-823972833
S1-613857732	S2-142609972,S2-177812522,S2-209318082,S2-229017655,S2-262423639,S2-35427816,S2-364709779,S2-458450467,S2-468391282,S2-502485918,S2-504734797,S2-602117787,S2-65027320,S2-684266077,S2-714078030,S2-999793401,S3-154889772,S3-247273390,S3-251248247,S3-593594840
S1-61424698	S2-367237100,S2-746830936,S2-871064528,S3-370818932,S3-640760349,S3-700141906
S1-614343662	S2-117041640,S2-12970251,S2-201331212,S2-218598097,S2-228567244,S2-234380287,S2-249818014,S2-303148353,S2-398659226,S2-449738851,S2-454522940,S2-623705967,S2-645865683,S2-66523922,S2-715851950,S2-784563143,S2-829070070,S2-938559567,S2-948542502,S2-993107908
S1-614729148	S2-267714454,S2-363634967,S2-49866921,S2-76899852,S2-805717556,S2-880927887,S2-935807597,S3-148274806,S3-270955881,S3-358915916,S3-391650893,S3-843933865,S3-975310769
S1-614913303	S2-120443301,S2-186918703,S2-22775099,S2-253149229,S2-272524011,S2-351773656,S2-362329289,S2-390068896,S2-415834554,S2-454436960,S2-534906411,S2-645692048,S2-680723758,S2-694064827,S2-852561180,S2-907307129,S2-940744089,S2-945085407,S3-324342265,S3-430417597
S1-61533179	S2-33750535,S2-596446650,S2-596697330,S2-657023181,S2-758201413,S3-238740585,S3-36128443,S3-514207922,S3-665043233,S3-68942393,S3-811657034,S3-991483265
S1-616613762	S2-231510691,S2-298761341,S2-304922384,S2-323669567,S2-415477440,S2-45099840,S2-565503155,S2-632367174,S2-712142054,S2-854620170,S2-970008317,S2-978599791,S3-133538008,S3-491891340,S3-51582894,S3-541782985,S3-554089509,S3-584956378,S3-725162469,S3-945954913
S1-616673135	S3-911429763,S3-911507153
S1-616716764	S2-154397073,S2-161592048,S2-185148108,S2-217933559,S2-452208391,S2-494193597,S2-519912199,S2-600711151,S2-666612729,S2-677255764,S2-761037233,S2-789711070,S2-830797725,S2-844342057,S2-847374839,S2-93542945,S2-955625648,S2-991843540,S2-996569294,S3-194571045
S1-617010768	S2-237501546,S2-310947827,S2-615464322,S2-677462527,S2-698812983,S2-796111861,S2-893815140,S3-131347113,S3-151627337,S3-35853964,S3-397375125,S3-577595062,S3-683211792,S3-702169366,S3-876189641,S3-931778532,S3-984810724
S1-617093067	S2-227773482,S2-500272459,S2-53346181,S2-602771038,S2-642958572,S2-747409987,S2-771969646,S2-814881099,S2-882557799,S2-91305348,S2-919402609,S2-932169977,S2-953044877,S2-964627402,S3-133688869,S3-201389874,S3-424431238,S3-572310159,S3-781951483,S3-941234847
S1-617846477	S2-340836507,S2-500272459,S2-546934117,S2-715522197,S2-764648308,S2-771969646,S2-779046920,S2-814881099,S2-844790251,S2-845118765,S2-878637248,S2-91305348,S2-91377268,S2-953044877,S2-998229665,S3-766507777,S3-776466162,S3-781951483,S3-786061862,S3-947377425
S1-618284602	S2-340879101,S3-35773370,S3-362209275,S3-404809991
S1-618327603	S2-141712711,S2-158768206,S2-256006225,S2-299640307,S2-312805338,S2-31971701,S2-386965330,S2-38839585,S2-488848012,S2-590541527,S2-657321837,S2-728748032,S2-734212200,S2-741940589,S2-759276630,S2-832575187,S2-863340707,S2-872738270,S2-886131666,S3-820724714
S1-618662288	S2-14692925,S2-275292871,S2-31958613,S2-393563842,S2-395151585,S2-425338087,S2-474213434,S2-571132317,S2-576762560,S2-653875888,S2-684808575,S2-840424904,S2-854741645,S2-861414287,S2-914877951,S2-926536195,S2-944104238,S3-207385893,S3-460164070,S3-907707028
S1-619316246	S2-153163440,S2-504383977,S3-534324863,S3-699351867
S1-619574601	S2-146831817,S2-203072747,S2-455134753,S2-552545999,S2-59768946,S2-646715848,S2-714664993,S2-719898845,S2-972265060,S3-148719983,S3-210320770,S3-242603963,S3-408752785,S3-424591721,S3-495046804,S3-604855185,S3-776863042,S3-78200555,S3-911312275,S3-9805501
S1-619713581	S2-146572324,S2-207851104,S2-362515452,S2-480933295,S2-492269701,S2-539753352,S2-546743882,S2-657601236,S2-681991046,S2-80440792,S2-811175347,S2-824983405,S2-883785009,S2-955550290,S2-965085514,S3-648874983,S3-688083837,S3-963337389
S1-620271559	S2-179213874,S2-235039028,S2-238257070,S2-263930722,S2-276478634,S2-314481641,S2-368416481,S2-437914811,S2-444139007,S2-562497096,S2-713920891,S2-783860047,S2-818865818,S2-889223277,S2-894313135,S2-926723118,S2-959518463,S2-98013069,S3-18726173,S3-473367120
S1-620320792	S2-148282478,S2-224629794,S2-390696412,S2-473457691,S2-577082193,S2-673018471,S3-889680595,S3-986742721
S1-620692491	S2-684693984,S2-723875144,S2-851994820,S2-860094613,S2-903994704,S3-156046949,S3-253004334,S3-267798984
S1-621168418	S2-122376374,S2-128924658,S2-131313631,S2-311670574,S2-341608618,S2-36203845,S2-367329406,S2-677255764,S2-820372596,S2-827422557,S3-185368881,S3-218426671,S3-459871925,S3-528227853,S3-561446246,S3-675188169,S3-679251174,S3-756590899,S3-764945222,S3-968187323
S1-621381679	S2-561900662,S2-63052434,S2-784285481,S2-853547967,S3-423254649,S3-614340289,S3-896221038
S1-621850241	S2-171712571,S2-218950381,S2-341252660,S2-745353673,S2-903223182,S2-955016779,S3-205063248,S3-234951542,S3-235338385,S3-477280605,S3-497634989,S3-57979530,S3-586006087,S3-650147406,S3-721762689
S1-622456554	S2-105023357,S2-202693598,S2-217248154,S2-292316755,S2-367239885,S2-380425439,S2-3987022,S2-499529553,S2-521665381,S2-842951530,S2-898709382,S2-919088656,S3-112372671,S3-182906686,S3-215870679,S3-363766365,S3-431675531,S3-521670543,S3-810792655,S3-886330332
S1-622635382	S2-141268529,S2-262002046,S2-43073112,S2-451473736,S2-736730402,S2-857216235,S2-87200954,S3-133569825,S3-239367161,S3-259167223,S3-268996648,S3-277423664,S3-353878100,S3-570316184,S3-657160303,S3-740524384,S3-787963116,S3-82781694,S3-922971635,S3-949536323
S1-622653623	S2-147252509,S2-163236542,S2-428243144,S2-55356916,S2-593847882,S2-720490901,S2-728191118,S2-782319833,S2-877124550,S2-97857545,S3-10180366,S3-119648435,S3-17400476,S3-178695005,S3-674808390,S3-686683677,S3-731382017,S3-749897748,S3-868070112,S3-963147507
S1-62342690	S2-127624822,S2-193586650,S2-297103044,S2-31103063,S2-348080054,S2-348356019,S2-35447298,S2-441765868,S2-476437527,S2-499180496,S2-58670232,S2-738100830,S3-145169487,S3-280031997,S3-322948696,S3-501450699,S3-674608832,S3-981022484
S1-62353621	S2-144690380,S2-543872538,S2-695454865,S3-268361494,S3-390772393,S3-542572830,S3-980834653
S1-623557721	S2-145865332,S2-198938800,S2-261647408,S2-303726261,S2-312533710,S2-330362916,S2-347967135,S2-392512147,S2-412036406,S2-438235722,S2-545769155,S2-636702130,S2-6675433,S2-783345185,S2-894384835,S2-895030236,S2-969254000,S2-997610957,S3-184624912,S3-68612509
S1-623596437	S2-154479629,S2-157315965,S2-201004102,S2-207798649,S2-354917337,S2-409956591,S2-430770470,S2-585413507,S2-626930611,S2-637262114,S2-682371123,S2-689808691,S2-778189941,S2-789361780,S2-807449125,S2-868771496,S2-944904521,S3-167981263,S3-534201190,S3-573747509
S1-623618199	S2-163212711,S2-185692593,S2-19326493,S2-265278512,S2-373316530,S2-375550325,S2-378279047,S2-399971243,S2-416677929,S2-498596750,S2-537422507,S2-568165035,S2-625872997,S2-675336835,S2-678410498,S2-869901829,S2-888873504,S2-965712462,S2-993866047,S3-609877465
S1-623634224	S2-126996401,S2-161047745,S2-224250724,S2-241710484,S2-252583656,S2-264759308,S2-327738915,S2-358350108,S2-358401132,S2-394533528,S2-471215013,S2-666871273,S2-784586025,S2-836755446,S2-891941838,S2-913672240,S2-921122628,S2-932626440,S2-948549347,S2-998548920
S1-624473130	S2-9629556,S2-966298486,S3-792506517
S1-624663303	S2-250316100,S2-315823580,S2-353688026,S2-600006843,S2-882915480,S2-926365725,S2-958304412,S3-126026824,S3-132281000,S3-324607124,S3-327708132,S3-376554709,S3-390950751,S3-432043289,S3-435959093,S3-509208761,S3-614945078,S3-788484702,S3-838627502,S3-992341899
S1-62501427	S2-100251681,S2-194469832,S2-206208754,S2-250915022,S2-283433987,S2-309436005,S2-370505932,S2-399112375,S2-474914898,S2-479186257,S2-544197083,S2-582629579,S2-654501694,S2-755868171,S2-777354765,S2-794338147,S2-894152578,S2-956840745,S3-412690139,S3-707876072
S1-625496872	S2-213458796,S2-986379083
S1-625740236	S2-104638783,S2-137433271,S2-246141135,S2-313972714,S2-325716350,S2-480012656,S2-505292737,S2-539414515,S2-677307722,S2-684181471,S2-719666860,S2-755648314,S2-779837979,S2-852287575,S3-406221258,S3-435438494,S3-53178265,S3-600085000,S3-938403863
S1-626032942	S2-118393214,S2-143181162,S2-183967309,S2-254668576,S2-276266669,S2-286837475,S2-303086217,S2-311198605,S2-349365849,S2-429014310,S2-496993137,S2-533197229,S2-538521710,S2-591277113,S2-700717757,S2-911500119,S2-973978023,S3-262284390,S3-343101544,S3-834615276
S1-626374432	S2-143809054,S2-268030824,S2-530726890,S2-65208243,S2-670684415,S2-967438873,S3-101991968,S3-115061195,S3-178901975,S3-184339485,S3-302530237
S1-626707695	S2-362775293,S2-712068043,S2-821592243,S3-207798628,S3-652859379,S3-774213248,S3-960531900
S1-627632522	S2-108511329,S2-192818734,S2-203001983,S2-209726399,S2-252964920,S2-314783331,S2-332903939,S2-501226953,S2-540614581,S2-601145417,S2-680159084,S2-688255026,S2-720782740,S2-760313958,S2-801559396,S2-843071321,S2-881452548,S3-435125539,S3-54245155,S3-706400213
S1-627733700	S2-119843211,S2-14241037,S2-1505887,S2-200814831,S2-242055718,S2-490505401,S2-513019344,S2-595033725,S2-628129193,S2-692585872,S2-818259839,S2-889977529,S2-959734804,S2-982003904,S2-991507759,S3-213969920,S3-480479400,S3-521824517,S3-646235257,S3-802384305
S1-628334940	S2-196015977,S2-289529348,S2-388088551,S2-39909410,S2-479003126,S2-799353940,S2-802157748,S2-862953599,S2-973608133,S3-191968837,S3-22732568,S3-236642400,S3-337617022,S3-377610793,S3-56323051,S3-61623021,S3-643312710,S3-760808873,S3-826306693,S3-993480431
S1-628468739	S2-334284265,S2-438397589,S2-505244705,S2-520441214,S2-555983033,S2-570512018,S2-58825780,S2-598991538,S2-617049951,S2-626832027,S2-698383825,S2-749642407,S2-857681318,S2-862571135,S2-890476046,S2-950112893,S2-980246492,S2-98331541,S3-49413715,S3-612153692
S1-6285614	S2-121647868,S2-128745860,S2-129437880,S2-251149385,S2-321179797,S2-406062395,S2-416955900,S2-475564547,S2-482291071,S2-539165500,S2-604439887,S2-682144149,S2-730882667,S2-779072102,S2-83422722,S2-899538024,S2-90987334,S3-103556534,S3-133570145,S3-291714801
S1-628861242	S2-13585391,S2-176163089,S2-214601840,S2-220583900,S2-333206038,S2-537966434,S2-607971533,S2-785800036,S2-981173823,S3-107236405,S3-120391741,S3-334654550,S3-463264821,S3-54565837,S3-565755955,S3-706308527,S3-758545860,S3-891357737
S1-628894059	S2-181528189,S2-253411332,S2-447974723,S2-460784113,S2-511384315,S2-512896592,S2-566293411,S2-709279205,S2-77494747,S2-800694119,S2-91333020,S2-926982402,S3-293978467,S3-3403139,S3-726981473,S3-779137275,S3-804617298,S3-839038111,S3-92319349,S3-957551114
S1-630404914	S2-158601980,S2-163335923,S2-369242155,S2-743455401,S2-949646028,S3-123055487,S3-145821200,S3-177655802,S3-259288925,S3-484692538,S3-620122596,S3-996344923
S1-630452177	S2-387790355,S2-836852412,S2-893712688,S3-823718971,S3-829789318
S1-630508300	S2-395954395,S2-892784113,S3-243505160,S3-511675063
S1-630555064	S2-146288242,S2-153191170,S2-159064454,S2-197696225,S2-22257325,S2-300451593,S2-325209077,S2-386690759,S2-414147672,S2-619282421,S2-686251531,S2-728566332,S2-730036234,S2-801751736,S2-816079827,S2-886247443,S2-964240180,S3-289031848,S3-623764048,S3-938274629
S1-630680113	S2-120477577,S2-139158507,S2-309430111,S2-4162476,S2-436120738,S2-445398027,S2-521176572,S2-530493518,S2-55155187,S2-5555370,S2-557253038,S2-589702801,S2-672567246,S2-76334495,S2-78286144,S2-845634525,S2-846447193,S3-139098158,S3-432130001,S3-898193105
S1-631467547	S2-215874680,S2-232179582,S2-306696462,S2-435778329,S2-600852470,S2-652468177,S2-704449115,S2-741038999,S2-827740014,S2-847729692,S2-880909908,S2-95824802,S2-996857197,S3-238032780,S3-289273205,S3-550274069,S3-550796803,S3-561823141,S3-677040254,S3-785048423
S1-63179492	S2-245634717,S2-885348747,S3-246901852,S3-388565326,S3-603541039,S3-854420152
S1-632005674	S2-112705194,S2-167713261,S2-22315267,S2-28850478,S2-479529323,S2-507625194,S2-583678193,S2-757736591,S2-876824000,S2-899089837,S3-17298898,S3-293250932,S3-348000257,S3-580080101,S3-723775150,S3-813698866,S3-860755796,S3-870803842,S3-949300114,S3-974229620
S1-632834399	S2-351676656,S2-383727140,S2-628626692,S2-640012294,S2-64021649,S2-999823653,S3-106639011,S3-315971558,S3-488406673
S1-633053495	S2-111262131,S2-146020539,S2-159698939,S2-186509085,S2-199635728,S2-353688026,S2-486471235,S2-622624356,S2-704280999,S2-706043760,S2-749912461,S2-858313842,S2-894384835,S2-910122412,S3-148494507,S3-171598919,S3-209868338,S3-276207454,S3-661255319,S3-718225300
S1-633837427	S2-12615911,S2-1900189,S2-300442554,S2-309019967,S2-328685280,S2-597797092,S2-856103258,S2-860625762,S2-89314062,S2-995845052,S3-353225438,S3-412891285,S3-544026400,S3-549956359,S3-573397061,S3-655942757,S3-700966025,S3-710381968,S3-753342448,S3-755166312
S1-63404423	S2-207471054,S2-25207846,S2-851186896,S3-31548784
S1-634153502	S2-321660864,S2-352045312,S2-585455359,S2-624229274,S2-777785870,S2-96973637,S3-172694339,S3-182292885,S3-249319737,S3-28762331,S3-346510446,S3-370919302,S3-406685649,S3-436842681,S3-499996691,S3-538145319,S3-82682207,S3-869905956
S1-634969811	S2-117754693,S2-141712711,S2-148289960,S2-158768206,S2-256006225,S2-299640307,S2-312805338,S2-31971701,S2-386965330,S2-488848012,S2-728748032,S2-735364622,S2-741940589,S2-753662305,S2-759276630,S2-832575187,S2-872738270,S2-976646126,S3-860627031,S3-897973086
S1-635742036	S2-145521404,S2-176968531,S2-27986137,S2-310613953,S2-38917398,S2-39079223,S2-39401964,S2-399449669,S2-457500956,S2-516249560,S2-574914445,S2-619859806,S2-716687956,S2-716961117,S2-734993182,S2-92868774,S3-446843135,S3-526419862,S3-718300845,S3-91673504
S1-635795014	S2-126996401,S2-135416842,S2-161047745,S2-224250724,S2-241710484,S2-327738915,S2-333815402,S2-358350108,S2-358401132,S2-414080464,S2-471215013,S2-666871273,S2-784586025,S2-836755446,S2-891941838,S2-913672240,S2-948549347,S2-998548920,S3-196497827,S3-411320837
S1-635816485	S2-261433982,S2-297837275,S2-306369401,S2-369242155,S2-542437660,S2-576312763,S2-685817887,S2-704733115,S2-763672208,S2-771102631,S2-846708060,S2-853690217,S2-872432154,S2-982439832,S2-993827443,S3-197612690,S3-200652778,S3-753922842,S3-754024080,S3-908731517
S1-635975119	S2-121409934,S2-180267271,S2-209596770,S2-282478224,S2-42154825,S2-523379739,S2-608594687,S2-637048988,S2-659057552,S2-664759444,S2-82724388,S2-865589486,S2-871636446,S2-935058400,S2-970439,S2-976652336,S3-121675394,S3-242036935,S3-701298134,S3-703072783
S1-635998211	S2-215134403,S2-234839191,S2-308072236,S2-384330461,S2-559171920,S2-593443822,S2-597385607,S2-613033114,S2-64266611,S2-804822084,S2-807810872,S2-857070055,S2-864672539,S3-175592664,S3-255985946,S3-699699077,S3-807001846,S3-873046864,S3-889769022,S3-896638301
S1-636320376	S2-160993289,S2-221732138,S2-29657277,S2-307665672,S2-312042342,S2-427764935,S2-432723670,S2-510834116,S2-513409010,S2-515386320,S2-556461621,S2-589423683,S2-649705703,S2-652497457,S2-715418044,S2-81661580,S3-288775767,S3-363819080,S3-539067678,S3-829605606
S1-636331157	S2-138302676,S2-138429970,S2-196547907,S2-366081375,S2-516966015,S2-539878199,S2-548099986,S2-574291657,S2-669913776,S2-725412413,S2-947221890,S2-983379660,S3-135629312,S3-284065542,S3-438866928,S3-497785571,S3-530743660,S3-740859772,S3-925759575,S3-953045491
S1-636555615	S2-53773768,S2-866127943,S3-338790438
S1-637327230	S2-127624822,S2-193586650,S2-264587891,S2-297103044,S2-31103063,S2-35447298,S2-476437527,S2-58670232,S2-738100830,S3-280031997,S3-381824031,S3-501450699,S3-60518311,S3-674608832,S3-74298743,S3-778730569,S3-822346873,S3-895814441,S3-904778490,S3-910954687
S1-637390284	S2-134418223,S2-200440168,S2-233123309,S2-249491949,S2-285912142,S2-36835526,S2-378920632,S2-387030912,S2-412652966,S2-41330550,S2-507486280,S2-509832800,S2-557744079,S2-579935875,S2-607897017,S2-828032594,S2-987279589,S2-999381076,S3-19213441,S3-715339023
S1-637444916	S2-105368308,S2-235714010,S2-352447496,S2-368623790,S2-839616035,S2-993343383,S2-99973972,S3-13098950,S3-350126207,S3-503485091,S3-68058438,S3-710753967,S3-728300724,S3-857388227,S3-882652527
S1-638187098	S2-326482623,S2-453909082,S2-470376661,S2-68217766,S2-707526986,S2-8711826,S2-878461524,S2-99253708,S3-113016475,S3-116293459,S3-137423279,S3-242036935,S3-343304794,S3-432438042,S3-625584455,S3-739362788,S3-757632343,S3-76415134,S3-824821338,S3-842811214
S1-638474316	S2-460880265,S2-502335281,S2-792034672,S2-855687549,S3-203128563,S3-218578362,S3-274955694,S3-533579940,S3-798234739
S1-639350497	S2-110125353,S2-120477577,S2-139158507,S2-309430111,S2-4162476,S2-436120738,S2-445398027,S2-521176572,S2-530493518,S2-55155187,S2-5555370,S2-557253038,S2-589702801,S2-672567246,S2-683678097,S2-76334495,S2-846447193,S2-876540783,S3-407238183,S3-610454382
S1-63960120	S2-187514897,S2-196618803,S2-235155410,S2-337546861,S2-386575117,S2-40008757,S2-42969376,S2-489103612,S2-496024117,S2-542402013,S2-62697433,S2-678818787,S2-701996661,S2-743482966,S2-781210535,S2-856318585,S2-867204681,S2-878639783,S3-20119393,S3-968131864
S1-639787998	S2-209113147,S2-233372670,S2-247487143,S2-268589461,S2-368188455,S2-446585847,S2-6314616,S2-816556591,S2-865387879,S2-941175060,S2-95568904,S3-121382117,S3-273026124,S3-305813186,S3-37139244,S3-649955848,S3-744652753,S3-751509478,S3-847304242,S3-867537253
S1-640272778	S2-122272802,S2-158902765,S2-336338996,S2-369127255,S2-593628794,S2-598886611,S2-759589362,S2-835441368,S2-861432338,S2-877549475,S2-89592702,S2-959049552,S3-334791499,S3-507397691,S3-664629547,S3-776466162,S3-795374715,S3-802450176,S3-883319928,S3-884711400
S1-640453304	S2-120615704,S2-421745483,S2-501324503,S2-94118115,S2-979268936,S3-179264236,S3-572166852,S3-736100581,S3-879285465
S1-641079954	S2-165809100,S2-185405451,S2-32430961,S2-466090775,S2-581318712,S2-596751909,S2-666342792,S2-705223241,S2-728541442,S2-843069859,S2-849565658,S2-854959253,S2-962122790,S2-962522174,S2-963300188,S2-987501888,S3-240918514,S3-313864187,S3-862905305,S3-975512547
S1-641367142	S2-109905092,S2-127137603,S2-190642185,S2-219201040,S2-311029819,S2-312182754,S2-322536831,S2-445718105,S2-590714216,S2-742941063,S2-8022295,S2-831726341,S2-884083511,S2-891050601,S2-985184196,S3-236803806,S3-282823082,S3-753742035,S3-833912138,S3-97957016
S1-641380898	S2-106917799,S2-115105972,S2-160507387,S2-179996161,S2-386533183,S2-71874881,S2-730629757,S2-834833393,S2-9088397,S3-149993390,S3-158304935,S3-171483782,S3-352372392,S3-418877366,S3-457353799,S3-572942572,S3-60328051,S3-756738713,S3-789164562,S3-912868120
S1-642375929	S2-154063343,S2-160639671,S2-168497307,S2-184258903,S2-396553685,S2-47351895,S2-47749434,S2-535988246,S2-563644814,S2-571618880,S2-572650198,S2-580021699,S2-747243692,S2-868365106,S2-869229747,S2-902261581,S2-960361858,S2-975271190,S3-514641802,S3-902860265
S1-642844576	S2-193995593,S2-286270410,S2-292552164,S2-466147229,S2-467360791,S2-474535244,S2-525286182,S2-579205794,S2-602532391,S2-608115751,S2-612169234,S2-623758944,S2-752081733,S2-822714622,S2-823434500,S2-850741800,S2-878448261,S2-96328877,S2-989158977,S3-644565690
S1-643099483	S2-259695840,S2-29942024,S2-638179537,S2-688142618,S2-729929922,S2-808077734,S2-821062501,S2-974899069,S3-102683694,S3-116952809,S3-152848455,S3-168055241,S3-273421388,S3-442914014,S3-567294634,S3-664582427,S3-700124395,S3-701988328,S3-784057245,S3-808225728
S1-643231339	S2-133311592,S2-142353962,S2-189729084,S2-326312152,S2-480573177,S2-584727265,S2-591056455,S2-598946838,S2-744269045,S2-767778823,S2-800098684,S2-824779626,S3-334148255,S3-355139687,S3-551869488,S3-585551051,S3-67312004,S3-675055521,S3-741344465,S3-860212589
S1-643764698	S2-312805338,S2-386965330,S2-38839585,S2-450166696,S2-454099577,S2-479306460,S2-488848012,S2-735364622,S2-832575187,S2-872738270,S2-886131666,S2-953350715,S2-976646126,S3-120570825,S3-303508733,S3-352087539,S3-54455761,S3-693459404,S3-8115718,S3-883651768
S1-644079441	S3-905954565
S1-644573985	S2-167426364,S2-26881176,S2-278899754,S2-421975132,S2-424313130,S2-433356897,S2-474471156,S2-508602797,S2-56864149,S2-812894315,S2-93891477,S2-94847162,S2-984543883,S3-13674112,S3-368430638,S3-45449107,S3-629526913,S3-687187929,S3-777767890,S3-960809373
S1-645377047	S2-26471419,S2-353771582,S2-356719931,S2-409567262,S2-436753757,S2-447330874,S2-719587272,S2-782116175,S2-833126032,S2-860238547,S2-872369366,S2-901182785,S3-140247115,S3-435959093,S3-497886931,S3-546796887,S3-612568655,S3-680168365,S3-726101097,S3-727635639
S1-645666092	S2-133660776,S2-160094478,S2-332541981,S2-35786559,S2-466959003,S2-557002461,S2-628796989,S2-685362882,S2-71789809,S2-729326599,S2-753049565,S2-939739824,S2-988340451,S3-100648869,S3-24390668,S3-46548116,S3-538699351,S3-564246876,S3-572819469,S3-999338098
S1-645771606	S2-190103142,S2-218626843,S2-219907659,S2-283161569,S2-30506454,S2-372304437,S2-375122713,S2-392308073,S2-45813436,S2-500894793,S2-525671462,S2-602104238,S2-754010566,S2-790195563,S2-864156354,S2-93459118,S2-946002985,S3-136761409,S3-219860050,S3-741102489
S1-645986524	S2-439934289,S3-725567725
S1-646192478	S2-113296023,S2-249588197,S2-429665478,S2-510571275,S2-514325491,S2-566943724,S2-614220387,S2-614488425,S2-640361421,S2-791690867,S2-809736862,S2-891138743,S3-275716129,S3-622505124,S3-686023876,S3-718314438,S3-845308281,S3-859036126,S3-941064584,S3-976479800
S1-646256868	S2-326045234,S2-36314302,S2-618653252,S2-711665259,S2-786615899,S2-918561351,S2-935853183,S3-192467914,S3-47023108,S3-629247863,S3-688367896,S3-730682893,S3-839820529,S3-939402555,S3-945956552,S3-992913367
S1-647180178	S2-120404389,S2-152160977,S2-187514897,S2-25954937,S2-335124172,S2-352464995,S2-646250793,S2-678818787,S2-781210535,S2-856318585,S2-867204681,S2-878639783,S3-126572742,S3-154165052,S3-441495503,S3-505372286,S3-534124904,S3-681024247,S3-820598415,S3-964525698
S1-647688906	S2-18263451,S2-368790638,S2-374470520,S2-40758238,S3-297057107,S3-858240133,S3-858712546,S3-863994770
S1-647892051	S2-138068334,S2-233240019,S2-271664466,S2-342220961,S2-381209028,S2-399204689,S2-405867764,S2-411345119,S2-440091025,S2-440253063,S2-555462463,S2-576488523,S2-595998529,S2-637449023,S2-698270840,S2-744234687,S2-878352124,S2-963186955,S2-978297595,S3-266323915
S1-648385603	S2-1505887,S2-151582230,S2-200814831,S2-242055718,S2-281799587,S2-333716982,S2-400822685,S2-513019344,S2-595033725,S2-648307518,S2-745188610,S2-83438248,S2-889977529,S2-947466256,S2-959734804,S2-982003904,S2-991507759,S3-121294985,S3-511280662,S3-657193745
S1-648412102	S2-134760285,S2-242594492,S2-279990014,S2-333411541,S2-447804682,S2-489004332,S2-526795333,S2-591951000,S2-738773988,S2-761951846,S2-938399615,S2-991752130,S2-995177731,S3-199948330,S3-224072896,S3-397939007,S3-857740597,S3-869062204,S3-910426857,S3-983105664
S1-649258080	S2-129843489,S2-260783262,S2-27607600,S2-297398611,S2-584195132,S2-612477017,S2-667165747,S2-718775157,S2-721502513,S2-741124141,S2-844382569,S2-900654127,S2-907011794,S2-918750094,S2-93160252,S3-101287140,S3-397191466,S3-534647985,S3-643509377,S3-684729392
S1-650161301	S2-156028569,S2-179428740,S2-213724886,S2-222153522,S2-233324453,S2-307635602,S2-409470481,S2-459270736,S2-556229120,S2-708094646,S2-868958067,S3-140491033,S3-247892589,S3-3225700,S3-391422069,S3-520891221,S3-640905970,S3-745517140,S3-851667676,S3-968369605
S1-650218362	S2-218203548,S2-247610312,S2-294062437,S2-458860562,S2-494894198,S2-505029475,S2-596878321,S2-774596915,S2-777869205,S2-80894318,S2-81477151,S2-823401038,S2-93286257,S3-250858017,S3-354306550,S3-535518513,S3-537126113,S3-799976552,S3-911780569,S3-948899792
S1-651876335	S2-115642019,S2-143977672,S2-203296597,S2-294467545,S2-349835231,S2-482965691,S2-517668630,S2-547274941,S2-578129330,S2-581760687,S2-630848535,S2-650216158,S2-683312986,S2-750070126,S2-808715382,S2-944772275,S2-949348082,S3-238195603,S3-728408214,S3-938950653
S1-652785709	S2-124004347,S2-205505639,S2-214702321,S2-277586168,S2-344720223,S2-479002090,S2-636241885,S2-720057792,S2-76595366,S2-844267085,S2-882819261,S3-232475819,S3-408252387,S3-418232358,S3-565864367,S3-647537069,S3-652795729,S3-728318597,S3-920810636,S3-994805260
S1-653190743	S2-240926854,S2-300228437,S2-356227613,S2-531755271,S2-811142534,S2-935686017,S2-93832811,S3-128382027,S3-241000803,S3-246661634,S3-438775526,S3-511656097,S3-854510755,S3-868478675
S1-653497106	S2-155681006,S2-256868825,S2-311575034,S2-441422968,S2-450945636,S2-497486406,S2-516946324,S2-525859393,S2-610173207,S2-674862293,S2-696635067,S2-769445369,S2-814052487,S2-828872229,S2-874162453,S2-907307129,S2-956132872,S2-96362128,S2-976705552,S3-162706205
S1-65363569	S2-224429046,S2-356861892,S2-476549193,S2-640472604,S2-732232293,S2-740148258,S2-810038532,S2-864630015,S2-903486242,S2-908490642,S3-189537475,S3-212436009,S3-24555643,S3-311095849,S3-399612385,S3-54282655,S3-700350216,S3-758612198,S3-842637919,S3-979085217
S1-653739015	S2-1101731,S2-127868772,S2-156568291,S2-239707804,S2-458119506,S2-493857192,S2-512551173,S2-764760426,S2-785915899,S3-187891206,S3-359386815,S3-536248614,S3-558120526,S3-759462555,S3-759966122,S3-763111895,S3-829030830,S3-841028827,S3-949136317,S3-949553023
S1-654019629	S2-100842773,S2-145264496,S2-179213874,S2-235039028,S2-314481641,S2-331417992,S2-431904537,S2-437914811,S2-444139007,S2-463146600,S2-466496863,S2-562497096,S2-727191983,S2-758960021,S2-889223277,S2-894313135,S2-959518463,S2-98013069,S3-733160287,S3-823839133
S1-6542140	S2-139219752,S2-145940720,S2-178805416,S2-230507277,S2-300061545,S2-441919235,S2-491950020,S2-523889861,S2-578073975,S2-60220510,S2-669657603,S2-924263116,S2-926671037,S2-976466718,S3-366235456,S3-520651014,S3-631864907,S3-666995023,S3-692992019,S3-719120405
S1-654650544	S2-150153842,S2-153258175,S2-212149820,S2-232219224,S2-311868409,S2-356532156,S2-383822500,S2-384219063,S2-420967895,S2-517503876,S2-52579303,S2-595963334,S2-63801241,S2-678108659,S2-695944461,S2-831117180,S2-835256551,S2-879019234,S3-797381802,S3-916008512
S1-654784747	S2-109452411,S2-237386317,S2-389032254,S2-465576174,S2-545014704,S2-558818013,S2-658869098,S2-688657051,S2-742233323,S3-118877582,S3-237495436,S3-363423194,S3-433607039,S3-463009981,S3-587890652,S3-688763691,S3-750084078,S3-797103112,S3-832009894,S3-962018022
S1-655167558	S2-257928145,S2-316020185,S2-332376933,S2-345637244,S2-442962149,S2-557253038,S2-741244843,S2-860457725,S2-863244751,S2-864300271,S2-922765242,S2-980454567,S3-259182509,S3-274222500,S3-30824275,S3-31440757,S3-378638770,S3-564633170,S3-616492938,S3-767404299
S1-655170044	S2-102956029,S2-204920200,S2-207962777,S2-24959771,S2-284339853,S2-385008826,S2-529058323,S2-613446701,S2-638737662,S2-783283431,S2-938419723,S2-983223966,S3-206415429,S3-304920008,S3-442800027,S3-471332463,S3-576486198,S3-709079016,S3-891565572,S3-985253397
S1-655261503	S2-1543418,S2-165809100,S2-183176697,S2-185405451,S2-252358506,S2-295899622,S2-32430961,S2-596751909,S2-666342792,S2-728541442,S2-843069859,S2-849565658,S2-854959253,S2-963300188,S2-987501888,S3-105132175,S3-114445856,S3-168148806,S3-285481975,S3-559280376
S1-655523764	S2-16296825,S2-180966125,S2-222155523,S2-31200405,S2-315548151,S2-387399926,S2-426324794,S2-474890471,S2-532650068,S2-770652512,S2-784852829,S2-872675313,S2-969344678,S2-974796269,S3-184919014,S3-35183835,S3-381393279,S3-808990619,S3-816521128,S3-924594689
S1-655614151	S2-1112988,S2-125117219,S2-157197414,S2-182591175,S2-359656271,S2-362640980,S2-832394061,S2-877559598,S2-95622675,S3-129339480,S3-294439293,S3-413278924,S3-441677379,S3-483915151,S3-504111849,S3-683937691,S3-868558683,S3-903820054,S3-905811089,S3-960218659
S1-655921289	S2-439765166,S2-97031324,S3-445144531
S1-656348923	S2-10593798,S2-123315323,S2-208731539,S2-239600027,S2-24905863,S2-272756604,S2-278254185,S2-296116464,S2-309376589,S2-353872072,S2-417090507,S2-45855803,S2-488499591,S2-577731258,S2-673692434,S2-727190886,S2-848582954,S2-856048107,S2-921443202,S3-199978123
S1-6566802	S2-129585410,S2-13392843,S2-199646863,S2-217326419,S2-286457120,S2-298598465,S2-317626388,S2-415857416,S2-490465808,S2-556720781,S2-575869282,S2-677457218,S2-685677244,S2-838309587,S3-303202439,S3-659957345,S3-723226670,S3-743740413,S3-844403556,S3-845819832
S1-657192508	S2-1578650,S2-364836333,S2-544614601,S2-554917325,S2-719712441,S2-724744221,S2-961992785,S2-982884704,S3-152676014,S3-161037525,S3-251807293,S3-34346615,S3-534468641,S3-651913811,S3-709956961,S3-796919718,S3-830399421
S1-657773002	S2-109147488,S2-150882117,S2-171172645,S2-199425487,S2-287300820,S2-324605242,S2-353638829,S2-467281480,S2-481251825,S2-517330375,S2-585158853,S2-621450503,S2-863476565,S3-178286432,S3-267190417,S3-569890025,S3-578264654,S3-664582427,S3-666665870,S3-823572641
S1-65785019	S2-191578134,S2-196204984,S2-235983757,S2-376832001,S2-429857518,S2-446507103,S2-515109915,S2-612086170,S2-629543845,S2-673651545,S2-762899428,S2-772465522,S2-836050391,S2-902911954,S2-948293396,S3-440446576,S3-532149849,S3-783369436,S3-884875728,S3-981511197
S1-657983991	S2-187514897,S2-196618803,S2-235155410,S2-25954937,S2-335124172,S2-337546861,S2-386575117,S2-40008757,S2-489103612,S2-496024117,S2-542402013,S2-618275000,S2-62697433,S2-678818787,S2-743482966,S2-781210535,S2-856318585,S2-867204681,S2-878639783,S2-981453578
S1-658323933	S2-126506454,S2-155681006,S2-256868825,S2-296385109,S2-441422968,S2-497486406,S2-525859393,S2-584306503,S2-610173207,S2-674862293,S2-679659110,S2-696635067,S2-747631321,S2-814052487,S2-874162453,S2-907307129,S2-956132872,S2-96362128,S3-335176973,S3-857668801
S1-658329288	S2-177329357,S2-230546497,S2-253899387,S2-469172122,S2-626660503,S2-659500003,S2-686173919,S2-702965552,S2-836168503,S2-844432639,S2-887928959,S3-186347150,S3-334194338,S3-349069914,S3-400599349,S3-47479916,S3-618492389,S3-699100474,S3-799624324,S3-892874081
S1-658439532	S2-1209589,S2-149663258,S2-152411138,S2-238463399,S2-29942024,S2-403241433,S2-419703205,S2-421959664,S2-452429687,S2-461145283,S2-47243310,S2-52869504,S2-557178247,S2-576819625,S2-62290647,S2-665463193,S2-69730118,S3-121960487,S3-595136716,S3-703107310
S1-658637246	S2-204074527,S2-225963418,S2-242904936,S2-290851173,S2-294139997,S2-397789502,S2-443710695,S2-516172592,S2-537816737,S2-687211858,S2-770049621,S2-815108012,S2-943036438,S2-948658226,S2-976736766,S3-208639586,S3-309001300
S1-660565717	S2-151236622,S2-15932911,S2-31749497,S2-363796425,S2-468895832,S2-802808580,S2-963749638,S2-965341745,S3-138876124,S3-411549462,S3-535587808,S3-550867514,S3-578933025,S3-592749629,S3-628688953,S3-645483764,S3-667106573,S3-676903157,S3-777044556,S3-879916437
S1-660584172	S2-142487901,S2-14285358,S2-161232514,S2-301966456,S2-327631457,S2-532859462,S2-662644637,S2-717657453,S2-719415452,S2-764266501,S2-779247039,S2-808166134,S2-882526352,S2-988241366,S3-15566256,S3-305991139,S3-367897431,S3-416771332,S3-753843594,S3-876959568
S1-660605286	S2-106393512,S2-143588090,S2-185201260,S2-189545353,S2-217022401,S2-324781482,S2-375456364,S2-426046760,S2-617467150,S2-765062079,S2-825824625,S2-883293442,S2-903243837,S3-129246881,S3-150703795,S3-24174077,S3-484710471,S3-796004108,S3-81596319,S3-908009556
S1-661012936	S2-13572735,S2-148854997,S2-247525761,S2-370583923,S2-569967225,S2-577186665,S2-629656502,S2-630101802,S2-657612909,S2-672144096,S2-761563119,S2-798287923,S2-856654739,S2-872486030,S2-90138115,S2-910978799,S2-91652768,S2-918939789,S3-352419573,S3-367485708
S1-661788871	S2-187558992,S2-346128885,S3-152086701,S3-231962976,S3-290712229,S3-416911267,S3-425762648,S3-50071864,S3-564379014,S3-645269399
S1-66211288	S2-227863783,S2-248793810,S2-418551982,S2-553814270,S2-748555018,S3-1400062,S3-178585218,S3-188395457,S3-21232715,S3-423928586,S3-63977502,S3-75343069,S3-796324235,S3-843869570
S1-662219346	S2-756588167,S2-877754039,S3-253676195,S3-345059321
S1-663379948	S2-102835643,S2-118093385,S2-152853831,S2-183956953,S2-208595646,S2-412422017,S2-484229911,S2-571976405,S2-652396217,S2-673921623,S2-67731421,S2-739493544,S2-776356778,S2-780719374,S2-838526909,S2-847894244,S2-987389053,S3-24236093,S3-56551243,S3-747630407
S1-663606471	S2-188743150,S2-220231623,S2-305639639,S2-31009230,S2-31609229,S2-343861125,S2-418673298,S2-488021890,S2-666282042,S2-737804674,S2-781018882,S2-821383594,S2-838963215,S2-867140952,S2-89626299,S2-936893839,S2-963583191,S2-966985435,S2-981635800,S3-403697936
S1-663911265	S2-203776343,S2-220428443,S2-344245075,S2-356902688,S2-364848670,S2-435107976,S2-527521763,S2-54538385,S2-568612668,S2-606924664,S2-645840053,S2-75313451,S2-766343656,S2-838855944,S3-100983174,S3-259398868,S3-503133904,S3-576765334,S3-758849036,S3-981694667
S1-663974275	S2-161047745,S2-192806037,S2-241710484,S2-296463880,S2-327738915,S2-418533598,S2-523813351,S2-756851738,S2-784586025,S2-805602209,S2-891941838,S2-932626440,S3-113179773,S3-467954138,S3-491718712,S3-638264887,S3-766621499,S3-821656727,S3-897523805,S3-972419695
S1-66412021	S2-226388134,S2-326349956,S2-492879191,S2-530868795,S2-616629595,S2-630337653,S2-752702482,S2-75724158,S2-818202342,S2-883145747,S2-943763474,S2-979930583,S3-266646480,S3-395297488,S3-653038871,S3-800851007,S3-910726053,S3-936283719
S1-66437829	S2-15169723,S2-551502726,S2-573451581,S2-636148267,S2-694834381,S2-810892049,S2-831916780,S2-847120229,S3-112242201,S3-177377264,S3-259974214,S3-590069436,S3-612813053,S3-676264400,S3-74233507,S3-796629251,S3-830841235,S3-896811584,S3-925139908,S3-931384350
S1-664602724	S2-153336614,S2-17149483,S2-314926539,S2-347167472,S2-363654366,S2-38489442,S2-422510029,S2-651190084,S2-810987431,S2-819205211,S2-823424049,S2-862841483,S2-863129268,S2-864202947,S2-889497510,S2-89910899,S2-913033756,S2-944030245,S3-615815570,S3-678566745
S1-665854585	S2-163493432,S2-16913067,S2-197619441,S2-205488794,S2-38470677,S2-536156506,S2-685057726,S2-734507723,S2-818705986,S2-989525566,S3-14675978,S3-179144653,S3-289063950,S3-344604810,S3-615502069,S3-707899674,S3-741388433,S3-766993759,S3-799858244,S3-932860078
S1-666039134	S2-278726194,S2-397540205,S2-458039060,S2-749819596,S2-959823348,S3-116713593,S3-196192108,S3-200067807,S3-692785314,S3-878453964,S3-904552334,S3-921456166
S1-666074782	S2-156997090,S2-17298657,S2-198938800,S2-261634240,S2-273140296,S2-319630490,S2-352057931,S2-444233011,S2-570539664,S2-57303947,S2-673711388,S2-743418970,S2-752790430,S2-873059596,S2-928052985,S2-958304412,S2-986254125,S2-99655312,S3-116074598,S3-463587257
S1-666468508	S2-142576240,S2-271901025,S2-275404449,S2-300329052,S2-369512941,S2-440243442,S2-552565714,S2-565609932,S2-570990357,S2-573082517,S2-621352290,S2-699029532,S2-747478411,S2-786544564,S2-804351556,S2-92393326,S2-93891477,S3-388754617,S3-402255876,S3-735601401
S1-666517700	S2-14476052,S2-172005173,S2-285430975,S2-332113573,S2-395499046,S2-493138532,S2-502522056,S2-561652365,S2-599401228,S2-665849985,S2-665866861,S2-7068371,S2-764564950,S2-867415995,S2-908566664,S2-93205421,S2-94208711,S2-946576986,S3-630442458,S3-875107857
S1-667383035	S2-120095800,S2-207223787,S2-290537644,S2-352552540,S2-401378044,S2-423436402,S2-473789898,S2-496765251,S2-501371408,S2-54240116,S2-544903550,S2-558112615,S2-558443244,S2-581063000,S2-717770123,S2-932399965,S2-966740996,S3-671007851,S3-789164562,S3-973785571
S1-667431349	S2-185240784,S2-212154522,S2-626058820,S2-764120693,S3-114789156,S3-637501177
S1-667655965	S2-125153664,S2-145015769,S2-187514897,S2-335124172,S2-40008757,S2-439191639,S2-459409987,S2-489103612,S2-542402013,S2-568882672,S2-618275000,S2-623235077,S2-62697433,S2-668320398,S2-809275957,S2-858147794,S2-866503046,S2-948293396,S2-992500269,S3-846977678
S1-66819665	S2-121059266,S2-332980583,S2-381224756,S2-423398212,S2-489828461,S2-510698635,S2-617274078,S2-622192421,S2-832217093,S2-929975627,S3-166359313,S3-460120614,S3-496931754,S3-585930767,S3-644552481,S3-656900981,S3-777949798,S3-799127758,S3-807070112,S3-881411079
S1-669244721	S2-343000688,S2-643990738,S2-645348712,S2-885696480,S2-966901727,S3-37947047,S3-754528164,S3-867821160,S3-884812274,S3-887537863
S1-669265634	S2-110610062,S2-222275179,S2-354420465,S2-557057185,S2-565217049,S2-681275696,S2-748555126,S2-76289234,S2-910146414,S2-991521451,S3-256898049,S3-267671267,S3-388704705,S3-415794342,S3-434947003,S3-509965743,S3-51565771,S3-537225968,S3-761316074,S3-85457377
S1-670404170	S2-129637001,S2-13706870,S2-156629748,S2-219352693,S2-222042072,S2-231967292,S2-302466524,S2-316664083,S2-447441433,S2-607468220,S2-609428348,S2-679793793,S2-732728003,S2-87909262,S2-959496667,S2-968974774,S3-185750254,S3-227873443,S3-592855307,S3-910766348
S1-671195968	S2-110125353,S2-120477577,S2-309430111,S2-4162476,S2-436120738,S2-445398027,S2-521176572,S2-530493518,S2-55155187,S2-5555370,S2-557253038,S2-672567246,S2-78286144,S2-846447193,S2-86039636,S3-181888350,S3-253582676,S3-454057802,S3-48619006,S3-558324399
S1-671842101	S2-199646863,S2-217326419,S2-21843237,S2-487419092,S2-556720781,S2-575869282,S2-685677244,S2-717694498,S2-728639396,S2-838309587,S3-105428154,S3-18931867,S3-198328028,S3-35718276,S3-50495558,S3-603092284,S3-659957345,S3-838293135,S3-872007431,S3-998575640
S1-672989662	S2-307404542,S3-137338228,S3-651225997
S1-673199360	S2-180922050,S2-220678944,S2-327998650,S2-403506952,S2-472979809,S2-483580248,S2-530812298,S2-55018240,S2-565971823,S2-574717182,S2-700038395,S2-770769195,S2-958069821,S2-994762249,S3-173002966,S3-455436265,S3-694001442,S3-789218829,S3-812918859,S3-964457244
S1-673898991	S2-102956384,S2-117753426,S2-184695630,S2-202010466,S2-226949027,S2-290727820,S2-313663613,S2-45298930,S2-496203045,S2-661140913,S2-837979657,S3-126421320,S3-132067707,S3-457850062,S3-619587547,S3-675211278,S3-712221169,S3-750784319,S3-776173791,S3-903586887
S1-673988369	S2-114113860,S2-176453879,S2-264199504,S2-357676311,S2-371200780,S2-472527104,S2-540656284,S2-550265337,S2-603128651,S2-699504265,S2-795319261,S2-872159584,S2-880342210,S3-101991968,S3-271446960,S3-434972839,S3-583551865,S3-650200635,S3-678683280,S3-807739009
S1-674013309	S2-11440399,S2-120470820,S2-126464914,S2-225823147,S2-293360947,S2-344767729,S2-364850737,S2-444794612,S2-586167393,S2-749893962,S2-822191627,S2-929722075,S3-264478141,S3-301940893,S3-325979526,S3-403615825,S3-489436323,S3-66810733,S3-71314757,S3-956876186
S1-674140571	S2-106676889,S2-480894273,S3-250268953
S1-674295689	S2-113833802,S2-214447140,S2-289352064,S2-630601224,S2-682075243,S3-142463520,S3-155609206,S3-288926492,S3-306790962,S3-474204342,S3-542127458,S3-545201381,S3-617585959,S3-627361883,S3-784870560
S1-674322758	S2-16285602,S2-61500008,S2-776363400,S2-788656001,S3-155788375,S3-242036935,S3-258903524,S3-302821810,S3-313128931,S3-340992747,S3-411179366,S3-455215722,S3-526896282,S3-563404100,S3-764418427,S3-777094091,S3-792170471,S3-937027718,S3-949656844,S3-983162677
S1-675065513	S2-74926793,S3-308769591,S3-87745627
S1-676224836	S2-281638519,S2-920765613,S3-234246038,S3-383775233,S3-386255440,S3-52802939,S3-808604688,S3-925804713
S1-676703418	S2-219866621,S2-387242556,S2-500113275,S3-135041858,S3-226175685,S3-288399474,S3-708729535
S1-676752228	S2-163374250,S2-459621449,S2-483979457,S3-10027427,S3-114142280,S3-279350231,S3-910362124
S1-677007291	S2-199022999,S2-231615934,S2-358566293,S2-544143313,S2-561552319,S2-592359559,S2-632367174,S2-656141340,S2-76047885,S2-838507428,S3-147142871,S3-196542446,S3-382756039,S3-463349749,S3-54945127,S3-63551095,S3-721414746,S3-744143885
S1-677384581	S2-237375796,S2-253550167,S2-528652923,S2-732613830,S2-734337283,S2-780441718,S2-800303028,S2-800653250,S3-222789499,S3-37621255,S3-527532223,S3-625599869,S3-628876983,S3-720544083,S3-742879055,S3-806776667,S3-815096050,S3-82010099,S3-869575475,S3-94893452
S1-677387144	S2-106896981,S2-688631666,S2-743650476,S2-818959319,S3-318892376,S3-85495040,S3-998979281
S1-67739085	S2-115939164,S2-185682863,S2-198225210,S2-314186444,S2-394801560,S2-471137961,S2-493626835,S2-60998351,S2-629250052,S2-631599603,S2-634866377,S2-646314551,S2-72802433,S2-73038296,S2-731334762,S3-122658053,S3-254118201,S3-553636553,S3-689389542,S3-831947684
S1-677420293	S2-100822016,S2-101534757,S2-166938753,S2-173337363,S2-318532387,S2-322792014,S2-391850387,S2-426518953,S2-444657089,S2-537224110,S2-664041404,S2-73256848,S2-775634359,S2-860660037,S2-860806518,S3-214789523,S3-241340483,S3-285421877,S3-442922918,S3-854483624
S1-677674799	S2-105304639,S2-281309190,S2-854017217,S2-899912281,S2-901109596,S3-277312463,S3-326742793,S3-441191976,S3-696350161,S3-743382779,S3-811301901,S3-888350518
S1-678449369	S2-133557830,S2-140063041,S2-220997153,S2-300072820,S2-374471531,S2-455622231,S2-478056427,S2-538367879,S2-824557716,S2-919474061,S2-923890535,S3-365049040,S3-530550492,S3-574687912,S3-7266696,S3-845201224,S3-968977779
S1-678591804	S2-457914574,S2-529306686,S2-560604308,S2-62602590,S2-777459009,S3-479255826,S3-48937942,S3-53506436,S3-67687930,S3-896786748,S3-901801419
S1-678767423	S2-121382357,S2-228779604,S2-254788701,S2-263273654,S2-318303423,S2-374278911,S2-418380949,S2-438753836,S2-461563520,S2-718979866,S2-753444740,S2-94214011,S3-197016387,S3-50641443,S3-513017525,S3-534247734,S3-603364853,S3-640730215,S3-690864701,S3-9578195
S1-678842884	S2-10737846,S2-131710025,S2-161665616,S2-385214523,S2-58312937,S2-608598841,S2-637955972,S2-754990910,S2-821750605,S2-84525960,S3-152288898,S3-312811386,S3-312960168,S3-43386689,S3-502259443,S3-580542277,S3-728924742,S3-86790533,S3-875029421,S3-95163817
S1-679250990	S2-118875806,S2-207312409,S2-229671570,S2-754010271,S2-790575557,S2-933173509,S2-976402262,S3-225502975,S3-254706151,S3-400472079,S3-490022264,S3-493730758,S3-853486619,S3-894950087,S3-933581699,S3-987320351
S1-679540535	S2-156759105,S2-171322410,S2-187474519,S3-263705076,S3-361833929,S3-369752465,S3-824494560,S3-908169732
S1-680190265	S2-156443143,S2-211389639,S2-323571660,S2-345917206,S2-414011287,S2-427809663,S2-484427273,S2-54307441,S2-598788762,S2-693383953,S2-766743346,S2-784849034,S2-822377517,S2-828388778,S2-845362212,S2-895531443,S2-988430985,S2-991707800,S2-992673515,S3-91332606
S1-681778058	S2-126506454,S2-155681006,S2-256868825,S2-441422968,S2-497486406,S2-525859393,S2-584306503,S2-610173207,S2-669787259,S2-696635067,S2-721018947,S2-808056880,S2-814052487,S2-842501174,S2-872675313,S2-874162453,S2-907307129,S2-956132872,S2-96362128,S3-76645521
S1-682659111	S2-481798497,S2-545064445,S2-55468137,S2-948464392,S2-975266530,S3-110409475,S3-311214392,S3-361893825,S3-366255112,S3-423807455,S3-465785298,S3-506480530,S3-506558202,S3-590253134,S3-610466165,S3-655132698,S3-713063427,S3-83220415,S3-951303822,S3-994733929
S1-683148823	S2-132490847,S2-335101425,S2-343368727,S2-433503084,S2-435578215,S2-51419887,S2-554361670,S2-592551313,S2-680155243,S2-86506536,S2-867382421,S2-878461524,S2-968260152,S3-102317489,S3-345128186,S3-608674120,S3-68165858,S3-769380558,S3-845269982,S3-850603694
S1-684830810	S2-382117904,S2-520303819,S2-770392996,S3-408885511,S3-453859807,S3-517968732,S3-610672085,S3-748762818,S3-834245944
S1-68486454	S2-125741685,S2-158098044,S2-223480398,S2-241866203,S2-26670373,S2-335490395,S2-411462423,S2-413841442,S2-439380937,S2-559724554,S2-578936080,S2-65120600,S2-661240700,S2-675348874,S2-797854416,S2-813162711,S2-854420050,S3-201352154,S3-557506050,S3-637680655
S1-684902704	S2-46420670,S2-587773067,S2-737634067,S2-905776252,S2-941436184,S2-964937597,S3-130382649,S3-333909475,S3-466825407,S3-475484315,S3-738067780,S3-763923905,S3-852660824,S3-876581726,S3-92571632,S3-949037165
S1-685334976	S2-109121051,S2-159418478,S2-183478407,S2-295466897,S2-336773436,S2-406440503,S2-436132104,S2-534957680,S2-55073412,S2-565073472,S2-634180182,S2-680599449,S2-852742511,S2-861097596,S2-95650897,S3-123829652,S3-16729341,S3-33596933,S3-773335513,S3-932429276
S1-685606946	S2-129143281,S2-174854820,S2-187161485,S2-227723328,S2-362878273,S2-56037330,S2-569531637,S2-598985159,S2-638206961,S2-672935280,S2-813619348,S2-8736528,S2-914836178,S2-949188878,S3-239438314,S3-318900132,S3-371051723,S3-611783938,S3-694527146,S3-984909932
S1-685752566	S2-126506454,S2-155681006,S2-197226842,S2-256868825,S2-421975132,S2-497486406,S2-516946324,S2-525859393,S2-610173207,S2-631023630,S2-674862293,S2-679193324,S2-696635067,S2-814052487,S2-874162453,S2-956132872,S2-96362128,S3-466997673,S3-663141622,S3-737585451
S1-685885512	S2-168525681,S2-201004102,S2-207798649,S2-354917337,S2-409956591,S2-458613592,S2-472773179,S2-511555488,S2-563787218,S2-635164147,S2-637262114,S2-689808691,S2-725943212,S2-75989170,S2-778189941,S2-924642266,S2-983020467,S3-627281039,S3-872228589
S1-685951286	S2-16862601,S2-298594681,S2-408483304,S2-73626484,S3-245575387,S3-501906118
S1-686134402	S2-129607000,S2-197185901,S2-232671237,S2-295009651,S2-55271495,S2-638223002,S2-711514278,S2-719698080,S2-9634086,S3-33580767,S3-345906777,S3-395448863,S3-398158214,S3-541924242,S3-55061209,S3-586102992,S3-671464879,S3-821528156,S3-846048432,S3-919708572
S1-686157344	S2-277151983,S2-298372228,S2-304296387,S2-389281152,S2-479835582,S2-480018423,S2-524131276,S2-703784716,S2-712231766,S2-868458946,S3-187882268,S3-261580310,S3-268540217,S3-434240946,S3-508555849,S3-549110744,S3-629260616,S3-678754275,S3-871556732,S3-916466078
S1-68620628	S2-10950521,S2-122275059,S2-141268529,S2-205824361,S2-262002046,S2-292724004,S2-381130751,S2-388167220,S2-43073112,S2-450992018,S2-490305039,S2-53273621,S2-561017128,S2-569542739,S2-775138748,S2-857216235,S2-928712830,S2-939315373,S3-278161482,S3-337224320
S1-686253137	S2-112834662,S2-166470814,S2-220720253,S2-229886583,S2-239391031,S2-476753105,S2-489827398,S2-50256920,S2-572367141,S2-717160791,S2-756302651,S2-846497405,S2-902843744,S2-97937368,S3-305041176,S3-363647890,S3-418022161,S3-515328071,S3-791161577,S3-822826024
S1-686507520	S2-188743150,S2-220231623,S2-240228506,S2-305639639,S2-31009230,S2-31609229,S2-343861125,S2-418673298,S2-43091282,S2-488021890,S2-737804674,S2-821383594,S2-838963215,S2-867140952,S2-89626299,S2-936893839,S2-963583191,S2-966985435,S3-330461164,S3-569754584
S1-686563552	S2-10762740,S2-185873458,S2-330011667,S2-562885776,S2-864010317,S3-452129209,S3-553215733,S3-659287326,S3-837678694,S3-933784547,S3-957653093,S3-980466218
S1-687129345	S2-390714029,S2-690479484,S3-490479316,S3-988279463
S1-687259077	S2-458334220,S3-936604281
S1-687259149	S2-150806063,S2-302933108,S2-30623280,S2-471308155,S2-534416622,S2-625322358,S2-630688873,S2-674367896,S2-679333576,S2-724966076,S2-725034135,S2-733777086,S2-734527887,S2-751588111,S2-782056114,S2-788195957,S2-815062890,S3-104893723,S3-523480751,S3-771384358
S1-687943600	S2-563721267,S2-665170074,S2-947252018,S3-32100687,S3-503991398,S3-982050806
S1-688360517	S2-295732176,S2-633513671,S2-635323424,S2-822006536,S2-954487023,S2-988354880,S3-194075665,S3-260522357,S3-34183162,S3-401045875,S3-430121015,S3-480608794,S3-494118563,S3-509643842,S3-513289485,S3-635441065,S3-637647381,S3-766325242,S3-797396722,S3-912738268
S1-688586347	S2-115075848,S2-330980029,S2-378933482,S2-403422246,S2-407432333,S2-452303011,S2-6660607,S2-697750133,S2-79628822,S2-79818405,S2-80871263,S2-835777106,S2-99858135,S3-21385205,S3-348434083,S3-37959785,S3-400583689,S3-406652764,S3-637420449,S3-807352869
S1-689122445	S2-112452524,S2-136208372,S2-289056766,S2-303840498,S2-333794564,S2-346746350,S2-442348963,S2-445158190,S2-619246179,S2-671340149,S2-861432338,S2-883720517,S2-922081332,S2-966560033,S2-984241859,S3-130503761,S3-46672214,S3-652795729,S3-776598091,S3-905614148
S1-689281873	S2-679343530,S3-428314480
S1-689417302	S2-119019224,S2-138429970,S2-221823268,S2-337275476,S2-366081375,S2-436041396,S2-537858187,S2-725412413,S2-763835236,S2-937254230,S2-947221890,S2-965326114,S2-983379660,S2-988858746,S2-993809395,S3-170070035,S3-413669505,S3-554874169,S3-581707794,S3-72737014
S1-689517902	S2-185318066,S2-283816870,S2-341476036,S2-363779880,S2-369611703,S2-475770451,S2-802837546,S2-879724650,S2-917557484,S2-98312468,S2-995438812,S3-148565110,S3-282583918,S3-305581873,S3-329969085,S3-370815182,S3-437337823,S3-597235020,S3-668860039,S3-858472777
S1-689522416	S3-57767264
S1-689955239	S2-159175610,S2-161967289,S2-163627906,S2-192330443,S2-320087729,S2-356806936,S2-384220716,S2-413836441,S2-448967653,S2-51088277,S2-534814066,S2-593940594,S2-612859563,S2-625337300,S2-667267135,S2-723988788,S2-921287883,S2-995237567,S3-352591257,S3-988868160
S1-690041974	S2-118131823,S2-307296802,S2-45373075,S2-686018467,S2-843676305,S2-860985365,S2-884834247,S3-171666267,S3-329967509,S3-353075225,S3-377211507,S3-676975004,S3-985664051
S1-690846421	S2-148368114,S2-163555319,S2-278800318,S2-381589500,S2-404660862,S2-52425118,S2-772964316,S2-778812617,S2-785986172,S2-892174572,S2-902159509,S2-913979908,S2-914129701,S2-931738232,S2-941878534,S2-951482504,S2-963831224,S3-311808308,S3-703216998,S3-83109273
S1-691235012	S2-200440168,S2-233123309,S2-249491949,S2-251801731,S2-285912142,S2-32198994,S2-36835526,S2-378920632,S2-507486280,S2-509832800,S2-548862913,S2-557744079,S2-574940993,S2-930038096,S2-999381076,S3-207685135,S3-428739903,S3-771692836,S3-908889377,S3-970013316
S1-691490753	S2-126611245,S2-201040866,S2-326985591,S2-424537185,S2-571703346,S2-667105025,S2-703829945,S2-733025108,S3-110630740,S3-390621432,S3-516974595,S3-612463547,S3-627658448,S3-648102632,S3-718590400,S3-746096356,S3-927968447,S3-939786038,S3-945431453,S3-956219355
S1-691631206	S2-68886914,S3-277143065
S1-691687428	S2-113656828,S2-133609214,S2-312868538,S2-373678906,S2-392958095,S2-471154795,S2-602902836,S2-667443420,S2-746641962,S2-770158780,S2-802868502,S2-837358533,S2-850784749,S2-859525288,S2-867197250,S2-926996577,S2-960372483,S3-368215730,S3-374352354,S3-657919471
S1-691868129	S2-104634405,S2-133058211,S2-225153982,S2-258913818,S2-403116197,S2-446433638,S2-518636747,S2-550763752,S2-594607876,S2-647040826,S2-710484976,S2-744341307,S2-782032185,S2-804045537,S2-835349895,S2-83571571,S2-843937862,S2-92854944,S2-932434431,S3-664683273
S1-692200252	S2-127137603,S2-170153718,S2-219201040,S2-312182754,S2-316403963,S2-445718105,S2-552912428,S2-675394479,S2-884083511,S2-985184196,S3-179307825,S3-204242087,S3-282823082,S3-444671865,S3-477720201,S3-51266948,S3-630088369,S3-80913269,S3-954170938,S3-955149216
S1-692217865	S2-122018059,S2-261556455,S2-414127234,S2-486527297,S2-500531581,S2-644143417,S2-71788805,S2-727196197,S2-727230971,S2-732448305,S2-764101756,S2-853605032,S2-859192618,S2-88397282,S2-916786545,S2-9239086,S3-142461380,S3-286936104,S3-428739903,S3-551013307
S1-692661076	S2-120957700,S2-149993837,S2-186299069,S2-222211821,S2-378457898,S2-412036406,S2-445245288,S2-473561725,S2-554757929,S2-574871128,S2-681427074,S2-754301627,S2-841394108,S2-89038691,S2-926118408,S3-311870926,S3-418204799,S3-455875429,S3-64551759,S3-745322865
S1-693362094	S2-14302008,S2-241186919,S2-469465253,S2-490605517,S2-65176276,S2-673023686,S2-676591796,S2-741002093,S2-824007936,S2-844052892,S3-174157202,S3-224083560,S3-273957842,S3-342999845,S3-346695051,S3-397082797,S3-416528615,S3-560928913,S3-69837746,S3-701081707
S1-694109072	S2-164039123,S2-393808325,S2-396285622,S2-402637820,S2-421959664,S2-435390800,S2-444794612,S2-473663030,S2-494844722,S2-516946324,S2-598446797,S2-674862293,S2-700416422,S2-809294162,S2-828872229,S2-832912983,S2-898880623,S2-937072190,S3-119411156,S3-648101475
S1-694491776	S2-11857388,S2-122336163,S2-151236622,S2-19675450,S2-315548151,S2-387089556,S2-387399926,S2-546934117,S2-784852829,S2-817480836,S2-978232132,S3-259398868,S3-275062970,S3-313294780,S3-407557275,S3-562612118,S3-656610579,S3-660992256,S3-859239184,S3-861381584
S1-69482363	S2-121549347,S2-194033001,S2-237459247,S2-29692158,S2-381785440,S2-400132919,S2-445488476,S2-450858686,S2-49461175,S2-595414933,S2-681384833,S2-683539102,S2-692356310,S2-736654053,S2-846535978,S2-878574120,S2-9255512,S2-97306857,S2-97346546,S2-988228866
S1-695200205	S2-336568085,S2-605633090,S3-403571710,S3-567794407,S3-776598091,S3-955100619
S1-697527560	S2-145521404,S2-176968531,S2-20873406,S2-27986137,S2-310613953,S2-39401964,S2-399449669,S2-457500956,S2-574914445,S2-584060916,S2-716687956,S2-716961117,S2-741721550,S2-866650875,S2-92868774,S2-935403470,S3-172346398,S3-339872570,S3-425382982,S3-823975090
S1-697527652	S2-118841040,S2-209458190,S2-292393805,S3-221972402,S3-327961015,S3-568729216,S3-664442806,S3-844967665,S3-915399280,S3-915726662,S3-985816124
S1-698079559	S2-105898926,S2-186918703,S2-201759873,S2-22775099,S2-253149229,S2-272524011,S2-334871005,S2-351773656,S2-362329289,S2-415834554,S2-510581234,S2-534906411,S2-680723758,S2-694064827,S2-748553580,S2-907307129,S2-915202445,S2-945085407,S2-982202753,S3-237419395
S1-698543202	S2-229313625,S2-407696331,S2-436671547,S2-520175774,S2-591601299,S2-745714890,S2-878049277,S2-887900458,S2-918699405,S2-932897105,S2-943207483,S3-125571951,S3-392093010,S3-409719365,S3-411516063,S3-483590918,S3-592751170,S3-627951274,S3-650736971,S3-896297070
S1-698733623	S2-267294669,S2-35410781,S2-598621186,S3-426040871,S3-61785675,S3-720403966
S1-698771693	S2-164949879,S2-173770904,S2-260300338,S2-325478150,S2-449388416,S2-520545166,S3-283782555,S3-524812458,S3-677471447,S3-783378648,S3-890536066,S3-953314058,S3-999435385
S1-699093257	S2-125975177,S2-149392126,S2-334277264,S2-500894513,S2-547504471,S2-742235388,S2-743691113,S2-776764256,S2-910412328,S3-238449972,S3-241179832,S3-319345376,S3-426282127,S3-599252707,S3-625383530,S3-677897963,S3-78480193,S3-799301227,S3-86168711,S3-955803342
S1-69929197	S2-126996401,S2-161047745,S2-252583656,S2-264759308,S2-358350108,S2-358401132,S2-784586025,S2-836755446,S2-891941838,S2-921122628,S2-932626440,S2-937750460,S2-948549347,S2-979892448,S2-998548920,S3-383877228,S3-562270112,S3-676467912,S3-783868525,S3-987176395
S1-699689679	S2-482937242,S2-753976410,S2-773533148,S3-438229374,S3-800493759
S1-699993660	S2-139236703,S2-259831684,S2-364022164,S2-401273663,S2-682652134,S2-704874616,S2-72311199,S2-772650502,S2-952725337,S3-123779645,S3-134930824,S3-204348270,S3-417581085,S3-419708185,S3-450178610,S3-723581064,S3-876276029,S3-923060951
S1-70003106	S2-330186762,S2-371549760,S2-436225620,S2-53160245,S2-607971533,S2-663884088,S2-674315309,S2-676197920,S2-694228270,S2-785800036,S2-889901618,S2-915769300,S2-946647258,S2-985346619,S3-133059026,S3-334654550,S3-7040241,S3-706308527,S3-732637022,S3-758545860
S1-700350408	S2-18218879,S2-258818971,S2-346445949,S2-684201374,S2-727064014,S2-754010566,S2-87880928,S2-88312221,S2-941574904,S3-120445146,S3-378590146,S3-434583741,S3-767986838
S1-700800347	S2-333642183,S2-337295888,S2-349390784,S2-405026547,S2-55068430,S2-715542202,S2-901608864,S2-993107908,S3-158650066,S3-254660927,S3-308907091,S3-327771925,S3-371154454,S3-395260664,S3-70639871,S3-765413959,S3-800404250,S3-902598957
S1-70103598	S2-206495455,S2-237386317,S2-368384203,S2-422510029,S2-49951212,S2-81084363,S2-810987431,S2-819205211,S2-823424049,S2-826052002,S2-913033756,S2-944030245,S3-252290686,S3-558137439,S3-632129880,S3-797756584,S3-82161671,S3-841876367,S3-908646887,S3-978243260
S1-701060237	S2-126506454,S2-164039123,S2-256868825,S2-441422968,S2-497486406,S2-516946324,S2-525859393,S2-584306503,S2-610173207,S2-674862293,S2-696635067,S2-814052487,S2-828872229,S2-874162453,S2-937072190,S2-956132872,S2-96362128,S3-470822174,S3-566033058,S3-655371877
S1-70128278	S2-314464238,S2-435084714,S2-581736659,S2-706697276,S2-799414933,S2-872319713,S2-941862175,S3-164651940,S3-200836272,S3-288468316,S3-369172086,S3-589149301,S3-938052530
S1-701820879	S2-129522749,S2-359456453,S2-360445054,S2-514137690,S2-905713402,S2-993351818,S3-283680752,S3-309536102,S3-517273704,S3-814056415,S3-950484391
S1-702216665	S2-328062669,S2-748665123,S2-936884379,S3-479880691
S1-703171869	S2-126506454,S2-155681006,S2-256868825,S2-441422968,S2-497486406,S2-516946324,S2-523061524,S2-525859393,S2-584306503,S2-610173207,S2-674862293,S2-696635067,S2-814052487,S2-828872229,S2-874162453,S2-907307129,S2-956132872,S2-96362128,S3-87747755,S3-985396395
S1-703352530	S2-124354007,S2-24246610,S2-255963063,S2-268030824,S2-34266260,S2-354912564,S2-371652417,S2-405852552,S2-637298312,S2-656408998,S2-733339259,S3-339033072,S3-362853940,S3-394257782,S3-401882738,S3-429650594,S3-436187256,S3-447250647,S3-509752829,S3-810755881
S1-70352216	S2-319084425,S3-616866873
S1-703618827	S2-415872989,S2-505615047,S2-67905039,S2-935065268,S3-263203350,S3-355993491,S3-609128376,S3-867619119
S1-703793303	S2-258934652,S2-353053875,S2-444499759,S2-571331479,S2-701477103,S2-77599239,S2-789625643,S2-902193564,S2-910803059,S2-920706546,S2-994614384,S3-122238700,S3-130433884,S3-19014099,S3-210818742,S3-249267140,S3-522216885,S3-721326048,S3-779902233,S3-990942833
S1-704498976	S2-140036589,S2-174533887,S2-18124353,S2-200267070,S2-282390486,S2-282908996,S2-347017935,S2-361230651,S2-406105988,S2-41514279,S2-46771753,S2-487383344,S2-514714174,S2-532409011,S2-540931339,S2-544612526,S2-544760260,S2-748261290,S2-977762332,S3-581569004
S1-704871822	S2-100111522,S2-106188251,S2-129334191,S2-317164353,S2-317202838,S2-332456526,S2-408281060,S2-554320339,S2-586733706,S2-588910254,S2-731553190,S2-7757866,S2-849525253,S3-355011517,S3-568029007,S3-616085784,S3-727347489,S3-767575578,S3-816769284,S3-945442463
S1-705027133	S2-104072559,S2-145893871,S2-205260794,S2-222090680,S2-235926703,S2-287729619,S2-327324147,S2-34100948,S2-351469447,S2-39585429,S2-419568468,S2-52395958,S2-531277207,S2-609214167,S2-684336696,S2-694155939,S2-803771077,S2-89038691,S2-916788043,S2-955285209
S1-705955669	S2-606896577,S2-624845348,S3-65418238
S1-706620482	S2-210717517,S2-215164855,S2-2567647,S2-308266323,S2-472530538,S2-496361904,S2-518525663,S2-538257637,S2-640284162,S2-654784858,S2-677289558,S2-854002241,S2-929993769,S2-934922347,S3-135548901,S3-158961360,S3-192623357,S3-247540697,S3-580487492,S3-645351351
S1-706666967	S2-107807034,S3-751894910
S1-70696171	S2-100147243,S2-369429897,S2-48216878,S2-531557689,S2-648272955,S2-715903033,S2-765241928,S2-830394308,S2-839509033,S2-906609960,S3-188318703,S3-197850265,S3-21553648,S3-225099963,S3-323641407,S3-411425469,S3-415753309,S3-722131102,S3-731006505,S3-757778198
S1-706990202	S2-133660776,S2-159472146,S2-195421748,S2-215162995,S2-304513888,S2-375260762,S2-388257809,S2-400573421,S2-629341946,S2-655931020,S2-709650804,S2-714760893,S2-743615667,S2-761733049,S2-862382923,S3-330800916,S3-409998509,S3-545305880,S3-665712186,S3-824009122
S1-707328963	S2-162273635,S2-187330549,S2-234222501,S2-299108910,S2-351547499,S2-467121958,S2-472549533,S2-475820176,S2-557236326,S2-560657608,S2-587381188,S2-628011193,S2-727344061,S2-792344131,S2-84805581,S2-877014045,S2-914673196,S2-972051451,S3-463518465,S3-571795590
S1-707460490	S2-130141140,S2-172509484,S2-18352932,S2-470659069,S2-494559862,S2-50151525,S2-559666210,S2-591174313,S2-599383410,S2-62446720,S2-646326138,S2-692895826,S2-742684674,S2-76493060,S2-779806265,S2-799457865,S2-851185635,S2-887600797,S3-704806897,S3-821516081
S1-707545851	S2-277586168,S2-308520060,S2-348011279,S2-389384551,S2-415661800,S2-45803531,S2-509130817,S2-549853792,S2-678588522,S2-943275758,S3-126982322,S3-196092403,S3-270469045,S3-387533179,S3-509028146,S3-559522952,S3-578975911,S3-626777483,S3-647058523,S3-917622352
S1-707711648	S2-159175610,S2-163627906,S2-192330443,S2-320087729,S2-356806936,S2-384220716,S2-423923505,S2-448967653,S2-51088277,S2-534814066,S2-593940594,S2-612859563,S2-625337300,S2-667267135,S2-684521067,S2-723988788,S2-853277837,S2-921287883,S2-946947102,S2-995237567
S1-707804794	S2-184898378,S2-212286488,S2-267884818,S2-285659000,S2-307634941,S2-350202517,S2-466578629,S2-55421595,S2-57473027,S2-596446650,S2-663227434,S2-693256682,S2-699733797,S2-699970234,S2-772323364,S2-816989315,S2-942123749,S3-108992821,S3-444838084,S3-74072390
S1-707909845	S2-624818850,S2-656557768,S2-668909580,S2-774466151,S2-892719860,S3-289086222,S3-33736896,S3-51474238,S3-828108436
S1-708753373	S2-446940784,S2-499669500,S2-856339185,S3-552023741,S3-569626287
S1-709058989	S2-139104323,S2-145521404,S2-370686969,S2-374552714,S2-38917398,S2-39079223,S2-39401964,S2-399449669,S2-447558928,S2-516249560,S2-518780019,S2-619859806,S2-625369101,S2-675868071,S2-92868774,S3-164641549,S3-347072951,S3-349372870,S3-36225965,S3-474367635
S1-709150341	S2-137278449,S2-339142042,S2-390754900,S2-42223728,S2-486778080,S2-625365305,S2-640420911,S2-659300097,S2-74182119,S2-932255610,S2-939074826,S2-94798358,S2-976018064,S3-332030995,S3-382375301,S3-384648899,S3-449712930,S3-676882198,S3-80484042,S3-957571677
S1-709753826	S2-48423978,S2-952235214,S3-149203535,S3-465138356,S3-499703475,S3-839795799
S1-710294587	S2-178973805,S2-22077703,S2-394554163,S2-406246640,S2-701008849,S2-759566832,S2-8120187,S2-92307614,S2-926409066,S3-186023831,S3-211797675,S3-228506082,S3-339293630,S3-344824429,S3-381657722,S3-463885769,S3-508912552,S3-518380273,S3-559130477,S3-637356788
S1-71034615	S2-155636061,S2-240658242,S2-241262162,S2-256441177,S2-391036435,S2-463474561,S2-500075232,S2-543864390,S2-737916526,S2-777376781,S2-973147186,S2-984037845,S3-17715724,S3-520166939,S3-626953907,S3-630463161,S3-728960712,S3-877373538,S3-913592883,S3-965814425
S1-71050296	S2-270518407,S2-441333489,S2-789700495,S2-839751839,S3-446372604,S3-706551098,S3-748712794,S3-762145269,S3-811275449,S3-882828816,S3-909989472
S1-710722596	S2-14492873,S2-195102255,S2-221961269,S2-295130838,S2-416434813,S2-577166045,S2-619972873,S2-663049678,S2-727665,S2-787423441,S2-811409070,S2-878213762,S2-930708346,S3-114670221,S3-208420789,S3-385050346,S3-398904949,S3-406070605,S3-883912304,S3-930985270
S1-711121410	S2-181833408,S2-223493773,S2-297794302,S2-319553606,S2-385605379,S2-411547279,S2-418698504,S2-518561014,S2-565095033,S2-595341773,S2-611496405,S2-612587983,S2-613639136,S2-67979835,S2-745026111,S2-81518288,S2-928193497,S2-938059193,S2-978286724,S3-51441603
S1-711130401	S2-289624623,S2-297003868,S3-364016577,S3-721479289
S1-711504367	S2-428373666,S2-44347629,S2-567318654,S2-720448103,S3-116293459,S3-171131115,S3-31389340,S3-338655540,S3-374436244,S3-444995333,S3-456154072,S3-506814984,S3-675117877,S3-692666141,S3-716203564,S3-824821338,S3-825292497,S3-845972378,S3-874344144
S1-711752741	S2-132073469,S2-521008412,S2-588630477,S2-768439560,S3-129307070,S3-169233569,S3-221338788,S3-224828597,S3-309091568,S3-547334559,S3-879410630,S3-977701015
S1-714211201	S2-246419018,S2-251636311,S2-25707762,S2-394324148,S2-653327171,S2-930556345,S3-176433305,S3-223102965,S3-256356076,S3-520727465,S3-651613714
S1-714336849	S2-1869428,S2-539785485,S3-125382440,S3-366703544,S3-434040352,S3-436657278,S3-925724840
S1-714882368	S2-511879169,S3-52150852,S3-600377468
S1-715221004	S2-383539909,S2-404431253,S2-406062395,S2-41571716,S2-421518911,S2-423091286,S2-438972703,S2-443406741,S2-49774351,S2-555762864,S2-590827156,S2-656851624,S2-666184110,S2-774368343,S2-7809937,S2-783194949,S2-865273323,S2-891406198,S2-927099416,S2-945049160
S1-715953934	S2-354420465,S2-491667435,S2-557057185,S2-565217049,S2-611535993,S2-748555126,S2-751297836,S2-76289234,S2-991521451,S3-236405718,S3-267671267,S3-388704705,S3-415794342,S3-434947003,S3-509965743,S3-51565771,S3-537225968,S3-70945931,S3-761316074,S3-85457377
S1-716111726	S2-125403632,S2-156443143,S2-252923478,S2-276264998,S2-303218765,S2-323571660,S2-609898690,S2-669794275,S2-681377197,S2-693383953,S2-719707813,S2-784849034,S2-874636821,S2-913460540,S2-988430985,S2-992673515,S3-189079964,S3-252399028,S3-666657627,S3-74673927
S1-716169093	S2-161339674
S1-716464122	S2-271585362,S2-303287703,S2-319303215,S2-591725263,S2-599496961,S2-652123001,S2-657711344,S2-704684954,S2-707862715,S2-743238687,S2-766359969,S2-828754818,S2-88688337,S2-964386844,S2-98198591,S3-596865726,S3-624718888,S3-725309424,S3-922440396,S3-971110098
S1-716925673	S2-134173161,S2-609502525,S2-808365522,S2-910191725,S3-107265566,S3-243044788,S3-324703185,S3-326220534,S3-415349456,S3-418080283,S3-476150941,S3-840903316
S1-717679543	S2-126411084,S2-170548497,S2-175456325,S2-180292031,S2-211126789,S2-215087350,S2-257460141,S2-284439219,S2-287188667,S2-345313911,S2-362105495,S2-400214437,S2-427850625,S2-503956565,S2-616375903,S2-620446219,S2-625682061,S2-681546007,S2-920403124,S2-995335581
S1-718214537	S2-137335733,S2-179428740,S2-187593824,S2-213724886,S2-256451765,S2-314871912,S2-315548151,S2-36879102,S2-391886434,S2-395810184,S2-434190410,S2-527644026,S2-68457852,S2-75521386,S2-831625227,S2-875758626,S2-95236532,S2-976730217,S3-443629522,S3-533380746
S1-718291717	S2-10082457,S2-120684097,S2-126506454,S2-164039123,S2-256868825,S2-276750609,S2-516946324,S2-525859393,S2-535459208,S2-584306503,S2-610173207,S2-674862293,S2-814052487,S2-828872229,S2-874162453,S2-898880623,S2-920469791,S2-956132872,S3-313592299,S3-914785320
S1-718847658	S2-104103491,S2-175308542,S2-269250543,S2-292592054,S2-472544795,S2-53224656,S2-592736523,S2-74707362,S2-820729531,S2-823491712,S2-895970227,S2-909796844,S2-952108344,S3-232785056,S3-476494153,S3-570433325,S3-75760957,S3-849906439,S3-928745533,S3-993488828
S1-719160719	S2-188743150,S2-220231623,S2-240228506,S2-31609229,S2-343861125,S2-459061465,S2-488021890,S2-737804674,S2-763835236,S2-771116659,S2-82671345,S2-838963215,S2-89626299,S2-925500673,S2-936893839,S2-963583191,S3-412026552,S3-634356002,S3-702815374,S3-878612211
S1-719411357	S2-126411084,S2-145644685,S2-170548497,S2-175456325,S2-211126789,S2-257460141,S2-284439219,S2-362105495,S2-400214437,S2-427850625,S2-503956565,S2-620446219,S2-625682061,S2-633406135,S2-841917974,S2-920403124,S3-126599631,S3-247045266,S3-435489279,S3-881890590
S1-719637995	S2-232660433,S2-300529066,S2-308734653,S2-530684395,S2-947549174,S3-314048107,S3-358488006,S3-559887621,S3-588871581,S3-663535316,S3-768189007,S3-781390684
S1-719656728	S2-190939937,S2-243211584,S2-318025254,S2-343935377,S2-366640514,S2-369752988,S2-474404665,S2-552565714,S2-565609932,S2-699029532,S2-747478411,S2-894842208,S2-978522560,S3-187043077,S3-515221418,S3-629807044,S3-666695043,S3-728672949,S3-864943486,S3-979793241
S1-720080611	S2-102286733,S2-132169083,S2-215479527,S2-268190132,S2-327522800,S2-349267854,S2-379573863,S2-413096427,S2-453815703,S2-469596254,S2-496500351,S2-510481286,S2-529927600,S2-635321054,S2-725166045,S3-232475819,S3-28929972,S3-332245773,S3-356766757,S3-531367980
S1-72029327	S2-123234235,S2-249019935,S2-35923966,S2-432736514,S2-527521763,S2-529485110,S2-609610674,S2-61232461,S2-714628006,S2-792859805,S2-799792964,S2-827313615,S2-858132046,S2-913017158,S3-224969656,S3-311602997,S3-426583135,S3-494555241,S3-637493001,S3-753989817
S1-720316805	S2-13094447,S2-305513256,S2-693785599,S2-703542756,S2-921362349,S2-929534143,S3-604670969
S1-720567134	S2-118744268,S2-160402201,S2-817715654,S2-868694995,S3-135984449,S3-291981492,S3-903111317
S1-72062035	S2-1105397,S2-135442860,S2-155361721,S2-158925511,S2-206490291,S2-282894751,S2-317615334,S2-321565255,S2-326946504,S2-384477462,S2-54045892,S2-701340140,S2-720669185,S2-732609411,S2-854676522,S2-860657586,S2-873660516,S2-880662813,S3-114123641,S3-389658019
S1-720664205	S2-239798786,S2-260193085,S2-572282104,S2-723965818,S3-546408971,S3-687293673,S3-699633778,S3-816263969
S1-722008802	S2-203944670,S2-238503913,S2-291909303,S2-493720323,S2-537928156,S2-569019785,S2-569470441,S2-610838538,S2-823372389,S2-990086470,S3-104892047,S3-113016475,S3-480484921,S3-537686496,S3-556236572,S3-619184600,S3-698578588,S3-739362788,S3-842811214,S3-919191334
S1-722482792	S2-142739233,S2-155280953,S2-17518111,S2-271749790,S2-472694676,S2-545953705,S2-914584585,S2-944376821,S3-144633847,S3-249877508,S3-278620035,S3-351228405,S3-404300342,S3-443794980,S3-466337670,S3-48466686,S3-499498223,S3-637294601,S3-727146667,S3-885390321
S1-7229850	S2-104875323,S2-155368104,S2-182220620,S2-184144135,S2-225547656,S2-257304125,S2-313502741,S2-381512450,S2-555537531,S2-692339068,S2-744973568,S2-773799602,S2-789241422,S2-8113723,S2-811649110,S2-838309587,S2-974327109,S2-98707133,S3-341563772,S3-763444656
S1-723801198	S2-317848485,S2-353490425,S2-493278380,S2-493730592,S2-517140140,S2-532396782,S2-557152251,S2-631555257,S2-760008665,S2-831820237,S2-855275213,S2-883194048,S2-899773860,S2-957852382,S3-124043368,S3-136474237,S3-220593656,S3-435791795,S3-742577996,S3-787600288
S1-724325366	S2-249595174,S2-353446210,S2-393808325,S2-435390800,S2-494844722,S2-546637260,S2-598446797,S2-809294162,S2-865353440,S2-977861683,S3-119411156,S3-178127640,S3-329819056,S3-448045962,S3-550061286,S3-553314843,S3-555672885,S3-566148831,S3-581541696,S3-918299893
S1-724383631	S2-305873353,S2-338264620,S2-355788202,S2-37460327,S2-671810429,S2-703509597,S2-802681091,S2-860942828,S2-926232495,S2-932212180,S2-949092248,S2-999522323,S3-175225868,S3-206376246,S3-213712532,S3-245890939,S3-386654363,S3-5852575,S3-645696062
S1-724447561	S2-155487435,S2-1618286,S2-213113754,S2-259827865,S2-330186762,S2-436225620,S2-501616302,S2-53160245,S2-663884088,S2-674315309,S2-694228270,S2-703556722,S2-7624353,S2-802075529,S2-802084293,S2-824704489,S2-842179113,S2-915769300,S3-376076396,S3-518164051
S1-724513263	S2-275825409,S2-370696005,S2-38453631,S2-4299395,S2-448621199,S2-512047985,S2-518608036,S2-593600609,S2-606158577,S2-614810613,S2-645563107,S2-676624824,S2-693432068,S2-727779637,S2-890319020,S2-904488870,S2-965910760,S2-98141027,S2-983439720,S3-265261588
S1-724878039	S2-101919056,S2-111528223,S2-201004102,S2-216419718,S2-239334407,S2-330518097,S2-338189175,S2-345172295,S2-372625515,S2-384279989,S2-492287789,S2-502231516,S2-539206351,S2-551487902,S2-654263813,S2-750708611,S2-759694152,S2-764879575,S2-82742832,S2-915229145
S1-725130345	S2-102704852,S2-126506454,S2-154655572,S2-155681006,S2-296385109,S2-321398182,S2-333018724,S2-349303228,S2-380483491,S2-441422968,S2-445518281,S2-502866969,S2-551502726,S2-557178247,S2-562839435,S2-622624356,S2-822504612,S2-874162453,S2-907307129,S3-802991535
S1-725660590	S2-232784264,S2-352427677,S2-423808949,S2-489473096,S2-54330610,S2-608886373,S2-678788003,S2-711514278,S2-719930872,S2-814955870,S2-872319713,S2-886359416,S2-95424985,S2-975896498,S2-978095463,S2-988241366,S3-394680578,S3-839886025,S3-913781061,S3-998090852
S1-725976256	S2-159701054,S2-160130247,S2-241904823,S2-262225869,S2-344572841,S2-468328646,S2-540035112,S2-544112496,S2-583716579,S2-793063212,S2-925849745,S3-176735368,S3-241817099,S3-340847357,S3-361618710,S3-429392366,S3-53150552,S3-915510986,S3-971956598,S3-99456858
S1-727360650	S2-10819593,S2-109123667,S2-141978816,S2-146545715,S2-21794839,S2-339233357,S2-365369470,S2-370069128,S2-624530506,S2-646451716,S2-776184985,S2-965517408,S3-12678619,S3-2743049,S3-347112124,S3-40456001,S3-408044003,S3-489107433,S3-627901752,S3-753392802
S1-728151726	S2-304792316
S1-728689290	S2-463067538,S2-509940498,S2-597717505,S2-684390020,S3-157002874,S3-173833997,S3-193018281,S3-476513398,S3-816294672,S3-820577834,S3-887281125,S3-932071874,S3-945117560,S3-963718472,S3-975638447
S1-729114782	S2-11389574,S2-20047958,S2-270527204,S2-292440715,S2-345378591,S2-395504295,S2-428176216,S2-479331549,S2-486149949,S2-652497457,S2-653808536,S2-710795247,S2-717103442,S2-760041943,S2-808317602,S2-888667254,S2-906504493,S2-927243116,S3-640466995,S3-655155409
S1-729703685	S2-232053517,S2-346140013,S2-346716290,S2-51363526,S2-864072799,S3-286855190
S1-730247172	S2-148785230,S2-177436246,S2-21294737,S2-260303361,S2-412705008,S2-454244080,S2-786467788,S2-961049781,S2-987968197,S3-316664155,S3-494739458,S3-790537219
S1-730256984	S2-113894974,S2-293272708,S2-32472779,S2-421077741,S2-509109373,S2-618844064,S2-634038258,S2-666272282,S2-787274964,S2-995746647,S3-499205390,S3-590923223,S3-596730465,S3-605352916,S3-815433270,S3-82289682,S3-850453408,S3-857700523,S3-859352885,S3-918357967
S1-73080474	S2-113310448,S2-154192027,S2-241726445,S2-247565679,S2-262031736,S2-311152502,S2-36732240,S2-403887208,S2-40825178,S2-450626551,S2-494754553,S2-520123843,S2-698397191,S2-726875050,S2-801042919,S2-836744918,S2-872823424,S2-936391406,S2-972882903,S3-771276331
S1-730917716	S2-118215506,S2-120401610,S2-264133579,S2-295908581,S2-308219708,S2-371438130,S2-470376661,S2-555362211,S2-606758595,S2-610038935,S2-697994853,S2-89349334,S2-898374519,S2-901138898,S2-904984460,S2-991013789,S3-20432535,S3-847627785,S3-858588507,S3-920294058
S1-730938283	S2-274321806,S3-773204885,S3-977843256
S1-731155208	S2-106248676,S2-25579731,S2-348005509,S2-368384203,S2-433677001,S2-455209026,S2-466858776,S2-492882063,S2-532227689,S2-623517407,S2-62697433,S2-683764547,S2-72112805,S2-764648308,S2-800742524,S2-891935518,S2-980958529,S3-297550161,S3-829490404,S3-938729899
S1-731365885	S2-157658306,S2-200433240,S2-336700474,S2-365396093,S2-396278063,S2-467084045,S2-593113050,S2-603258347,S2-612137673,S2-636835876,S2-770652512,S2-779325544,S2-827376942,S3-418232358,S3-485472794,S3-510735471,S3-520910121,S3-580654791,S3-656351104,S3-825977561
S1-731377048	S2-825695401,S3-435399145,S3-675944314
S1-732517099	S2-268963589,S2-374447205,S2-783576796,S2-955802606,S3-755738363
S1-733463339	S2-156997090,S2-198938800,S2-256868825,S2-273140296,S2-497486406,S2-516946324,S2-525859393,S2-566804472,S2-696635067,S2-752790430,S2-814052487,S2-828872229,S2-874162453,S2-956132872,S2-956677516,S2-958304412,S2-96362128,S2-993705695,S2-99655312,S3-338586802
S1-733692025	S2-108583276,S2-480002867,S2-492879191,S2-530868795,S2-534832831,S2-608591729,S2-669879950,S2-707693018,S2-752702482,S2-75724158,S2-7695059,S2-818202342,S3-597035055,S3-653038871,S3-848370351,S3-904046959,S3-90485688,S3-936092954,S3-936283719,S3-977375417
S1-734232840	S2-617345805,S3-588701382,S3-86102982
S1-734457561	S2-202972764,S2-286950244,S2-384266079,S2-491074769,S2-536098194,S2-645292488,S2-707039857,S2-751192197,S2-793479348,S2-80911610,S3-150746675,S3-199071832,S3-308540725,S3-333716528,S3-426065810,S3-592908103,S3-605357871,S3-657163111,S3-93515364,S3-964457244
S1-735051105	S2-197837250,S2-244733676,S2-31411556,S2-449419581,S2-483634728,S2-579343343,S2-62630370,S2-857071377,S2-91616724,S2-956708079,S2-956786940,S2-959269767,S2-972871988,S3-199991711,S3-30337956,S3-457708874,S3-492365949,S3-646471532,S3-800499462,S3-942394393
S1-735554139	S2-925264237,S3-147092661
S1-735663231	S2-142341173,S2-210993421,S2-248155043,S2-355055649,S2-387527012,S2-42020763,S2-421091240,S2-494796338,S2-577511463,S2-706643259,S2-829830180,S2-950262934,S2-987788937,S3-23078059,S3-239387200,S3-332743946,S3-344941654,S3-442196848,S3-684104703,S3-933930571
S1-735737843	S2-278357420,S2-4638718,S2-662488993,S2-69357040,S2-817526909,S3-390614046,S3-402427885,S3-423437861,S3-509592387,S3-979503545
S1-736025985	S2-196741372,S2-240342352,S2-309215976,S2-334359283,S2-757793755,S2-999806714,S3-142178960,S3-200475071,S3-246504737,S3-252173391,S3-284723560,S3-321630104,S3-436506518,S3-438480250,S3-454071242,S3-482152281,S3-496827840,S3-615900852,S3-665856758,S3-767336454
S1-736248152	S2-196683874,S2-312155440,S2-403200240,S2-441441556,S2-790245015,S2-806573115,S3-238291140,S3-388343406,S3-409313280
S1-73630441	S2-289056766,S2-314615276,S2-34183517,S2-346746350,S2-422510029,S2-442348963,S2-619246179,S2-671340149,S2-810987431,S2-823424049,S2-883720517,S2-913033756,S2-922081332,S2-944030245,S2-966560033,S2-984241859,S3-112845775,S3-130503761,S3-652795729,S3-776598091
S1-736658955	S2-106917799,S2-147403269,S2-228253306,S2-68952328,S2-689744173,S2-71874881,S2-733820795,S2-868915655,S3-149993390,S3-352372392,S3-457353799,S3-514641802,S3-519040508,S3-572942572,S3-60328051,S3-756738713,S3-912868120,S3-975310691
S1-736701584	S2-519900997,S3-113628580,S3-436337806,S3-450538418,S3-591112449,S3-804101819,S3-908608339,S3-915017220,S3-931641042
S1-737102186	S2-133411056,S2-172649637,S2-223109235,S2-251801751,S2-383651244,S2-401417009,S2-405172086,S2-449497062,S2-474356307,S2-531394798,S2-532409011,S2-787441240,S2-798669751,S2-800382818,S2-821645734,S2-824506483,S2-924946907
S1-737448925	S2-196266478,S2-219774987,S2-369159065,S2-803372603,S2-822642986,S3-402620536,S3-462503572,S3-493619473,S3-676027792,S3-725007397,S3-837319420
S1-737589654	S2-161762705,S2-280780323,S2-418797637,S2-434802144,S2-529927600,S2-607666338,S2-61371461,S2-746710818,S2-75744755,S2-758964460,S2-973859605,S3-252880647,S3-333821736,S3-431548740,S3-566328140,S3-591502914,S3-777371624,S3-884830841,S3-913592883,S3-996841437
S1-737885980	S2-182666788,S2-198767145,S2-267562546,S2-284812957,S2-327566580,S2-386880933,S2-425391326,S2-539420714,S2-605404874,S2-620766122,S2-635594144,S2-783158461,S2-849691947,S3-107644605,S3-135056785,S3-405627365,S3-444781328,S3-496635259,S3-869965726,S3-946609492
S1-738565023	S2-233064044,S2-287818083,S2-370320148,S2-392624295,S2-464729868,S2-475130031,S2-495577346,S2-547199669,S2-676896474,S2-706237244,S2-801197077,S2-902693716,S2-95406406,S3-300069409,S3-365337796,S3-501029390,S3-559415029,S3-625062898,S3-685479862,S3-911446115
S1-738734576	S2-54358889,S3-103912079,S3-20034604,S3-309085539
S1-738783728	S2-187514897,S2-211366725,S2-288360892,S2-335124172,S2-452090024,S2-468838009,S2-496024117,S2-564112793,S2-660319857,S2-772055969,S2-867204681,S2-903446816,S2-919860077,S3-219303156,S3-31833403,S3-34537321,S3-53737228,S3-610339898,S3-852401610,S3-946622679
S1-739042766	S2-190642185,S2-203263860,S2-219201040,S2-311029819,S2-311192735,S2-311692420,S2-358756737,S2-501809454,S2-50962196,S2-742941063,S2-784569977,S2-812711831,S2-89913062,S2-954855741,S3-306820606,S3-383047569,S3-449664131,S3-465569294,S3-599145773,S3-959926263
S1-739784770	S3-609365114
S1-742216161	S2-215062738,S2-349301525,S2-355252777,S2-539825256,S2-721443742,S3-101349689,S3-366272198,S3-559999761,S3-945812192
S1-743060292	S2-10982463,S2-110239007,S2-176968531,S2-246621020,S2-247610312,S2-320950403,S2-370988297,S2-38917398,S2-39079223,S2-473523054,S2-543962002,S2-613033114,S2-619859806,S2-774596915,S2-80894318,S2-81477151,S2-890201478,S3-296724785,S3-452743030,S3-873046864
S1-743128625	S2-126996401,S2-161047745,S2-224250724,S2-241710484,S2-252583656,S2-296463880,S2-327738915,S2-333815402,S2-358401132,S2-414080464,S2-471215013,S2-836755446,S2-891941838,S2-913672240,S2-932626440,S2-948549347,S2-998548920,S3-196497827,S3-411320837,S3-967456392
S1-743292631	S2-10593798,S2-123315323,S2-208731539,S2-239600027,S2-272756604,S2-278254185,S2-353872072,S2-417090507,S2-460922459,S2-488499591,S2-546605177,S2-577731258,S2-727190886,S2-763015549,S2-848582954,S2-856048107,S2-921443202,S2-942219557,S3-490923144,S3-759848147
S1-743933396	S2-119607177,S2-145123713,S2-216036643,S2-233479406,S2-246498070,S2-273140296,S2-328200950,S2-371392823,S2-495384893,S2-524861725,S2-569739603,S2-716279640,S2-732405607,S2-814052487,S2-854130309,S2-931594628,S2-94341972,S2-989746951,S3-246067105,S3-773725716
S1-744399722	S2-16296825,S2-222155523,S2-303726261,S2-31200405,S2-426324794,S2-436783714,S2-474277193,S2-474890471,S2-532650068,S2-569860965,S2-595795733,S2-770652512,S2-872675313,S2-892880098,S2-969344678,S2-974796269,S3-184919014,S3-381393279,S3-808990619,S3-816521128
S1-744740269	S2-112698756,S2-120498114,S2-15148623,S2-191866478,S2-370390515,S2-431346739,S2-642855647,S2-697886269,S2-773760816,S2-791990398,S2-854130309,S2-867371933,S2-93940548,S3-124616717,S3-36128443,S3-403839232,S3-548212463,S3-681171249,S3-753034850,S3-769913557
S1-74514079	S2-116608726,S2-122619875,S2-140308377,S2-157392665,S2-17860697,S2-225100350,S2-300559990,S2-455869609,S2-590829133,S2-638254078,S2-707823545,S2-743268245,S2-854459566,S2-875425202,S2-91953344,S2-928493776,S3-303674354,S3-81722250,S3-897933007,S3-900856048
S1-745499061	S2-132237347,S2-163961359,S2-187498810,S2-246621020,S2-247759089,S2-344821654,S2-417455367,S2-489461707,S2-535388169,S2-547557150,S2-612768292,S2-617697266,S2-659685525,S2-671270117,S2-742618361,S2-874582752,S2-950851985,S3-441480145,S3-783365935,S3-884943926
S1-746010045	S2-114801328,S2-148683077,S2-196562486,S2-247341171,S2-322753932,S2-458680931,S2-497486406,S2-507401631,S2-516946324,S2-610173207,S2-674143578,S2-696635067,S2-874162453,S2-939010994,S2-951418129,S2-96362128,S2-969344678,S2-994429169,S3-551580447,S3-621175747
S1-746056218	S2-102766265,S2-17650283,S2-231732832,S2-248809787,S2-39203161,S2-452547204,S2-522516645,S2-573950787,S2-63650529,S2-681634213,S2-71010326,S2-912061947,S3-230524638,S3-253684004,S3-291562572,S3-619115665,S3-672557970,S3-794191691,S3-891102731,S3-966663160
S1-746330860	S2-22700931,S2-308520060,S2-496709881,S2-532094229,S2-556956753,S2-563413977,S2-565073472,S2-622336596,S3-176661804,S3-537800565
S1-746638120	S2-177471665,S2-251117499,S2-370097518,S2-40937480,S2-561003591,S2-637528523,S2-675627765,S2-685921135,S2-717026173,S2-788563685,S2-800303028,S2-812738948,S2-849322523,S2-914577103,S2-956289606,S2-976792184,S3-121075047,S3-789642375,S3-7954412,S3-810077128
S1-747111275	S2-124565860,S2-174761625,S2-234550573,S2-379867041,S2-433396513,S2-638922059,S2-863834473,S2-92624945,S3-326608253,S3-573689290,S3-738951399
S1-747276488	S2-102804293,S2-242170085,S2-328896377,S2-621233909,S2-678434558,S2-719553441,S2-738593461,S2-823717263,S2-843743267,S3-218503833,S3-293786625,S3-348821644,S3-371935432,S3-423494069,S3-64831248,S3-691156820,S3-793566847,S3-958847284,S3-960206386
S1-747285922	S2-104836810,S2-125378909,S2-145521404,S2-230265548,S2-362179167,S2-497604553,S2-640817832,S2-787431043,S2-902694207,S2-915050625,S2-92868774,S3-108521815,S3-184084358,S3-236165215,S3-338784543,S3-424324965,S3-624008307,S3-682888038,S3-728129783,S3-781754949
S1-747501178	S2-1249299,S2-310760091,S2-589086253,S2-638433354,S2-760449655,S2-870312665,S2-877834399,S3-301828787,S3-622108423,S3-678140596,S3-78788214,S3-953218157
S1-747536217	S3-184740600,S3-844964815
S1-748204124	S2-105005882,S2-348591848,S2-428078925,S2-493817273,S2-835986277,S2-953966442,S3-160345603,S3-278691926,S3-313028450,S3-514356616,S3-550798436,S3-62908988,S3-724117293,S3-939244448
S1-748482943	S2-105883852,S2-176163089,S2-182826103,S2-312573896,S2-507152762,S2-517411539,S2-647257200,S2-690845039,S2-694269821,S2-792932898,S2-891547877,S2-960517475,S3-278426099,S3-332327399,S3-37888261,S3-37968407,S3-592994680,S3-809654084,S3-844158969,S3-899696172
S1-748602164	S2-102956384,S2-124620808,S2-184695630,S2-256577191,S2-303484026,S2-397133859,S2-54845543,S2-607642800,S2-661140913,S2-699796510,S2-708371394,S2-734019264,S2-789296428,S2-822977276,S2-837979657,S3-28142069,S3-503938009,S3-565524550,S3-596541484,S3-703322
S1-748624974	S2-151433479,S2-251699321,S2-257920281,S2-328728879,S2-588666672,S2-66874328,S2-907062254,S2-960726769,S3-173829850,S3-292547364,S3-306966340,S3-433729747,S3-434972839,S3-587277261,S3-628199905,S3-654308601,S3-710385139,S3-804717539
S1-748694833	S2-110628432,S2-21243347,S2-2307515,S2-2499937,S2-293335918,S2-440556553,S2-452877699,S2-568658536,S2-57490681,S2-584153477,S2-586982227,S2-600006843,S2-602771038,S2-732475629,S2-819681837,S2-933597853,S2-994500979,S3-36742546,S3-756918651,S3-791786791
S1-749368379	S2-266674956,S2-407305614,S2-520104827,S2-560096710,S2-566613986,S2-634994990,S2-7709851,S2-850641622,S3-184941369,S3-215497000,S3-29813576,S3-340622083,S3-453230038,S3-565651855,S3-582052690,S3-627561376,S3-719141461,S3-798174717,S3-805138672,S3-822240112
S1-750051807	S2-107953131,S2-181962832,S2-255280797,S2-374471531,S2-408865400,S2-445846380,S2-494080038,S2-577882929,S2-578620577,S2-631521974,S2-864548311,S2-918042719,S2-922598590,S2-928003558,S3-114954984,S3-266168268,S3-470639551,S3-55771961,S3-604221051,S3-8963123
S1-750186933	S2-129843489,S2-133067225,S2-260783262,S2-27607600,S2-292440715,S2-445149265,S2-480821739,S2-521542070,S2-692777518,S2-718775157,S2-721502513,S2-741124141,S2-918750094,S2-925001283,S2-929093158,S2-93160252,S3-201497543,S3-444525486,S3-958385897,S3-965011682
S1-751451784	S2-257214777,S3-369137592,S3-874262942
S1-751629729	S2-146065370,S2-308356127,S2-338853492,S2-341207819,S2-404582417,S2-576239013,S2-644884657,S2-694638616,S2-818669966,S2-876778109,S2-884928283,S2-996216424,S3-108764436,S3-415753309,S3-420492902,S3-468587760,S3-598819212,S3-626171409,S3-76377962,S3-765727182
S1-752103649	S2-439070878,S2-590517368,S2-829150126,S3-154570314,S3-180682146,S3-522343335,S3-532999066
S1-752105133	S2-129845726,S2-250316100,S2-315823580,S2-353688026,S2-543408145,S2-600006843,S2-670948516,S2-926365725,S2-958304412,S3-126026824,S3-132281000,S3-376554709,S3-390950751,S3-432043289,S3-478832844,S3-690793260,S3-788484702,S3-817379678,S3-838627502,S3-992341899
S1-752293436	S2-334060084,S2-344874828,S2-406411579,S2-505311451,S2-561770169,S2-591398537,S2-667428931,S2-67633883,S2-730525828,S2-763028412,S2-772008314,S2-830666056,S2-953772521,S3-124272866,S3-164345826,S3-354475865,S3-574449813,S3-715547580,S3-766923547,S3-932881092
S1-752553631	S2-104656751,S2-255398746,S2-322405336,S2-38917398,S2-448894146,S2-596844693,S2-616467580,S2-772815132,S2-835342793,S2-874354006,S2-921770935,S3-190552395,S3-332466229,S3-418200429,S3-471457355,S3-56751236,S3-656634568,S3-658772924,S3-975618319,S3-99791154
S1-752567273	S2-154640572,S2-176512196,S2-18307325,S2-198047442,S2-204561560,S2-208452578,S2-381747268,S2-447892968,S2-513515664,S2-540724632,S2-59846669,S2-614348283,S2-630894312,S2-659139265,S2-661030345,S2-680916137,S2-804507132,S2-84825910,S2-865032619,S2-915853082
S1-752638095	S2-112444589,S2-225767594,S2-421381336,S2-428243144,S2-50331098,S2-656712210,S2-761970277,S2-847642452,S2-871325588,S2-977033809,S2-99260087,S3-10180366,S3-119648435,S3-534187375,S3-559140627,S3-607937307,S3-75273406,S3-752813600,S3-853202459,S3-968810664
S1-752765753	S2-579178534,S2-693393806,S3-109998314,S3-190135542,S3-584854249,S3-735636284,S3-83707986
S1-753423090	S2-165809100,S2-235191527,S2-261272734,S2-341288100,S2-41741727,S2-426046760,S2-44621127,S2-529675896,S2-787833272,S2-811863966,S2-842463067,S2-928901522,S2-973674638,S2-987872374,S3-148199656,S3-242950495,S3-6326303,S3-729398114,S3-892449116,S3-934368484
S1-75366425	S2-205518186,S2-209093728,S2-274640549,S2-294270770,S2-308390109,S2-372202978,S2-382377359,S2-410329713,S2-426439815,S2-46777321,S2-468653561,S2-497025062,S2-681115668,S2-699391872,S2-759411420,S2-845577049,S2-868740769,S3-176124608,S3-549975577,S3-661898705
S1-753701694	S2-106020820,S2-199235212,S2-362503507,S2-47299877,S2-501809454,S2-583537485,S2-732475629,S2-733608770,S2-733901023,S2-77599239,S2-802941686,S2-807248702,S2-815206256,S2-901214734,S2-928614162,S3-248687812,S3-601520633,S3-660399883,S3-811777703,S3-864921950
S1-75447192	S2-131323387,S2-133231514,S2-209957919,S2-293044341,S2-339884517,S2-354431604,S2-519868619,S2-554995116,S2-584696844,S2-672714236,S2-678571939,S2-811799202,S2-84848327,S2-861273511,S2-951444737,S2-970209502,S2-99656655,S3-21972836,S3-312450863,S3-552029909
S1-75451105	S2-561605024,S2-795679709,S3-249312386,S3-481789274,S3-56560766,S3-576300761,S3-582544364
S1-754712040	S2-195819452,S2-245157034,S2-28314903,S2-361571858,S2-362462988,S2-593802350,S2-686713583,S2-783846074,S2-809330355,S2-916745738,S3-212381541,S3-292909516,S3-456601257,S3-52102056,S3-542239427,S3-740492207,S3-752316023
S1-754826540	S2-187800389,S2-474118498,S2-50455591,S2-696914790,S3-271710370,S3-381231328,S3-432153880,S3-611880977,S3-642429774,S3-69875390,S3-873256809,S3-912977133,S3-99742740
S1-755100551	S2-250620988,S2-478598909,S2-546791413,S2-678609308,S2-683176518,S2-828015776,S2-924092320,S2-93943992,S3-115864586,S3-12911761,S3-236799470,S3-31386305,S3-444474539,S3-46441496,S3-501407043,S3-554899827,S3-775209781,S3-811713783,S3-823501301,S3-928077113
S1-755323321	S2-122635599,S2-156688612,S2-259929846,S2-293601707,S2-307119673,S2-483480832,S2-561683868,S2-585117339,S2-608496926,S2-667295957,S2-687768026,S2-744685697,S2-778152514,S2-80942167,S2-812711831,S2-847392050,S2-883256571,S3-358456330,S3-688963548,S3-760477501
S1-756669072	S2-125017062,S2-256868825,S2-273060628,S2-277669170,S2-516946324,S2-674862293,S2-696635067,S2-731215113,S2-790058191,S2-828872229,S2-937072190,S2-96362128,S3-11133787,S3-160839018,S3-189338517,S3-20719352,S3-449578925,S3-858265236,S3-866521755,S3-992001661
S1-757037547	S2-114798321,S2-138582709,S2-179213874,S2-238257070,S2-312035633,S2-314481641,S2-437914811,S2-444139007,S2-532196944,S2-538287323,S2-562497096,S2-59306068,S2-713920891,S2-721170113,S2-783860047,S2-926723118,S2-959518463,S3-187275125,S3-475127760,S3-84102034
S1-757230050	S2-845741989,S2-882119257,S3-653430898
S1-757559065	S2-189369869,S2-370365313,S2-382115578,S2-403364722,S2-481889816,S2-491093179,S2-542602090,S2-544760485,S2-551227954,S2-613241838,S2-617245553,S2-662038285,S2-694385723,S2-731461355,S2-777826651,S2-790721694,S2-806069321,S2-941944150,S3-193857231,S3-577450532
S1-758104036	S2-289056766,S2-333794564,S2-346746350,S2-442348963,S2-619246179,S2-671340149,S2-695804918,S2-78208598,S2-804627671,S2-883720517,S2-922081332,S2-950117609,S2-966560033,S2-984241859,S3-111045259,S3-130503761,S3-652795729,S3-764528250,S3-776598091,S3-879478764
S1-758297181	S2-21534435,S2-238468412,S2-241881775,S2-435504048,S2-645587262,S2-693331755,S2-70296430,S2-715553627,S2-789296428,S2-918576296,S3-122798657,S3-149379427,S3-235407338,S3-259426233,S3-328044404,S3-79761295,S3-825679530,S3-879423574,S3-946118908,S3-97514090
S1-758412975	S2-190833339,S2-258571630,S2-327008381,S2-354229274,S2-406091061,S2-496630031,S2-521408532,S2-534757753,S2-621965479,S2-695972284,S2-753973470,S2-781358249,S2-809568611,S2-927264763,S2-961859453,S3-124801372,S3-229500549,S3-475640019,S3-655993667,S3-975661553
S1-758418647	S2-206959608,S2-20805326,S2-217616946,S2-391016923,S2-469839988,S2-564551253,S2-577659286,S2-597532562,S2-720471650,S2-744754890,S2-975864823,S2-97997258,S3-249101807,S3-259097780,S3-26161361,S3-548768008,S3-720379337,S3-720391042,S3-853624094,S3-903604118
S1-75912402	S2-100101893,S2-104732804,S2-147267729,S2-170667721,S2-224603825,S2-56463059,S2-59667979,S2-609126175,S2-645571797,S2-69355571,S2-884015492,S2-892330445,S3-328862083,S3-421314261,S3-421791712,S3-431608965,S3-483387512,S3-662772837,S3-949429248
S1-75920268	S2-138051778,S2-156725250,S2-167206756,S2-311749563,S2-371312178,S2-501057541,S2-539010081,S2-584009558,S2-621041904,S2-663049678,S2-681575605,S2-72836343,S2-768922688,S2-847055518,S2-851238110,S2-874421537,S2-910103661,S2-925333233,S3-548642043,S3-664063272
S1-759372516	S2-100798928,S2-156690878,S2-16423658,S2-187499079,S2-242286420,S2-302561043,S2-331724815,S2-335529804,S2-436282991,S2-472527104,S2-49405337,S2-592507930,S2-608496926,S2-678286970,S2-745169325,S2-828441033,S2-848645265,S2-986559342,S3-20963437,S3-941632304
S1-759564869	S2-120443301,S2-186918703,S2-22775099,S2-252989755,S2-351773656,S2-362329289,S2-390068896,S2-454436960,S2-578267293,S2-599195929,S2-680723758,S2-77180081,S2-852561180,S2-867359249,S2-907307129,S2-915202445,S2-982202753,S3-324342265,S3-430417597,S3-906460472
S1-759806516	S2-461551379,S2-503361961,S2-994391826,S3-173762689,S3-388869702,S3-463815605,S3-697773152
S1-76001792	S2-112625539,S2-125403632,S2-193271672,S2-205961588,S2-290757595,S2-353920232,S2-365096291,S2-394608236,S2-418153476,S2-456180704,S2-494194203,S2-53686206,S2-557607162,S2-565976380,S2-618664963,S2-743023361,S2-826291310,S2-874736538,S3-869018120,S3-96056786
S1-760110409	S2-120502358,S2-182420968,S2-216786940,S2-23854429,S2-527183647,S2-545614314,S2-557486904,S2-597173178,S2-733767959,S2-750125460,S2-82620147,S2-932269275,S2-969248444,S3-312991064,S3-324883769,S3-420319430,S3-695968519,S3-793094724,S3-836203946,S3-943237124
S1-760794314	S2-168870589,S2-228069455,S2-284585076,S2-388371145,S2-492743805,S2-520441214,S2-555983033,S2-570512018,S2-58825780,S2-598991538,S2-698383825,S2-749642407,S2-877522655,S2-890476046,S3-242036935,S3-290249617,S3-41333270,S3-453409080,S3-454169329,S3-681830113
S1-761007594	S2-102159320,S2-126506454,S2-155681006,S2-256868825,S2-265204903,S2-441422968,S2-497486406,S2-525859393,S2-54869823,S2-584306503,S2-610173207,S2-674862293,S2-814052487,S2-874162453,S2-898880623,S2-907307129,S2-956132872,S3-605939756,S3-64691947,S3-868760926
S1-761138955	S2-184898378,S2-607517566,S2-64556913,S2-693256682,S2-699970234,S2-772323364,S2-932255610,S2-949015444,S3-115144571,S3-178661366,S3-244790876,S3-287056143,S3-292567073,S3-346938220,S3-450835381,S3-454804797,S3-45722534,S3-521523733,S3-57797592,S3-794259282
S1-7613624	S2-418431313,S2-500484071,S2-531319194,S2-688897366,S2-739272868,S3-256018789,S3-611529739,S3-636714209,S3-682632258,S3-683156946,S3-737700925,S3-864039338,S3-947287413
S1-76184157	S2-119843211,S2-183709274,S2-194090706,S2-200814831,S2-329695563,S2-388041325,S2-432499908,S2-513019344,S2-51794057,S2-692585872,S2-708812063,S2-835255552,S2-947466256,S2-951267309,S2-959734804,S2-961184985,S2-982003904,S2-986670350,S2-999082686,S3-178863607
S1-762190965	S2-126670069,S2-138702507,S2-140470808,S2-145212314,S2-161706141,S2-259786094,S2-263813651,S2-271867553,S2-311198079,S2-347133115,S2-551899354,S2-574089391,S2-606589402,S2-891325970,S2-90564148,S2-993824191,S2-995066127,S3-251324475,S3-379522943,S3-838648799
S1-762622810	S2-104638783,S2-163509911,S2-232784264,S2-335116479,S2-338150135,S2-504527920,S2-53643101,S2-542758437,S2-565609932,S2-608886373,S2-621473436,S2-643708783,S2-651894655,S2-678788003,S2-814955870,S2-886359416,S2-90509075,S2-975896498,S2-978095463,S2-988241366
S1-763021923	S2-104923370,S2-226669097,S2-372013737,S2-421540927,S2-434166125,S2-508665532,S2-514823964,S2-684014035,S2-870905437,S2-898456684,S3-168317787,S3-341464065,S3-413940558,S3-819859511
S1-763225443	S2-158162679,S2-172207378,S2-240344212,S2-454714477,S2-484229911,S2-508713785,S2-906728606,S2-956874011,S2-972294562,S3-167174117,S3-269394886,S3-369262987,S3-564840125,S3-584343225,S3-650376072,S3-673434348,S3-761786961
S1-763596536	S2-273162192,S2-304784243,S2-316365155,S2-42272526,S2-510240752,S2-695380219,S2-919657858,S3-136249995,S3-213286015,S3-26981744,S3-275459248,S3-371331290,S3-394704101,S3-551446790,S3-659826748,S3-893755765,S3-927256107,S3-94808310,S3-951963026,S3-966751915
S1-764298140	S2-124476361,S2-152743419,S2-2230052,S2-315567715,S3-471109101,S3-803013209,S3-897559828,S3-938246843
S1-76463822	S2-119780292,S2-13797197,S2-165930564,S2-184650265,S2-339455014,S2-362594031,S2-480870770,S2-588253755,S2-641577088,S2-696640506,S2-821980645,S3-137095212,S3-151511457,S3-210668707,S3-313874788,S3-376732481,S3-609076802,S3-719831398,S3-73934550,S3-854866925
S1-765321536	S2-117046778,S2-205388630,S2-342645551,S2-387473662,S2-407012146,S2-435353177,S2-473245321,S2-476543954,S2-589013466,S2-780123305,S2-791413065,S2-842804084,S2-93858659,S2-968815299,S3-174339167,S3-655279045,S3-662368140,S3-727177202,S3-729033292,S3-999193217
S1-765614483	S2-296505578,S2-297215873,S2-312379347,S2-330772119,S2-464887178,S2-474914898,S2-477873982,S2-580566062,S2-606889205,S2-790215125,S2-875839241,S2-879980104,S2-893074332,S2-944853638,S2-97506343,S3-125335360,S3-165227436,S3-244657431,S3-607701908,S3-679100836
S1-765746812	S2-146572324,S2-2048071,S2-207851104,S2-283918647,S2-309031671,S2-321565255,S2-362515452,S2-390971137,S2-480933295,S2-492269701,S2-539753352,S2-657601236,S2-681991046,S2-80440792,S2-811175347,S2-965085514,S3-338626770,S3-556397001,S3-585513593,S3-732853888
S1-765856311	S2-229177914,S2-303669261,S2-345079710,S2-546413297,S2-620175749,S2-663525433,S2-724232719,S2-757749176,S2-924571074,S2-984423579,S3-179590826,S3-399579763,S3-437577816,S3-490306002,S3-554558961,S3-566186078,S3-597707950,S3-641679316,S3-760138019,S3-928338530
S1-765915675	S2-115409222,S2-127987287,S2-16801220,S2-470556861,S2-527800770,S2-536867114,S2-55215136,S2-583842572,S2-648381005,S2-837561448,S3-190596250,S3-236140634,S3-372493955,S3-53474765,S3-763105583,S3-840755272
S1-766908913	S2-134632115,S2-137142334,S2-164118721,S2-275234184,S2-285482274,S2-334928044,S2-336880119,S2-369574516,S2-454547723,S2-597159535,S2-59930788,S2-623270683,S2-676382349,S2-677757521,S2-822978972,S2-853799526,S2-881809504,S2-909796844,S2-921383329,S3-563925067
S1-767117200	S3-172666362,S3-864309749
S1-767244029	S2-370771981,S2-438427079,S2-477062192,S2-66472272,S2-852760032,S2-893953670,S2-953588261,S3-125875929,S3-211843256,S3-253330829,S3-279249864,S3-356826653,S3-405152023,S3-815709870,S3-830636602,S3-874597414,S3-905602356
S1-767533647	S2-132798215,S2-230769519,S3-164521612,S3-17535790,S3-26388026,S3-277835404,S3-855665898,S3-876091142
S1-767594337	S2-156669405,S2-158757260,S2-228843051,S2-240567370,S2-248084070,S2-284461674,S2-325291007,S2-325615566,S2-429059121,S2-472691991,S2-738629358,S2-759175669,S3-247773633,S3-351924596,S3-483590918,S3-71609401,S3-789979013,S3-85667743,S3-897808861,S3-951544555
S1-768233996	S2-100391675,S2-317647861,S2-331672026,S2-400167155,S2-453455590,S2-496701813,S2-561625161,S2-594193732,S2-619676471,S2-645627128,S2-782284106,S2-784613702,S2-803226819,S2-809988888,S2-899871813,S2-916020939,S2-916583522,S3-833456072,S3-866707282,S3-949970595
S1-768544585	S2-100251681,S2-135102887,S2-206208754,S2-250915022,S2-283433987,S2-296850561,S2-309436005,S2-399112375,S2-474914898,S2-479186257,S2-544197083,S2-550377631,S2-568999124,S2-582629579,S2-6607727,S2-755868171,S2-766682341,S2-894152578,S3-27963861,S3-400412830
S1-768582961	S2-304218820,S2-383418288,S2-40951255,S2-41195574,S2-423398212,S2-434742723,S2-501503323,S2-504789316,S2-563753438,S2-577553854,S2-63147195,S2-925783228,S2-930418123,S3-158552518,S3-268498483,S3-57767264,S3-599606761,S3-623217477,S3-742936421,S3-888015732
S1-768820447	S2-119843211,S2-1505887,S2-151582230,S2-157864176,S2-242055718,S2-333716982,S2-335860,S2-513019344,S2-595033725,S2-692585872,S2-818259839,S2-831064278,S2-931939515,S2-947466256,S2-959734804,S2-982003904,S3-248221067,S3-287417200,S3-403010600,S3-664592276
S1-768876048	S2-137376696,S2-141681344,S2-238463399,S2-288744152,S2-34100948,S2-390048517,S2-519268193,S2-716473017,S2-762383502,S2-811915007,S2-891169663,S2-921467017,S3-174270736,S3-412505763,S3-537383255,S3-598881410,S3-746336669,S3-749330205,S3-902717033,S3-996728823
S1-769019747	S2-153079060,S2-277459108,S2-321785710,S2-376395045,S2-467505244,S2-578568642,S2-629038951,S2-701990716,S2-764535943,S2-831233375,S2-866001141,S2-903178968,S2-953588261,S3-415610920
S1-770206352	S2-381453553,S2-558627355,S2-573790924,S3-329973649,S3-365295502
S1-77028914	S2-230184729,S2-2352720,S2-242380548,S2-612092063,S2-747869809,S2-843039363,S2-871103548,S3-224385285,S3-349110144,S3-354140420,S3-540969790,S3-542050235,S3-707261685,S3-83107431,S3-87346044,S3-957030486
S1-770445918	S2-177018408,S2-177918546,S2-245633733,S2-662374449,S2-663471075,S2-704449115,S2-750442394,S2-841148498,S2-887857848,S2-888300738,S2-895030236,S2-911854728,S2-99488138,S3-164563869,S3-454678377,S3-504753393,S3-596387063,S3-721338290,S3-754787123,S3-863036893
S1-770737924	S2-10593798,S2-115244212,S2-123315323,S2-193793613,S2-208731539,S2-239600027,S2-240841658,S2-272756604,S2-278254185,S2-296116464,S2-398574724,S2-488499591,S2-539166987,S2-577731258,S2-664427474,S2-848582954,S2-856048107,S2-942219557,S3-735174194,S3-740167153
S1-771392131	S2-293829884,S2-330127407,S2-335714256,S2-396723020,S2-754398,S2-870095376,S2-919731460,S2-926723118,S3-267194279,S3-34775440,S3-362911557,S3-46366463,S3-523844673,S3-54861327,S3-89015254
S1-771414916	S2-137335733,S2-141992643,S2-206959608,S2-20805326,S2-217616946,S2-354995381,S2-469839988,S2-564551253,S2-577659286,S2-580712672,S2-597532562,S2-720471650,S2-744754890,S2-897475107,S2-975864823,S2-97997258,S3-155771233,S3-26161361,S3-311380074,S3-615900852
S1-771477658	S2-122619152,S2-233064044,S2-287818083,S2-345300348,S2-370320148,S2-392624295,S2-431805920,S2-464729868,S2-467873214,S2-475130031,S2-547199669,S2-706237244,S2-95406406,S3-140325232,S3-385003762,S3-72011188,S3-818011726,S3-842721183,S3-867824779,S3-954042417
S1-771969128	S2-114606790,S2-201704259,S2-239798786,S2-251752267,S2-396234144,S2-488789411,S2-506145204,S2-515027313,S2-5352671,S2-625308131,S2-647493914,S2-663105160,S2-697325163,S2-71587579,S2-723965818,S2-730242141,S2-941632499,S2-979515993,S3-449594320,S3-641688137
S1-772177209	S2-214397081,S2-59655096,S3-339639906,S3-626329091,S3-720876363
S1-772243692	S2-108927878,S2-109905092,S2-190642185,S2-192653858,S2-311029819,S2-322536831,S2-358756737,S2-590714216,S2-639632705,S2-742941063,S2-784569977,S2-797821871,S2-830424409,S2-831726341,S2-891050601,S3-127133538,S3-230572490,S3-238479809,S3-519742414,S3-77021450
S1-772433095	S2-170979256,S2-197418401,S2-244606480,S2-402161569,S2-410013422,S2-426149878,S2-458179068,S2-507619867,S2-598433089,S2-62218511,S2-626695486,S2-698622096,S2-823993957,S2-985896476,S3-275026186,S3-679210792,S3-685853055,S3-708123286,S3-777894949,S3-876176916
S1-772605849	S2-231563539,S2-359220758,S2-479758316,S2-659989252,S2-702744795,S2-781134803,S2-820557558,S2-83473934,S2-934353177,S3-169142932,S3-20011081,S3-242092976,S3-310755643,S3-343493617,S3-456104802,S3-620877580,S3-700540066,S3-765522132,S3-961916983
S1-772890	S2-242304258,S2-425096551,S3-147583118,S3-765283332,S3-936887828
S1-773570791	S2-22075978,S2-241726445,S2-27148087,S2-36732240,S2-389818771,S2-403887208,S2-40825178,S2-450626551,S2-698397191,S2-726875050,S2-741566402,S2-761023973,S2-801042919,S2-836744918,S2-872823424,S2-891950002,S2-936391406,S2-972882903,S3-11582109,S3-273026124
S1-773843432	S2-136200009,S2-159826213,S2-204606409,S2-397946430,S2-41986027,S2-590757045,S2-665981472,S2-719884043,S2-727477424,S2-752641121,S2-759267804,S2-824243201,S2-829759321,S2-82989621,S3-117513817,S3-419660479,S3-545653931,S3-66964095,S3-916333443,S3-980278159
S1-774110927	S2-184416837,S2-450617583,S2-492786272,S2-838861846,S3-126682552,S3-155533457,S3-306644842,S3-389465162,S3-962586492
S1-774194970	S2-130980452,S2-211725643,S2-262378104,S2-302050932,S2-400614296,S2-437128444,S2-504742145,S2-662992311,S2-709605576,S2-774401390,S2-786410600,S2-839763761,S2-905395948,S2-978908864,S2-988530848,S3-310005114,S3-42450799,S3-543706187,S3-582466731,S3-986827642
S1-774304520	S2-486555278,S2-799133700,S2-814870249,S3-171136524,S3-297035456,S3-400732161,S3-878989901
S1-774887424	S2-161781122,S2-217611792,S2-365855447,S2-405172086,S2-471154795,S2-533115756,S2-602902836,S2-733480582,S2-770158780,S2-783194949,S2-859525288,S2-887253067,S2-891990623,S3-162839716,S3-422483454,S3-688129072,S3-892923595,S3-914768850,S3-920658684,S3-985896402
S1-774921897	S2-219072156,S2-243528665,S2-406794851,S2-459861739,S2-790415549,S2-83473934,S3-820274417
S1-775707340	S2-180292031,S2-412509036,S2-700533507,S2-792147446,S3-197886024,S3-514622879,S3-691146848
S1-775903038	S2-134338371,S2-172322594,S2-367417973,S2-4072697,S2-433187504,S2-456035454,S2-523658851,S2-668241111,S2-83560115,S2-83882920,S3-265350086,S3-358270545,S3-423869505,S3-516737179,S3-617001527,S3-711723212,S3-840354646,S3-864093796,S3-981823883,S3-985457871
S1-776001349	S2-188777243,S2-240621108,S2-44163878,S2-501540367,S2-580896578,S3-266376124,S3-322177312,S3-335563240,S3-648394174,S3-772248841,S3-874946013
S1-776240254	S2-15116571,S2-155361721,S2-2048071,S2-245665768,S2-280104333,S2-283918647,S2-317615334,S2-321565255,S2-326946504,S2-384477462,S2-390971137,S2-732609411,S2-739460697,S2-777785870,S2-860657586,S2-873660516,S2-880662813,S2-911669520,S2-939131514,S3-279372447
S1-777058715	S2-128076983,S2-187498810,S2-246621020,S2-344821654,S2-417455367,S2-423595620,S2-489461707,S2-612768292,S2-627173602,S2-659685525,S2-671270117,S2-716107739,S2-724270114,S2-76382003,S2-874582752,S2-950851985,S2-979276925,S3-464929036,S3-468331520,S3-926726677
S1-777708320	S2-122619152,S2-160594723,S2-179625721,S2-344754892,S2-392624295,S2-45412971,S2-467873214,S2-475130031,S2-549310568,S2-549623325,S2-629147266,S2-723221488,S2-764601805,S2-784918067,S2-796770637,S2-907428304,S2-947795053,S2-955922218,S2-979085903,S3-302316458
S1-777935769	S2-197837250,S2-299772640,S2-320319183,S2-348392329,S2-388981331,S2-443733577,S2-512567536,S2-62630370,S2-638146498,S2-755402288,S2-827878473,S2-88126754,S2-91616724,S2-956786940,S2-972871988,S3-195819860,S3-328072316,S3-566651570,S3-846398150,S3-887617911
S1-778073138	S2-148844362,S2-168190632,S2-243805328,S2-280309152,S2-35004031,S2-402444489,S2-558588522,S2-621488194,S2-639782501,S2-883445214,S2-937036110,S3-270387964,S3-338374255,S3-492238208,S3-618245152,S3-670759545,S3-680883719,S3-791322914,S3-846639507,S3-999996695
S1-778095011	S2-568686037,S2-826773659,S3-115570530
S1-778944925	S2-248902651,S2-411647326,S2-514540959,S2-633030118,S2-808728262,S2-852615155,S2-974327109,S3-188408431,S3-306025423,S3-307635053,S3-45593778,S3-747317802,S3-812434061,S3-812651193,S3-841980095
S1-779289319	S2-144233514,S2-147267849,S2-162252776,S2-26930111,S2-830641479,S2-888707752,S2-924300091,S2-92683372,S3-270762167,S3-416003935,S3-513175662,S3-539326806,S3-872752529,S3-976000869
S1-779479678	S2-23607459,S2-309795892,S2-355914870,S2-415285414,S2-449131721,S2-524466893,S2-738874132,S2-93196961,S2-959012580,S2-986652722,S3-107718098,S3-263868039,S3-43503038,S3-443992775,S3-519242562,S3-686250314,S3-728221776,S3-744721607,S3-798404727,S3-880701593
S1-779480748	S2-102286733,S2-126506454,S2-132169083,S2-155681006,S2-268190132,S2-308126862,S2-349267854,S2-350952836,S2-441422968,S2-496500351,S2-525859393,S2-610173207,S2-804581722,S2-814052487,S2-874162453,S2-956132872,S3-185930324,S3-232475819,S3-469403732,S3-893690983
S1-779873769	S2-229383250,S2-317244465,S2-325107119,S2-433724824,S2-615514328,S2-731675366,S2-732707735,S2-829654296,S2-988844375,S3-278885439,S3-342215333,S3-383617436,S3-410390091,S3-431547167,S3-520785397,S3-58091154,S3-639559149,S3-94847998
S1-779952024	S2-23479363,S2-355235944,S2-394926296,S2-463643120,S2-59782346,S2-718950676,S2-765013081,S2-847512894,S3-356187986,S3-57104901,S3-76232319,S3-789898634,S3-927535460
S1-780129296	S2-314660479,S2-324210963,S2-344120854,S2-48935959,S2-603130989,S2-609934766,S2-922458093,S2-927122114,S2-934893847,S3-348821644,S3-414972364,S3-437903163,S3-524089872,S3-660172227,S3-682484756,S3-702183940,S3-863662626,S3-898838479,S3-947377425,S3-970937969
S1-780404307	S2-148683077,S2-185319616,S2-187593824,S2-242059797,S2-458680931,S2-507401631,S2-605734275,S2-741277268,S2-939010994,S2-945636903,S2-987414512,S3-105063315,S3-204630658,S3-247847151,S3-271345268,S3-28936502,S3-460874545,S3-551580447,S3-935523984,S3-948466849
S1-780428491	S2-156460390,S2-223943562,S2-390048517,S2-544308753,S2-554985407,S2-591174313,S2-66036729,S2-77450520,S3-159815558,S3-257638026,S3-285595037,S3-304138813,S3-325884942,S3-355101858,S3-400085270,S3-509239783,S3-566894090,S3-819226717,S3-836935573,S3-843615821
S1-780482085	S2-130336511,S2-18124353,S2-323427301,S2-347017935,S2-406105988,S2-41514279,S2-423147414,S2-461028307,S2-461177833,S2-46771753,S2-487383344,S2-514714174,S2-532409011,S2-544760260,S2-611548253,S2-815783446,S2-94390509,S3-705419548,S3-853904570,S3-996503594
S1-780754274	S2-167426364,S2-206495455,S2-237386317,S2-26881176,S2-278899754,S2-368384203,S2-421975132,S2-422510029,S2-424313130,S2-508602797,S2-56864149,S2-598596199,S2-651190084,S2-81084363,S2-810987431,S2-823424049,S2-861758392,S2-913033756,S2-944030245,S2-94847162
S1-781331151	S2-100746796,S2-277608782,S2-392491232,S2-410056618,S2-506851620,S2-700567756,S2-764996774,S2-7951416,S2-828655769,S2-846324468,S2-874960173,S2-944381984,S2-959321411,S3-358167069,S3-471340724,S3-638427668,S3-689971344,S3-70258668,S3-807071310,S3-896466830
S1-781502403	S2-114606790,S2-178068108,S2-201704259,S2-239798786,S2-251752267,S2-258952546,S2-396234144,S2-488789411,S2-506145204,S2-625308131,S2-647493914,S2-663105160,S2-697325163,S2-71587579,S2-730242141,S2-941632499,S2-979515993,S3-213594008,S3-221008836,S3-782412828
S1-782563960	S2-51862156,S2-528666244,S3-302404880,S3-450779823,S3-464179545,S3-675803127,S3-770008516
S1-783317405	S2-126411084,S2-170548497,S2-180292031,S2-211126789,S2-257460141,S2-287188667,S2-345313911,S2-362105495,S2-400214437,S2-410312937,S2-427850625,S2-47782257,S2-503956565,S2-527810636,S2-616375903,S2-625682061,S2-681546007,S2-920403124,S2-995335581,S3-792219808
S1-78406639	S2-174633522,S2-215748521,S2-232505577,S2-314041172,S2-375479293,S2-394444706,S2-496805461,S2-556932415,S2-635877854,S2-651906563,S2-673801962,S2-705504729,S2-71434915,S2-720663031,S2-772563909,S2-803266562,S2-913240757,S3-209396331,S3-31401650,S3-979245832
S1-785070736	S2-210987458,S2-340140487,S2-562636613,S2-637048988,S2-986985354,S3-464132086,S3-728247756,S3-781467764,S3-960532968
S1-785148853	S2-115880227,S2-373632500,S2-575119611,S2-709371601,S2-855836919,S3-290681494,S3-358908717,S3-469258401,S3-746588415,S3-948470916
S1-785293809	S2-10950521,S2-122275059,S2-262002046,S2-292724004,S2-34422296,S2-388167220,S2-390258418,S2-43073112,S2-450992018,S2-471154795,S2-490305039,S2-537831921,S2-60479362,S2-666993506,S2-796959685,S2-857216235,S2-928712830,S2-947421213,S3-510387476,S3-949536323
S1-785613234	S2-153191170,S2-197696225,S2-22257325,S2-246869552,S2-263979882,S2-300451593,S2-325209077,S2-386690759,S2-463617918,S2-520461134,S2-569049408,S2-728566332,S2-730036234,S2-886247443,S2-964240180,S2-970730978,S3-101801511,S3-113492760,S3-237226100,S3-573856842
S1-786148478	S2-132584646,S2-139182951,S2-480009101,S2-523161724,S2-575161283,S2-621206283,S2-629499045,S2-675443652,S2-798019999,S2-871018688,S2-876824000,S2-924470584,S3-17298898,S3-260569853,S3-643283234,S3-688804061,S3-751459676,S3-795124243,S3-798770969,S3-922586977
S1-786429756	S2-157563956,S2-282724091,S2-302199102,S2-515652341,S2-652291706,S2-694627142,S2-76585467,S2-797566632,S2-910920599,S3-114293086,S3-182094352,S3-203449116,S3-396099796,S3-612263160,S3-759621975,S3-773729218,S3-836860729,S3-858715667,S3-867176023,S3-970035903
S1-786762916	S2-254127449,S2-729001239,S2-910157589,S3-297170970,S3-451526773,S3-620316094,S3-671440495,S3-778496967,S3-780080067,S3-850877670,S3-945331255
S1-786834960	S2-383733505,S3-170796729,S3-242059178,S3-327708132,S3-332300544,S3-435959093,S3-639054576,S3-663198191,S3-687882373,S3-698648206,S3-788484702,S3-895596438
S1-787234019	S2-224980295,S2-25933575,S2-391886434,S2-621473485,S2-638803013,S2-640493688,S2-688142618,S2-757543295,S2-841137821,S2-981744957,S3-127535768,S3-164550807,S3-224118032,S3-234931047,S3-615929632,S3-741321466,S3-833811615,S3-900106368,S3-919985954,S3-990303879
S1-787596518	S2-149448203,S2-164189233,S2-269166097,S2-282498740,S2-40478498,S2-496825047,S2-562360116,S2-588162053,S2-920131632,S2-988430985,S3-247103302,S3-256278111,S3-295339758,S3-297505597,S3-458621530,S3-635315358,S3-642056004,S3-725153129,S3-780245996,S3-807474608
S1-788494299	S2-309215976,S2-334359283,S2-421589329,S2-595741625,S2-693440367,S2-757793755,S2-769370640,S2-77494747,S2-900749132,S3-142178960,S3-246504737,S3-252173391,S3-284723560,S3-321630104,S3-349824909,S3-438480250,S3-454071242,S3-496827840,S3-534805997,S3-615900852
S1-789348841	S2-844312389,S3-140146363,S3-419289046,S3-486627598
S1-789520687	S2-126761070,S2-133399775,S2-158986794,S2-224657588,S2-231844401,S2-248784624,S2-40577382,S2-579634275,S2-677563863,S2-689910847,S2-734670041,S2-762138947,S2-913030192,S3-379387408,S3-574449813,S3-667485033,S3-724879764,S3-767575578,S3-848066766,S3-911819246
S1-789916460	S2-128745860,S2-171593739,S2-175153925,S2-238639255,S2-398031801,S2-404958972,S2-406062395,S2-475564547,S2-480821739,S2-539165500,S2-571951923,S2-593645591,S2-602695064,S2-663412857,S2-680540548,S2-691989343,S2-729718584,S2-868341483,S2-90987334,S3-131489754
S1-790044196	S2-114261337,S2-282800901,S2-387081061,S2-406794851,S2-630437161,S2-700038395,S2-789253282,S3-195150955,S3-259186625,S3-273324366,S3-421280042,S3-481444096,S3-872930286,S3-973562477,S3-974925695
S1-790270012	S2-231930743,S2-313466288,S2-379340461,S2-38490269,S2-396357598,S2-431739463,S2-592512342,S2-654990021,S2-810024932,S2-903875666,S2-969254000,S2-983491564,S3-108414209,S3-117891427,S3-231535518,S3-290227325,S3-446143634,S3-884000666,S3-906060801
S1-790284686	S2-256451765,S2-314871912,S2-315548151,S2-36879102,S2-391886434,S2-395810184,S2-434190410,S2-483480832,S2-527644026,S2-562860573,S2-68457852,S2-75521386,S2-80942167,S2-812711831,S2-831625227,S2-847392050,S2-875758626,S2-966057618,S2-976730217,S3-184160424
S1-790288034	S2-553783809,S2-714865381,S2-801016155,S2-801658533,S2-821826875,S2-999707365,S3-202592425,S3-575167920,S3-708936223,S3-739688685
S1-790487	S2-103249097,S2-168958761,S2-242380548,S2-331535598,S2-332758205,S2-336338996,S2-371188945,S2-375563315,S2-682814350,S2-699928990,S2-719187484,S2-736042244,S2-783064201,S2-820530357,S2-826627074,S2-835441368,S2-88188079,S2-909935981,S2-968252585,S2-980786220
S1-791026687	S2-150097313,S2-150842299,S2-161665134,S2-164497843,S2-192955479,S2-196004824,S2-208689583,S2-264831946,S2-372695124,S2-424415993,S2-427640018,S2-570217363,S2-614122807,S2-662708356,S2-774576625,S3-490956112,S3-496166431,S3-599765596,S3-886479106,S3-937684634
S1-791238669	S2-203259804,S2-231487276,S2-23161647,S2-557391468,S2-788901142,S2-834108496,S2-866097296,S2-891070773,S2-906251728,S2-962921265,S2-966599267,S3-16632206,S3-232000400,S3-239545692,S3-3712816,S3-581483396,S3-902028161,S3-959703020
S1-792512073	S2-403885951,S2-491028094,S2-555578476,S2-703024469,S2-84693573,S3-21825866,S3-245808138,S3-373886679,S3-4943112,S3-506417967,S3-59442518,S3-630101857,S3-645964997,S3-66765060,S3-737219934,S3-754336317
S1-792697225	S2-135423160,S2-310000169,S2-36165230,S2-378700690,S2-438736699,S2-50265505,S2-652766993,S2-763018444,S2-782062004,S2-855535637,S3-159311030,S3-467741307
S1-793048636	S2-147252509,S2-163236542,S2-55356916,S2-593847882,S2-648770543,S2-706336199,S2-720490901,S2-728191118,S2-782319833,S2-97857545,S2-979422906,S3-17400476,S3-178695005,S3-201614402,S3-492762370,S3-674808390,S3-686683677,S3-731382017,S3-749897748,S3-985989137
S1-79308181	S2-557463350,S2-607679396,S2-727502575,S2-897883014,S3-182856484
S1-793107809	S2-226396583,S2-515227502,S2-852957370,S2-992655746,S3-24440259,S3-589653162,S3-608550886,S3-633005118,S3-739363821,S3-854877500,S3-915774268,S3-923308553
S1-793173609	S2-10843047,S2-137040293,S2-371189831,S3-342030144,S3-506379864,S3-714270551,S3-998168276
S1-793323117	S2-112723777,S2-211838062,S2-291865461,S2-370915135,S2-41602182,S2-497793569,S2-621086793,S2-625798224,S2-641706074,S2-804408295,S2-912300310,S2-922504636,S2-990550346,S3-283749772,S3-289191412,S3-311979299,S3-414418981,S3-812958815,S3-926758432,S3-981528429
S1-793549748	S2-122850515,S2-616922517,S2-681470249,S2-796582849,S2-900564326,S3-115144571,S3-224318584,S3-589700586,S3-960249045
S1-794514637	S2-136305349,S2-188612294,S2-200895905,S2-303726261,S2-311814169,S2-436783714,S2-474277193,S2-505041950,S2-565543920,S2-569860965,S2-595795733,S2-725621051,S2-792895602,S2-79488526,S2-812474179,S2-868804212,S2-892880098,S3-184375154,S3-250398729,S3-385850621
S1-795461948	S2-202137549,S2-205505639,S2-214702321,S2-215895230,S2-346746350,S2-378054793,S2-413012135,S2-636241885,S2-757683042,S2-76595366,S2-804869547,S2-864103770,S3-232475819,S3-408252387,S3-565864367,S3-630198272,S3-647537069,S3-728318597,S3-920810636,S3-994805260
S1-795860022	S2-167737773,S2-169083107,S2-190976167,S2-209869827,S2-297926954,S2-307201933,S2-346604707,S2-390705356,S2-420641004,S2-488289616,S2-611641666,S2-677563863,S2-728570647,S2-809460945,S2-864041841,S2-952623407,S2-959566926,S2-981104251,S2-994698031,S3-130956298
S1-795936927	S2-108852285,S2-196370555,S2-229560398,S2-28134581,S2-377001396,S2-416217045,S2-723022431,S2-730219334,S2-765119288,S2-77285093,S2-845155025,S2-849985648,S2-866686286,S2-878003016,S2-90539048,S2-919706463,S2-958352718,S2-983123295,S3-154645156,S3-896496876
S1-796797473	S2-178241503,S2-298860749,S2-313200096,S2-342386355,S2-4398175,S2-471625447,S2-497749133,S2-538521710,S2-545117693,S2-546426576,S2-587989666,S2-666060563,S2-679099494,S2-68812643,S2-766349006,S2-790115153,S2-870253600,S2-918699598,S2-950812577,S2-951196911
S1-797601232	S2-15851870,S2-168681741,S2-421330022,S2-484738792,S2-672935280,S2-878741253,S3-222527605,S3-282502042,S3-325438653,S3-348046973,S3-385778980,S3-396047656,S3-397262527,S3-402344486,S3-425920809,S3-569517306,S3-608515408,S3-758002069,S3-798234739,S3-908889377
S1-797625701	S2-126506454,S2-164039123,S2-256868825,S2-441422968,S2-497486406,S2-516946324,S2-525859393,S2-584306503,S2-610173207,S2-674862293,S2-676863481,S2-696635067,S2-814052487,S2-828872229,S2-874162453,S2-898880623,S2-937072190,S2-956132872,S2-96362128,S3-726131306
S1-797890042	S2-180742299,S2-297791916,S2-307241724,S2-437213031,S2-660017999,S2-694945360,S2-704805304,S2-727825904,S2-795289108,S2-873810070,S2-934839124,S3-149247409,S3-400992951,S3-404031208,S3-450293450,S3-557647998,S3-58834153,S3-8918312,S3-935996901,S3-955271211
S1-797925383	S2-156997090,S2-198938800,S2-273140296,S2-334739791,S2-352057931,S2-535260713,S2-536900454,S2-570539664,S2-57303947,S2-592650888,S2-615355654,S2-673711388,S2-752790430,S2-873059596,S2-928052985,S2-958304412,S2-99655312,S3-238275591,S3-260231245,S3-364380253
S1-798371061	S2-275659184,S2-281404371,S2-347372225,S2-394991626,S2-600910936,S2-628129193,S2-865589043,S2-890508026,S2-893074332,S2-981094837,S2-990228492,S3-18155692,S3-217526609,S3-313748251,S3-369689030,S3-383555287,S3-484952965,S3-489238185,S3-500891336,S3-641929582
S1-798382641	S2-247565679,S2-338925594,S2-380052701,S2-389818771,S2-403887208,S2-40825178,S2-449497062,S2-494754553,S2-726875050,S2-741566402,S2-801042919,S2-836744918,S2-872823424,S2-888490626,S2-936391406,S2-972638816,S3-311013319,S3-542850094,S3-563387509,S3-979984887
S1-798391879	S2-192955479,S2-264831946,S2-288252849,S2-33132500,S2-371392823,S2-427640018,S2-503228977,S2-614122807,S2-774576625,S2-852116315,S2-860534246,S2-936516737,S2-976146687,S2-979532864,S3-385084488,S3-518773602,S3-546229027,S3-783760662,S3-78614365,S3-934998088
S1-798417864	S2-186073777,S2-316826957,S2-724805525,S3-224945978,S3-321578275,S3-564060360,S3-880314722
S1-79862757	S2-140328910,S2-201004102,S2-216419718,S2-239334407,S2-242883630,S2-319100992,S2-372625515,S2-59874644,S2-654263813,S2-750708611,S2-759694152,S2-764879575,S2-82742832,S2-915229145,S2-922890824,S2-983936558,S3-557957655,S3-650174763,S3-796108235,S3-870401988
S1-799225839	S2-133252993,S2-14278997,S2-182008767,S2-256654481,S2-266088151,S2-289629744,S2-300552236,S2-307201933,S2-314159126,S2-35158435,S2-426381800,S2-445145941,S2-452180384,S2-486000320,S2-521180185,S2-606244528,S2-674913444,S2-852750425,S2-864135069,S2-968785903
S1-799667010	S2-112934836,S2-124624286,S2-446263986,S2-45549519,S2-51477351,S2-519687407,S2-649863166,S2-712241936,S2-718807938,S2-7809937,S2-943230715,S2-981278356,S3-208645402,S3-272200272,S3-357467710,S3-514789414,S3-552328460,S3-665967867,S3-92730568,S3-996802106
S1-799836488	S2-191866478,S2-273381935,S2-301886115,S2-313628562,S2-352829264,S2-380923706,S2-512537516,S2-517460204,S2-601337861,S2-704773714,S2-787962358,S2-91150593,S2-943955488,S3-181726487,S3-236983074,S3-293632747,S3-326050498,S3-482365228,S3-670419439,S3-969383634
S1-800203867	S2-10737846,S2-385214523,S2-58312937,S2-608598841,S2-613998163,S2-630232878,S2-637955972,S2-711989435,S2-821750605,S2-84525960,S3-152288898,S3-238336715,S3-312811386,S3-312960168,S3-43386689,S3-511760335,S3-728924742,S3-86790533,S3-871276323,S3-875029421
S1-800772	S2-11440399,S2-224980295,S2-225823147,S2-293360947,S2-336775853,S2-344767729,S2-364850737,S2-391886434,S2-444794612,S2-586167393,S2-689705616,S2-822191627,S2-929722075,S3-15149408,S3-264478141,S3-403615825,S3-489436323,S3-586006087,S3-704025615,S3-956876186
S1-800869146	S2-104765794,S2-256043542,S2-405026547,S2-434788290,S2-63366791,S2-801947174,S3-409610103,S3-424358437,S3-549956359,S3-569219394,S3-588712408,S3-788446013,S3-806957410,S3-914631786,S3-941548465
S1-801278485	S2-386767537,S2-535991821,S2-555352551,S2-609856602,S2-614957356,S2-702144957,S2-72616318,S2-815524559,S3-212496667,S3-295911024,S3-3065139,S3-550067620,S3-621820986,S3-640170805,S3-764847801,S3-827923297
S1-801742466	S2-224147180,S2-305248041,S2-484557188,S2-870708030,S3-104418065,S3-295004452,S3-50509157,S3-545474998,S3-870850326,S3-946721202
S1-802066128	S2-131872909,S2-193995593,S2-286270410,S2-403646565,S2-418213505,S2-466147229,S2-474535244,S2-482144229,S2-602532391,S2-612169234,S2-613343223,S2-623758944,S2-752081733,S2-822714622,S2-823434500,S2-850741800,S2-878448261,S2-989158977,S3-688154952,S3-698460628
S1-802628667	S2-145779880,S2-198145645,S2-238915322,S2-312381161,S2-328696969,S2-485822686,S2-539330980,S2-645373698,S2-722833565,S2-776184985,S2-845357994,S2-871343777,S3-250659435,S3-43801893,S3-438977010,S3-477306145,S3-49450392,S3-678450927,S3-768966395,S3-779861274
S1-802639738	S2-328900052,S2-482826712,S2-909346959,S3-380262504,S3-397305399,S3-786638305,S3-79390791,S3-985804198
S1-802754732	S2-101325335,S2-318489262,S2-325440739,S2-374850342,S2-436704918,S2-465015254,S2-529727458,S2-536577044,S2-613263675,S2-652247214,S2-853967721,S2-989668598,S3-218016681,S3-353803678,S3-407456325,S3-477447270,S3-608688932,S3-648102632,S3-881554646,S3-975367077
S1-803078403	S2-144439096,S2-171003826,S2-314169444,S2-340786070,S2-383148775,S2-484452861,S2-485265081,S2-503347858,S2-561199640,S2-58124379,S2-683438089,S2-783938628,S3-145785322,S3-225088377,S3-439891570,S3-464850587,S3-542465109,S3-711567192,S3-77801354,S3-94471902
S1-803260469	S2-121220457,S2-147492940,S2-232646801,S2-390967888,S2-488254199,S2-892197651,S3-348180138,S3-358236743,S3-564227584,S3-873831131
S1-80380205	S2-111042672,S2-125403632,S2-173663181,S2-193065678,S2-290757595,S2-326984990,S2-342006176,S2-389135103,S2-428875120,S2-536001923,S2-53686206,S2-826291310,S3-101151772,S3-196924974,S3-324956539,S3-50198732,S3-579174694,S3-675422850,S3-771073356,S3-812651193
S1-804218098	S2-191260642,S2-499263895,S2-851857450,S2-867219610,S2-870188276,S2-877642083,S2-985088174,S3-243888298,S3-94764532
S1-804739870	S2-119170862,S2-158604841,S2-394669149,S2-501936753,S2-520395904,S2-535903909,S2-542492616,S2-587874439,S2-60172892,S2-642824694,S2-691956246,S2-696679067,S2-731588087,S2-867710047,S2-876721131,S2-909393104,S2-934820328,S3-842669576,S3-885028043,S3-961541957
S1-80550353	S2-348144716,S2-435614075,S2-447789125,S2-471713609,S2-474277193,S2-512382393,S2-531826116,S2-613596024,S2-640420911,S2-759859828,S2-828719129,S2-988366654,S3-28847280,S3-408212372,S3-490107025,S3-732055184,S3-770867853,S3-820511082,S3-854063368,S3-896772808
S1-806128402	S2-153258175,S2-212149820,S2-232219224,S2-311868409,S2-356532156,S2-383822500,S2-384219063,S2-517503876,S2-587775967,S2-63801241,S2-678108659,S2-706168001,S2-78120059,S2-831117180,S2-835256551,S2-868563454,S2-870305144,S2-879019234,S3-320537103,S3-887824586
S1-80641588	S2-169402390,S2-213099480,S2-322953932,S2-333117743,S2-637304807,S2-763849905,S3-220164891,S3-986500464
S1-806625484	S2-115706716,S2-153331897,S2-206131507,S2-221315911,S2-318082759,S2-46592479,S2-772922754,S2-958688251,S3-353766982,S3-383316097,S3-401402011,S3-414957496,S3-422754119,S3-444450554,S3-482573312,S3-615040590,S3-698776194,S3-767493421,S3-869428532,S3-949324103
S1-806989939	S2-306233830,S2-515581965,S2-604848494,S2-622733338,S2-69453030,S2-713633959,S2-751644079,S2-905133363,S2-973287013,S3-140678333,S3-160669569,S3-199170475,S3-218503833,S3-326565403,S3-34985949,S3-359902298,S3-525272562,S3-604536112,S3-906460472,S3-943032673
S1-807026088	S2-826617349,S2-900642176,S3-344987504
S1-807067573	S2-108255546,S2-109147488,S2-150882117,S2-171172645,S2-199425487,S2-324605242,S2-353638829,S2-467281480,S2-48094022,S2-481251825,S2-517330375,S2-535828787,S2-585158853,S2-863476565,S3-178286432,S3-267190417,S3-569890025,S3-664582427,S3-666665870,S3-823572641
S1-808092276	S2-225921192,S2-256868825,S2-336700474,S2-424677111,S2-441422968,S2-497486406,S2-516946324,S2-603258347,S2-612137673,S2-696635067,S2-770652512,S2-779325544,S2-814052487,S2-828872229,S2-96362128,S2-972219237,S3-139599142,S3-580654791,S3-784470805,S3-995031599
S1-808410394	S2-411849140,S2-442726484,S2-452431802,S2-472032890,S2-512267700,S2-556801499,S2-713272626,S2-762880645,S3-285078428,S3-462852367,S3-488950094,S3-505399086,S3-611869723,S3-613233563,S3-676421852,S3-691476856,S3-722150869,S3-766100811,S3-931426276,S3-932408765
S1-809160617	S2-303616624,S2-383767542,S2-548891259,S2-583649306,S2-753020760,S2-782317627,S3-187191351,S3-393283008,S3-711583481,S3-98820580
S1-809359422	S2-167098669,S2-210910636,S2-279110196,S2-366785932,S2-432218683,S2-447430948,S2-453909888,S2-507124232,S2-574605032,S2-668459160,S2-677457218,S2-706555639,S2-722247491,S2-787905052,S2-882019593,S2-931181851,S3-505350820,S3-803308552
S1-809462858	S2-181962832,S2-296598302,S2-399883790,S2-408865400,S2-445846380,S2-487301061,S2-579939713,S2-585118112,S2-623031574,S2-631521974,S2-737008132,S2-813279273,S2-864548311,S2-922598590,S2-928003558,S3-287073436,S3-391699042,S3-586722450,S3-808306051,S3-951640817
S1-810062458	S2-597744018,S2-877722706,S2-936391406,S2-995038084,S3-214791573,S3-70504063,S3-78029348,S3-809143662,S3-809337662,S3-862416107,S3-977543327,S3-991515305
S1-810252149	S2-195536694,S2-269781739,S2-379795941,S2-55469073,S2-688322790,S2-755774218,S3-450791831
S1-810924887	S2-146726066,S2-18394219,S2-186509085,S2-234381814,S2-247572689,S2-537019930,S2-650334980,S2-664755818,S2-664863402,S2-67201778,S2-862540800,S2-962347602,S2-984241859,S3-122937195,S3-25663992,S3-362301352,S3-414289366,S3-434035253,S3-685153893,S3-765258769
S1-811267073	S2-135148464,S2-145757868,S2-198229539,S2-303066368,S2-560934678,S2-592998557,S2-607996297,S2-729326599,S2-748823384,S3-186263093,S3-244053388,S3-262856919,S3-439965730,S3-567996342,S3-700503802,S3-740051761,S3-802384020,S3-884163623,S3-906339344,S3-966169403
S1-811460556	S2-23213574,S2-335647296,S2-371025855,S2-397310008,S2-42981439,S2-454065113,S2-49153667,S2-559910502,S2-592670315,S2-653376534,S2-772632779,S2-820680585,S2-822073956,S2-99314294,S3-144340506,S3-208037523,S3-223037583,S3-370144592,S3-506814984,S3-591400003
S1-811851690	S2-101490015,S2-298833866,S2-348063825,S2-350847418,S2-432567678,S2-445460312,S2-459611127,S2-474032945,S2-527812446,S2-603240769,S2-682357879,S2-70189931,S2-750247882,S2-843741773,S2-858264865,S2-929233396,S2-94436932,S3-745970579,S3-841116799,S3-963377864
S1-811920479	S2-135798572,S2-160379179,S2-171593739,S2-175153925,S2-238639255,S2-281066731,S2-365970187,S2-370818838,S2-404958972,S2-453309720,S2-477756131,S2-480821739,S2-691989343,S2-845357994,S2-888036197,S2-985114164,S3-18655181,S3-741870895,S3-816407335,S3-956214070
S1-812939855	S2-160292017,S2-180999100,S2-459611127,S2-596694703,S2-658424943,S2-698772845,S2-789468897,S2-820410002,S2-827345339,S2-884608707,S2-901390153,S2-925829578,S2-973761172,S3-131640589,S3-225214800,S3-40309142,S3-635420112,S3-709845061,S3-948466849,S3-987793237
S1-813287261	S2-427397484,S2-440405246,S2-570937619,S2-602076532,S2-745778815,S2-782184865,S2-978545873,S3-208595029,S3-245709964,S3-293462032,S3-413621307,S3-534187375,S3-549318064,S3-676948109,S3-981031448
S1-814281632	S2-10006430,S2-115932738,S2-184359632,S2-190825164,S2-196274604,S2-314102245,S2-344765796,S2-489850832,S2-638025972,S2-650589553,S2-700428441,S2-70928491,S2-718652615,S2-763963854,S2-82663661,S2-974267901,S3-306592033,S3-448446045,S3-49282967,S3-653184748
S1-814475693	S2-444445874,S2-461934619,S2-574038542,S2-682416781,S2-802352051,S2-821561342,S3-159801033,S3-295796224,S3-333406188,S3-620571470,S3-67565302,S3-76597797,S3-940389467
S1-814944738	S2-777320794,S3-507203309,S3-66137235
S1-814988520	S2-292807436,S2-438837118,S2-486905784,S3-443629522,S3-533380746,S3-674769471,S3-683043624,S3-882775378
S1-815173039	S2-256692563,S2-453844783,S2-648006121,S2-671340149,S2-709279205,S3-149374235,S3-472997182,S3-518380273
S1-815231243	S2-146858882,S2-163533044,S2-196370555,S2-376460483,S2-472675182,S2-481240106,S2-569477032,S2-608083959,S2-73125044,S2-796295584,S2-888560146,S2-902795170,S3-149990583,S3-416198234,S3-472357298,S3-480611580,S3-690233235,S3-75885636,S3-852875745,S3-991744452
S1-815339176	S2-393808325,S2-404956236,S2-435390800,S2-444794612,S2-473663030,S2-494844722,S2-518683159,S2-557987308,S2-58348149,S2-598446797,S2-679193324,S2-700416422,S2-770159550,S2-809294162,S2-96426489,S3-402140504,S3-436300922,S3-481552862,S3-845553660,S3-871491700
S1-815563819	S2-273381935,S2-301886115,S2-313628562,S2-319771268,S2-352829264,S2-380923706,S2-517460204,S2-601337861,S2-704773714,S2-787962358,S2-943955488,S3-147896456,S3-216886987,S3-236983074,S3-293632747,S3-326050498,S3-482365228,S3-670419439,S3-897401117,S3-969383634
S1-815692970	S2-177471665,S2-214749166,S2-251117499,S2-265288275,S2-359230295,S2-40937480,S2-492952399,S2-626991326,S2-637528523,S2-717026173,S2-788563685,S2-800303028,S2-824364255,S2-849322523,S2-914577103,S3-149193259,S3-28597087,S3-421061313,S3-950932149,S3-99690053
S1-815713649	S2-170342262,S2-23228510,S2-581215832,S2-691199864,S2-798023040,S3-176821419,S3-218043414,S3-486294341
S1-816056281	S2-17082118,S2-17260204,S2-203017115,S2-221315911,S2-480678453,S2-518347568,S2-580566062,S2-646068485,S2-72292398,S2-767959648,S3-214309857,S3-268996648,S3-269090464,S3-292479973,S3-482573312,S3-559439381,S3-639713192,S3-666546155,S3-75124013
S1-816419388	S3-675667167,S3-715469198
S1-816426361	S2-145988185,S2-169788357,S2-229477860,S2-244721279,S2-26956636,S2-293459604,S2-305299303,S2-370115077,S2-409880750,S2-41224469,S2-459633919,S2-681427074,S2-831247506,S2-851417082,S2-900057307,S3-26161361,S3-365295502,S3-47905633,S3-810465992,S3-990513843
S1-816706026	S2-101808060,S2-169217504,S2-24349396,S2-340375254,S2-481240815,S2-55527351,S2-673023686,S2-777673414,S2-790103191,S2-877482202,S3-160515285,S3-2828914,S3-359299460,S3-487420404,S3-553113761,S3-635185366,S3-778442848,S3-81141424,S3-870582285,S3-963033685
S1-817059748	S2-134356459,S2-215453955,S2-273593611,S2-299919070,S2-401367997,S2-479556958,S2-53221611,S2-561054530,S2-568283463,S2-607666338,S2-7958540,S2-81272446,S2-89956614,S2-941803016,S2-948236487,S2-996477488,S3-156762256,S3-706511446,S3-840974358,S3-930166183
S1-817931639	S2-121251263,S2-228779604,S2-247552236,S2-254788701,S2-263273654,S2-318303423,S2-418380949,S2-438753836,S2-461563520,S2-630651352,S2-673473326,S2-703267220,S2-738952441,S2-764713035,S2-822346901,S2-921111723,S2-925511054,S3-534247734,S3-648447180,S3-728992974
S1-818543567	S2-116092947,S2-152598063,S2-30870742,S2-563972876,S2-789402996,S2-970351873,S2-994225718,S3-189376738,S3-211826919,S3-444327032,S3-47177721,S3-474399170,S3-536756017,S3-955356275,S3-967261956
S1-818701692	S2-185991906,S2-204289763,S2-340603304,S2-405277031,S2-416625657,S2-478312353,S2-48248106,S2-59455310,S2-60995426,S2-648163199,S2-720135745,S2-721018371,S2-738536601,S2-753657867,S2-786879588,S2-800975630,S2-876220008,S2-93829291,S2-995094420,S3-286057111
S1-819412475	S2-107905251,S2-154220920,S2-156803152,S2-173106767,S2-264362806,S2-34956606,S2-402210101,S2-409910382,S2-524606152,S2-698687453,S2-722302188,S2-786964,S2-883225568,S2-890977739,S2-910540859,S3-248465019,S3-491052757,S3-877272240,S3-894088256,S3-926561005
S1-819726021	S2-382386194,S3-700629965
S1-819922941	S2-101490015,S2-122323942,S2-126506454,S2-164039123,S2-350847418,S2-459611127,S2-527812446,S2-584306503,S2-603240769,S2-635185690,S2-639672397,S2-674862293,S2-682357879,S2-750247882,S2-851857450,S2-874162453,S2-898880623,S2-94436932,S2-956132872,S3-728498744
S1-820069471	S2-122635599,S2-256692563,S2-451120296,S2-483480832,S2-585117339,S2-608496926,S2-650803267,S2-687768026,S2-696742763,S2-778152514,S2-80942167,S2-812711831,S2-847392050,S2-883256571,S2-951139927,S2-966057618,S2-968246739,S3-214773216,S3-333575412,S3-993342469
S1-820737891	S2-126700325,S2-337295888,S2-338866041,S2-344591721,S2-358137861,S2-368705680,S2-372522718,S2-427947632,S2-447737527,S2-493086210,S2-536174758,S2-555725950,S2-688593675,S2-707575978,S2-772356331,S2-823617666,S2-969392100,S2-991817650,S3-596476198,S3-95641888
S1-820897779	S2-276845718,S3-32077973,S3-572381589,S3-731015818,S3-742727022
S1-821063603	S2-167079885,S2-570625676,S2-909272217,S3-107193121,S3-270960756,S3-89792074
S1-821755764	S2-242179681,S2-369734557,S2-81109045,S2-845388356,S3-62354709,S3-719056323,S3-837216632
S1-822545301	S2-219570666,S2-308126862,S2-309496710,S2-31517803,S2-842981557,S2-913301924,S3-128732215,S3-486501891,S3-879423574,S3-900960600
S1-823525653	S2-16423658,S2-255444111,S2-424848139,S2-44202874,S2-688657051,S2-802929311,S2-874882918,S2-878813376,S2-963796055,S3-165309247,S3-182698702,S3-541129741,S3-572037432,S3-668730631,S3-71438279,S3-720226342,S3-762593422,S3-820244811,S3-871894639,S3-969525569
S1-823777324	S2-120369605,S2-4856157,S2-600145887,S2-678194823,S2-718987047,S2-951418129,S3-272559754,S3-332220114,S3-429501334,S3-486765863,S3-762048057,S3-815903880,S3-882143063
S1-823976828	S2-251816266,S2-489836793,S2-62315810,S2-639620036,S2-719639171,S2-721095589,S2-954982330,S3-297261608,S3-536107525,S3-610832555,S3-65342665,S3-713101618,S3-821039237,S3-82485548,S3-844612807,S3-864767176
S1-824040399	S2-121078219,S2-165028766,S2-343463510,S2-383149596,S2-51839425,S2-542840931,S2-778501030,S2-838861846,S2-841230240,S2-86720793,S2-878637248,S2-886641170,S2-927913778,S2-949148518,S2-968205051,S2-998423643,S3-20026517,S3-401112525,S3-590218572,S3-786194684
S1-824048342	S2-176968531,S2-27986137,S2-310613953,S2-353697126,S2-399449669,S2-457500956,S2-46395834,S2-574914445,S2-619859806,S2-689068897,S2-716687956,S2-716961117,S2-734993182,S2-866650875,S3-545172813,S3-583345750,S3-598069437,S3-708873064,S3-862953811,S3-882571772
S1-824449328	S2-184489192,S2-638832429,S2-877634389,S3-15090963,S3-179925595
S1-825060069	S2-237386317,S2-256451765,S2-314871912,S2-315548151,S2-368384203,S2-36879102,S2-391886434,S2-395810184,S2-422510029,S2-434190410,S2-527644026,S2-68457852,S2-75521386,S2-81084363,S2-831625227,S2-875758626,S2-913033756,S3-425579977,S3-613070390,S3-919750363
S1-825449610	S2-240079525,S2-403466701,S2-434802144,S2-693072766,S2-699733797,S2-723274486,S2-779614645,S2-784360759,S2-784852829,S2-925305852,S2-954598576,S3-161249157,S3-261185511,S3-28476180,S3-469602682,S3-503388260,S3-567515152,S3-718590400,S3-743816018,S3-949842036
S1-82563591	S2-121534599,S2-124227417,S2-154093870,S2-167575886,S2-192802782,S2-24196266,S2-312231193,S2-361206026,S2-520587790,S2-592113355,S2-632667174,S2-642921016,S2-714485906,S2-727234193,S2-76923389,S2-79905632,S2-800992054,S2-8661228,S2-880755170,S2-942568155
S1-826027358	S2-159064454,S2-180742299,S2-324888289,S2-352379983,S2-374432974,S2-763013267,S2-820698568,S2-852535806,S2-873810070,S2-937521092,S2-943482106,S2-979881389,S3-437400709,S3-487717164,S3-612909364,S3-666788789
S1-826417592	S2-564605809,S2-689428234,S2-702454590,S2-957922888,S3-703170139,S3-802047855
S1-826676058	S2-546934117,S2-609895919,S2-615909795,S2-764648308,S2-844790251,S2-91377268,S2-928375144,S2-953044877,S2-998229665,S3-121616442,S3-127195270,S3-207262214,S3-466433338,S3-471731074,S3-536256864,S3-622314896,S3-648367108,S3-926621739,S3-94232554,S3-957059794
S1-826857235	S2-103598322,S2-126904244,S2-163159297,S2-210799457,S2-24561574,S2-302419463,S2-35086639,S2-370932433,S2-406854790,S2-410126841,S2-578846574,S2-59129159,S2-699449583,S2-716107739,S2-758210318,S2-835775099,S3-351739939,S3-418346485,S3-818978682,S3-830552713
S1-826898974	S2-189601997,S2-244309226,S2-275135901,S2-359230295,S2-370097518,S2-626991326,S2-717026173,S2-734968400,S2-759979128,S2-788563685,S2-861004182,S2-94068349,S2-956289606,S3-338654913,S3-433334691,S3-44042128,S3-503164052,S3-57029222,S3-64252489,S3-74027883
S1-827485179	S2-53812299,S2-614670940,S3-310009175
S1-827514255	S2-211047480,S3-396763437,S3-40644501,S3-669166922,S3-822136284
S1-827965258	S2-211754814,S2-229485367,S2-357963753,S2-45940100,S2-466171407,S2-475419520,S2-521405597,S2-53865370,S2-632127605,S2-692455537,S2-782563559,S2-841718344,S2-893932123,S2-939573310,S2-966525620,S2-996046856,S3-141594113,S3-198001149,S3-48628738
S1-828050933	S2-679190243,S2-739706845,S3-532147591,S3-586091477
S1-828631686	S2-133487711,S2-165038994,S2-323169426,S2-367619938,S2-434089881,S2-573546633,S2-621239482,S2-727608986,S2-787757653,S2-944488484,S2-984417999,S3-12187447,S3-179162648,S3-262381080,S3-430121015,S3-444175673,S3-596527167,S3-655194703,S3-749398310,S3-892618063
S1-828737630	S2-140743640,S2-344408497,S2-41059663,S2-421049739,S2-429976659,S2-484254998,S2-703653566,S2-705276084,S2-753577285,S2-806197786,S2-820687768,S2-888694804,S2-922714604,S2-955407713,S3-36425933,S3-390223587,S3-466319483,S3-578512557,S3-749930782,S3-787827567
S1-828824753	S2-420044895,S2-717791408,S2-952498453,S3-256563680,S3-312663256,S3-330091726,S3-338586802,S3-591562140,S3-736628121,S3-876006620,S3-889875675
S1-829151155	S2-360302059,S3-292673739,S3-556784997
S1-829160246	S2-103673755,S2-103768299,S2-231456668,S2-421162180,S2-600907459,S2-603919625,S2-710747980,S2-739250458,S2-772170805,S2-930351241,S3-218897913,S3-266446461,S3-344031260,S3-371484377,S3-428397797,S3-510297461,S3-520475655,S3-711124310,S3-803588336,S3-880385596
S1-829213549	S2-145893871,S2-205260794,S2-222090680,S2-287729619,S2-327324147,S2-34100948,S2-351469447,S2-39585429,S2-414772576,S2-460916094,S2-609214167,S2-684336696,S2-694155939,S2-836298949,S2-89038691,S3-282534614,S3-694630703,S3-754238913,S3-795689629,S3-869241016
S1-829456276	S2-154334183,S2-196635735,S2-196924112,S2-204301831,S2-385755768,S2-393629406,S2-425405131,S2-546869596,S2-569860965,S2-776754812,S2-816989315,S2-864873698,S2-877479417,S2-882819261,S2-900424122,S2-931785818,S2-940612841,S2-957116161,S3-311779715,S3-408212372
S1-829712085	S2-105883852,S2-13585391,S2-145988185,S2-176163089,S2-307626378,S2-333206038,S2-412036406,S2-537966434,S2-635185690,S2-690845039,S2-953809861,S2-979127236,S2-981173823,S3-107236405,S3-120391741,S3-278426099,S3-463264821,S3-54565837,S3-565755955,S3-891357737
S1-829997253	S2-113125535,S2-15828501,S2-340882825,S2-352561696,S2-363534521,S2-401408311,S2-430254170,S2-434500561,S2-559780275,S2-605005949,S2-60786934,S2-616484608,S2-688227539,S2-695769315,S2-774698384,S2-808728262,S3-115217052,S3-441971504,S3-810819128,S3-822450594
S1-831105487	S2-962535505
S1-831144019	S2-314464701,S2-39285951,S3-277203812,S3-294231864,S3-514839284,S3-53876922,S3-574606725,S3-616989837,S3-623835287,S3-844177252
S1-831359607	S2-10534237,S2-205114518,S2-250740646,S2-295254551,S2-369083050,S2-476525997,S2-524414346,S2-545521502,S2-601185190,S2-606551216,S2-776051786,S2-783129366,S2-882416765,S2-886864287,S2-943270677,S2-965852283,S3-529297883,S3-63698503,S3-821382007,S3-865890828
S1-831419175	S2-131323387,S2-133231514,S2-209957919,S2-293044341,S2-339884517,S2-519868619,S2-554995116,S2-562422536,S2-584696844,S2-672714236,S2-811799202,S2-84848327,S2-861273511,S2-951444737,S2-970209502,S2-99656655
S1-831498966	S2-477993186,S2-876321452,S2-98207670,S3-678876952,S3-690020716,S3-734881258
S1-83157836	S2-135590656,S2-268859026,S2-33607429,S2-409793639,S2-563264793,S2-619985584,S2-647618566,S2-728636225,S2-743446674,S2-898476343,S2-922944208,S2-934646313,S3-167490764,S3-260975053,S3-576680390,S3-583843006,S3-591606423,S3-686622408,S3-712964489,S3-907276684
S1-832123919	S2-117156915,S2-129316153,S2-143232725,S2-183809326,S2-232945113,S2-265603128,S2-299591716,S2-310653211,S2-408136415,S2-523026800,S2-548400968,S2-556543773,S2-565519778,S2-784007953,S2-791699751,S2-891325970,S2-958748878,S3-178998793,S3-53072578,S3-802460778
S1-832458058	S2-32921581,S2-353446210,S2-393808325,S2-402637820,S2-435390800,S2-444794612,S2-473663030,S2-494844722,S2-571000379,S2-598446797,S2-674152955,S2-700416422,S2-809294162,S2-865353440,S2-977861683,S3-119411156,S3-37459538,S3-563271608,S3-642920117,S3-96356386
S1-832821324	S2-360287794,S2-917792823,S2-990404588,S3-125572762,S3-210240396,S3-273026124,S3-569383688,S3-800297277,S3-817389571,S3-835646844,S3-957387015
S1-83321188	S2-458762098,S2-754863538,S3-476877208,S3-753252502
S1-833352219	S2-147980473,S2-186786402,S2-226399798,S2-249159696,S2-271555689,S2-275123284,S2-504977086,S2-687591963,S2-820843834,S2-912455648,S2-913037796,S2-923595204,S2-948973107,S2-951406983,S3-14298508,S3-427858253,S3-562879886,S3-621206991,S3-749241401,S3-968658155
S1-833807889	S2-271494623,S2-431255486,S2-449615950,S2-510916447,S2-869639987,S2-967850483,S3-932700585,S3-971249604
S1-833895060	S2-277802719,S2-404676823,S2-750649708,S3-535896468,S3-592250596,S3-857127758,S3-896525529
S1-833972930	S2-268638596,S2-366231348,S2-402495223,S2-45508951,S2-544796941,S2-585560719,S2-634893710,S2-637184698,S2-719112862,S2-789889917,S2-79407782,S2-795456407,S2-812149244,S2-930933758,S2-951392995,S2-980093347,S3-239842262,S3-555362449,S3-556626034,S3-785510649
S1-834619444	S2-105898926,S2-186918703,S2-22775099,S2-253149229,S2-272524011,S2-351773656,S2-362329289,S2-415834554,S2-534906411,S2-578267293,S2-680723758,S2-694064827,S2-867359249,S2-907307129,S2-915202445,S2-945085407,S2-982202753,S3-134849028,S3-205189929,S3-319196657
S1-834919582	S2-134418223,S2-200440168,S2-233123309,S2-249491949,S2-251801731,S2-285912142,S2-36835526,S2-378920632,S2-387030912,S2-412652966,S2-41330550,S2-509832800,S2-557744079,S2-574940993,S2-579935875,S2-591336397,S2-607897017,S2-828032594,S2-987279589,S3-616477759
S1-835224242	S2-199066227,S2-574661599,S2-61503120,S2-779072102,S2-912921507,S2-927114208,S2-932536548,S2-970286960,S3-115021245,S3-116938921,S3-124470850,S3-141214788,S3-325438653,S3-385778980,S3-404424322,S3-583741822,S3-760058464,S3-798234739,S3-908532298,S3-908889377
S1-835414922	S2-202010466,S2-668712924,S2-669310622,S2-706435716,S2-746912360,S2-841227826,S2-9266856,S3-397980685,S3-435846912,S3-506517152,S3-571373451
S1-835726962	S2-209580382,S2-22077703,S2-269114153,S2-394554163,S2-406246640,S2-655067434,S2-657914911,S2-701008849,S2-702646757,S2-8120187,S2-891123807,S2-89428448,S2-92307614,S3-211797675,S3-228506082,S3-339293630,S3-381657722,S3-731963102,S3-797771608,S3-991055041
S1-835781160	S2-123229271,S2-13486232,S2-313122844,S2-385394917,S2-445999349,S2-47852107,S2-546822422,S2-711351794,S2-76951470,S2-779935441,S2-830864321,S3-212787819,S3-243044788,S3-256830021,S3-358860884,S3-701878287,S3-718330596,S3-731800718,S3-76863284,S3-782242574
S1-836117297	S2-125905754,S2-186234756,S2-259566795,S2-279110196,S2-350985725,S2-384219063,S2-421539403,S2-468075202,S2-544764777,S2-562575047,S2-593145404,S2-62312136,S2-839433246,S2-851344341,S2-861484497,S2-862545840,S3-160538597,S3-453239462,S3-511851829,S3-976277474
S1-836362209	S2-138478502,S2-209697134,S2-329879625,S2-557401026,S2-610799828,S2-740535841,S2-879372699,S2-992974200,S3-49146463,S3-535162486,S3-542161626,S3-599067375,S3-650252936,S3-65049879,S3-66516102,S3-695746838,S3-799703862
S1-836754541	S2-118711492,S2-145123713,S2-216036643,S2-224980295,S2-233479406,S2-246498070,S2-273140296,S2-328200950,S2-391886434,S2-409657574,S2-495384893,S2-716279640,S2-731682240,S2-931594628,S2-94341972,S2-989746951,S3-151511457,S3-313874788,S3-376732481,S3-773725716
S1-836934245	S2-128572011,S2-141031963,S2-175874676,S2-287412050,S2-360755582,S2-39143705,S2-474354542,S2-523026800,S2-64740154,S2-798931074,S2-822775198,S2-82665539,S2-92758088,S2-931856933,S2-963018914,S3-157929221,S3-479868640,S3-676931503,S3-719613425,S3-791322914
S1-837283446	S2-365689232,S2-369429897,S2-417464734,S2-48216878,S2-531557689,S2-560082255,S2-615690557,S2-678792037,S2-715903033,S2-76334505,S2-906609960,S3-191188895,S3-323641407,S3-334660600,S3-627805608,S3-74097841,S3-834430506,S3-878103824,S3-929919837,S3-995800263
S1-837632817	S2-143871008,S2-338394248,S2-349235278,S2-388929490,S2-417979028,S2-439883667,S2-517129252,S2-856008986,S2-887089510,S2-896383968,S2-92742130,S2-934637796,S2-9711166,S3-326153659,S3-446619537,S3-669224432,S3-701162397,S3-796522781,S3-808546100,S3-975592692
S1-838154023	S2-125314910,S2-145204119,S2-203158054,S2-218203548,S2-242367010,S2-294062437,S2-362262700,S2-398456093,S2-483326033,S2-505029475,S2-529429838,S2-564433190,S2-596878321,S2-646593051,S2-662221399,S2-777869205,S2-823401038,S2-848175214,S2-862775293,S3-607135608
S1-838607799	S2-183559327,S2-330334739,S2-379699620,S2-778485549,S2-813706781,S3-312610816,S3-333181005,S3-428515889,S3-673570959,S3-770141930,S3-897845855,S3-987879924
S1-839350606	S2-153018917,S2-173213236,S2-268045745,S2-389102399,S2-404576751,S2-49966674,S2-563924866,S2-688195509,S2-716350924,S2-807350147,S2-826176717,S2-869625216,S3-298996001,S3-44179996,S3-522089381,S3-613192964,S3-691657641,S3-767355230,S3-892240332,S3-973067713
S1-839671407	S2-104858458,S2-152210762,S2-209410163,S2-278869075,S2-281160595,S2-285200184,S2-333072293,S2-466142484,S2-544649705,S2-560222868,S2-560263186,S2-587483203,S2-629026038,S2-645775012,S2-6505501,S2-926938822,S3-114030210,S3-354686835,S3-629528228,S3-786679346
S1-841440118	S2-124004347,S2-141257840,S2-205505639,S2-210636419,S2-234537205,S2-240314871,S2-277586168,S2-344720223,S2-367097323,S2-479002090,S2-574532965,S2-720057792,S2-809206937,S2-882819261,S3-24127308,S3-418232358,S3-652795729,S3-691131144,S3-80026701,S3-818461519
S1-841785011	S2-122619152,S2-179625721,S2-233064044,S2-287818083,S2-344754892,S2-392624295,S2-464729868,S2-467873214,S2-475130031,S2-547199669,S2-549310568,S2-549623325,S2-723221488,S2-947795053,S2-955922218,S2-979085903,S3-140325232,S3-72011188,S3-842721183,S3-867824779
S1-841793191	S2-120502358,S2-12071350,S2-133379329,S2-209705511,S2-395545957,S2-493517181,S2-996541051,S3-118189874,S3-142382546,S3-264541837,S3-366456156,S3-396377663,S3-421177932,S3-532190278,S3-915851641,S3-969636116
S1-842162176	S2-106618464,S2-316997502,S2-433411617,S2-551363274,S3-301755019,S3-336989943,S3-970699570
S1-842203082	S2-16395748,S2-190429264,S2-405252307,S2-479613858,S2-553209769,S2-575690759,S2-650403233,S2-738629358,S2-939634448,S2-945707881,S2-968661299,S2-978003459,S3-142758963,S3-157915704,S3-426077127,S3-590780783,S3-627414374,S3-862506785,S3-930515438
S1-842221519	S2-143232725,S2-232945113,S2-25712642,S2-259747487,S2-265603128,S2-310653211,S2-369177020,S2-408136415,S2-523026800,S2-548400968,S2-565519778,S2-591364148,S2-699470406,S2-741767447,S2-811684306,S2-855613686,S2-891325970,S2-958748878,S3-658390292,S3-985025980
S1-842309524	S2-11389574,S2-184190407,S2-20047958,S2-270527204,S2-292440715,S2-395504295,S2-428176216,S2-479331549,S2-486149949,S2-652497457,S2-653808536,S2-710795247,S2-717103442,S2-760041943,S2-762842003,S2-808317602,S2-835605708,S2-888667254,S2-906504493,S2-927243116
S1-842555868	S2-124371166,S2-879958933,S2-955266688,S3-155700465,S3-392093010,S3-421061313,S3-456162390,S3-481510909,S3-560416735,S3-582950031,S3-643066739,S3-761695503,S3-795805750,S3-931222774
S1-842832100	S2-54719016,S2-957974810,S3-363737263,S3-848598029
S1-84312548	S2-127868772,S2-156568291,S2-353638583,S2-458119506,S2-493857192,S2-509179448,S3-136725765,S3-187891206,S3-29342970,S3-370492972,S3-424964392,S3-558120526,S3-759462555
S1-843934670	S2-123471876,S2-288135194,S2-424081386,S2-482529127,S2-646250793,S2-653563784,S2-672082301,S2-867358397,S2-888212008,S2-949640954,S2-984190509,S3-179949599,S3-311915876,S3-42755606,S3-494523969,S3-583342487,S3-622912642,S3-666819228,S3-819560818,S3-979530754
S1-844493139	S2-522005480,S2-756806035,S3-110908299,S3-158168355,S3-896629674
S1-845064593	S2-18877748,S2-289634981,S2-299178737,S2-346956814,S2-351237253,S2-383027424,S2-473425954,S2-561796765,S2-692297580,S2-884864726,S2-929309414,S2-941543174,S2-999958634,S3-260303322,S3-320670761,S3-725007397,S3-846735315,S3-848294964,S3-907938742,S3-981951400
S1-845600347	S3-453695742,S3-696526863
S1-845629831	S2-187576674,S2-541563858,S2-896104470,S2-9614134,S2-977876819,S3-276376723,S3-30581895,S3-531765513
S1-84565585	S2-154334183,S2-196635735,S2-196924112,S2-204301831,S2-217396768,S2-265441525,S2-393629406,S2-425405131,S2-451497098,S2-569860965,S2-685264609,S2-776754812,S2-816989315,S2-864873698,S2-877479417,S2-882819261,S2-900424122,S2-914761441,S2-931785818,S3-96023619
S1-845657600	S2-729437347,S3-301389993
S1-846018214	S2-126506454,S2-155681006,S2-256868825,S2-441422968,S2-497486406,S2-516946324,S2-525859393,S2-584306503,S2-610173207,S2-630771945,S2-674862293,S2-696635067,S2-814052487,S2-828872229,S2-874162453,S2-907307129,S2-956132872,S2-96362128,S3-520477604,S3-580191972
S1-846316828	S2-140276802,S2-180807877,S2-230535635,S2-238323284,S2-275274983,S2-386952398,S2-393523489,S2-42434437,S2-480146772,S2-590951786,S2-662975924,S2-683771462,S2-695688422,S2-822078965,S2-828177970,S2-868087865,S2-88437832,S2-92379793,S2-955915324,S3-609206571
S1-846926113	S2-163027345,S2-295108137,S2-318265855,S2-695127520,S2-759079441,S2-957687230,S2-958801513,S3-298625358,S3-319768280,S3-332917792,S3-429652204,S3-696686438,S3-760754793,S3-768781931,S3-881290434,S3-946006160,S3-955343285,S3-965047525
S1-847361092	S2-109938908,S2-198810446,S2-332376933,S2-36627842,S2-89404940,S3-391963647,S3-446143634,S3-468567171,S3-496116573,S3-530563469
S1-847543856	S2-154334183,S2-155585305,S2-209705511,S2-31736762,S2-528329037,S2-647596046,S2-708621837,S2-756851853,S2-796881715,S2-901013706,S3-159410704,S3-396377663,S3-665056700,S3-738492335,S3-794863121,S3-858147582,S3-891148454,S3-93547231,S3-942138899
S1-847867227	S2-106786082,S2-157972838,S2-207493658,S2-227083806,S2-237895533,S2-442131301,S2-468725618,S2-553332495,S2-588285167,S2-752363850,S2-806614534,S2-947481671,S3-192397879,S3-232261743,S3-511917869,S3-664903374,S3-762700794,S3-96822552,S3-994865743,S3-998252603
S1-847980158	S2-106020820,S2-265306168,S2-369752988,S2-56080852,S2-568898608,S2-583537485,S2-641217477,S2-653089369,S2-732475629,S2-759589362,S2-807248702,S2-815206256,S2-898411433,S2-901214734,S2-928614162,S2-93787448,S2-950767443,S3-186941254,S3-197091182
S1-848184817	S2-143792669,S2-317447167,S2-333785505,S2-351855738,S2-452610577,S2-463489454,S2-549252400,S2-567950393,S2-671649180,S2-685098733,S2-718501281,S2-734208003,S2-765273306,S2-808680445,S2-936599465,S3-342999845,S3-409457315,S3-65513256,S3-962374730,S3-98631656
S1-848781396	S2-127849472,S2-187829239,S2-192566893,S2-370127456,S2-407112133,S2-477171381,S2-546407954,S2-557520173,S2-566627479,S2-571998313,S2-600433503,S2-765929286,S2-771695132,S2-774316610,S2-782327615,S2-892866501,S2-956811797,S2-982544380,S3-557814181,S3-93292811
S1-848860965	S2-123810055,S2-157756352,S2-314925002,S2-453937598,S2-457327688,S2-558630771,S2-566638840,S2-573950787,S2-647257200,S2-699273779,S2-70493486,S2-792932898,S2-98256247,S3-532602229,S3-535029395,S3-592994680,S3-612813053,S3-80886760,S3-861968819,S3-922300461
S1-849099991	S2-886374899,S3-468119932,S3-631615708,S3-916586712
S1-849827839	S2-173342241,S2-18496240,S2-277904285,S2-292345315,S2-380352566,S2-396925921,S2-431375712,S2-433317994,S2-453661872,S2-460315391,S2-582640928,S2-686126703,S2-740823231,S2-789296428,S2-939878921,S2-992401374,S3-183670610,S3-374334931,S3-707619430,S3-852473970
S1-850133513	S2-180742299,S2-324888289,S2-352379983,S2-438561826,S2-763013267,S2-76387424,S2-797936784,S2-820698568,S2-852535806,S2-873810070,S2-937521092,S2-943482106,S3-398402237,S3-437400709,S3-487717164,S3-488548939,S3-522016351,S3-582817292,S3-612909364,S3-666788789
S1-851278455	S2-126506454,S2-155681006,S2-256868825,S2-269742241,S2-421975132,S2-441422968,S2-497486406,S2-525859393,S2-584306503,S2-610173207,S2-814052487,S2-874162453,S2-898880623,S2-907307129,S2-956132872,S3-12866150,S3-219436029,S3-231666544,S3-549878892,S3-917791889
S1-852356700	S2-246269528,S2-310750719,S2-322831392,S2-434329922,S2-569859500,S2-61550657,S2-632630131,S2-637058650,S2-774319356,S2-794457791,S2-799860844,S2-912341903,S2-942417082,S2-963602050,S2-976572610,S3-599035397,S3-702572404,S3-800837118,S3-83330045,S3-976057251
S1-852874333	S2-890055353,S3-386794876,S3-507291309,S3-551368221
S1-853152536	S2-142036823,S2-229481406,S2-232308906,S2-295732176,S2-436590103,S2-515431081,S2-585973304,S2-66135855,S2-763142748,S2-763453108,S2-783748032,S2-812902368,S2-957382659,S2-986247000,S3-534717086,S3-735894418,S3-736415855,S3-781942531,S3-791777877,S3-960849739
S1-853515754	S2-156124477,S2-190218868,S2-270402922,S2-448505485,S2-466310868,S2-507683651,S2-530231872,S2-667343420,S2-684576096,S2-717619821,S3-195862563,S3-422445986,S3-478124372,S3-614207427,S3-677313345,S3-71052267,S3-712441242,S3-892568761,S3-950661459,S3-973084915
S1-85353115	S2-118711492,S2-224980295,S2-225137710,S2-245024186,S2-284501015,S2-346922998,S2-391886434,S2-409657574,S2-458658981,S2-481254808,S2-548296657,S2-662947850,S2-731682240,S2-735983239,S2-76098565,S2-865745597,S2-991652243,S3-276475172,S3-762239245,S3-88142238
S1-853987230	S2-247241508,S2-463015864,S2-922858978,S3-44341243,S3-556833353
S1-854045135	S2-446418799,S2-662701902,S2-807971373,S2-984220343,S3-64703326
S1-854408525	S2-109359308,S2-235976983,S2-271182629,S2-319538868,S2-326828857,S2-441363454,S2-466366945,S2-470793015,S2-476817426,S2-587541845,S2-640099827,S2-724590666,S2-859735740,S2-934975361,S3-289858393,S3-484370309,S3-580704271,S3-775058013,S3-869449046,S3-91439691
S1-855108361	S2-110236539,S2-255974166,S2-386307519,S2-542224090,S2-603240769,S2-630772014,S2-632966763,S2-792133497,S2-858876941,S3-128868318,S3-196092403,S3-337037961,S3-558653761,S3-584611096,S3-642215451,S3-755310215,S3-760013898,S3-881433812,S3-931409164,S3-976662803
S1-855548269	S2-158398898,S2-530565956,S3-134879829,S3-496104192,S3-678646917,S3-890483759
S1-856268585	S2-162849450,S2-166385937,S2-17364326,S2-187600650,S2-225690672,S2-28920926,S2-312372957,S2-351025027,S2-42284542,S2-428985968,S2-540105563,S2-548049276,S2-680472081,S2-69512255,S2-787819112,S2-846938440,S2-992938078,S2-996064384,S3-302285112,S3-796763451
S1-856846321	S2-131323387,S2-209957919,S2-255449202,S2-518418463,S2-663700503,S2-678571939,S2-794764405,S2-842733615,S2-974914003,S3-186277922,S3-212737310,S3-21972836,S3-260777573,S3-294276801,S3-312450863,S3-70859920,S3-73314630,S3-751851051,S3-890188525,S3-93569200
S1-856918324	S2-109730183,S2-132490847,S2-185311829,S2-228446786,S2-239425365,S2-291488555,S2-311492520,S2-403252824,S2-588784793,S2-595957475,S2-606589402,S2-648055380,S2-743906548,S2-777938576,S2-811515562,S2-995066127,S3-227086715,S3-552119836,S3-593419985,S3-687357675
S1-856979015	S2-237800708,S2-652305288,S2-723785822,S3-619560508
S1-857304930	S2-10146154,S2-231930743,S2-266866988,S2-323004664,S2-42140633,S2-503603114,S2-555391694,S2-770450171,S2-846337604,S2-991258454,S3-101107498,S3-219365723,S3-520194459,S3-572744001,S3-624173696,S3-646017090,S3-74730971,S3-755653137,S3-777441725,S3-947862082
S1-857406413	S2-106803351,S2-14285358,S2-160530551,S2-292568914,S2-393808325,S2-435390800,S2-444794612,S2-526910948,S2-570280793,S2-598446797,S2-693256682,S2-809294162,S2-88404845,S2-906287502,S3-187000674,S3-387130498,S3-502628632,S3-552349188,S3-660941882,S3-891115849
S1-857978027	S2-340786070,S2-484452861,S2-561199640,S2-626012117,S2-716395915,S2-733596657,S2-77200062,S2-783938628,S3-144172689,S3-145785322,S3-186738947,S3-211729388,S3-225088377,S3-23349588,S3-385201591,S3-439891570,S3-464850587,S3-542465109,S3-77801354,S3-94471902
S1-858071696	S2-170548497,S2-175456325,S2-180292031,S2-211126789,S2-257460141,S2-287188667,S2-345313911,S2-362105495,S2-400214437,S2-410312937,S2-417959501,S2-427850625,S2-503956565,S2-515790546,S2-616375903,S2-620446219,S2-625682061,S2-681546007,S2-920403124,S2-995335581
S1-858209066	S2-204881361,S2-362374484,S2-366081375,S2-376179005,S2-489781846,S2-511625798,S2-589115109,S2-625322358,S2-630688873,S2-734527887,S2-771376791,S2-771937590,S2-782160235,S2-855633517,S2-933092030,S2-958352718,S3-113179773,S3-135549469,S3-61909066,S3-65069854
S1-858371458	S2-147060685,S2-332453876,S2-584056960,S2-589088428,S2-755334624,S2-825284038,S2-892166357,S2-94700727,S3-107202137,S3-148271772,S3-216530787,S3-271224888,S3-331155248,S3-532702862,S3-601110613,S3-642158704,S3-688309737,S3-7314436,S3-906235822,S3-915176001
S1-859296264	S2-26126776,S2-3072135,S2-322926562,S2-348173686,S2-473891030,S2-534972622,S2-544270204,S2-547284177,S2-569007716,S2-689834927,S2-698458738,S2-712343515,S2-720823918,S2-800749503,S2-804872908,S2-817100436,S2-940469449,S2-958597826,S2-973292523,S3-250778740
S1-85946335	S2-291619587,S2-594777938,S2-902416612,S3-165287090,S3-228391343,S3-404363631,S3-735418361
S1-859748408	S2-102616783,S2-346176476,S2-524131276,S2-597520081,S2-6153043,S2-668325566,S2-677486760,S2-745993033,S2-76349004,S2-769292880,S3-348984083,S3-357023967,S3-37951936,S3-421146566,S3-429776213,S3-545201381,S3-545898423,S3-609573696,S3-707034017,S3-94376790
S1-859895820	S2-16794837,S2-230507509,S2-242026104,S2-495320702,S2-620579656,S2-811218261,S2-887573205,S2-893538299,S3-18479117,S3-251347118,S3-326565403,S3-499797239,S3-708936223,S3-718565277,S3-848189945,S3-89802612,S3-920958543
S1-860009445	S2-105232728,S2-152160977,S2-245126142,S3-211418403,S3-389619308,S3-830712804,S3-909003149
S1-860195124	S2-222927283,S2-394870918,S3-114275714,S3-414184104,S3-415632750,S3-562115628
S1-860627555	S2-13801947,S2-190017328,S2-41429163,S2-441763392,S2-503777177,S2-581713664,S2-635085170,S2-776594671,S2-816556591,S2-81789993,S3-122697016,S3-125177076,S3-203319128,S3-32109315,S3-389658019,S3-441820525,S3-608025621,S3-738622371,S3-989094652,S3-99009198
S1-861088159	S2-144482508,S2-178828788,S2-228779604,S2-242705879,S2-254788701,S2-263273654,S2-423131785,S2-438753836,S2-453140787,S2-461563520,S2-527695405,S2-647511333,S2-764713035,S2-821362422,S2-822346901,S2-830415316,S3-234114420,S3-55422291,S3-919552212,S3-942893735
S1-861894197	S2-4827998,S2-488826892,S2-846447193,S3-218974630,S3-315886843,S3-742233237,S3-768327186
S1-862738942	S2-125256131,S2-129228958,S2-140550490,S2-154795306,S2-294419557,S2-305195258,S2-31193389,S2-381850998,S2-389715232,S2-395630550,S2-414623921,S2-42070634,S2-443885313,S2-502104859,S2-563863526,S2-71864258,S2-940852673,S2-981338857,S3-418599972,S3-454781025
S1-862979169	S2-126506454,S2-167206756,S2-256868825,S2-277562292,S2-311749563,S2-441422968,S2-525859393,S2-539010081,S2-584306503,S2-610173207,S2-674862293,S2-681575605,S2-72836343,S2-814052487,S2-874162453,S2-874619342,S2-891542544,S2-898880623,S2-937072190,S3-844606310
S1-863068210	S2-154748565,S2-156452752,S2-425513728,S2-453482489,S2-465311792,S2-589750339,S2-622481215,S2-628378031,S2-659020374,S2-67633039,S2-738996676,S2-776794265,S2-784715242,S2-845683674,S2-9456816,S2-957597561,S2-958187022,S3-108770646,S3-436791367,S3-981382053
S1-863544370	S2-151738644,S2-162120078,S2-256868825,S2-270971871,S2-425026378,S2-497486406,S2-525859393,S2-540637423,S2-545131272,S2-592491751,S2-641217477,S2-748955073,S2-757543295,S2-808575628,S2-814052487,S2-828872229,S2-874162453,S2-98950539,S3-104260598,S3-682995762
S1-863607664	S2-208005980,S2-224640613,S2-253264903,S2-521310455,S2-603052709,S2-617757493,S2-700471806,S2-707839334,S2-779365892,S2-829362187,S3-219528552,S3-331516997,S3-433937306,S3-440706961,S3-576319707,S3-702293240,S3-741827022,S3-941879724,S3-953398150
S1-863632131	S2-108023325,S2-115701281,S2-150943531,S2-183220795,S2-308141200,S2-41410662,S2-423030845,S2-462195721,S2-664875613,S2-739508322,S2-779235608,S2-878768582,S2-885821733,S2-918349153,S3-480950217,S3-604013469,S3-783618154,S3-819366527,S3-922467490,S3-983719850
S1-863711761	S2-153452187,S2-168987401,S2-23271240,S2-324771787,S2-384246000,S2-409816349,S2-410137278,S2-502497997,S2-529870840,S2-569477032,S2-704901158,S2-750784796,S2-832206194,S2-846003072,S2-863003170,S2-872912805,S2-879472043,S2-887129483,S3-442130599,S3-536671217
S1-863864786	S2-328679242,S2-359531064,S2-391073938,S2-507774654,S2-578129330,S2-582629579,S2-594446581,S2-814239836,S3-182782726,S3-302175203,S3-490766192,S3-583232720,S3-639229044,S3-692039251,S3-798099433,S3-833590990,S3-870803842,S3-932652185,S3-948193467,S3-992618032
S1-864299874	S2-145015769,S2-319885847,S2-455209026,S2-484452861,S2-552346104,S2-750915847,S2-782562162,S2-861522855,S2-866503046,S3-207092562,S3-234298264,S3-234826136,S3-504517532,S3-511589805,S3-556275976,S3-650342355,S3-67114987,S3-710165017,S3-743184476,S3-82502095
S1-86434458	S2-176968531,S2-199669656,S2-310613953,S2-38917398,S2-39079223,S2-39401964,S2-466578701,S2-509040201,S2-516249560,S2-535762772,S2-574914445,S2-619859806,S2-671212976,S2-716687956,S2-734993182,S2-92868774,S3-439300505,S3-538882911,S3-722880270,S3-885111183
S1-864663529	S2-234416401,S2-300483160,S2-308807638,S2-346463221,S2-362329289,S2-552502978,S2-680723758,S2-867359249,S2-873290607,S2-907307129,S2-933904668,S2-982202753,S3-189230086,S3-219371058,S3-258631653,S3-272856296,S3-377335510,S3-468616272,S3-717409784,S3-753182066
S1-864881422	S2-16260387,S2-166785498,S2-220373805,S2-277444929,S2-33500340,S2-434533092,S2-487780907,S2-497486406,S2-50021623,S2-522547872,S2-544679270,S2-608586686,S2-778554179,S2-93320035,S3-208530348,S3-244642011,S3-266947654,S3-577857740,S3-655041468
S1-865360894	S2-130176183,S2-15828501,S2-337462823,S2-340882825,S2-352561696,S2-363534521,S2-430254170,S2-605005949,S2-695769315,S2-774698384,S2-776356778,S2-779405377,S2-808728262,S2-837266835,S2-927370100,S2-954715854,S3-458079266,S3-492018551,S3-49289813,S3-698453982
S1-866119619	S2-215134403,S2-220405948,S2-235688781,S2-308072236,S2-330980029,S2-362776689,S2-378933482,S2-384330461,S2-486557449,S2-534004152,S2-562570003,S2-593443822,S2-613033114,S2-781790661,S2-864672539,S2-875242013,S2-877466542,S3-522343445,S3-863875361,S3-908984079
S1-866338090	S2-217933559,S2-370818838,S2-410086490,S2-452208391,S2-464907942,S2-492403815,S2-494193597,S2-626644898,S2-666612729,S2-70140928,S2-868915655,S2-883541371,S2-93542945,S2-956258284,S2-976260240,S3-240682363,S3-361073401,S3-647889260,S3-721586314,S3-970333662
S1-866756611	S2-223493773,S2-319553606,S2-385605379,S2-418698504,S2-518561014,S2-565095033,S2-595341773,S2-611496405,S2-612587983,S2-613639136,S2-67979835,S2-745026111,S2-928193497,S2-938059193,S3-106796824,S3-280164282,S3-518770446,S3-591170176,S3-935762964,S3-968261477
S1-867089961	S2-18849803,S2-92162900,S3-389316288
S1-867654782	S2-114081967,S2-228344851,S2-321877910,S2-408007392,S2-490320012,S2-524651056,S2-526910948,S2-5540165,S2-558810485,S2-561420173,S2-714505855,S2-728143975,S2-760074449,S2-763983898,S2-783860213,S2-813441894,S2-863698964,S2-873164426,S2-942903224,S3-126701483
S1-868211902	S2-504719756,S2-62440792
S1-868673735	S2-151829575,S2-173844313,S2-280035965,S2-286486265,S2-384829851,S2-40979861,S2-571714424,S2-618042532,S2-622653036,S2-694336347,S2-846348378,S2-856099714,S2-883129869,S3-133150181,S3-342076489,S3-610385177,S3-675754403,S3-734131307,S3-809160477,S3-9246347
S1-868693940	S2-119607177,S2-442463016,S2-493250458,S2-703872713,S2-736167731,S2-836563673,S2-956132872,S3-125606814,S3-211221239,S3-301500976,S3-390687123,S3-640207759,S3-683347366,S3-72776566,S3-885821457,S3-907940772,S3-947976230,S3-949828523,S3-964034784,S3-966308494
S1-8693133	S2-766864987,S2-828719129
S1-869479549	S2-204074527,S2-225963418,S2-242904936,S2-290851173,S2-294139997,S2-397789502,S2-443710695,S2-446880768,S2-537816737,S2-676573946,S2-687211858,S2-770049621,S2-943036438,S2-948658226,S2-971451533,S3-275986589,S3-445606212,S3-731972934,S3-881192154,S3-958824080
S1-869724422	S2-349006487,S2-4232996,S2-473608481,S2-725354097,S2-772408127,S3-258002315,S3-907896432
S1-870262797	S2-209477846,S2-29692158,S2-322836083,S2-381785440,S2-400132919,S2-49461175,S2-503644170,S2-681384833,S2-683539102,S2-736654053,S2-783242233,S2-846535978,S2-9255512,S2-97346546,S2-988228866,S3-350156276,S3-644928876,S3-762541067,S3-881212772,S3-978138482
S1-871411587	S2-184258903,S2-40599425,S2-433990933,S2-505529321,S2-540995912,S2-611439261,S2-704761911,S2-716788965,S3-203193589,S3-333034145,S3-362872196,S3-534187375,S3-957387015,S3-970360020
S1-871548502	S2-289962565,S2-310351685,S3-547527142,S3-574530385,S3-798406278,S3-865077468,S3-942729679
S1-871589180	S2-278064647,S2-370710856,S2-421077741,S2-449997657,S2-58634274,S2-81387615,S2-856900932,S2-931860867,S3-192961807,S3-450229934,S3-572037432,S3-637234772,S3-738744231,S3-866838080,S3-921070597
S1-872103418	S2-259250142,S2-998675278,S3-395726059
S1-872129164	S2-15280146,S2-157181662,S2-174747510,S2-308506922,S2-356835874,S2-391073938,S2-423099834,S2-624229274,S2-627966955,S2-635730595,S2-645541404,S2-686785465,S2-787566415,S2-789729286,S2-824783934,S2-85355042,S2-86130766,S2-894616416,S2-914335459,S3-804249534
S1-872395006	S2-33780492,S2-506113219,S2-610875537,S2-677829857,S2-748651337,S2-967628588,S3-580323698,S3-625303810,S3-778069899,S3-862136408,S3-97363833
S1-873155539	S2-222745864,S2-242552381,S2-369713330,S2-569585207,S2-658037794,S2-963945440,S3-120782572,S3-317766815,S3-423800625,S3-594156832,S3-642116907,S3-95654818
S1-873182988	S2-114634429,S2-20058819,S2-262944880,S2-287936924,S2-31983721,S2-39301649,S2-432499908,S2-951267309,S2-961184985,S2-963239240,S2-986670350,S3-116356423,S3-150421652,S3-437319899,S3-4887803,S3-495779924,S3-541783184,S3-606935369,S3-710280798,S3-743569160
S1-873257550	S2-152155683,S2-305464154,S2-365394641,S2-454272837,S2-628223973,S2-706422938,S2-771071345,S2-795089767,S2-801928641,S2-834393948,S2-890896148,S3-109404640,S3-183407421,S3-500707507,S3-538855372,S3-600424834,S3-608830758,S3-653610615,S3-723358649,S3-947572520
S1-873367814	S2-290605490,S2-59544689,S2-89917808,S3-124128429,S3-279452111,S3-362853940,S3-714704844,S3-842786386
S1-873719056	S2-354420465,S2-557057185,S2-565217049,S2-681275696,S2-748555126,S2-76289234,S2-991521451,S3-267671267,S3-388704705,S3-415794342,S3-434947003,S3-509965743,S3-51565771,S3-537225968,S3-761316074,S3-85457377
S1-873840201	S2-106174634,S2-121693888,S2-190309905,S2-277459108,S2-279795129,S2-30568957,S2-389684768,S2-438364881,S2-449617627,S2-492641049,S2-520919387,S2-645775012,S2-659583062,S2-661778463,S2-823869687,S2-866001141,S2-874488020,S2-949345693,S3-60617655,S3-845493653
S1-874208435	S2-19223158,S2-286649953,S2-300468525,S2-301611000,S2-319838485,S2-353799392,S2-359623170,S2-378961287,S2-412819373,S2-587997527,S3-135471904,S3-298649887,S3-598526078,S3-603320610,S3-622602692
S1-874853634	S2-560300733,S2-585943643,S3-591815022,S3-762505228,S3-804122043
S1-87505483	S2-187514897,S2-196618803,S2-200355682,S2-235155410,S2-25954937,S2-315812443,S2-337546861,S2-489103612,S2-552046394,S2-623476760,S2-62697433,S2-678818787,S2-718048184,S2-743482966,S2-856318585,S2-867204681,S3-649464323,S3-768240274,S3-7761858,S3-808402491
S1-875065629	S2-14267170,S2-345902420,S2-36961747,S2-662945835,S2-76561277,S3-402663680,S3-49935416,S3-633952645
S1-875388212	S2-150370226,S2-348144716,S2-435614075,S2-447541797,S2-447789125,S2-474277193,S2-512382393,S2-531826116,S2-613596024,S2-640420911,S2-759859828,S2-988366654,S3-272341976,S3-273986641,S3-28847280,S3-408212372,S3-490107025,S3-765985136,S3-770867853,S3-908166433
S1-876721526	S2-209004963,S2-239705221,S2-268538800,S2-282488575,S2-51424319,S2-535588891,S2-720829043,S2-732290285,S2-885938626,S2-998653916,S3-286801314,S3-519340510,S3-622057031,S3-656356159,S3-696047635,S3-782524278,S3-810864451,S3-860575559,S3-882422437,S3-955012708
S1-876833509	S2-121251263,S2-208151192,S2-228779604,S2-254788701,S2-263273654,S2-266340710,S2-322127049,S2-418380949,S2-438753836,S2-630651352,S2-822346901,S2-921137386,S3-344959823,S3-464076040,S3-505787747,S3-542980413,S3-57045093,S3-779912197,S3-781598146,S3-834606514
S1-876852196	S2-103307985,S2-195828714,S2-239459476,S2-250620988,S2-292840209,S2-348207857,S2-478598909,S2-626922752,S2-632953201,S2-678609308,S2-683176518,S2-828015776,S2-93943992,S3-115864586,S3-31386305,S3-358793228,S3-46441496,S3-811713783,S3-823501301,S3-928077113
S1-877256959	S2-160829169,S2-240517889,S2-337785276,S2-345057517,S2-492428267,S2-533093021,S2-543977399,S2-614935870,S2-721031885,S2-995372852,S2-996836467,S3-162499607,S3-380598948,S3-580417587,S3-605221708,S3-675400746,S3-705794759,S3-833392146,S3-841598930,S3-977837406
S1-87731691	S2-216916497,S2-322027588,S2-388976005,S2-409889357,S2-439584807,S2-44916392,S2-491504375,S2-585278719,S2-653622445,S2-714049601,S2-720992399,S2-837041501,S2-882188905,S2-887931841,S2-919466784,S2-938623294,S2-954822468,S2-980749350,S3-443872514,S3-817140914
S1-877683239	S2-313173977,S2-498911783,S2-518636747,S2-544993889,S2-57072054,S2-596850209,S2-618616165,S2-621901974,S2-647040826,S2-68447808,S2-825612275,S2-968454706,S3-226909713,S3-230645592,S3-243186999,S3-487399364,S3-521208960,S3-523960321,S3-714128519,S3-879396496
S1-87792957	S2-17452961,S2-226669097,S2-272161521,S2-421540927,S2-434166125,S2-508665532,S2-514823964,S2-635630938,S2-684014035,S2-870905437,S2-880534022,S2-898456684,S2-961599376,S3-168317787,S3-413940558,S3-638151193,S3-788453255,S3-819859511
S1-878039286	S2-145624152,S2-459357713,S2-631451351,S2-632493138,S2-748109693,S2-853755608,S2-86829209,S2-880342210,S2-934168973,S3-250980953,S3-476572535,S3-645492944,S3-710516125,S3-745510591,S3-811922278,S3-904825988,S3-984511204
S1-878433340	S2-146382194,S2-168932461,S2-187709322,S2-475217843,S2-476508846,S2-512572178,S2-538327530,S2-538410207,S2-618705058,S2-631693427,S2-643308876,S2-827530319,S2-873950084,S2-887639353,S2-950589172,S2-97744351,S3-168072227,S3-692814842,S3-717623518,S3-726148363
S1-880124588	S2-136302109,S2-148893012,S2-153993264,S2-374987669,S2-49706689,S2-536809900,S2-629879965,S2-688336889,S2-791305826,S2-945433513,S3-12200634,S3-40561724,S3-425762648,S3-428385768,S3-564379014,S3-828387375,S3-844884420
S1-880247669	S2-111529715,S2-120391369,S2-123459391,S2-136200009,S2-274323360,S2-324080228,S2-500096956,S2-523396073,S2-536777587,S2-590757045,S2-658868799,S2-665981472,S2-719884043,S2-727477424,S2-750070041,S2-752641121,S2-824243201,S3-255335990,S3-823060851,S3-946076869
S1-880593337	S2-232784264,S2-352427677,S2-504527920,S2-524078223,S2-54330610,S2-608886373,S2-621473436,S2-643708783,S2-651894655,S2-678788003,S2-711514278,S2-814955870,S2-872319713,S2-886359416,S2-95424985,S2-975896498,S2-978095463,S2-988241366,S3-2475335,S3-879780154
S1-880633622	S3-134823859,S3-387640303
S1-881565081	S2-271806538,S2-504785710
S1-882322331	S2-242386591,S2-25933575,S2-621473485,S2-638803013,S2-640493688,S2-688142618,S2-841137821,S2-981744957,S3-191877624,S3-234931047,S3-279521232,S3-522268074,S3-615929632,S3-679932289,S3-741321466,S3-833811615,S3-87941342,S3-892631109,S3-919985954,S3-990303879
S1-882985077	S2-136620539,S2-148707778,S2-150209906,S2-245479412,S2-247158574,S2-418022881,S2-420409886,S2-449660364,S2-472820763,S2-509791954,S2-522817566,S2-682145673,S2-754143427,S2-81308229,S2-849391832,S2-864031506,S2-975151372,S3-381155867,S3-584170524,S3-847783584
S1-883378373	S2-100251681,S2-206208754,S2-283433987,S2-308356127,S2-309436005,S2-399112375,S2-423616305,S2-46726961,S2-479186257,S2-544197083,S2-568999124,S2-582629579,S2-622240219,S2-654501694,S2-6607727,S2-755868171,S2-894152578,S2-956840745,S2-973870805,S3-371441579
S1-883417923	S2-167098669,S2-279110196,S2-366785932,S2-432218683,S2-447430948,S2-453909888,S2-507124232,S2-574605032,S2-668459160,S2-677457218,S2-706555639,S2-722247491,S2-787905052,S2-882019593,S2-931181851,S3-60177527,S3-655891225,S3-668531148
S1-883538348	S2-117041640,S2-209094926,S2-226517407,S2-249818014,S2-266906476,S2-303148353,S2-323197102,S2-612297917,S2-623705967,S2-66523922,S2-715851950,S2-784563143,S2-829070070,S2-868791074,S2-918415407,S2-938559567,S3-276083037,S3-768329123,S3-772859358,S3-961959294
S1-883749514	S2-139978777,S2-318105691,S2-328949966,S2-392587641,S2-410856515,S2-459899781,S2-47799063,S2-493606306,S2-540149861,S2-598351099,S2-623934062,S2-774278153,S2-803547259,S2-804948682,S2-812277024,S2-848687795,S3-182621535,S3-363598938,S3-583522735,S3-948719395
S1-883971140	S2-473358008,S2-769071332,S2-959049552,S2-960664291,S3-100980763,S3-190551910,S3-21862534,S3-222673668,S3-284494821,S3-413623444,S3-42593240,S3-650863623,S3-654955734,S3-735220757,S3-780213544,S3-780755998,S3-914055630,S3-965628222,S3-974937973
S1-884014325	S2-134760285,S2-242594492,S2-279990014,S2-280914970,S2-380530039,S2-447804682,S2-489004332,S2-591951000,S2-696285971,S2-738773988,S2-761951846,S2-918285488,S2-938399615,S3-157327392,S3-191296381,S3-346379544,S3-49873062,S3-929238256,S3-935996909,S3-942816768
S1-884262731	S2-146740598,S2-292518868,S2-326066718,S2-332307399,S2-367210328,S2-375479293,S2-382172372,S2-402804051,S2-463306239,S2-523953646,S2-606468092,S2-61238145,S2-622032285,S2-750823557,S2-832394061,S2-905934190,S3-166898184
S1-884281118	S2-109325381,S2-120629003,S2-200614839,S2-224202669,S2-232591268,S2-285580099,S2-300666855,S2-415661800,S2-478822139,S2-532227689,S2-538995860,S2-731368331,S2-733044257,S2-955730734,S3-151334843,S3-217991084,S3-2374367,S3-274999656,S3-463537623,S3-860965158
S1-884354532	S2-30399617,S2-63765527,S3-25159113,S3-251759989,S3-270024844,S3-369340388
S1-885181250	S2-905133363,S3-400894272
S1-885416410	S2-131973904,S2-145131937,S2-278084339,S2-735994083,S2-91238799,S3-108414209,S3-125400582,S3-202874732,S3-363268236,S3-438462168,S3-578554868,S3-657318911,S3-668279334
S1-886070975	S2-133557830,S2-140063041,S2-220997153,S2-300072820,S2-374471531,S2-455622231,S2-478056427,S2-649001216,S2-824557716,S2-919474061,S2-923890535,S3-190902921,S3-365049040,S3-451300179,S3-574687912,S3-595976571,S3-7266696,S3-845201224,S3-968977779
S1-886788506	S2-117754693,S2-141712711,S2-148289960,S2-256006225,S2-273206686,S2-299640307,S2-312805338,S2-31971701,S2-386965330,S2-38839585,S2-488848012,S2-58455317,S2-735364622,S2-759276630,S2-832575187,S2-872738270,S2-886131666,S2-976646126,S3-380461590,S3-409218182
S1-887166374	S2-348144716,S2-435614075,S2-436783714,S2-447789125,S2-471713609,S2-474277193,S2-512382393,S2-531826116,S2-569860965,S2-613596024,S2-640420911,S2-759859828,S2-892880098,S2-988366654,S3-28847280,S3-408212372,S3-476771290,S3-490107025,S3-58413809,S3-770867853
S1-887543468	S2-129877585,S2-138565051,S2-304467234,S2-358936182,S2-3987022,S2-435735384,S2-620777649,S2-825027996,S3-556137607,S3-626031387,S3-893274945,S3-897505664,S3-906367117,S3-911623601
S1-887807558	S2-304786289,S2-41573205,S3-26693728,S3-304451672,S3-435752942,S3-561025833,S3-587132808,S3-626274977
S1-888450600	S2-106176718,S2-207283571,S2-439191639,S2-557987308,S2-676197920,S2-677429917,S2-889901618,S2-946647258,S3-210668707,S3-28929972,S3-345586947,S3-451376756,S3-516630795,S3-52255518,S3-615279772,S3-678298882,S3-683119137,S3-933285939,S3-952993566,S3-953077729
S1-888927670	S2-122619875,S2-140308377,S2-172564404,S2-232805709,S2-237625978,S2-256286125,S2-300559990,S2-364205413,S2-403690058,S2-590829133,S2-673151003,S2-729569180,S2-786137662,S2-854459566,S2-91953344,S3-158589083,S3-228372007,S3-405863038,S3-720844997,S3-800475586
S1-889030407	S2-141144307,S2-170751383,S2-174562909,S2-284501015,S2-292940119,S2-354344947,S2-424415993,S2-42448804,S2-48445340,S2-566672905,S2-640788664,S2-841768388,S2-915278284,S3-132650778,S3-248745848,S3-352623567,S3-39737635,S3-625023409,S3-721462461,S3-992228512
S1-889086746	S2-112834662,S2-166470814,S2-220720253,S2-229886583,S2-239391031,S2-476753105,S2-489827398,S2-544859418,S2-572367141,S2-680125018,S2-717160791,S2-756302651,S2-76206961,S2-846497405,S2-866481396,S2-872022787,S2-902843744,S2-97937368,S3-5969497,S3-711773309
S1-889511441	S2-333715815,S2-474986829,S2-511555488,S2-585471449,S2-786336476,S2-807088504,S2-879724650,S2-914877951,S3-140010063,S3-739717776,S3-820014909,S3-957870728
S1-889895851	S2-292518868,S2-326066718,S2-332307399,S2-367210328,S2-375479293,S2-382172372,S2-402804051,S2-463306239,S2-468700275,S2-523953646,S2-606468092,S2-61238145,S2-622032285,S2-750823557,S2-832394061,S2-864987380,S2-905934190,S2-995499973,S3-830188143,S3-836664085
S1-890244774	S2-379349723,S2-396719267,S2-444238695,S2-638223002,S2-906311698,S2-944108395,S3-198522612,S3-433955969,S3-583532509,S3-672305699,S3-802322818,S3-842131954,S3-854429557
S1-890355530	S2-117970083,S2-118779334,S2-142576240,S2-238387435,S2-246534162,S2-332010781,S2-349321874,S2-540535951,S2-565255880,S2-701881106,S2-888362861,S2-913080593,S3-126394672,S3-17751808,S3-203065440,S3-237200528,S3-328425476,S3-38340112,S3-748149872,S3-782215702
S1-890390105	S2-215134403,S2-25958152,S2-302713546,S2-308072236,S2-362776689,S2-367290621,S2-384330461,S2-403422246,S2-407432333,S2-486557449,S2-534004152,S2-593443822,S2-613033114,S2-781790661,S2-79818405,S2-804822084,S2-864672539,S2-875242013,S3-519309874,S3-884577830
S1-890544590	S2-308698299,S2-380913126,S2-409709030,S2-454432519,S2-71527996,S2-746241808,S3-169893931,S3-254707868,S3-425985431,S3-486025577,S3-73214997
S1-891470218	S2-199258806,S2-218573085,S2-265910566,S2-311879305,S2-339680178,S2-356552545,S2-383115169,S2-402548315,S2-588828600,S2-659496238,S2-683588684,S2-756529284,S2-785171733,S2-820471246,S2-88404845,S2-911154739,S2-986189127,S3-156720953,S3-263787440,S3-472320156
S1-892094093	S2-174011725,S2-200614839,S2-224911581,S2-310060823,S2-319748909,S2-378820746,S2-414238106,S2-662080730,S2-719166778,S2-824474937,S2-835201023,S2-856123835,S2-870769857,S2-918217884,S2-91908767,S2-935206742,S2-976390618,S2-982675930,S3-745759613,S3-922701698
S1-892131616	S2-332135845,S2-528429000,S2-810623833,S2-909747334,S3-236940480,S3-511833933,S3-886146530,S3-926915543
S1-892201390	S2-255398746,S2-322405336,S2-38917398,S2-39079223,S2-596844693,S2-616467580,S2-772815132,S2-835342793,S2-874354006,S2-921770935,S3-190552395,S3-333016762,S3-418200429,S3-471457355,S3-56751236,S3-656634568,S3-658772924,S3-718557409,S3-975618319,S3-99791154
S1-892519182	S2-110239007,S2-134175529,S2-184654292,S2-190103839,S2-332878343,S2-426046760,S2-557634773,S2-585050764,S2-596878321,S2-633236997,S2-797329396,S2-903878991,S3-294657906,S3-592773736,S3-594074164,S3-632333652,S3-65130305,S3-690816947,S3-877328434,S3-948958387
S1-892997335	S2-183017595,S2-202057528,S2-253411332,S2-27503468,S2-320014524,S2-445516112,S2-448750058,S2-511555488,S2-568911849,S2-669959419,S2-694228270,S2-725961273,S2-797151396,S2-846177141,S2-891913453,S2-897761400,S3-193146317,S3-479236077,S3-523300229,S3-740485081
S1-893215245	S2-111262131,S2-126506454,S2-164039123,S2-227373867,S2-256868825,S2-398233235,S2-409546504,S2-528538375,S2-530423725,S2-584306503,S2-674862293,S2-799871551,S2-828872229,S2-838493982,S2-877168934,S2-898880623,S2-937072190,S2-974796269,S2-984037845,S3-388294428
S1-893529199	S2-13001610,S2-141696937,S2-328945826,S2-395271825,S2-513175014,S2-552346104,S2-570348003,S2-602894599,S2-627030102,S2-685736188,S2-704462219,S2-896333157,S2-900867934,S3-286072338,S3-31130599,S3-311994751,S3-501714815,S3-71271526,S3-878242142,S3-909542482
S1-894234190	S2-118267125,S2-292954234,S2-35264918,S2-362602827,S2-711690058,S2-791192266,S2-864600696,S2-948854747,S3-194354639,S3-32613925,S3-46672214,S3-484930031,S3-554702732,S3-608082081,S3-635196196,S3-662065450,S3-662100607,S3-718613637,S3-926169881,S3-974097565
S1-894558409	S2-110271666,S2-112705194,S2-148009890,S2-213813126,S2-218333893,S2-267164913,S2-334666540,S2-356631872,S2-35992908,S2-477841083,S2-556803824,S2-598565770,S2-824958414,S2-915703826,S2-949609589,S3-118865790,S3-146113234,S3-684413246,S3-914632080,S3-976316604
S1-894831346	S2-154334183,S2-155585305,S2-189819030,S2-436957875,S2-493998976,S2-528329037,S2-645587262,S2-853690217,S2-856365569,S3-302549965,S3-388677797,S3-450388980,S3-579706644,S3-665056700,S3-679345838,S3-702775694,S3-752009599,S3-902173888
S1-894992647	S2-405278908,S2-457178834,S2-522067922,S2-601004005,S2-684030010,S2-702918419,S2-761176422,S2-9644763,S3-152282960,S3-18108561,S3-201479203,S3-413201188,S3-500810582,S3-504675118,S3-637319030,S3-682634044,S3-833590990,S3-900166258,S3-932652185,S3-948193467
S1-89514499	S2-465858058,S2-625227683,S2-70950205,S2-852622380,S2-867318084,S3-216723993,S3-917786870,S3-973332663
S1-895229187	S2-160292017,S2-388384683,S2-413012135,S2-459611127,S2-658424943,S2-702646757,S2-804869547,S2-820410002,S2-827345339,S2-884608707,S2-901390153,S2-925829578,S3-131640589,S3-159774230,S3-440699532,S3-46953095,S3-635420112,S3-937754202,S3-965519036,S3-987793237
S1-895591199	S2-145223494,S2-274979109,S2-302653542,S2-318330893,S2-536842332,S2-59324516,S2-603492038,S2-692389457,S2-717390739,S2-780949838,S2-904046859,S3-173598665,S3-447534929,S3-636311849,S3-639340269,S3-704692350,S3-752891442,S3-793919975,S3-941032241,S3-989357652
S1-896388751	S3-173598665,S3-513317836,S3-535031259,S3-825969508,S3-856009768,S3-890525253,S3-946016154
S1-896491553	S2-231563539,S2-332501120,S2-402495223,S2-531852305,S2-549416792,S2-766349006,S2-80880022,S2-816321644,S2-916786545,S3-192397879,S3-424531526,S3-49780589,S3-626915897,S3-79607231,S3-887256145,S3-944187096,S3-957158278
S1-896655507	S2-111825499,S2-128980300,S2-206927482,S2-20804195,S2-369253736,S2-500943015,S2-558813269,S2-785013585,S2-830050705,S2-832062769,S2-917833380,S2-937327246,S2-989970213,S3-15421424,S3-190227356,S3-201843811,S3-247281785,S3-451905406,S3-786229324,S3-880229345
S1-896866107	S2-183428682,S2-183491219,S2-249358866,S2-358740872,S2-569731601,S2-693942357,S2-771337374,S2-777085588,S2-897571622,S2-916462731,S2-951418129,S2-981744957,S3-134665094,S3-262348460,S3-477517043,S3-667342046,S3-684688527,S3-687948594,S3-931705895
S1-897127966	S2-145269216,S2-5472272,S2-805789676,S3-513781269,S3-880768734
S1-898527735	S2-112345378,S2-223117200,S2-26324258,S2-304155364,S2-349434752,S2-354230116,S2-629185876,S2-632659490,S2-696956235,S2-802198494,S2-823869687,S3-150799188,S3-256340029,S3-550811701,S3-747828951,S3-806210077,S3-859666578,S3-886031599,S3-894926849,S3-920671048
S1-899510388	S2-145275705,S2-164832868,S2-255078207,S2-283735766,S2-366888109,S2-379300869,S2-556499335,S2-608447496,S2-620469360,S2-7331264,S2-807474854,S2-844267085,S2-864158214,S2-902693716,S2-920514093,S3-14089352,S3-142314771,S3-757085262,S3-828072436,S3-837661323
S1-899599402	S2-262434681,S2-273046367,S2-275543924,S2-313683080,S2-347051370,S2-356135491,S2-370853771,S2-564306170,S2-617160508,S2-831630593,S3-189746730,S3-193418231,S3-246635042,S3-320929683,S3-382469487,S3-57437038,S3-632012482,S3-683990795,S3-798117759,S3-972339598
S1-90068763	S2-156997090,S2-17298657,S2-198938800,S2-261634240,S2-273140296,S2-352057931,S2-444233011,S2-535260713,S2-536900454,S2-570539664,S2-57303947,S2-673711388,S2-686425569,S2-743418970,S2-752790430,S2-873059596,S2-928052985,S2-958304412,S2-99655312,S3-744621250
S1-901036349	S2-115314774,S2-136673444,S2-150527757,S2-359820757,S2-430894860,S2-528143818,S2-575303783,S2-585835879,S2-644264374,S2-68483150,S2-770576876,S2-795809304,S2-803487149,S2-853275037,S2-860663461,S2-900515245,S2-908719488,S2-92469603,S2-953589233,S2-987474411
S1-901177610	S2-142609972,S2-177812522,S2-229017655,S2-262423639,S2-316856729,S2-35427816,S2-364709779,S2-458450467,S2-468391282,S2-502485918,S2-504734797,S2-576831490,S2-602117787,S2-65027320,S2-714078030,S2-91821920,S2-941207751,S2-999793401,S3-194797485,S3-593594840
S1-902089992	S2-118742548,S2-721910870,S2-759032530,S2-993600733,S3-362384814,S3-637387221
S1-902261787	S2-122343350,S3-275463429,S3-576819474,S3-670264517
S1-902628168	S2-17360295,S2-230507509,S2-362926117,S2-375660584,S2-791911878,S2-801456307,S2-828719129,S2-879099366,S2-977484225,S3-251245061,S3-3952333,S3-502821707,S3-553144510,S3-78034121,S3-862920893,S3-920958543
S1-902641233	S2-160673827,S2-205473285,S2-225041234,S2-380305242,S2-443852958,S2-582359074,S2-63478617,S2-70247599,S2-758582882,S3-122238700,S3-133877792,S3-226330260,S3-358152160,S3-571696532,S3-717703242,S3-885360896
S1-902692676	S2-118218012,S2-364223322,S2-414012166,S2-430613674,S2-466784352,S2-512143416,S2-668268353,S2-687768886,S2-750126067,S2-912903415,S2-934830908,S3-319160511,S3-466780241,S3-577708427,S3-714706429,S3-797396722,S3-806890004,S3-85882868,S3-890526960,S3-999921187
S1-903210378	S2-25461496,S2-264507092,S2-281557469,S2-300341241,S2-317006997,S2-366999342,S2-468234939,S2-475524221,S2-691883672,S2-744713515,S2-813772980,S2-890647761,S2-94435824,S3-117208642,S3-181296688,S3-44096003,S3-521932999,S3-777693225,S3-950108124,S3-952329417
S1-903807874	S2-108078608,S2-163154627,S2-294905029,S2-348850432,S2-358321094,S2-524983476,S2-537970504,S2-653796182,S2-731405442,S2-742235388,S2-795622546,S2-819773201,S2-907237230,S2-923017996,S2-996142791,S3-561240215,S3-591832122,S3-643817246,S3-673434348,S3-809454180
S1-903856239	S2-110610062,S2-189819030,S2-21122143,S2-251621282,S2-418303802,S2-437548135,S2-566376756,S2-596872719,S2-618606811,S2-910146414,S2-987563533,S3-10715898,S3-15601629,S3-177959110,S3-432790523,S3-579339327,S3-65143744,S3-694088187,S3-697226831,S3-744721607
S1-903871448	S2-125403632,S2-204430821,S2-205961588,S2-290757595,S2-326984990,S2-340030159,S2-53686206,S2-618664963,S2-645297145,S2-669638748,S2-826291310,S2-829566265,S2-896149884,S3-25076684,S3-255208321,S3-272021985,S3-346999611,S3-372948438,S3-515386878,S3-926168792
S1-903997315	S2-114113860,S2-176453879,S2-192835725,S2-371200780,S2-397323637,S2-472527104,S2-537019930,S2-540656284,S2-623517407,S2-664863402,S2-67201778,S2-795319261,S2-877479417,S2-880342210,S3-122937195,S3-25663992,S3-414289366,S3-434035253,S3-678683280,S3-685153893
S1-903998365	S2-143614907,S2-148416682,S2-168713574,S2-220948169,S2-224869315,S2-26234256,S2-392482719,S2-517757570,S2-533183444,S2-551353044,S2-593591639,S2-694627142,S2-790790300,S2-820079347,S2-872042738,S2-921586557,S2-924946907,S2-975334742,S3-106193820,S3-81686445
S1-904519099	S2-171100423,S2-274546833,S2-351547499,S2-421078322,S2-467121958,S2-557236326,S2-560657608,S2-635148681,S2-648317392,S2-699380075,S2-702862423,S2-717368863,S2-727344061,S2-741298163,S2-84805581,S2-863652256,S2-914673196,S2-929443380,S3-745942608,S3-857606945
S1-904523046	S2-139023884,S2-148837223,S2-160292017,S2-413012135,S2-459611127,S2-580756917,S2-702646757,S2-75528922,S2-804869547,S2-820410002,S2-827345339,S2-836563673,S2-884608707,S2-901390153,S2-922081332,S2-925829578,S3-131640589,S3-624105877,S3-635420112,S3-987793237
S1-904710639	S2-141268529,S2-210717517,S2-451473736,S2-472530538,S2-654784858,S2-677289558,S2-780123305,S2-87200954,S2-929993769,S2-934922347,S3-133569825,S3-239367161,S3-268996648,S3-277423664,S3-316927744,S3-570316184,S3-740524384,S3-787963116,S3-922971635,S3-949536323
S1-904973716	S2-197253494,S2-234324989,S2-303003106,S2-362878273,S2-569491553,S2-635332068,S2-679489500,S2-689652314,S2-690367648,S2-700966121,S2-779235608,S2-831561128,S2-832052225,S3-21535295,S3-296133943,S3-433106934,S3-534669312,S3-558238099,S3-641645801,S3-873275415
S1-905376784	S2-151738644,S2-15401346,S2-162120078,S2-170428654,S2-187987120,S2-425026378,S2-456040057,S2-545131272,S2-592491751,S2-641217477,S2-748955073,S2-757197434,S2-757543295,S2-808575628,S2-98074671,S2-98950539,S3-104260598,S3-198597231,S3-311947283,S3-682995762
S1-905450481	S2-121647868,S2-129437880,S2-251149385,S2-267771398,S2-337809252,S2-40639131,S2-416955900,S2-432176503,S2-508778217,S2-513106959,S2-594205210,S2-604439887,S2-682144149,S2-779072102,S2-829691545,S2-87870694,S2-899538024,S3-393664161,S3-572171262,S3-64875248
S1-905779419	S2-724654528,S2-766550527,S2-768503978,S3-137949314,S3-172571792,S3-482169634,S3-487375803,S3-655864197,S3-723839954,S3-728454721,S3-732755575,S3-838698635
S1-906673298	S2-164661963,S2-175400854,S2-202135780,S2-295065312,S2-424217640,S2-448548244,S2-53765561,S2-613886186,S2-6662958,S2-755113932,S2-846497405,S2-859192618,S2-881527734,S2-912812990,S2-956530627,S2-992672259,S2-997408631,S3-478576992,S3-752400503,S3-981728418
S1-907327649	S2-204074527,S2-225963418,S2-242904936,S2-290851173,S2-294139997,S2-397789502,S2-443710695,S2-537816737,S2-687211858,S2-746195898,S2-770049621,S2-943036438,S2-948658226,S2-976736766,S3-198521843,S3-266964700,S3-311989137,S3-689616908,S3-856224773,S3-943419717
S1-907504202	S2-144747555,S2-180193098,S2-353872072,S2-439243470,S2-456418587,S2-464841643,S2-656428044,S2-970967406,S2-983634779,S3-108842972,S3-122258916,S3-135533426,S3-40953461,S3-576127853,S3-708531747,S3-729826894,S3-777984330,S3-809075013,S3-828574106,S3-991097723
S1-907811115	S2-151738644,S2-15401346,S2-162120078,S2-187987120,S2-270971871,S2-425026378,S2-456040057,S2-545131272,S2-592491751,S2-641217477,S2-748955073,S2-757197434,S2-757543295,S2-808575628,S2-842951530,S2-98074671,S2-98950539,S3-104260598,S3-557415172,S3-682995762
S1-908179603	S2-102766265,S2-17650283,S2-248809787,S2-39203161,S2-447184615,S2-522516645,S2-55421595,S2-63650529,S2-663227434,S2-699733797,S2-71010326,S2-864600696,S3-230524638,S3-484547556,S3-495204702,S3-619115665,S3-62564466,S3-794191691,S3-891102731,S3-966663160
S1-908293723	S2-16448923,S2-225767594,S2-228935319,S2-233076425,S2-28123618,S2-33983035,S2-343368727,S2-435578215,S2-554361670,S2-592551313,S2-772290262,S2-807168884,S2-841559580,S2-86506536,S2-867382421,S2-878019030,S2-931381813,S3-549697222,S3-687341250,S3-761169612
S1-908318569	S2-154366792,S2-2971098,S2-40380728,S2-537781017,S2-552033015,S2-566062581,S2-588551697,S2-754878127,S2-771969646,S2-774600043,S2-861431078,S2-953596919,S2-989114237,S2-995629704,S3-121584282,S3-174613027,S3-191138147,S3-681889559,S3-844456367,S3-896660563
S1-908516661	S2-176871458,S2-221739123,S2-243092207,S2-334286361,S2-450847341,S2-569515778,S2-598903790,S2-626907968,S2-634770470,S2-658980407,S2-661030345,S2-680916137,S2-690532976,S2-721443742,S2-865032619,S2-917950737,S2-947318362,S3-264888249,S3-430583489,S3-511786699
S1-908984328	S2-118594158,S2-127761388,S2-162921291,S2-203563265,S2-219205505,S2-283816870,S2-363779880,S2-369611703,S2-484903051,S2-514160870,S2-527936172,S2-635228641,S2-670098295,S2-69852428,S2-879724650,S2-995438812,S3-148626688,S3-301606287,S3-934914441,S3-940648874
S1-908992829	S2-124004347,S2-141257840,S2-145988185,S2-205505639,S2-234537205,S2-240314871,S2-277586168,S2-367097323,S2-422958468,S2-574532965,S2-579726475,S2-720057792,S2-809206937,S2-882819261,S3-24127308,S3-418232358,S3-592486131,S3-652795729,S3-818461519,S3-890850371
S1-909982144	S2-104656751,S2-255398746,S2-448894146,S2-596844693,S2-750055703,S2-772815132,S2-835342793,S2-896303589,S2-897895929,S2-921770935,S3-101838528,S3-190552395,S3-264030705,S3-332466229,S3-535285911,S3-56751236,S3-656634568,S3-658772924,S3-704739928,S3-8940328
S1-910001336	S2-13922370,S2-149356677,S2-193881670,S2-471654158,S2-528385753,S2-745059840,S2-794926277,S2-846497544,S3-225831057,S3-294790055,S3-541457644,S3-552764944,S3-613730352,S3-674106540,S3-725360747,S3-79072755
S1-910575035	S2-183541777,S2-369125410,S2-520123242,S2-679933262,S2-828180098,S2-932902354,S3-134684974,S3-229083739,S3-299417972,S3-444826017,S3-645440705,S3-751077136,S3-919488691
S1-91088375	S2-166986252,S2-193586650,S2-197253494,S2-360730261,S2-374809649,S2-488793642,S2-504742145,S2-507893428,S2-630232878,S2-762933104,S2-77458410,S2-774691720,S2-831561128,S2-846842010,S2-861275839,S3-258754808,S3-283497338,S3-339906712,S3-670677682,S3-790272203
S1-911061497	S2-110016215,S2-161213241,S2-240326327,S2-392939742,S2-46287253,S2-648400295,S2-651263423,S2-667626322,S2-732212853,S2-736612514,S2-89697270,S2-963079097,S3-206893354,S3-299980185,S3-369262987,S3-419078273,S3-469046465,S3-548862440,S3-554235374,S3-786229324
S1-911582079	S2-219841276,S2-315796950,S2-386975047,S2-464011982,S2-521236245,S2-568999124,S2-762501791,S2-847749795,S2-872581562,S2-883245815,S2-938075102,S2-972170763,S3-172590375,S3-672159084,S3-689455361,S3-706737550,S3-839789317,S3-855379918,S3-949835378,S3-97336325
S1-911972156	S2-134356459,S2-136277018,S2-273593611,S2-365723867,S2-420044895,S2-44512001,S2-561054530,S2-565356447,S2-568823439,S2-7958540,S2-843979127,S3-156762256,S3-187007619,S3-201483735,S3-266033212,S3-625208309,S3-706511446,S3-840974358,S3-90705914,S3-930166183
S1-912104807	S2-101765675,S2-145059268,S2-298081498,S2-439753164,S2-657108385,S2-803294359,S2-833059885,S2-864096277,S2-888934335,S2-94416201,S3-113218554,S3-329776460,S3-45323358,S3-521265889,S3-546615245,S3-561416904,S3-738684099,S3-855291047,S3-931954535,S3-969629145
S1-912495115	S2-223493773,S2-319553606,S2-385605379,S2-411547279,S2-418698504,S2-518561014,S2-565095033,S2-595341773,S2-612587983,S2-613639136,S2-67979835,S2-71070296,S2-745026111,S2-81518288,S2-928193497,S2-938059193,S2-978286724,S3-243660316,S3-64096628,S3-764477720
S1-913260611	S2-13210822,S2-278716260,S2-378055021,S2-408281060,S2-427506185,S2-45299437,S2-489324050,S2-493095964,S2-49312012,S2-581545150,S2-604984256,S2-686959974,S2-691463903,S2-793729084,S2-837652258,S2-87368634,S2-927572293,S2-980968650,S3-541527578,S3-819846201
S1-913304074	S2-164758226,S2-258730821,S2-294753168,S2-377433131,S2-411500333,S2-44909703,S2-482738795,S2-502689864,S2-507673988,S2-604653513,S2-621505462,S2-663326498,S2-709026541,S2-726621584,S2-776181293,S2-786160808,S2-81084526,S2-891547877,S2-894546932,S3-725798660
S1-91344397	S2-122579270,S2-163560484,S2-236101639,S2-252490759,S2-311071517,S2-474739920,S2-490465808,S2-594847236,S2-643239949,S2-826554006,S2-878446425,S3-252636277,S3-48073090,S3-587252284,S3-678086036,S3-851450489,S3-857339075,S3-88566276,S3-893127329
S1-913464096	S2-117511591,S2-163744124,S2-203017115,S2-632533418,S2-733820795,S2-819387680,S3-15828711,S3-223391424,S3-363017853,S3-389521943,S3-679402596,S3-753304246
S1-913695517	S2-150153842,S2-153258175,S2-212149820,S2-232219224,S2-311868409,S2-383822500,S2-384219063,S2-415352349,S2-420967895,S2-517503876,S2-52579303,S2-587775967,S2-595963334,S2-63801241,S2-678108659,S2-706168001,S2-831117180,S2-835256551,S2-879019234,S3-70663165
S1-91390164	S2-259053443,S2-26081285,S2-333785505,S2-413822422,S2-438486989,S2-498390029,S2-545050755,S2-646080124,S2-74002177,S2-747466359,S2-759079441,S2-780354672,S2-78769581,S2-885558493,S2-908249006,S3-32363117,S3-459474099,S3-576383180,S3-831310902,S3-906411275
S1-914470113	S2-2035276,S2-328680381,S2-359437116,S2-378011585,S2-439161022,S2-505311451,S2-564238568,S2-579568693,S2-658347451,S2-682295338,S2-872303457,S2-906921519,S3-219132159,S3-289642997,S3-325791419,S3-351428602,S3-519434928,S3-672692114,S3-682278061,S3-77569017
S1-914690555	S2-127230271,S2-198776059,S2-213843009,S2-21983511,S2-369159065,S2-456559794,S2-499250466,S2-510553616,S2-510564939,S2-592836534,S2-593263416,S2-700580113,S2-911946852,S3-235801349,S3-300104137,S3-372760292,S3-378781376,S3-576153306,S3-884233244,S3-903271443
S1-914830699	S2-292018051,S2-348144716,S2-435614075,S2-447789125,S2-471713609,S2-474277193,S2-512382393,S2-531826116,S2-538857955,S2-611641929,S2-613596024,S2-640420911,S2-759859828,S2-988366654,S3-238021735,S3-28847280,S3-408212372,S3-490107025,S3-770867853,S3-815346331
S1-91483299	S2-201170186,S2-369414870,S2-437345445,S2-768958764,S3-287551957,S3-393836488,S3-450677694,S3-466674052,S3-941070880,S3-945107885
S1-915152066	S2-165551292,S2-278114905,S2-342862067,S2-346140013,S2-556334410,S2-613358495,S2-625176585,S2-664427474,S2-718850548,S2-720663031,S2-864072799,S2-907970638,S2-94118115,S2-958122419,S3-297531423,S3-397175128,S3-522322810,S3-56220606,S3-572103948,S3-863331857
S1-915523385	S2-203963465,S2-474742769,S2-658960793,S2-775304233,S2-793627380,S2-889223277,S2-903606508,S2-957382655,S2-992175639,S3-154684419,S3-181423519,S3-181434148,S3-218227097,S3-236009998,S3-788751677,S3-91992900
S1-915916787	S2-130167276,S2-176968531,S2-310613953,S2-38917398,S2-39401964,S2-399449669,S2-457500956,S2-574914445,S2-671212976,S2-694666853,S2-716687956,S2-716961117,S2-734993182,S2-761462453,S2-92868774,S3-369035366,S3-418284170,S3-665999030,S3-776273650,S3-869716589
S1-915920091	S2-206879860,S2-217362609,S2-230015670,S2-242603168,S2-249756978,S2-256604708,S2-337995030,S2-387473662,S2-393203202,S2-429213877,S2-461664377,S2-50834050,S2-570669172,S2-681020849,S2-690429714,S2-782765277,S2-914281256,S2-919219917,S3-519430671,S3-7547477
S1-916729232	S2-12482422,S2-392473632,S2-502181657,S2-513902201,S2-631410361,S2-761651132,S3-400570618,S3-457150821,S3-622570358,S3-797756565
S1-916740832	S2-112452524,S2-136208372,S2-198638025,S2-202681283,S2-218395582,S2-227187547,S2-303840498,S2-321488692,S2-35264918,S2-362602827,S2-444977711,S2-445158190,S2-764329142,S2-82305773,S2-861432338,S2-968907807,S3-274492575,S3-46672214,S3-471731074,S3-502487930
S1-917559810	S2-16547663,S2-272923611,S2-31353727,S2-39617527,S2-398630428,S2-426153797,S2-478937782,S2-574512275,S2-666748017,S2-672791574,S2-780517079,S2-798974717,S2-977337029,S3-256473074,S3-406676480,S3-511681405,S3-523213591,S3-607216229,S3-690296377,S3-834981053
S1-917816255	S2-287510502,S2-644292988,S3-107828930,S3-108084696,S3-176858768,S3-38582448,S3-439210840,S3-466018880,S3-646833653,S3-851505638
S1-918033394	S2-389476304,S2-615799185,S3-105373813,S3-251435904,S3-284092145,S3-552376050,S3-658580647,S3-962705989
S1-918371970	S2-179213874,S2-195942929,S2-235039028,S2-238257070,S2-276478634,S2-314481641,S2-366291668,S2-379092626,S2-437914811,S2-444139007,S2-713920891,S2-73502247,S2-783860047,S2-79504975,S2-818865818,S2-889223277,S2-894313135,S2-926723118,S2-959518463,S3-670198259
S1-918454988	S2-253880971,S2-574265739,S2-663444958,S2-787500460,S3-240781500,S3-665010567
S1-91912638	S2-629614067,S2-906147810,S3-135843067,S3-290950071
S1-919606527	S2-142203640,S2-213138164,S2-260303533,S2-311704004,S2-628570828,S2-667080209,S2-691691240,S3-121730100,S3-13225565,S3-180947347,S3-189240583,S3-236573957,S3-238918514,S3-317416616,S3-385778980,S3-722080603,S3-785106369,S3-892538266
S1-919832321	S2-133660776,S2-160094478,S2-215162995,S2-35786559,S2-385546967,S2-482353871,S2-49107732,S2-629341946,S2-685362882,S2-702680987,S2-709650804,S2-714760893,S2-71789809,S2-729326599,S2-739015476,S2-753049565,S2-873232185,S2-903132026,S2-939739824,S2-988340451
S1-920393057	S2-112701085,S2-118015542,S2-350898424,S2-504921707,S2-668985766,S2-681725632,S2-684531221,S2-730219334,S2-987066625,S3-164353968,S3-277540256,S3-366074556,S3-496949708,S3-507679610,S3-57822679,S3-637499309,S3-641195446,S3-823706693,S3-850622462,S3-888296925
S1-920590124	S2-11234423,S2-137658355,S2-202689811,S2-211389639,S2-302331531,S2-345917206,S2-358578952,S2-439072420,S2-484427273,S2-533574549,S2-598788762,S2-734292216,S2-803074201,S2-828388778,S2-845362212,S2-861799105,S2-992673515,S3-377101212,S3-527965010,S3-824683272
S1-921370332	S2-160788495,S2-421035180,S2-953772521,S3-160504167,S3-202546372,S3-270873516,S3-441294231,S3-685186780,S3-821482463
S1-922174174	S2-250365111,S2-3964983,S2-434818844,S2-605486490,S2-655041694,S2-66563494,S2-849122329,S2-88589147,S2-887192182,S2-90386833,S2-972017821,S3-172590375,S3-276232667,S3-561431230,S3-711602897,S3-772495807,S3-78478475,S3-795044353,S3-923487951,S3-987481294
S1-92255286	S2-179422051,S3-598540238,S3-6009427,S3-860526170
S1-922636226	S2-114810075,S2-309819640,S2-328112326,S2-341187488,S2-477636878,S2-514657655,S2-569507754,S2-796066062,S2-814657101,S2-895140544,S2-901974545,S2-902577173,S2-994558157,S3-228877953,S3-285279778,S3-344525431,S3-431187212,S3-44179996,S3-476189938,S3-738874381
S1-924071935	S2-102835643,S2-134883470,S2-152853831,S2-183956953,S2-238342311,S2-307014106,S2-412422017,S2-472979809,S2-47667961,S2-484229911,S2-673921623,S2-697778301,S2-720721399,S2-739493544,S2-803592574,S2-820729367,S2-838526909,S2-972466865,S2-987389053,S3-380976934
S1-924224995	S2-211136353,S2-252130764,S2-289186285,S2-335714256,S2-369116881,S2-369888336,S2-447785689,S2-477052365,S2-49420275,S2-525998554,S2-564651803,S2-652123001,S2-77123413,S2-788302197,S2-910892516,S3-103941452,S3-112375006,S3-13638945,S3-197848265,S3-866285457
S1-924279721	S2-185991906,S2-228239699,S2-234718518,S2-403624712,S2-405277031,S2-416625657,S2-478312353,S2-491526516,S2-59455310,S2-605232646,S2-60995426,S2-612994767,S2-768257026,S2-800975630,S2-848995836,S2-852619187,S2-876220008,S2-93829291,S3-162676722,S3-740351115
S1-924345557	S2-251073894,S2-303635913,S2-308114047,S2-549354680,S2-914311012,S2-952324784,S3-167397229,S3-177722579,S3-223423504,S3-245133916,S3-408052554,S3-550490677,S3-773699048,S3-968232694
S1-924474838	S2-18414280,S2-265287731,S2-266713379,S2-272707869,S2-303286540,S2-323169426,S2-367619938,S2-388629621,S2-391934267,S2-564915463,S2-621239482,S2-762856523,S2-809767109,S2-918917310,S2-944488484,S2-978466439,S2-984417999,S3-594660264,S3-619697107,S3-634537989
S1-924774047	S2-157735411,S2-17178786,S2-367235333,S2-376297029,S2-377594474,S2-488229231,S2-523716994,S2-594414847,S2-599415543,S2-626326981,S2-648528769,S2-663471075,S2-667917730,S2-668588671,S2-727104995,S2-787010282,S2-84430340,S2-865387587,S2-939010115,S3-382371323
S1-925832551	S2-112539575,S2-165705858,S2-312526178,S2-342163294,S2-356223527,S2-372452556,S2-395629639,S2-44710657,S2-535267261,S2-598946838,S2-693536582,S2-734878990,S2-739208908,S2-84875444,S2-895432381,S2-897389883,S3-349971406,S3-74865840,S3-898197652,S3-994804210
S1-926393380	S2-145865332,S2-158267007,S2-228869624,S2-250840257,S2-252504575,S2-324903930,S2-330362916,S2-332729524,S2-463750337,S2-46620659,S2-58348149,S2-596075110,S2-607423444,S2-636702130,S2-6675433,S2-748545907,S2-849131246,S2-911358391,S2-989155406,S3-364547249
S1-926700210	S2-211612895,S2-404679000,S2-424257197,S2-44935718,S2-479408335,S2-520461134,S2-580842112,S2-601620561,S2-639057311,S2-723917461,S2-730679980,S2-792358599,S2-993971669,S3-159289190,S3-24969390,S3-410483366,S3-497865894,S3-779066850,S3-932166496,S3-977522929
S1-926713469	S2-192695882,S2-320761644,S2-331461725,S2-380890732,S2-38785745,S2-403593891,S2-434774439,S2-492388486,S2-552033015,S2-556990357,S2-731343581,S2-892270599,S3-319633351,S3-71473373,S3-868867235
S1-92693235	S2-29571350,S2-303327441,S2-342614041,S2-39628644,S2-406200887,S2-452431802,S2-488915476,S2-526719108,S2-571444972,S2-602732110,S2-680762771,S2-752949161,S2-839555944,S2-856518736,S2-869606758,S2-938743845,S3-506140335,S3-509250813,S3-682270437,S3-91364038
S1-927002340	S2-104983781,S2-204289763,S2-340603304,S2-365855447,S2-405277031,S2-478312353,S2-48248106,S2-648163199,S2-721018371,S2-738536601,S2-753657867,S2-786879588,S2-78769581,S2-93829291,S3-1400062,S3-195112848,S3-241866786,S3-388649268,S3-484844526,S3-818220231
S1-927513379	S2-106759777,S2-150602251,S2-208623517,S2-409220525,S2-524565588,S2-543421476,S2-578590880,S2-597394022,S2-622879631,S2-657108385,S2-765826994,S2-766435560,S2-771340972,S2-833557287,S2-880764652,S2-883848764,S3-26219917,S3-471216716,S3-561700344,S3-63972769
S1-927720367	S2-220059527,S2-233564080,S2-246900706,S2-260938928,S2-29238569,S2-399299497,S2-443989369,S2-489974801,S2-490814405,S2-498134193,S2-507704636,S2-527185434,S2-567755455,S2-721510365,S2-87360086,S3-35718276,S3-713689705,S3-723456828,S3-988294193
S1-927962498	S2-167098669,S2-181331412,S2-279110196,S2-366785932,S2-432218683,S2-447430948,S2-453909888,S2-507124232,S2-574605032,S2-668459160,S2-677457218,S2-706555639,S2-722247491,S2-787905052,S2-882019593,S2-931181851,S3-388475477,S3-450828199,S3-709956961
S1-928019411	S2-122812778,S2-158874882,S2-212915102,S2-293227677,S2-342423772,S2-379423339,S2-381127815,S2-583264950,S2-667114668,S2-702429792,S2-715100610,S2-750860751,S2-793282305,S3-13757641,S3-339013298,S3-461253249,S3-576445657,S3-787403251,S3-806759180,S3-966888105
S1-928352592	S2-102701181,S2-143892274,S2-22315267,S2-257080020,S2-272605754,S2-518293598,S2-761924464,S2-762595900,S2-818555762,S2-820761727,S2-877661076,S3-192667609,S3-324379056,S3-413031296,S3-458582854,S3-69438667,S3-713068403,S3-729520785
S1-929062704	S2-111181163,S2-153295020,S2-193982756,S2-224520354,S2-251694915,S2-326452445,S2-36535392,S2-470903057,S2-54356365,S2-571882905,S2-623750845,S2-681381384,S2-730105794,S2-813243461,S2-819911306,S2-857937327,S2-888157746,S2-913341525,S2-93223778,S3-505121864
S1-929183452	S2-293272708,S2-509109373,S2-618844064,S2-634038258,S2-975907077,S3-441685693,S3-590923223,S3-605352916,S3-857700523
S1-929502509	S2-22410394,S2-232594161,S2-513476232,S2-820729531,S2-924826492,S2-968211476,S2-969451473,S3-395556689,S3-773041235,S3-823954936,S3-830938641,S3-96513872
S1-929834478	S2-176968531,S2-199669656,S2-310613953,S2-38917398,S2-39079223,S2-39401964,S2-399449669,S2-516249560,S2-574914445,S2-619859806,S2-625369101,S2-661805266,S2-671212976,S2-716687956,S2-716961117,S2-734993182,S2-866650875,S2-934328563,S2-935367928,S3-532760131
S1-929887768	S2-126506454,S2-155681006,S2-256868825,S2-296457382,S2-441422968,S2-497486406,S2-56048435,S2-610173207,S2-674862293,S2-696635067,S2-75437241,S2-814052487,S2-828872229,S2-874162453,S2-907307129,S2-956132872,S3-217360399,S3-717518438,S3-771736575,S3-815226732
S1-930044630	S2-138068334,S2-248880257,S2-271664466,S2-342220961,S2-345189222,S2-381209028,S2-399204689,S2-405867764,S2-411345119,S2-440253063,S2-450445631,S2-555462463,S2-576488523,S2-637449023,S2-698270840,S2-878352124,S2-963186955,S2-978297595,S3-698174221,S3-721328152
S1-930231697	S2-180148157,S2-18681671,S2-461961455,S2-515836459,S2-583122543,S2-701906667,S2-762842003,S2-826291310,S2-986787546,S3-100119068,S3-347086826,S3-425920809,S3-52863304,S3-963079339
S1-930440746	S2-291437407,S2-304373948,S2-418627535,S2-435792737,S2-460821959,S2-61500008,S2-778443342,S2-823200641,S2-849656600,S2-852854132,S2-922342576,S2-945688451,S2-953326420,S3-148196630,S3-195427673,S3-264141678,S3-465966343,S3-758098189,S3-885427730
S1-930670339	S2-186477879,S2-402493782,S2-669159196,S2-765997250,S2-784849034,S2-815062890,S2-816615521,S2-845345337,S2-869577281,S3-112993742,S3-202457803,S3-277847368,S3-451968425,S3-622978639,S3-623113801,S3-697515916,S3-740947156,S3-758226597,S3-813550004,S3-938151261
S1-930956398	S2-114081967,S2-228344851,S2-321877910,S2-408007392,S2-490320012,S2-524651056,S2-526910948,S2-5540165,S2-558810485,S2-561420173,S2-714505855,S2-760074449,S2-763983898,S2-783860213,S2-813441894,S2-863698964,S2-873164426,S2-936815990,S2-942903224,S3-926388121
S1-931196426	S2-77670459,S2-900845975,S3-19425589,S3-395749637
S1-931537777	S2-112701085,S2-350898424,S2-585168746,S2-679182908,S2-684531221,S2-714867807,S2-724270114,S2-730528802,S2-793614403,S2-843283224,S2-876180227,S2-910839611,S2-943222249,S2-987066625,S3-108088897,S3-210661920,S3-313559734,S3-387143342,S3-862550862,S3-9616805
S1-932538347	S2-115642019,S2-143977672,S2-189042965,S2-190976167,S2-407933109,S2-477675434,S2-478635341,S2-482965691,S2-517668630,S2-578129330,S2-581760687,S2-650216158,S2-944772275,S2-949348082,S2-983410520,S3-221797522,S3-270444627,S3-518696455,S3-558077993,S3-875311713
S1-932749734	S2-61148791,S2-637894137,S3-284075769,S3-361493268,S3-879220827
S1-933183696	S2-112041421,S2-324730954,S2-36520981,S2-392850326,S2-40064924,S2-467447273,S2-525202792,S2-562769182,S2-711514278,S2-777627,S2-779076884,S2-839180643,S2-906368935,S3-201420624,S3-32615805,S3-864637186,S3-91234143
S1-933645363	S2-800584343
S1-934048527	S2-345187046,S2-48817548,S2-48819496,S2-714500911,S3-381458706,S3-397375125,S3-577595062,S3-82300531,S3-850732883
S1-93417815	S3-356590131
S1-934282325	S2-127928747,S2-147114378,S2-148766315,S2-221911416,S2-311550120,S2-327365980,S2-469981621,S2-523668634,S2-52443645,S2-535108453,S2-542336124,S2-580438320,S2-653287190,S2-664425303,S2-826290265,S2-946543701,S2-983965245,S3-179375524,S3-239461464,S3-398349306
S1-934486689	S2-158971069,S2-747774682,S2-915686639,S2-938213469,S2-984540430,S2-987872396,S2-995299202,S3-197586924,S3-28751085,S3-318834514,S3-671718263,S3-738240941,S3-872659855
S1-934837822	S2-221008320,S2-241996354,S2-270505841,S2-303677315,S2-305666391,S2-314169444,S2-320313016,S2-320613673,S2-389331257,S2-676645099,S2-896104470,S2-979663951,S3-100062333,S3-183476631,S3-298897411,S3-66842745,S3-675972442,S3-715278228,S3-88669772,S3-945500336
S1-936662933	S2-188887388,S2-190833339,S2-215173585,S2-258571630,S2-325795657,S2-354229274,S2-406091061,S2-521408532,S2-534757753,S2-621965479,S2-695972284,S2-781358249,S2-809568611,S2-822711749,S2-961859453,S3-119211847,S3-206240304,S3-339733807,S3-432908949,S3-752891642
S1-93723973	S2-147973949,S2-162849450,S2-166385937,S2-187600650,S2-225690672,S2-231942361,S2-28920926,S2-297690703,S2-312372957,S2-351025027,S2-42284542,S2-428985968,S2-540105563,S2-69512255,S2-743251605,S2-787819112,S2-846938440,S2-996064384,S3-109216906,S3-872480901
S1-938061895	S2-125153664,S2-145015769,S2-246935360,S2-40008757,S2-455209026,S2-542402013,S2-552346104,S2-568882672,S2-623235077,S2-668320398,S2-809275957,S2-858147794,S2-866503046,S2-948293396,S2-95424985,S2-992500269,S3-380758957,S3-458541725,S3-526062879,S3-811274543
S1-93969421	S2-156124477,S2-190218868,S2-29727034,S2-416395953,S2-448505485,S2-466310868,S2-494427848,S2-507683651,S2-530231872,S2-667343420,S2-684576096,S3-195862563,S3-204803284,S3-357917610,S3-422445986,S3-677313345,S3-712441242,S3-945672057,S3-950661459,S3-973084915
S1-939745043	S2-298860749,S3-290270265,S3-501899748,S3-682695127,S3-825554762
S1-940483992	S2-175590407,S2-223493773,S2-297794302,S2-319553606,S2-385605379,S2-411547279,S2-418698504,S2-518561014,S2-565095033,S2-595341773,S2-611496405,S2-613639136,S2-67979835,S2-729522840,S2-745026111,S2-81518288,S2-846681979,S2-928193497,S2-938059193,S3-702572011
S1-941278103	S2-14068945,S2-175865714,S2-185984569,S2-190176396,S2-257098293,S2-285859028,S2-301404229,S2-316755660,S2-363649411,S2-463617918,S2-727855265,S2-764430935,S2-93866004,S2-94124530,S2-949390083,S2-974634183,S3-41666740,S3-519593244,S3-535428097,S3-654320406
S1-941279420	S2-135311602,S2-145644685,S2-171818402,S2-291892949,S2-35939506,S2-3899069,S2-412874461,S2-433146482,S2-475705942,S2-785369246,S2-874300009,S2-888108239,S2-905760230,S2-990473569,S3-152767049,S3-234337857,S3-458027258,S3-500507182,S3-798734712,S3-883068540
S1-942273766	S2-108023325,S2-239578577,S2-308141200,S2-384829851,S2-627733994,S2-664875613,S2-739508322,S2-780265727,S2-918349153,S2-921274176,S3-526465096,S3-556064144,S3-647689444,S3-652425103,S3-753565582,S3-783618154,S3-819366527,S3-922467490,S3-950571950,S3-995223726
S1-942687838	S2-209113147,S2-233372670,S2-268589461,S2-360075536,S2-368188455,S2-393249062,S2-524192657,S2-6314616,S2-816556591,S2-84876306,S2-865387879,S2-95568904,S3-121382117,S3-37139244,S3-453814538,S3-483578841,S3-751509478,S3-867537253,S3-889346757
S1-942889479	S2-102956384,S2-202010466,S2-210653274,S2-226949027,S2-268859026,S2-377433131,S2-388575784,S2-426755278,S2-496203045,S2-791624268,S2-816721632,S3-16154425,S3-277534696,S3-51268056,S3-666665870
S1-943263775	S2-312844090,S2-486788437,S3-391963647,S3-589239014,S3-83781852,S3-910657009
S1-94352300	S2-140036589,S2-200267070,S2-232484718,S2-282908996,S2-347017935,S2-361230651,S2-406105988,S2-46771753,S2-487383344,S2-544760260,S2-629148185,S2-815783446,S2-910755878,S2-977762332,S3-239968066,S3-311989137,S3-473978898,S3-723750081,S3-943419717,S3-993488828
S1-944079880	S2-127678495,S2-257098293,S2-264731923,S2-301404229,S2-399943317,S2-428444226,S2-463617918,S2-481240106,S2-590386743,S2-717546,S2-727855265,S2-850577689,S2-860952726,S2-949390083,S2-988824861,S3-286614192,S3-690233235,S3-842754179,S3-888860333,S3-893899863
S1-944162520	S2-136121441,S2-356466612,S2-376981645,S2-428606754,S2-63973880,S2-779029217,S2-811748343,S2-855319993,S2-890134138,S2-973240701,S3-10104553,S3-104122839,S3-132481726,S3-309268963,S3-36343349,S3-513578052,S3-539470748,S3-614225541,S3-9401690,S3-950160902
S1-944214378	S2-145015769,S2-165443808,S2-20756159,S2-224911581,S2-310060823,S2-42969376,S2-516895381,S2-552346104,S2-623235077,S2-630818845,S2-657092520,S2-719166778,S2-782562162,S2-835201023,S2-866503046,S2-91908767,S2-935206742,S2-982675930,S3-160090941,S3-510567938
S1-944248781	S2-129904538,S2-35548262,S2-391718145,S2-439432511,S2-453031699,S2-518883439,S2-600758940,S2-732678630,S2-741641507,S2-832127443,S2-938508012,S2-942471391,S2-986985354,S3-122755274,S3-553445919,S3-591315709,S3-674310273,S3-687403336,S3-84597594,S3-848526602
S1-944298573	S2-111262131,S2-227373867,S2-348144716,S2-435614075,S2-447789125,S2-474277193,S2-512382393,S2-531826116,S2-613596024,S2-759859828,S2-877168934,S2-903714833,S2-988366654,S3-28847280,S3-408212372,S3-490107025,S3-662162700,S3-770867853,S3-802407378,S3-854569930
S1-945779323	S2-282677323,S2-306184045,S2-396688361,S2-538471984,S2-564032728,S2-571216926,S2-598099137,S2-66915093,S2-80542262,S3-11638243,S3-295158014,S3-524099729,S3-678711898,S3-699497754,S3-740573956,S3-752834029,S3-816294672,S3-937526441,S3-963595805,S3-983831508
S1-945896019	S2-153359899,S2-22533020,S2-259227124,S2-273839811,S2-280550905,S2-295166340,S2-403506952,S2-483580248,S2-565971823,S2-574717182,S2-581011208,S2-587455746,S2-635002967,S2-73201870,S2-733685514,S2-759983025,S2-906092725,S2-939333476,S2-968211476,S2-969451473
S1-946058887	S2-148245151,S2-183425758,S2-252697289,S2-300059355,S2-41402922,S2-493700151,S2-880209371,S2-884110850,S3-267846418,S3-494522060,S3-653418334,S3-841558952,S3-842913948,S3-844431486,S3-916524322
S1-946436956	S2-510526842,S2-606902495,S2-817396132,S3-166654622,S3-329522690,S3-547885086,S3-599374034
S1-947138881	S2-237501546,S2-268450340,S2-315932934,S2-677462527,S2-698812983,S2-796111861,S3-683211792,S3-876189641,S3-919708572,S3-931778532
S1-947212710	S2-102704852,S2-165556255,S2-198938800,S2-296385109,S2-303726261,S2-312533710,S2-321398182,S2-333018724,S2-33746738,S2-347967135,S2-380483491,S2-412036406,S2-502866969,S2-545769155,S2-622624356,S2-783345185,S2-895030236,S2-997610957,S3-495706297,S3-516965502
S1-948015348	S2-154192027,S2-263966863,S2-559669420,S2-673363187,S2-68682632,S2-716241482,S2-781718239,S2-781915431,S2-880184514,S3-176533714,S3-41274554,S3-584629637,S3-651305283,S3-656774991,S3-79325590,S3-859306667
S1-948267182	S2-112726369,S2-11278378,S2-140055243,S2-175973267,S2-224586426,S2-294121606,S2-401461610,S2-61496142,S2-668733401,S2-695769315,S3-279158078,S3-338769649,S3-431455978,S3-474458039,S3-680073417,S3-79035467,S3-80201870,S3-871223834,S3-879459665,S3-976221615
S1-948319273	S2-372513142,S2-768705660,S2-800410838,S2-883446253,S3-150106673,S3-409610103,S3-544787640,S3-556893871,S3-569219394,S3-588712408
S1-948690692	S2-228446786,S2-353130676,S2-373967213,S2-423368397,S2-543811262,S2-661471998,S2-735445451,S2-79441544,S2-838323898,S2-852190316,S2-886340674,S2-975040448,S2-989385872,S3-137254750,S3-211715143,S3-238918514,S3-437589149,S3-644170931,S3-86904662,S3-922154738
S1-948880379	S2-247548503,S2-260747264,S2-308424488,S2-347896828,S2-41218728,S2-542558597,S2-818150166,S2-952284985,S2-955096528,S3-125798277,S3-144126805,S3-24127308,S3-409544576,S3-672948389,S3-693492339,S3-736819838,S3-761544986
S1-949031012	S2-365396093,S2-552307007,S2-564812597,S2-627457840,S2-921747245,S2-939858492,S2-944631871,S2-986591803,S3-129136894,S3-359097020,S3-49019137,S3-501834916,S3-654794325,S3-688657415,S3-818807492,S3-822268287,S3-907530047,S3-937517684
S1-949144756	S2-112723777,S2-291865461,S2-404619673,S2-440241880,S2-491011038,S2-497793569,S2-621086793,S2-625798224,S2-804408295,S2-851344341,S2-922504636,S2-987926453,S2-990550346,S3-173470073,S3-283749772,S3-289191412,S3-311979299,S3-414418981,S3-812958815,S3-981528429
S1-9496648	S2-183709274,S2-194090706,S2-200814831,S2-242055718,S2-329695563,S2-388041325,S2-513019344,S2-628129193,S2-692585872,S2-708812063,S2-818259839,S2-835255552,S2-947466256,S2-959734804,S2-961184985,S2-999082686,S3-119119131,S3-178863607,S3-482665609,S3-94316001
S1-9499271	S2-105039107,S2-728173486,S2-955265833,S3-437383956,S3-764359113
S1-950557420	S2-784147580,S3-302182367,S3-435427398
S1-950709938	S2-119843211,S2-14241037,S2-1505887,S2-151582230,S2-200814831,S2-242055718,S2-333716982,S2-513019344,S2-595033725,S2-628129193,S2-682967836,S2-692585872,S2-947466256,S2-959734804,S2-982003904,S2-991507759,S3-247243743,S3-649278507,S3-84100872,S3-863309977
S1-952312672	S2-417570542,S2-646358841,S3-375738437
S1-952471425	S2-259593351,S2-514284196,S2-567066436,S2-826760641,S2-898281058,S3-127980303,S3-176598328,S3-734111061,S3-747706719,S3-757099951,S3-760307215
S1-952584774	S2-140021749,S2-211136353,S2-228492684,S2-335714256,S2-369116881,S2-369888336,S2-437596704,S2-477052365,S2-478296379,S2-49420275,S2-525998554,S2-564651803,S2-652123001,S2-754068508,S2-77123413,S2-788302197,S2-973891945,S3-102225455,S3-122216342,S3-666266755
S1-952623817	S2-149711897,S2-18352932,S2-224839523,S2-266673342,S2-323004664,S2-323559961,S2-347221560,S2-442463016,S2-592686513,S2-645274799,S2-692245022,S2-865286567,S2-900050816,S2-956132872,S3-211221239,S3-355530526,S3-468693488,S3-655606488,S3-808424002,S3-851527802
S1-952750392	S2-124652680,S2-203705380,S2-244693640,S2-290488145,S2-416107889,S2-443597272,S2-529520542,S2-530546383,S2-568026492,S2-666282042,S2-834443780,S2-995388972,S3-252354613,S3-488037889,S3-622416748,S3-668567994,S3-760898662,S3-95244599
S1-953055796	S2-116895353,S2-125153664,S2-145015769,S2-151095305,S2-246935360,S2-542402013,S2-552346104,S2-568882672,S2-623235077,S2-668320398,S2-755159846,S2-782562162,S2-809275957,S2-858147794,S2-866503046,S2-908346881,S2-948293396,S2-95424985,S2-992500269,S3-882250992
S1-953115903	S2-154758305,S2-495034778,S2-690740908,S2-705319605,S2-843819916,S2-900057307,S3-576014105,S3-647695338,S3-692930091
S1-953160458	S2-150153842,S2-153258175,S2-212149820,S2-232219224,S2-311868409,S2-356532156,S2-383822500,S2-384219063,S2-420967895,S2-517503876,S2-52579303,S2-587775967,S2-595963334,S2-678108659,S2-835256551,S2-878276205,S2-879019234,S2-900854917,S3-376716685,S3-673909809
S1-953229574	S2-117041640,S2-12970251,S2-218598097,S2-303148353,S2-398659226,S2-449738851,S2-454522940,S2-623705967,S2-645865683,S2-66523922,S2-715851950,S2-784563143,S2-829070070,S2-874992751,S2-918415407,S2-938559567,S2-948542502,S3-10976436,S3-141353064,S3-332558177
S1-953526899	S2-171652466,S2-222848106,S2-225085900,S2-286735989,S2-342645551,S2-350654336,S2-407012146,S2-473245321,S2-498224779,S2-519788421,S2-747265421,S2-791413065,S2-828612033,S2-859714351,S2-967978597,S2-968815299,S3-647691630,S3-859135647,S3-930721866,S3-995579593
S1-953698178	S2-10068244,S2-172368313,S2-178592933,S2-199019587,S2-219010063,S2-35845915,S2-368478519,S2-375394573,S2-385705003,S2-551029733,S2-554985407,S2-703034738,S2-742186795,S2-746100476,S3-282933486,S3-57740292,S3-606698858,S3-610402578,S3-79605766,S3-876266263
S1-954197394	S2-114651319,S2-310613953,S2-38917398,S2-418311879,S2-535762772,S2-622037749,S2-671212976,S2-81426854,S3-175699829,S3-189192159,S3-439300505,S3-470136901,S3-471119359,S3-533281356,S3-550530811,S3-572414146,S3-644585141,S3-693557560,S3-763456529,S3-985511871
S1-954282510	S2-119795760,S2-130789084,S2-330805582,S2-647425732,S2-787441240,S3-436708405,S3-521157617,S3-569006770,S3-690713893,S3-959933574
S1-954692127	S2-940492225,S2-963437310,S3-11147222,S3-928058935,S3-99193853
S1-955405821	S2-142576240,S2-190939937,S2-300329052,S2-318025254,S2-369512941,S2-369752988,S2-474404665,S2-552565714,S2-565609932,S2-573082517,S2-621352290,S2-631415169,S2-678676008,S2-699029532,S2-747478411,S2-92393326,S3-306737810,S3-502858688,S3-740861266,S3-93402322
S1-955422220	S2-154682950,S2-443413277,S2-562226956,S2-605742961,S2-614824581,S2-646594637,S2-74056746,S2-750473552,S2-758235218,S2-814177871,S2-838427488,S2-88589147,S2-913240757,S2-939141426,S2-945471595,S2-96973637,S3-111248920,S3-21627533,S3-510068722,S3-666564088
S1-95562267	S2-192704,S2-312514311,S2-38254830,S2-434045596,S2-459125372,S2-522499657,S2-642356279,S2-67863065,S2-717173939,S2-826573459,S3-278012128,S3-321269025,S3-337860144,S3-396047656,S3-569517306,S3-69268123,S3-798234739,S3-847304242,S3-903335140,S3-998671285
S1-955982559	S2-112834662,S2-220720253,S2-248573642,S2-457321092,S2-476753105,S2-50256920,S2-572367141,S2-594861288,S2-680125018,S2-756302651,S2-831173626,S2-846497405,S2-867773531,S2-872022787,S2-97937368,S3-273372632,S3-392725175,S3-624099305,S3-727397013,S3-935762742
S1-956183102	S2-11625512,S2-218721142,S2-232490044,S2-319377209,S2-444945373,S2-522611049,S2-594302701,S2-676675806,S2-819445650,S2-936968165,S3-16475570,S3-184192359,S3-186421274,S3-273897429,S3-372230683,S3-531341743,S3-538945304,S3-68218290,S3-941893649
S1-956807536	S2-944062281,S3-365524491
S1-956912624	S2-343731835,S2-517107904,S2-983741883,S2-993134364,S3-204273009,S3-60447290,S3-815012856,S3-833339507,S3-860321482
S1-957941031	S2-337909758,S2-489195718,S2-676400946,S2-68426584,S2-742992368,S3-211154540,S3-520696811,S3-846570043
S1-958291474	S2-198819510,S2-595605619,S2-895657464,S3-125014576,S3-37978446,S3-4979146
S1-958423956	S2-130900569,S2-252828645,S2-57190129,S2-677577816,S2-686160831,S2-763836951,S2-769445369,S2-775484419,S2-814954929,S2-958144303,S3-19157059,S3-22920693,S3-267972946,S3-362194915,S3-40766644,S3-421470513,S3-732005047,S3-768545793,S3-860418138,S3-991419139
S1-959070908	S2-16075678,S2-217188577,S2-304784243,S2-359710026,S2-374552714,S2-405784926,S2-45508951,S2-544796941,S2-606264573,S2-607648807,S2-637184698,S2-719112862,S2-812149244,S2-823165701,S2-951392995,S3-160107459,S3-356759525,S3-402378963,S3-605533046,S3-848346326
S1-959114908	
S1-959350772	S2-60204458,S2-708825498,S2-869527896,S2-966217874
S1-959841620	S2-308341917,S2-99112621,S3-176192332,S3-518745234
S1-959941490	S2-138565051,S2-173342241,S2-18496240,S2-247201763,S2-292345315,S2-380352566,S2-396925921,S2-433317994,S2-582640928,S2-585927314,S2-614354460,S2-686126703,S2-773208378,S2-774675260,S2-776702568,S2-789296428,S2-903802802,S2-939878921,S3-293571725,S3-613341196
S1-960013137	S2-178196014,S2-269135965,S2-368815483,S2-530864215,S2-597931385,S2-754942062,S2-850499815,S2-88209439,S3-15286122,S3-294412910,S3-325154278,S3-37840728,S3-493276710,S3-665620740,S3-708072333,S3-746855712,S3-937750651
S1-960057499	S2-234910311,S2-406563388,S2-532212165,S2-618568166,S2-746135216,S2-902685616,S3-210683542,S3-397744173,S3-70840461
S1-960090428	S2-242367010,S2-294062437,S2-398456093,S2-483326033,S2-493874718,S2-564433190,S2-596878321,S2-646593051,S2-763656124,S2-95336125,S2-968399789,S3-36271018,S3-416894747,S3-514256575,S3-514793972,S3-535088860,S3-589164622,S3-590494290,S3-710481739,S3-750049469
S1-960103230	S2-132866128,S2-210367823,S2-2785320,S2-364228842,S2-542662970,S2-884300108,S3-289280619,S3-432834238,S3-582423226,S3-609817668,S3-682729997,S3-766449303,S3-783690404,S3-828790472,S3-851914008
S1-96079286	S2-154397073,S2-161592048,S2-185148108,S2-217933559,S2-452208391,S2-494193597,S2-519912199,S2-600711151,S2-65445575,S2-666612729,S2-677255764,S2-789711070,S2-830797725,S2-844342057,S2-847374839,S2-93542945,S2-955625648,S2-991843540,S3-532479968,S3-764977666
S1-961434826	S2-25350183,S2-273839811,S2-280550905,S2-34880379,S2-581011208,S2-588105225,S2-73201870,S2-733685514,S2-759983025,S2-844432639,S2-906092725,S2-929958538,S2-939333476,S2-968211476,S2-969451473
S1-962242742	S2-122293440,S2-133664622,S2-206820667,S2-480821739,S2-602695064,S2-682238764,S2-931975453,S2-943601769,S2-949253578,S2-978756288,S3-128470458,S3-248959357,S3-287008822,S3-294058989,S3-332442906,S3-384316033,S3-575021,S3-588845584,S3-621421309,S3-840242007
S1-962317692	S2-140328910,S2-8608212,S2-983936558,S2-984672705,S3-47620966,S3-557957655,S3-567241306,S3-650174763,S3-671978116,S3-796108235,S3-870401988,S3-899014960,S3-913065402
S1-962858726	S2-114113860,S2-176453879,S2-268660021,S2-357676311,S2-371200780,S2-550265337,S2-618844064,S2-623517407,S2-699504265,S2-795319261,S2-814853152,S2-872159584,S2-880342210,S2-912772696,S2-971955195,S3-43772118,S3-569372901,S3-634390720,S3-678683280,S3-93614921
S1-963134157	S2-161687799,S2-195282062,S2-24056490,S2-279968715,S2-421213398,S2-421388655,S2-537818682,S2-588054631,S2-689767417,S2-698098778,S2-715352193,S2-802277435,S2-815170389,S2-847821102,S2-865088358,S2-893332104,S2-97179264,S3-263196072,S3-702047709,S3-793826279
S1-963625854	S2-142609972,S2-177812522,S2-209318082,S2-229017655,S2-262423639,S2-316856729,S2-364709779,S2-458450467,S2-468391282,S2-484836645,S2-502485918,S2-504734797,S2-576831490,S2-602117787,S2-91821920,S2-941207751,S2-999793401,S3-189065655,S3-400383201,S3-994551129
S1-965124404	S2-163509911,S2-232784264,S2-352427677,S2-452774031,S2-54330610,S2-608886373,S2-621473436,S2-643708783,S2-678788003,S2-711514278,S2-728226107,S2-814955870,S2-872319713,S2-886359416,S2-95424985,S2-975896498,S2-978095463,S2-988241366,S3-578965787,S3-621434600
S1-965231707	S2-105005882,S2-190678879,S2-381231365,S2-568142384,S2-667405412,S2-835986277,S2-88626535,S2-989745180,S3-256610117,S3-313028450,S3-37978446,S3-471847899,S3-62908988,S3-895604518
S1-965403316	S2-103598322,S2-126904244,S2-128076983,S2-137670139,S2-163159297,S2-210799457,S2-232933281,S2-302419463,S2-35086639,S2-370932433,S2-406854790,S2-410126841,S2-539778054,S2-580728490,S2-716107739,S2-760365495,S2-835775099,S2-981222227,S3-251869604,S3-27720010
S1-965675234	S2-335681229,S2-481167409,S2-52527172,S2-781618295,S2-858265639,S2-902763625,S2-986188890,S2-997788858,S3-171076624,S3-217553002,S3-277533973,S3-380538721,S3-411488576,S3-440595228,S3-690078929,S3-703436131,S3-797131187,S3-814477923,S3-885917346,S3-923624372
S1-966156294	S2-163495990,S2-412919226,S2-510209082,S2-517317291,S2-579569398,S2-762023797,S2-839750592,S2-87333068,S2-925380875,S2-969720663,S3-267412177,S3-269845253,S3-543650487,S3-56122745,S3-63189779,S3-670573892,S3-715255349,S3-963708358
S1-966436828	S2-352384465,S2-41143092,S2-628524742,S2-65623277,S2-664812126,S2-884564623,S2-900104834,S3-120274761,S3-136366419,S3-175903439,S3-481305378,S3-513820667,S3-542725505,S3-571972812,S3-622515671,S3-634830942,S3-779796814,S3-846079259,S3-890796660
S1-96657309	S2-211136353,S2-228492684,S2-252130764,S2-294411975,S2-300186409,S2-315069112,S2-335714256,S2-369116881,S2-49420275,S2-564651803,S2-58935118,S2-652123001,S2-788302197,S2-910892516,S2-922025950,S2-946872072,S2-973891945,S3-113893629,S3-371472376,S3-394857731
S1-966622718	S2-327601150,S2-500096956,S2-515251273,S2-618831719,S2-749989832,S2-860467560,S3-413479461,S3-539970930,S3-556151501,S3-698843400,S3-732494878,S3-732562636,S3-832390858,S3-835897102,S3-852508645
S1-966633453	S2-180312952,S2-402965577,S2-728743299,S2-935937328,S3-213883526,S3-24249839,S3-339079347,S3-41605358,S3-479057492,S3-553176058,S3-694671551,S3-807145434,S3-990465395
S1-966666832	S2-194390312,S2-200074362,S2-209019917,S2-454977828,S2-507773608,S2-612376026,S2-695720803,S2-873958882,S2-992631178,S2-99294513,S3-123292466,S3-228261457,S3-26331081,S3-330554117,S3-362938466,S3-710462546,S3-792244794,S3-953545610,S3-955017102,S3-963327531
S1-966716304	S2-138051778,S2-156725250,S2-271901025,S2-275404449,S2-300329052,S2-311749563,S2-318025254,S2-369512941,S2-371312178,S2-379121172,S2-402066616,S2-487139659,S2-681575605,S2-768922688,S2-847055518,S2-851238110,S2-93891477,S3-200356424,S3-254080458,S3-720392172
S1-966875711	S2-268932954,S2-526973670,S2-532151340,S3-380978176,S3-907372216
S1-968063063	S2-181834912,S2-285505893,S2-308893253,S2-334728171,S2-345863671,S2-417269575,S2-436652328,S2-453685980,S2-522974463,S2-563049977,S2-653523091,S2-93196961,S2-949408746,S2-951615467,S3-21492419,S3-417439189,S3-424198118,S3-709023280,S3-940349833,S3-983937391
S1-969014517	S2-337909758,S2-471207898,S2-489195718,S2-632314075,S2-672362373,S2-68426584,S2-692756500,S2-742992368,S2-904516890,S2-934932345,S2-947562911,S3-246423664,S3-399443876,S3-496220770,S3-50059688,S3-50559062,S3-671431144,S3-755276183,S3-799280347,S3-913719743
S1-969127154	S2-200116458,S2-222323072,S2-292029345,S2-521870050,S2-977136466,S3-254711100,S3-305824121,S3-538847001
S1-969505569	S2-312126807,S2-531684146,S2-661849602,S2-684987015,S2-989925195,S3-10043243,S3-117533595,S3-141289624,S3-180159828,S3-208926046,S3-309270119,S3-352624027,S3-409321570,S3-431356437,S3-633462465,S3-662007331,S3-779324975,S3-828112165,S3-884481463,S3-962374730
S1-969531940	S2-342277032,S2-465858058,S2-625227683,S2-796770637,S2-852622380,S2-867318084,S3-62308908,S3-917786870,S3-973332663
S1-969570941	S2-367683670,S2-47491166,S2-795759168,S3-128961121,S3-363467530
S1-970249415	S2-201539447,S2-407584994,S2-416012712,S2-539435457,S2-637529172,S2-741266595,S2-763224685,S2-833628878,S2-938910288,S3-181794979,S3-378469475,S3-395323704,S3-412594888,S3-49450392,S3-506428523,S3-762989168,S3-826265734,S3-897343656,S3-936436042,S3-957096214
S1-971316211	S2-413378590,S2-421579039,S2-800593233,S2-82724388,S2-990668898,S3-188402953,S3-268970019,S3-339398590,S3-390563467,S3-488928101,S3-547072048,S3-568461711,S3-700202796,S3-750035963,S3-872011714,S3-924995428,S3-975758507
S1-971738929	S2-121251263,S2-228779604,S2-235686871,S2-247552236,S2-254788701,S2-263273654,S2-266340710,S2-318303423,S2-418380949,S2-438753836,S2-461563520,S2-630651352,S2-718979866,S2-738952441,S2-764713035,S2-822346901,S2-921111723,S2-94214011,S2-982803358,S3-91921884
S1-971855058	S2-266674956,S2-560096710,S2-566613986,S2-634994990,S2-850641622,S3-184941369,S3-215497000,S3-627561376,S3-661873290,S3-719141461,S3-822240112
S1-973664339	S2-311609470,S2-492428267,S2-533093021,S2-613884242,S2-614935870,S2-936678672,S2-996836467,S3-237539108,S3-380598948,S3-456767373,S3-624607173,S3-629730423,S3-675400746,S3-703889693,S3-806711504,S3-833392146,S3-91568306,S3-960150816,S3-967475149,S3-977837406
S1-973729688	S2-170591470,S2-176748631
S1-973895824	S2-729929903,S2-894601569,S3-389259011,S3-405719011,S3-577534526,S3-592008191
S1-974789136	S2-466757759,S2-605462590,S2-707178891,S2-799768001,S2-934458380,S3-206519992,S3-668567994,S3-669517272,S3-77302653,S3-828570383,S3-917964383
S1-97480966	S2-117672295,S2-140620261,S2-232179582,S2-308181020,S2-396009333,S2-431057563,S2-454998902,S2-495832916,S2-570280793,S2-600852470,S2-608447496,S2-737583928,S2-770422756,S2-856253835,S2-887168250,S2-914810256,S2-974126678,S3-13864102,S3-15375468,S3-698474545
S1-97493017	S2-107352854,S2-11440399,S2-126464914,S2-293360947,S2-336775853,S2-344767729,S2-364850737,S2-368179645,S2-586167393,S2-749893962,S2-779565161,S2-822191627,S3-264478141,S3-308183815,S3-329973649,S3-403615825,S3-591878938,S3-66810733,S3-822256189,S3-956876186
S1-975291976	S2-126506454,S2-155681006,S2-170061913,S2-256868825,S2-379903024,S2-441422968,S2-497486406,S2-522005480,S2-610173207,S2-696635067,S2-756806035,S2-814052487,S2-828872229,S2-874162453,S2-956132872,S2-96362128,S3-158168355,S3-450843445,S3-513193343,S3-91314773
S1-975818240	S2-150408258,S2-316803759,S2-513186350,S2-968438114,S3-161125143,S3-510953532,S3-631280245,S3-671928750,S3-751162050,S3-839301024
S1-976481743	S2-145131937,S2-278084339,S2-37996167,S2-697665921,S2-724042225,S2-735994083,S2-810116004,S2-91238799,S2-940482720,S3-108414209,S3-125400582,S3-135063094,S3-202874732,S3-323175714,S3-363268236,S3-438462168,S3-578554868,S3-657318911,S3-668279334,S3-672060102
S1-976521465	S2-126577267,S2-639454482,S2-675604681,S3-120590463,S3-270070772,S3-585377669
S1-977387802	S2-16801220,S2-187943630,S2-242790118,S2-256692563,S2-343688732,S2-453844783,S2-534602603,S2-554985407,S2-648006121,S2-671340149,S2-681275696,S2-926533987,S2-959468309,S3-518380273,S3-663591860,S3-67181236,S3-836213103,S3-837632222,S3-881502523
S1-977472512	S2-102286733,S2-110920126,S2-198938800,S2-303726261,S2-308028187,S2-312533710,S2-347967135,S2-392512147,S2-412036406,S2-438235722,S2-473015129,S2-545769155,S2-783345185,S2-894384835,S2-895030236,S2-958611293,S2-969254000,S2-997610957,S3-531048255,S3-704590786
S1-977485079	S2-407982476,S3-48538534,S3-557666584,S3-9219021
S1-977547052	S2-131872909,S2-260340810,S2-403646565,S2-413943080,S2-474535244,S2-58745992,S2-602532391,S2-613343223,S2-623758944,S2-752081733,S2-822714622,S2-850741800,S2-878448261,S2-989158977,S3-491846156,S3-528646559,S3-742091951,S3-768959898,S3-869127334,S3-882500760
S1-978927690	S2-108313987,S2-288074844,S2-32921581,S2-392244906,S2-419111400,S2-44549169,S2-454540421,S2-679025862,S2-695804918,S2-724775790,S2-859848018,S2-896731737,S2-901475067,S2-915212785,S2-977532332,S3-245187744,S3-402180854,S3-545962000,S3-847400927,S3-955330277
S1-979110211	S2-203063327,S2-249434995,S2-293053561,S2-344408497,S2-409068299,S2-452914054,S2-732543368,S2-732613830,S2-816095349,S2-852964651,S2-861132068,S2-877062093,S2-950334290,S3-300366647,S3-40742679,S3-544179339,S3-63343748,S3-809536951,S3-901074482,S3-907018942
S1-979121565	S2-109387539,S2-146382194,S2-475217843,S2-476508846,S2-512572178,S2-515193652,S2-538327530,S2-618705058,S2-631693427,S2-641100149,S2-643308876,S2-793749751,S2-886553223,S2-887639353,S2-89176478,S2-950589172,S2-97744351,S2-994074837,S3-135397073,S3-612859415
S1-979972535	S2-306156573,S2-404232285,S2-431992529,S2-443662930,S2-448096501,S2-501017906,S2-563045717,S2-584850267,S2-60020387,S2-650696820,S2-777859189,S2-962708693,S3-178341303,S3-220482142,S3-389266711,S3-421292247,S3-523768207,S3-617770696,S3-793706812,S3-943744744
S1-980151589	S2-209832751,S2-223117200,S2-26324258,S2-304155364,S2-349434752,S2-354230116,S2-629185876,S2-632659490,S2-696956235,S2-706615728,S2-802198494,S2-823869687,S3-150799188,S3-256340029,S3-499715732,S3-747828951,S3-806210077,S3-859666578,S3-886031599,S3-920671048
S1-980181631	S2-136620539,S2-18394219,S2-186509085,S2-234381814,S2-247572689,S2-409546504,S2-426136724,S2-579150001,S2-664755818,S2-682145673,S2-708430934,S2-814853152,S2-862540800,S2-872213594,S2-962347602,S2-984241859,S3-426443055,S3-646915566,S3-694523943,S3-94415865
S1-980430745	S2-120401610,S2-274246290,S2-308219708,S2-371438130,S2-470376661,S2-50248816,S2-530109750,S2-606758595,S2-89349334,S2-904984460,S2-923271726,S2-980915678,S3-20432535,S3-7248288,S3-837567690,S3-847627785,S3-920294058
S1-980715794	S2-138409108,S2-824601524,S2-847455004,S3-903243793
S1-982659467	S2-124004347,S2-205505639,S2-234537205,S2-240314871,S2-277586168,S2-313709262,S2-344720223,S2-367097323,S2-479002090,S2-574532965,S2-720057792,S2-809206937,S2-882819261,S3-234931047,S3-361470430,S3-418232358,S3-423985193,S3-638538655,S3-652795729,S3-855378867
S1-983517685	S2-276521848,S2-472271523,S2-506493505,S2-74150559,S2-819390000,S2-84795979,S2-975218128,S3-193978043,S3-206428211,S3-379674305,S3-409575059,S3-437043882,S3-589133767,S3-620350741,S3-679875729,S3-796523309,S3-809467835,S3-82363622,S3-869665143,S3-901199742
S1-984151511	S2-125888440,S2-223078161,S2-363119399,S2-4676217,S2-878035811,S3-155601010,S3-171959665,S3-244900928,S3-310136526,S3-49521875,S3-631118353,S3-732639156,S3-745094101,S3-771945995,S3-878731491,S3-945639749
S1-984334227	S2-203296597,S2-206336041,S2-23157393,S2-296061145,S2-303458632,S2-316215063,S2-444276474,S2-461504158,S2-507189553,S2-580571042,S2-676208437,S2-700462260,S2-727949976,S2-862876636,S2-954878499,S3-183354936,S3-514459412,S3-544294982,S3-859300331,S3-983769284
S1-984644108	S2-137658355,S2-166662311,S2-211389639,S2-345917206,S2-358578952,S2-414011287,S2-439072420,S2-484427273,S2-598788762,S2-693383953,S2-803074201,S2-828388778,S2-845362212,S2-895531443,S2-988430985,S2-992673515,S3-299481934,S3-663865413,S3-674281940,S3-812799298
S1-985571308	S2-164580643,S2-649380298,S2-821384489,S3-39539585,S3-978109005
S1-985647673	S2-104152550,S2-148893012,S2-258490629,S2-280110711,S2-374987669,S2-49706689,S2-539778054,S2-629879965,S2-762121909,S2-942080423,S3-181500291,S3-207848669,S3-211400861,S3-356517657,S3-399542129,S3-425762648,S3-525016457,S3-564379014,S3-761909140,S3-844884420
S1-985835182	S2-102704852,S2-154479629,S2-154655572,S2-321398182,S2-333018724,S2-341509369,S2-349303228,S2-380483491,S2-428604792,S2-502866969,S2-551502726,S2-622624356,S2-626930611,S2-75721696,S3-280540769,S3-421040440,S3-534201190,S3-552637744,S3-573747509,S3-897394165
S1-986669870	S2-182145854,S2-224909884,S2-299199064,S2-301551130,S2-371999426,S2-384139362,S2-411317921,S2-446585847,S2-480672999,S2-492031103,S2-499755795,S2-528310583,S2-568385282,S2-64271083,S2-726966483,S2-789874976,S2-806620029,S2-872581562,S2-910209862,S3-933668196
S1-986963416	S3-292293787,S3-512538249,S3-702308544,S3-742517446
S1-987350033	S2-145521404,S2-27986137,S2-310613953,S2-344471295,S2-39079223,S2-39401964,S2-399449669,S2-457500956,S2-574914445,S2-619859806,S2-625369101,S2-716687956,S2-716961117,S2-827698854,S2-866650875,S2-92868774,S3-226614932,S3-238449972,S3-810044069,S3-86168711
S1-987504936	S2-188875474,S2-368752494,S2-384027720,S2-408784551,S2-555319294,S2-560833437,S2-58681969,S2-613012191,S2-61330089,S2-812643664,S2-835057637,S2-962425485,S2-992974200,S3-320886220,S3-549031458,S3-755254569,S3-854560332,S3-857255905,S3-866342507,S3-951093197
S1-987781977	S2-116608726,S2-140308377,S2-157392665,S2-232805709,S2-256286125,S2-300559990,S2-430637914,S2-455869609,S2-499800725,S2-517784434,S2-590829133,S2-609082683,S2-624817728,S2-626929665,S2-673151003,S2-707823545,S2-743268245,S2-854459566,S2-91953344,S3-836951677
S1-987949575	S2-615025513,S3-629623013,S3-796948821,S3-834937201
S1-987955457	S2-300142195,S3-775541854,S3-904991708
S1-988018672	S2-118711492,S2-211582523,S2-224980295,S2-225137710,S2-26875061,S2-284501015,S2-330590810,S2-330620265,S2-414001305,S2-416732076,S2-458658981,S2-662947850,S2-74992830,S2-865745597,S3-127308047,S3-202084154,S3-693316961,S3-818731391,S3-83459445,S3-853080146
S1-988323357	S2-266924851,S2-502065858,S2-634994990,S2-662829547,S2-676001136,S2-694958490,S2-879132778,S2-887076586,S2-893222499,S3-298048067,S3-361589652,S3-450821651,S3-520390316,S3-534717086,S3-674808390,S3-723516156,S3-886778920,S3-975441271
S1-98835800	S2-322431432,S2-44102931,S2-462481915,S2-496500351,S2-547157155,S2-598068208,S2-660368284,S2-784814442,S2-852081459,S2-904249559,S3-172806340,S3-174635996,S3-189577862,S3-242059178,S3-327708132,S3-435959093,S3-471474165,S3-682179027,S3-687882373,S3-802823493
S1-988407926	S2-176871458,S2-221739123,S2-243092207,S2-318095919,S2-450847341,S2-502031516,S2-518409826,S2-569515778,S2-626907968,S2-631283192,S2-634770470,S2-721443742,S2-776594671,S2-917950737,S2-947318362,S3-111094828,S3-250231571,S3-586775546,S3-722860600,S3-776589914
S1-988508312	S2-940613178,S3-509098138
S1-991683922	S2-116176721,S2-159670832,S2-170054977,S2-17907199,S2-434203868,S2-480072917,S2-496115560,S2-603498311,S2-606891597,S2-643916895,S2-660249694,S2-664148958,S2-688213504,S2-762437611,S2-799928961,S2-827197931,S3-404467779,S3-49959813,S3-662368140,S3-692785314
S1-991938486	S2-185654339,S2-298971264,S2-419311172,S2-465103316,S2-501294537,S2-557977478,S2-584007796,S2-596489524,S2-623626120,S2-631547814,S2-69608051,S2-736136155,S2-77923546,S2-878371458,S2-891866247,S2-921274176,S2-924735326,S2-938612654,S3-348747379,S3-566844208
S1-992375511	S2-302055590,S2-629104884,S3-225337916,S3-226399651,S3-241945560
S1-992538093	S2-241643735,S2-311879305,S2-339680178,S2-356552545,S2-383115169,S2-402548315,S2-467447273,S2-588828600,S2-59655111,S2-659496238,S2-683588684,S2-698953472,S2-709098295,S2-785171733,S2-820471246,S2-88404845,S2-911154739,S2-986189127,S2-987130079,S3-311179784
S1-993114302	S2-120380034,S2-146831817,S2-182946969,S2-189892225,S2-337248471,S2-390412249,S2-41400869,S2-465364488,S2-530493518,S2-56915992,S2-6231296,S2-638817851,S2-690344024,S2-777730349,S2-810776331,S2-818064222,S3-103405689,S3-114666913,S3-519820872,S3-535843615
S1-99318528	S2-742967184,S3-713996203
S1-993485944	S2-382960175,S2-518409826,S2-656918396,S2-743928501,S3-157002874,S3-298535563,S3-425478355,S3-680139301,S3-742685910
S1-993546624	S2-115244212,S2-193793613,S2-239035791,S2-398574724,S2-539166987,S2-664427474,S2-942219557,S3-334805047,S3-735174194,S3-740167153
S1-993637114	S2-147973949,S2-162849450,S2-166385937,S2-17364326,S2-187600650,S2-225690672,S2-231942361,S2-28920926,S2-312372957,S2-406794851,S2-42284542,S2-428985968,S2-540105563,S2-548049276,S2-69512255,S2-743251605,S2-787819112,S2-846938440,S2-936304028,S3-770787678
S1-993699642	S2-1113619,S2-448920270,S2-489317804,S2-610910391,S2-734125752,S3-187480261,S3-31834927
S1-993834689	S2-182606663,S2-218613949,S2-238594418,S2-358940106,S2-359437654,S2-448693374,S2-449766724,S2-453488966,S2-564951591,S2-883385715,S3-18092068,S3-24249839,S3-437319899,S3-456560162,S3-460135755,S3-52378973,S3-551638572,S3-556100040,S3-740382083,S3-857108557
S1-994179402	S2-116608726,S2-128766561,S2-140308377,S2-17860697,S2-225100350,S2-384300871,S2-560430085,S2-599533632,S2-707823545,S2-743268245,S2-824427833,S2-920817831,S2-928493776,S3-252749978,S3-360600296,S3-545356328,S3-741719955,S3-803092797,S3-864388390,S3-969089882
S1-995650011	S2-32175184,S2-399846825,S2-515386320,S2-536514418,S2-545170119,S2-613204180,S2-633470468,S2-723598714,S2-857300699,S2-887383048,S2-908562469,S2-92147276,S3-127357302,S3-161336442,S3-306949872,S3-314942550,S3-571653335,S3-598438595,S3-911625149,S3-918421247
S1-9960959	S2-160247946,S2-173498103,S2-375867225,S2-431156434,S2-558750626,S2-673921623,S2-738952441,S2-890647761,S2-892419737,S3-102780739,S3-113453925,S3-190551489,S3-285904046,S3-306775968,S3-385676490,S3-681105613,S3-750937686,S3-810748961,S3-925655804
S1-996724514	S2-168230527,S3-231383052,S3-584718148,S3-728383244
S1-996736211	S2-539929057,S2-596349443,S2-727424489,S3-754726317,S3-841542601
S1-997230723	S2-14697946,S2-435320924,S2-489473096,S2-504527920,S2-524078223,S2-535258252,S2-608886373,S2-621473436,S2-711514278,S2-872319713,S2-886359416,S2-95424985,S2-975896498,S2-978095463,S3-1645462,S3-902173888,S3-934579337,S3-966326533,S3-966681755,S3-974264287
S1-997410591	S2-105898926,S2-186918703,S2-215169300,S2-22775099,S2-246540812,S2-272524011,S2-362329289,S2-415834554,S2-534906411,S2-645121293,S2-680723758,S2-694064827,S2-867359249,S2-87345102,S2-915202445,S2-945085407,S2-982202753,S3-332361882,S3-719452923,S3-979015337
S1-997576573	S2-492182740,S2-567800173,S2-733943635,S2-825487118,S2-830436713,S2-835362223,S2-975023541,S3-150475162,S3-157028716,S3-185808197,S3-192752392,S3-244698333,S3-375490924,S3-439327070,S3-539865899,S3-59457903,S3-637280595,S3-669020425,S3-677610536,S3-870566406
S1-997722774	S2-152589804,S2-166938753,S2-245970377,S2-263989298,S2-264940990,S2-364118949,S2-375867225,S2-38453631,S2-518608036,S2-596045920,S2-664252587,S2-680323770,S2-808728262,S2-904488870,S2-98141027,S2-983439720,S3-490617033,S3-549869741,S3-647633805,S3-969057285
S1-998858422	S2-71259520,S2-727768378,S3-283958969,S3-635720961
S1-999886855	S2-225879061,S2-26932569,S2-33293565,S2-703829945,S2-77225297,S2-802204117,S2-894819779,S2-938778735,S2-986162552,S3-144698688,S3-211908905,S3-453034037,S3-536879193,S3-590431438,S3-679839256,S3-719244517,S3-759097832,S3-814310860,S3-863911985,S3-89114027
S1-999954968	S2-122293440,S2-133664622,S2-348990518,S2-391091068,S2-593645591,S2-596520145,S2-879330978,S2-931975453,S2-943601769,S2-949253578,S2-978756288,S3-128470458,S3-248959357,S3-287008822,S3-332442906,S3-384316033,S3-575021,S3-588845584,S3-621421309,S3-840242007
