source1_entity_id	matched_entity_ids
S1-100129706	S2-439385504,S2-550106255,S3-632361512,S3-671868174,S3-737986793
S1-100210233	S2-508824936,S2-576398485
S1-100346744	S2-152251805
S1-100350753	S2-294843705,S2-334686185,S2-796125550
S1-100642964	S3-328378749
S1-101266685	S2-308683596,S3-553356070
S1-101352059	S2-418604050,S2-619887817,S3-21925395,S3-228555521,S3-924426571
S1-102011776	S2-751105332,S2-844801455,S3-185751966
S1-102086459	S2-374302493,S2-486557375,S3-210578825,S3-290869569,S3-986035189
S1-102837035	S2-79978274,S2-823497150,S3-131154783,S3-410089041,S3-66777114
S1-10326007	S2-578494629,S2-587615330,S3-345913154
S1-104098981	S2-106149927,S3-838012330
S1-104118882	S2-252499761,S2-797854416,S3-264044736,S3-674573480
S1-104296099	
S1-104594645	S2-167074341,S2-418022881,S2-877144844,S3-337212539,S3-369438690
S1-10508751	S2-992175639,S3-181423519,S3-481856951,S3-91992900
S1-105108299	S2-561706368,S2-565839675,S2-740744232,S2-916266589,S3-504014006,S3-999107404
S1-105225848	S2-365673230,S2-706615728,S3-150799188
S1-105323722	S2-367161693,S2-479447417,S2-532993849,S3-283308763,S3-533281356,S3-61308568
S1-105397164	S3-586022416,S3-812058821
S1-105443008	S2-22414077,S3-733018517
S1-105695502	
S1-106006826	S2-89368578
S1-107994810	S2-640101270,S2-873749238,S3-195140716,S3-758852260,S3-762593422
S1-108402143	S2-252659819,S3-229726643
S1-108453890	S2-51928183,S2-526748973,S2-781895511
S1-108944615	S2-223515387,S2-323428633,S3-228691682,S3-677310776,S3-756527167
S1-109085390	S2-284571490,S3-975299865
S1-109141649	S2-319360166,S2-49256482,S2-904947630,S3-437542880
S1-10973642	S2-369923947
S1-109863871	S2-549370648,S3-241912666,S3-389181788,S3-891589807,S3-946561656
S1-110995990	S2-36452438,S2-714690773,S3-228754396,S3-396922385,S3-431544175
S1-111123222	S3-737881675
S1-111327051	S2-134401967,S2-269059305,S2-648807717,S2-962295223,S3-813037961,S3-835916796
S1-111714592	S2-125716438,S2-318409712,S3-515570940,S3-554050933,S3-723036124
S1-111837239	S2-146424888,S2-340836507,S2-500272459,S3-776466162,S3-781951483
S1-112047403	S2-3538374,S2-95272451,S3-281733946
S1-112548959	S2-774166468,S3-387264136
S1-11299178	S2-659060313,S3-207418064,S3-815914784,S3-86925867
S1-113101385	S2-199285904,S3-127600405,S3-921452698
S1-11321037	S2-818399159,S3-106616554,S3-851940035
S1-113631740	S2-148011363,S3-19952258,S3-889660399
S1-113688449	S2-221896256,S2-999082686
S1-113724945	S2-15672083,S2-385302022,S2-833317600,S3-559661145,S3-653540904
S1-113776365	S2-178415956,S2-955449228,S3-76351052
S1-114592033	S2-303669261,S2-724232719,S3-329707918,S3-399579763,S3-903326419
S1-114828621	S2-107807034,S2-269476982,S2-568273123,S2-674350913,S3-523862829
S1-114971799	
S1-11533242	S2-478918747,S2-905675291,S3-480479400
S1-11564836	S2-467632589,S2-786997557,S2-929989371,S2-993979742,S3-155684541
S1-115694324	S2-233479406,S2-758198482,S2-819775720,S3-237649282
S1-115885048	S3-302901311
S1-116221718	S2-550124221,S2-922367506,S3-91113654
S1-116494848	S2-229177914
S1-11718796	S2-266945087,S3-370833620
S1-117709058	S2-762584174,S3-492985058
S1-118280857	S2-423363501,S2-795863701,S2-878936066,S3-495368258
S1-118340831	S2-206336041,S2-46053319,S2-507189553,S3-524478467,S3-587172563
S1-118843999	S2-831812303,S3-992323185
S1-118851232	S2-718804062,S3-962189358
S1-119193006	S2-279430052,S2-872945776
S1-119794959	S2-15530689,S2-356747273,S2-369019289,S2-616531243,S3-364379664,S3-76909856
S1-120117580	S2-731188349,S3-410024930,S3-872812315
S1-120943089	S2-470293412,S3-733962151
S1-12122570	S3-192953072,S3-366203115
S1-121487651	S2-431529113,S2-542305368
S1-122521591	S2-22140912,S3-631158407
S1-122957546	S2-565234292,S3-29265636
S1-123123972	S3-388370977,S3-682161926,S3-810926531,S3-830909499
S1-123741037	S2-485035907,S2-636323678,S2-744858978,S3-390263132,S3-861736313
S1-123900796	S2-474213434,S2-840424904
S1-124260471	S2-113777035,S3-474563763
S1-124397883	S2-204440662,S2-259721793,S2-627173602,S2-715100747,S2-954393928,S3-263414167,S3-439749964
S1-125514728	S2-994565920,S3-215110401,S3-80190676,S3-809538991
S1-126786930	S2-294301078,S2-294523494,S3-51595930
S1-127952019	S2-598943699
S1-128655983	S2-811705686,S2-82550105,S2-88788553
S1-129160541	
S1-129508632	S2-525779606,S2-571677037,S2-685582228,S2-844320636,S3-892805419
S1-129773442	S2-122753797,S2-787423537,S2-883429453,S3-136853984,S3-261616918,S3-95523164
S1-130671366	S2-315629244,S2-367955030,S2-601271914
S1-130982080	S2-72853812,S3-123216236,S3-33157900
S1-13144318	S3-640662581,S3-874299143
S1-131743344	S2-377040493,S3-214524251,S3-796211368
S1-132313006	S3-898838479
S1-132482993	S2-747024488,S2-906258243,S3-288606342
S1-13283051	S2-265434201,S2-486873163,S2-762709371,S3-976982296
S1-133915171	S2-185311829
S1-134392146	S2-28860511,S2-439359515,S3-335133966,S3-703831548
S1-135122325	S2-396356353,S3-211999309,S3-740289168,S3-755319116,S3-836767838
S1-135814625	S2-305919782,S2-689711759,S3-104340740,S3-150082420,S3-274529131
S1-136084158	S2-696193074,S3-861327605
S1-138611702	S2-48668739,S3-498147398
S1-138726700	
S1-138808670	S2-710511450,S2-815766161,S3-122575966
S1-139739297	S2-246498070,S2-495384893,S3-935399782,S3-967924053
S1-140074418	S2-307728376,S2-313170802,S2-671623096,S3-337466079,S3-485601899,S3-928473942
S1-1416052	S2-172764601,S2-201704259,S3-193584716,S3-290107329,S3-669831642
S1-141830195	S2-128147026,S2-354198944,S2-725901374,S2-876079406,S3-174587201
S1-142096840	S2-12194610,S2-391874146,S3-451771387
S1-142241227	S2-314515447,S2-88364168,S2-904816498,S3-147491579,S3-402097402
S1-142251226	S2-793086231,S2-925052382,S3-205805063,S3-544738052,S3-821546724
S1-14279385	
S1-142878979	S2-190679987,S2-567639596,S3-223891475,S3-337741807,S3-920397229
S1-142938397	S2-235090433,S3-131679574,S3-957965308
S1-143243978	S2-377309045,S2-763620617,S3-521017070
S1-143449981	S2-521735477,S3-143879192,S3-351174794
S1-14379958	S2-406852971,S3-50213890,S3-604888652
S1-143981469	S2-199616095
S1-144040761	S2-411140728,S2-606721038,S2-676688328,S2-932453355,S3-159507299,S3-360778087,S3-621292235,S3-800325620
S1-144335350	S2-189311612,S2-679698570,S2-801643827,S2-979301147,S3-330886291,S3-744079284,S3-747273125
S1-14437205	S2-181833408,S2-561069477,S3-460597185,S3-667040695,S3-699601583,S3-792883119
S1-145305115	S2-169943107,S3-516680935,S3-703717566,S3-983283706
S1-145754846	S2-703027047,S3-589550675
S1-146298404	S3-983465121
S1-146984213	S2-255189147,S2-661531201,S3-529852329
S1-147180559	S2-328112326,S2-477636878,S2-60572542,S3-476189938
S1-147527853	S2-403252824,S2-443505663,S2-696938516
S1-147802381	S2-726900452
S1-147901597	
S1-148171096	S2-135429782,S2-312111316,S3-651623107
S1-148629844	S2-407840267,S2-91149579,S3-317941708,S3-712630295
S1-148894944	S3-632417878,S3-851831444
S1-148913784	S2-346140013,S2-864072799,S3-671308525
S1-149471624	S2-383900783,S2-958862682,S3-837473827
S1-149569580	S2-195097491,S2-331329964,S3-526762500,S3-590689466,S3-654065357
S1-149721265	S2-863138978
S1-149735676	
S1-149739118	S2-507495001,S2-786332412,S3-383809534
S1-150104469	
S1-15011738	S2-493584116,S2-799669832,S2-963160707,S3-209234895,S3-82612940,S3-889728965
S1-150242463	
S1-150392435	S2-887253067,S3-834203448,S3-914768850
S1-150412667	S2-363947029,S3-309700735
S1-150498332	S2-586759014,S2-954872120,S3-153858340
S1-151309334	S3-410426635,S3-422503384
S1-151994749	S2-390691283
S1-15212436	S2-459787348,S2-46760361,S2-838894033,S3-71159165
S1-152142057	S2-162252950,S2-843090416
S1-152446870	S2-309868864,S2-444146151,S3-12379105,S3-680870032
S1-15245717	S2-492923203,S2-747757843,S3-673543774,S3-692479308,S3-723048015
S1-153037379	
S1-153934138	S2-366094830,S2-711132492,S2-716176912,S3-57423791
S1-154233324	S3-657243012
S1-154340969	S2-786594410,S3-161157928,S3-223245851
S1-155283243	S2-163744124,S2-364562753,S2-481762857,S3-679402596
S1-155370148	S2-232636366,S2-255795892,S3-599630165,S3-782891457,S3-845538935
S1-155961933	S2-37909536,S2-964698793,S3-271356959,S3-419846142,S3-934630728
S1-155980238	S2-135464634,S3-881399630
S1-156242473	S2-63147195,S3-111269110,S3-926031154
S1-156932250	S2-634612231,S2-828508726,S3-378028547
S1-157202141	S2-203039196,S2-225881250,S2-970685340,S3-464325971,S3-707759953
S1-157878904	S2-657935965,S3-446732974,S3-560528292,S3-7234941
S1-157995327	S2-336818598,S2-456398923,S2-47412762,S3-891607163
S1-158346537	S2-863194022,S3-182094352,S3-669261133
S1-158387127	S2-489200537,S2-697927683,S2-772671903,S2-967439415,S3-138450188,S3-49059787,S3-621776775,S3-769969670,S3-810410639
S1-158588636	S2-443885313,S2-97880250,S3-26986743,S3-303306015,S3-540369676
S1-159632871	S2-371580721,S2-751109032,S3-142835549,S3-720469639
S1-160159066	S2-94212020,S3-447131564,S3-537869176,S3-877070928
S1-160321012	S2-263873421,S2-882337068,S3-277022192
S1-16065629	S2-279002361,S2-875292214,S2-965464662,S3-392313831,S3-590941398
S1-160741949	S2-654054626,S3-890604425
S1-160824345	S3-525103154
S1-16109380	
S1-161317494	
S1-162051305	S3-159396202,S3-567450039
S1-162283082	
S1-162468372	S2-435071100,S3-455631491,S3-559384627,S3-798411249
S1-162493965	S2-259649179,S2-580934304,S3-131361785,S3-227723873,S3-571924487
S1-163139752	S2-697695367,S3-101807943,S3-469902805
S1-163271343	S2-514302848,S3-393013404
S1-163886921	S3-12441362,S3-453740441,S3-951613489
S1-164617859	S2-880860869,S2-920882411,S3-941479230
S1-164864013	S2-403624712,S2-768257026,S3-504659064,S3-740351115
S1-165312080	S2-175254346,S2-61293282,S2-702377996
S1-165766028	S2-98317242,S3-25147613,S3-636928145
S1-166366123	S2-797731389,S2-816519179,S3-165660890,S3-933765254
S1-167836172	S3-721386518,S3-934209921,S3-949136317
S1-16869024	S2-930028804,S3-1919529
S1-168921333	S2-491495530,S2-539667307,S2-670002901,S3-177871084,S3-516719901,S3-913263861
S1-169163020	S3-929187825
S1-169560090	S2-226542182,S3-123264098
S1-169836370	S2-632966763,S3-619759767
S1-170185434	S2-94416201,S3-282082530,S3-712898415,S3-7627736,S3-8228578
S1-170339517	S2-154640572,S2-208452578,S3-612776481,S3-668209162,S3-979998964
S1-171180928	S3-122258916,S3-737696707
S1-171746964	S2-444197657,S2-55593665,S3-531227083,S3-949538929
S1-172013613	S2-732907368,S3-976103396
S1-172092886	S2-320976579,S3-527754042,S3-85183848
S1-172364706	S2-290956115,S2-36699476,S2-463514876,S3-653914466,S3-765888171,S3-813437491,S3-996218525
S1-172484403	S2-308424488,S2-915290378,S3-53384194
S1-172744702	S2-63437932,S2-680776344,S3-195147992
S1-172941696	S2-136750670,S2-224282751,S2-438310026,S3-459626105,S3-870702600
S1-172960633	S2-649863166,S3-132076455,S3-292089074,S3-706887146,S3-74650934,S3-751735107
S1-173046747	S2-718436019,S2-99146507,S3-18816039,S3-452769590,S3-959207846
S1-173481311	S2-594689006,S3-156348094
S1-173535786	S2-874141669,S3-387267184
S1-173682829	S2-45672082,S2-57283693,S2-691182163,S2-71964677,S3-740304515
S1-173726535	S2-286805960,S2-356426402,S3-709487398,S3-866651018
S1-174121485	S2-668778525,S3-574006022
S1-174389654	
S1-174771066	S2-70544488,S3-673533345,S3-715019365
S1-175023310	S2-247077546,S2-980392279,S3-848262654
S1-175401623	S3-705288427
S1-177006999	S2-551487902,S2-789377888,S3-611361505,S3-657564080,S3-917810362
S1-177012996	S2-221037691,S3-736851512,S3-77207139
S1-177487515	S2-820228435,S3-344677281,S3-998540834
S1-177489892	S2-309291337,S2-721032777,S2-982155730,S3-53190744,S3-757057433,S3-765237727
S1-178422309	S2-458350720,S3-432524319
S1-178678204	S2-836912450,S3-669222292,S3-751266801,S3-90347906
S1-179032114	S3-200877566
S1-179418177	S2-311537785,S2-928186457,S3-519712569
S1-179678319	S3-827245629,S3-844427483
S1-17976750	S2-108541843,S2-257944193,S3-166050610,S3-387715718
S1-180252799	S2-154347722
S1-181314937	S3-245666353,S3-44579765,S3-51059320,S3-837194302
S1-181594312	S2-635148681,S2-648317392,S3-857606945
S1-181908411	S2-360388018,S3-730046363
S1-182862234	S3-535177354,S3-651610893,S3-740478288,S3-894926849
S1-183484726	S2-934350943,S3-667448358
S1-183539397	S2-949950878,S3-50483905
S1-183857691	S2-808610334,S3-264605205,S3-668447572
S1-185163011	S2-808481913,S3-223834910
S1-185225180	S3-561370731,S3-629704251
S1-185283319	S2-198573916,S2-222479982,S3-370359963
S1-185286754	S2-2035276
S1-187473358	S2-694421827,S2-748675886,S3-873159607
S1-18842801	S2-252156394,S2-313811953,S2-35711158
S1-188580931	S2-79020232,S3-141474812,S3-609581378,S3-717063779,S3-754319922
S1-189100679	S2-369447098
S1-189572306	S2-169100619,S2-537582289,S3-227037942,S3-416340241
S1-189837581	S2-856008986,S2-92742130,S3-497156060,S3-624194271,S3-674593207,S3-97657095
S1-189961062	S3-234627339,S3-424398723,S3-83056185
S1-191105000	S2-179471610,S2-558507139,S3-123670963,S3-399504614,S3-657994393,S3-893206766
S1-191316593	S2-107876450,S2-53427779,S2-95245184,S3-429262525,S3-478527548,S3-69965441,S3-747094527
S1-191322990	S2-16971292,S3-184220961,S3-511786699
S1-191458009	S2-822338513,S3-793091985,S3-945220594
S1-191741117	S2-255050122,S2-413365902,S3-104503238,S3-461282905,S3-581947288
S1-192475854	S2-620734885
S1-192580162	
S1-192942063	S2-48864703,S2-977529610,S3-559871408
S1-192979836	S2-73836611,S3-820551296
S1-193537273	S3-445358129,S3-486819522
S1-193696104	S2-327349759,S3-507495798,S3-686375681
S1-193996294	S2-296324384,S2-681156890
S1-194135710	S2-337967601,S2-479515657,S3-338192874,S3-574293703,S3-984562352
S1-194517227	S3-53027652
S1-194636320	S2-392524018,S2-816905882,S3-210332875
S1-194945687	
S1-195437238	S2-37252010,S2-825284038,S3-107202137,S3-177278144,S3-601110613,S3-642158704
S1-195649555	S2-466017431,S2-490368290,S2-659566506,S3-218594658,S3-437859865
S1-19579823	S2-454833628,S2-667115022
S1-196616325	S3-142013655,S3-432919001
S1-196806407	S2-13416435,S3-130467621,S3-286215499,S3-491074178
S1-197107423	S2-611556831,S2-759537509,S2-764361226,S3-14567404,S3-319614782
S1-197471630	S3-860756083
S1-198313040	S2-17871596,S2-763978260,S3-490728775,S3-491179064
S1-198427863	S2-579424070,S2-628339805,S2-823956305,S3-183653594,S3-560416735
S1-198995610	
S1-199132891	S2-266944177,S2-439092812,S3-145955358
S1-199285442	S2-554896252,S2-714132022,S3-237213254
S1-199666147	S2-210298685,S3-252083874,S3-462394355,S3-641083501
S1-200092499	S2-503644170,S2-872118692,S2-935726283,S3-144642972
S1-200207340	S2-14803387,S2-898482839,S3-905844957
S1-200377984	S2-505531145,S2-6528038,S2-789510322,S3-15786625,S3-210924395,S3-216800194
S1-200478923	S2-196741372,S2-692313332,S2-923534511,S3-556912037,S3-662500378,S3-665856758
S1-200623599	S2-374312103,S2-535747344,S3-794676114
S1-200630963	S2-65269274,S3-980639646
S1-200852652	
S1-201661687	
S1-201694273	S2-226196338,S3-106278634
S1-202091354	S2-106069352,S2-237622934,S2-409478123,S2-760470659,S2-849614446,S3-729675252,S3-98136478
S1-203453562	S2-63983150,S3-461185136,S3-856433662
S1-203469676	
S1-203570975	S2-137751566,S2-549723183,S3-148226342,S3-644242031
S1-203637844	S2-315548151,S2-507813798,S3-787530047
S1-20364009	S2-606686414,S3-153056391,S3-42432163
S1-203832513	S2-183419732,S2-398699754,S2-715226963,S3-446502953,S3-893551505
S1-205002411	S3-10866486,S3-597907671,S3-637639103,S3-835407522
S1-20599962	S2-188270312,S3-177660190
S1-206015699	
S1-206501477	S2-291202715,S3-372802939,S3-890782196
S1-207492447	S2-405456854,S3-413802208,S3-872937925
S1-208267131	S2-236875656,S3-77979607
S1-208809223	S2-306658207,S3-422395513
S1-209011742	S2-489334644,S3-537317193,S3-759909274,S3-920204350
S1-209843107	S2-420066966,S2-630228385,S3-307895141,S3-337927959
S1-209882094	S2-15952592,S2-505831858,S3-226329943,S3-733925220
S1-210415461	S2-487335322,S3-433811607,S3-91246912,S3-960652319,S3-969866711
S1-210532132	S2-927663304,S3-148222042
S1-211398477	S2-196327477,S2-43275665,S2-479447417,S2-782519972,S3-981975951
S1-211934871	S2-155509489,S2-342936596,S2-546325958,S2-58517035,S2-999296776
S1-212073861	S2-194846473,S3-899064207,S3-911136000,S3-973585309
S1-212140664	S3-22506441,S3-268996648,S3-277423664
S1-212364380	S2-778189941,S3-436579886,S3-943684383
S1-213806970	S3-361749708
S1-214172435	S2-610058983,S3-365530541,S3-727376678
S1-214744549	S3-103444449,S3-186338165,S3-311874787
S1-215046608	
S1-215732609	
S1-216270999	S2-346746350,S3-661815888
S1-216365170	S2-369773860,S2-403255653,S2-57487454,S3-628280868
S1-216455882	S2-563465977,S2-783020904,S2-8586450,S2-93921838,S3-126715149,S3-441672344
S1-216582137	S2-123857029,S2-287107671,S2-520229187,S3-581649360,S3-602777603,S3-654508342
S1-217133726	S2-22073968,S2-99785168,S3-120789944,S3-642660465,S3-644414383,S3-648462550
S1-218035104	S2-769625185
S1-218338073	S3-266586883,S3-334534536,S3-770241457
S1-219602472	S2-881574008,S3-316227241
S1-220317183	S2-102760423,S2-165189958,S2-576274263,S2-701519184,S2-731066514,S3-870820963
S1-2203262	S2-345085986,S2-650065263,S3-374317154,S3-414252057
S1-221062037	S2-914237649,S3-349444138,S3-633736190,S3-874967950
S1-221410530	S2-124004347,S2-199687885,S2-318528393,S2-444776195,S3-842048756
S1-222022183	S3-453327020,S3-941432422
S1-222253707	S2-733506127,S3-384648899,S3-676882198,S3-957571677
S1-222720669	S2-226590796,S2-515035310,S3-844724368,S3-853221149
S1-223027549	S2-170560685,S2-842831301,S3-916613684
S1-223473124	S2-155377805,S2-875658177,S2-93785778,S3-315998613,S3-555051183,S3-691957371,S3-706956590
S1-223792817	S2-297647832,S2-763525267,S3-10150847,S3-368290993
S1-223914582	S2-118672426,S2-916788043,S3-750456594
S1-224156024	S2-743951385,S2-74614444,S2-81477151,S3-342769950,S3-991832119
S1-224381827	S2-432578158,S3-816012602,S3-865015079
S1-2244039	
S1-225366227	S2-880854755,S3-430426570,S3-450835381
S1-225959889	S2-334118163,S2-364802372,S3-465595994
S1-22628460	S2-405026547,S3-31594640,S3-549956359
S1-226885090	S2-105039107
S1-227336253	S2-208698734,S3-766431428,S3-987794649
S1-227708080	S2-904771746
S1-227844526	S3-600416325,S3-713174113
S1-228089971	S2-581840363,S3-585699727
S1-228265957	S2-564959416,S3-898514257
S1-228498259	
S1-228564024	
S1-229319780	S2-525862775,S3-74729517
S1-229462685	S3-50049826,S3-716413228
S1-229609796	S2-689068897,S3-114657677,S3-583345750,S3-708873064
S1-229851872	S2-293516439,S2-296031262,S2-488010217,S2-564946900
S1-229878337	S2-188459904,S2-836941605,S3-386555785,S3-590477090,S3-64054303
S1-229920134	S2-388458915,S2-728829589,S3-301414925,S3-589455105,S3-64602464
S1-23060821	S2-255846389,S2-668446303,S2-960664291,S3-100980763,S3-965628222,S3-974937973
S1-230703507	S2-274338099,S3-894801498
S1-230973627	
S1-231040006	S2-204420156,S2-474068243,S2-785475309,S3-417375612
S1-23113563	S3-371758644,S3-855305899
S1-231299044	S2-435810918,S2-448931212,S2-560163469
S1-231373393	S2-12666334,S2-793895734,S3-477695411,S3-478832025,S3-627668074
S1-231519747	S2-234778405,S3-361050163,S3-384345362,S3-603034957,S3-717834897
S1-231779090	S2-707674451,S2-719412549,S2-806584345,S3-449870824
S1-233131051	S2-274370043,S3-59615744,S3-602942047
S1-233776464	S2-24349396,S2-481240815
S1-23379989	S2-172091216,S2-597077635,S2-802987372,S3-135790654
S1-233857206	S2-126896976,S2-194488801,S2-58634274,S2-777889375,S3-699048139,S3-906164906
S1-234019110	S2-558118988,S2-784005958,S3-664734985,S3-702349106,S3-961231503
S1-234812128	
S1-235083574	S3-539695541
S1-235128950	S3-496857995,S3-520797255
S1-235616059	S2-188647999,S2-799819684,S2-884019399,S3-50074375,S3-847150763
S1-236181177	S2-927058142,S3-441161747,S3-806567727
S1-236711301	S2-27171655,S3-18249863,S3-897577695
S1-236892583	S2-26471419,S2-447330874,S2-983823212,S3-340683070,S3-968355111
S1-236925628	
S1-236947091	S2-856335421,S2-902623035
S1-237100381	S3-270483141,S3-506533636,S3-513173767
S1-23713023	S2-507945155,S2-872921623,S3-729069630,S3-979319113
S1-238219740	S2-312147959,S3-284092145
S1-238496452	S2-269981439,S2-297188338,S3-68855015
S1-23849827	S2-342243837,S3-33333918,S3-396884599,S3-669404524
S1-238586568	S2-598219150,S2-774522587,S3-992085846
S1-240339999	S2-67001508,S2-775682299,S3-166356294,S3-232466015
S1-240482859	S3-328188642,S3-355824864,S3-680519318
S1-240714793	S2-151738644,S2-56572598
S1-242719424	S3-314942550,S3-667592455,S3-957208005
S1-24277587	
S1-242964031	S3-507417538,S3-653173185,S3-681412334
S1-24309217	S2-262515073,S2-481640706,S2-753848160
S1-243463160	S2-442164330,S3-355956071,S3-647273690
S1-243700563	S2-145385470,S2-733099561,S3-267882049
S1-244162127	S2-979078370,S3-405770017
S1-244959590	S2-365298877
S1-245131798	S2-706319019,S3-240914769,S3-964959951
S1-24577591	S2-327834760,S2-784360759,S2-954598576,S3-567515152,S3-700207904,S3-743816018,S3-935879617
S1-246064369	S2-840299540
S1-247667049	S2-486012333,S2-518474375,S2-981051114,S3-186826220,S3-971798654
S1-247705144	S2-588589840,S3-179785673,S3-84280903,S3-961927571
S1-248263049	
S1-248284061	S3-297204366
S1-249230218	S2-553348694,S2-730268067,S3-606126256
S1-24927413	S2-436096969,S3-257076941,S3-412372200,S3-62570602
S1-250017435	S2-320828092,S2-435433424,S2-797056143
S1-250173894	S3-229863920,S3-489700155,S3-630674426,S3-786987579
S1-250700958	S2-348179564,S2-623379079,S3-450609807,S3-481172880,S3-514632884,S3-526833095,S3-850872702
S1-251332629	S2-12984799,S2-926550308,S3-116610051
S1-251695897	S3-474964747
S1-252242682	S2-456524607,S2-568363011,S3-527367881
S1-252276238	S2-438100724,S3-396716250,S3-701104933,S3-947651653
S1-252440227	S2-389546311,S3-352246064,S3-927462969
S1-253344412	S2-283735063,S2-874069724,S3-245002344,S3-282486133
S1-253740171	S2-147042952,S3-855243737
S1-253778754	S2-621323478,S2-890098384
S1-255425133	S2-23399797,S3-271941815
S1-255668114	S2-307237405,S2-62076840,S2-943106765,S3-215240816,S3-297936904,S3-303279797
S1-25632852	S2-636049045,S2-647070589,S3-82960936
S1-257686301	S2-688013533,S3-728270414,S3-854079978,S3-8919120
S1-257696504	S2-174216754,S2-174241131,S2-362306844,S2-925976161,S3-57171673,S3-73574366
S1-258881243	S2-393214628,S2-84881521,S3-339748317,S3-543988747
S1-258911830	S2-114450327,S2-445718105,S2-930168284,S2-970817785,S3-264377048,S3-477720201,S3-967891555
S1-259461874	S2-5096341,S3-235470772,S3-784007589,S3-826295606,S3-96660425
S1-26010911	S2-627709587,S3-234346922,S3-396846038
S1-260549170	S2-439176289,S3-594554477,S3-699687247,S3-731932797,S3-791904686
S1-261904361	S2-438826976,S2-483077696,S2-660963422,S3-378838298,S3-879886486
S1-262144775	
S1-263826118	S2-348901502,S2-701330271,S3-124054085,S3-222310348,S3-509014833,S3-758876495
S1-264095542	S2-333475694,S2-338703235,S2-732972587,S3-320666031,S3-536505228
S1-264885197	S2-323885855,S2-514027215,S3-149458374
S1-265342961	S2-395692015,S3-310935218
S1-265558447	S2-195757053,S2-282488575,S3-286801314
S1-265861537	
S1-266105813	S2-811308644,S3-606776919,S3-718917342
S1-266500418	S2-43331452,S2-685731157,S3-127133538,S3-230572490,S3-482941161,S3-519742414,S3-77021450
S1-266581569	S2-532559302,S2-795842754,S3-592581562
S1-266667469	S2-76978546,S3-139925354
S1-26768829	S2-390769620,S2-63860720,S2-744015851,S2-846732035,S3-479828624,S3-537193459
S1-267922037	S2-576831490,S2-714078030,S3-871168210,S3-918046447
S1-267930237	S2-325444002,S2-331781632,S3-526436211,S3-619735097,S3-622210521
S1-268272024	S2-107645637,S2-166805835
S1-268925673	S2-2298844,S2-394485232,S2-535723179,S3-421669991,S3-864505755,S3-99105756
S1-268940190	S2-354775462,S2-526506883,S2-760583490
S1-269030988	S2-121059266,S2-510698635,S3-166359313,S3-186477812,S3-646692273
S1-269475287	S2-69799633,S3-115733015,S3-745167035
S1-27004184	S2-707941717,S2-854060214,S2-885056678,S3-105796790,S3-299550970,S3-823331589,S3-82820996,S3-850210415
S1-270755886	S2-469839988,S2-963749638,S3-676903157
S1-271229348	S2-655860147,S2-989304386
S1-271345759	S2-79883983,S3-342094072,S3-42356006,S3-545818023,S3-562601746,S3-924814531
S1-27142686	S2-27741137,S2-993351818,S3-309536102,S3-814056415
S1-27157409	S2-377518608,S2-628207891,S3-211123170
S1-271635339	S2-811374772,S3-665575064,S3-731501632,S3-732423320
S1-272425314	S3-341818389
S1-273773030	S2-53224656,S2-823491712,S3-42537744,S3-820284673,S3-85484108
S1-273775136	S2-120662676,S2-156242046,S2-734047767,S3-134213095
S1-274638729	
S1-275521873	S2-141847484,S2-983673987,S3-297593379
S1-275846413	S2-543832275,S3-521364147,S3-761954388
S1-276145789	S2-368430906,S2-494142706,S3-471313232,S3-79489068
S1-276495678	S2-745312946,S3-346679254,S3-358866923
S1-276979471	S2-126950467,S3-273288389,S3-335402208,S3-418292661
S1-27719799	S2-439243470,S2-456418587,S2-656428044,S3-202815441,S3-871351390,S3-984636064
S1-278061358	S2-488552633,S2-616629595,S3-162828375,S3-717093701,S3-755603452,S3-98293625
S1-278147750	S2-670098295,S3-583772890
S1-27825380	S2-722302188,S2-78376809,S3-473163214
S1-278260555	S2-258621946,S2-29293660,S2-614182360,S3-197396202,S3-208426141,S3-225554436
S1-278706217	S2-164780996,S2-839344573
S1-278771123	S2-288207,S3-307541718
S1-279011881	S2-268190132,S2-878400166,S3-295734397,S3-475281433,S3-476127628,S3-507421910
S1-279072967	S2-402308114,S2-57853990,S3-773166446
S1-279847633	S2-631528164,S3-661102991
S1-281569847	S3-557165833,S3-573170071
S1-282377771	S3-297337001
S1-28252781	S2-482106315,S2-772662487,S2-965276560,S3-46284282,S3-537574702
S1-283063594	S2-355957595,S3-364573466,S3-608793527
S1-283225755	S2-464993877,S2-955909446,S3-483097156
S1-28358538	S2-409935484,S2-53565160,S3-294787535,S3-903695299,S3-92032633
S1-284326553	S2-507605246,S2-718945127,S2-763413121,S3-733570046
S1-285062428	S2-289253371,S2-348606062,S3-627661526,S3-873181335
S1-285373630	S2-670900952,S2-860798179,S3-386323108,S3-77123386
S1-285553689	S2-207689581,S2-288996976,S3-480035030,S3-718172805
S1-286293304	S3-517431875,S3-764327639
S1-287157781	S2-43196290,S2-444143698,S2-530548261,S2-845456254
S1-287234574	S2-519639587,S3-148355177,S3-182484427,S3-430876038,S3-586693945
S1-288210630	S2-546538385,S2-555976784,S2-566054205,S3-298298971,S3-954040789
S1-288254228	S2-599343833,S3-407013416,S3-916886502
S1-288318282	S2-221806250,S2-583478133,S3-421137932,S3-679184933
S1-289170758	S2-155024567,S2-266303647,S2-364424808,S3-846886378
S1-289295535	S2-467656736,S2-599113058,S3-369010625,S3-467840385,S3-700332929,S3-866838080
S1-290484260	S2-159727090
S1-290652440	S2-94899980,S3-54300716,S3-821375910
S1-290727461	S2-401829422,S2-650865764,S3-246745350
S1-290860926	S2-402772069,S2-552446718,S3-702085105,S3-875578801,S3-895464890
S1-291032016	
S1-291645528	S2-873049882,S3-133887216,S3-420977141,S3-464250140
S1-291781739	S2-409316932,S2-718101422,S3-407329347,S3-766031462,S3-893622505,S3-986102637
S1-293211124	S2-130398914,S2-155784978,S2-653522129,S2-92867705,S3-247710718
S1-293377914	
S1-293800052	S2-447003006,S3-856849479
S1-293991542	S2-286257285,S3-49930054,S3-775035931,S3-890789105
S1-295185563	S2-305698937,S3-404658844,S3-432138522,S3-547152024
S1-295959366	S2-324730954,S2-777627,S3-91234143
S1-296048527	S3-730858068
S1-296160286	
S1-296322625	S2-216529404,S2-669523391,S2-855319993,S3-125328433,S3-48259391
S1-296593628	S2-442132789,S2-54401310
S1-297343387	S2-322987126,S2-40137467,S3-107058443,S3-300279033,S3-952898749
S1-297536232	S2-425828152,S2-691302835,S2-701888218,S3-364945614,S3-781511309
S1-297821138	S2-201718971,S2-287328996,S2-692905224,S3-171168507,S3-673344895
S1-29808691	S2-361519860,S2-817634982,S3-242125374,S3-837427388
S1-29871952	S3-424214501,S3-608515408
S1-29996673	S2-409995269,S2-691332816
S1-300052729	
S1-30139910	S2-185081484,S2-21905907,S3-343989625,S3-374105794,S3-473057383,S3-618484526
S1-302169008	S2-323707301,S3-759115831
S1-302444130	S2-177329357,S2-836168503,S3-349069914,S3-47479916
S1-302470544	S2-183956953
S1-302852924	S3-23573942,S3-320454446,S3-449706840,S3-837000925
S1-303194095	S3-3486016,S3-348831231,S3-655869887
S1-3039380	S2-860384631,S3-40742679,S3-706969242
S1-304383230	S2-160770114,S2-265513584,S2-487506294,S2-88180886,S3-437896075,S3-648645102
S1-30485400	S3-145297081,S3-993414666
S1-30507731	S2-55084146
S1-305284708	S2-459098837,S2-99668054,S3-414426813
S1-305293722	S2-920765613,S3-234246038,S3-383775233,S3-52802939,S3-808604688
S1-306024530	S2-27503729,S3-892916435
S1-306237947	S2-546159544,S2-782743695,S2-799765530,S2-896443171,S3-405137736,S3-669422424
S1-306408942	S2-205808544,S2-26956636,S2-762591037,S3-186848267,S3-64450603
S1-307902535	S2-442478256,S2-843743267,S3-469802266,S3-532625938,S3-960206386
S1-307948783	S3-779912197
S1-308036958	S2-617307296,S3-275974614,S3-299184894,S3-383615690,S3-387969988,S3-761178126
S1-308380702	S2-32802664,S2-672515420,S2-796619845,S3-541651740
S1-308896392	S3-367286777
S1-309173587	S2-781327181,S3-341479167,S3-851942464
S1-309652286	S2-107629131,S2-341172069,S3-700224375,S3-900702162
S1-309730917	
S1-311357569	S2-497820615,S3-145245332,S3-84290928
S1-311386225	S2-912455648,S3-549028725,S3-780145624
S1-311563643	S2-974869875,S3-387907283
S1-311853906	S2-240256806,S2-86160298,S2-875186949
S1-311858261	S2-240882592,S3-279419160,S3-311856635,S3-761804071,S3-865070337,S3-906188320
S1-3125646	S2-947191963,S3-262909704,S3-306556434,S3-355190718,S3-986337918
S1-312653795	S2-242494744,S2-376858110,S2-884515425,S3-112396272,S3-59940613,S3-68577098
S1-312739256	S2-754855005,S3-129146562,S3-44672267
S1-313139999	S2-80402161,S3-194999555,S3-721057145
S1-313411583	S2-655345873,S2-82210947,S3-194604095,S3-860192805
S1-313855157	S2-838431772,S3-350603119,S3-514882211,S3-806462542
S1-313929065	S2-108484473,S3-166797791,S3-464649321
S1-314184092	S2-973454867,S3-253297447
S1-314664856	S2-28314903,S2-362462988
S1-314907146	S2-16692689,S2-331683831,S2-772554224,S3-400157240,S3-639626502,S3-760733889,S3-776888403
S1-315110966	S2-429121902,S2-888454658,S3-174033056,S3-585534132
S1-315347558	S3-506599164,S3-801119237
S1-315428768	S2-518398079,S2-931930117,S2-98499459,S3-619687724
S1-315659854	S3-251828382
S1-315742872	S2-129808262,S2-268018268,S2-290058179,S3-743637976
S1-315995636	S2-8477807,S3-11305340,S3-114853615,S3-129830652
S1-316400370	S2-298833866,S2-522914889,S2-532049994,S3-208293354
S1-316430286	S2-30835309,S2-467398951,S2-706976865,S3-153155215,S3-274622680,S3-555973444,S3-557964027,S3-722267804
S1-316552980	
S1-316955259	
S1-317533767	S2-475725619,S3-687505550
S1-31779799	S2-105293665
S1-31802498	S2-654223315,S2-753244753
S1-318198516	S2-795319261
S1-318332244	S2-688999165,S3-185166831,S3-272078390,S3-38512565,S3-667111384
S1-318459	S2-352825625,S2-732634892
S1-319160605	S2-428043791,S2-442811291,S3-135670555,S3-754648471
S1-319242287	S2-799653257,S2-923526656,S3-521428579,S3-785942207
S1-319692635	S2-649481873,S2-705753717,S2-911625181,S3-174425316,S3-384376918
S1-32038467	S2-434329922,S2-799860844,S3-800837118
S1-32049764	S2-168904308,S2-265732916,S3-251676214,S3-343273716,S3-429949437,S3-754593692
S1-321297417	S2-103596307,S2-350712412,S2-660149993,S3-501691503,S3-707818871,S3-783003735
S1-321403787	S2-184929993,S2-402072076,S3-116739343,S3-770368944,S3-803973742,S3-821841712
S1-321558787	S2-877804964,S3-178847307
S1-321719399	S2-364694925,S2-623407252,S3-344105377
S1-322460356	S2-22865864,S2-366247122,S2-422045352,S2-719096317,S2-994512628
S1-323115790	
S1-323155151	S2-667429157,S3-239695315,S3-425138992
S1-323259653	S2-299990770,S3-692612888
S1-324098575	S2-932641405,S2-95136969,S3-39467851,S3-480446667
S1-324265501	S3-327736042,S3-689181921
S1-324531828	S2-144812520,S2-32029894,S3-126311265,S3-843630269,S3-927149771
S1-324917866	
S1-326006087	
S1-326113558	S2-262608172,S2-702079175,S3-19750453,S3-993989272
S1-326514556	
S1-326746657	S2-494953778,S2-601644204,S2-648622695,S3-897902067
S1-326771265	S2-727107212,S2-792723533,S3-103440983,S3-907034873,S3-920022154
S1-327054542	
S1-327069775	
S1-327586665	
S1-327613003	S2-869324842,S3-232503566,S3-672209553,S3-841209318,S3-98378162
S1-327800599	
S1-328159582	S2-640768079,S2-653523091,S3-21492419,S3-612979392
S1-328379638	
S1-328497075	S2-647751652,S2-684479579,S2-801595803,S2-882798930
S1-328840263	S3-31007367
S1-32893941	S2-12085355,S3-60620184
S1-329055914	S2-452517729,S2-865938468,S3-496561448,S3-888393588
S1-329439352	S2-124554446,S3-320192803,S3-372130628,S3-857596836
S1-329787236	S2-657023181,S3-508581999,S3-514207922,S3-68942393
S1-330704839	
S1-331217055	S2-23607459,S2-449131721,S2-959012580
S1-331599940	
S1-331812776	
S1-331928822	S2-433662183,S2-544123217,S3-274997951
S1-332217777	S2-504734797,S3-340023757
S1-332219934	S2-828253169,S3-105082561,S3-335777177,S3-977747011
S1-33228700	S2-162095694,S2-18643937,S2-918997173,S3-26527178,S3-582175166
S1-332500989	S2-779174499,S2-861965012,S3-221928485
S1-332678305	S2-133557830,S3-365049040,S3-522257263,S3-891384413,S3-968977779
S1-332723848	S2-149765915,S2-441541199,S2-791872120,S3-125496288
S1-333170275	S2-893505549
S1-33341966	S2-381193725,S2-401906975,S2-651096007,S2-878190468,S3-278236498,S3-49524845,S3-773895035
S1-33343096	S2-522371239,S2-572092484,S2-577177978,S2-623602194,S3-356745176,S3-422728395
S1-333477954	S3-807071461,S3-816643056
S1-33387776	S2-259958407
S1-334195379	S2-295957851,S2-774789455,S2-842363865,S3-149280855,S3-347710085,S3-546785918
S1-334574057	S2-179427279,S2-460411206,S2-934524788,S3-333925479
S1-334634602	S2-764339793,S3-163531889,S3-164250770,S3-419708185,S3-514511739,S3-889332261
S1-334918440	S2-343688732,S2-534602603,S2-718120953,S3-231550711,S3-64097024,S3-803950853
S1-336558282	S2-898316726,S3-411196797,S3-920780521
S1-336615934	S2-106443025,S2-437460289,S2-791879767,S3-568780790
S1-33693239	S2-275208775,S3-175685060
S1-33698766	S3-3717652,S3-623329302
S1-337036157	S2-247025703,S3-550947722,S3-699490226,S3-728105473
S1-3372308	S2-121270854,S2-257443565,S2-564951591,S3-476330681
S1-337550610	S2-524176080,S3-325168879
S1-337786184	S2-495538886,S3-166683039,S3-173912764,S3-279521232,S3-522268074,S3-678026298
S1-338356991	S3-708245937,S3-978738926
S1-338440769	S2-962662960
S1-3388348	S3-507232800,S3-810506007
S1-338983945	S2-361294747,S2-874762670,S3-135367368,S3-609275601,S3-990250240
S1-339545528	S2-308102913,S2-650295367,S3-146499873,S3-502668307
S1-340375335	S2-374606734,S2-454838928,S2-650953812,S3-334849425,S3-432449539,S3-806190929
S1-340565419	S2-199924846,S2-215484687,S2-503549788,S3-260659091,S3-954685525
S1-340609452	S2-230461193,S2-929333569,S3-52915572,S3-74619644
S1-340971449	S3-42401161
S1-341059037	S2-289056766,S2-861593659,S2-993053020,S3-573114447,S3-608822753,S3-825158427
S1-341671385	S2-337770866,S2-508375755,S3-184403319,S3-572856285
S1-342209054	S2-439415286,S3-234510843,S3-461820494,S3-730229139
S1-342827923	S2-25408757,S2-671054050,S3-857475836
S1-343476342	S3-706790476
S1-344138980	S2-306322328,S2-460041503,S3-534510987
S1-344772705	S3-973235630
S1-345086959	S3-211747950,S3-244155552,S3-366988622,S3-507470965,S3-840030284
S1-345169631	S2-595998529,S2-656498290,S3-923622988
S1-345184772	S2-644887876,S3-113933596,S3-661497851,S3-732751305
S1-345658255	S2-105805161,S2-236996558,S2-418384956,S2-653366820,S2-991742653,S3-836133258
S1-345865015	S2-289965050,S2-897176536
S1-346289952	S2-486475380
S1-346508635	S2-139978777,S2-410856515,S3-525379710
S1-347479394	S2-726548209,S2-957524142,S3-137921836,S3-340372710,S3-682747327
S1-348061693	S2-202342047,S2-485276710,S3-343919443,S3-661432469,S3-828806893,S3-915448392
S1-348780914	S2-370850230,S2-902694330,S2-923017996,S3-717915199
S1-349465982	S2-351230994,S3-589512133
S1-350347216	S2-326758003,S2-462844339,S2-538164865,S2-590545014,S2-922128498,S3-247227460,S3-971984237
S1-350388196	
S1-350717691	
S1-351313544	S2-500644328,S3-298780391,S3-764530024,S3-837692818
S1-351411130	S3-403659761,S3-888421604,S3-923982658
S1-35162884	S3-614873781,S3-633627329,S3-738675663
S1-351902989	S2-121746745,S2-194892182,S3-268725608,S3-348379246,S3-512430995
S1-351940401	S2-161195142,S2-718061027,S3-674824859
S1-352211276	S2-594354430,S2-703333359,S3-175610339,S3-457962092
S1-352729329	S2-331308239,S2-455677961,S2-882760020,S3-212749281
S1-352820297	S2-156181830,S2-59340728,S2-768351688,S3-530592066
S1-352860913	S2-12220510,S2-198732081,S2-380148372
S1-354263864	S2-326312152,S2-584727265,S3-334148255,S3-585551051
S1-354684504	S2-457904436,S2-984455476,S3-532505379
S1-354753714	S2-885055444,S2-958814558,S3-969582391
S1-354794324	S2-456369311,S2-586704241,S2-888004402,S3-172605715,S3-320199698,S3-551107000
S1-355316851	S2-114651319,S2-484451220,S2-856864973
S1-35557529	S2-162361100,S2-940744089,S3-268780873,S3-632991007,S3-820624631
S1-355591678	S2-769466487
S1-356179296	S2-634692616,S3-142219663,S3-605021307,S3-674549141
S1-356218571	S2-244349047,S2-427879682,S3-557415172
S1-35653283	S2-420897798,S2-796751354,S2-844320879,S2-856653361
S1-356796387	S2-457910484,S2-789681040,S3-30469452,S3-470572378,S3-959771923,S3-983888892
S1-358708900	S2-544174404,S2-799678830,S3-269544985,S3-426118815,S3-782281317,S3-820784374
S1-359392921	S2-704759254,S2-975189217,S3-593546281,S3-891004563
S1-359454821	S2-683060716,S3-221947414,S3-639259547,S3-719861603,S3-743079660
S1-359459459	
S1-359470306	S2-448889138,S3-533248392,S3-9100071
S1-359506850	S2-124462851,S2-221228001,S2-550001930,S3-165184969,S3-469942141,S3-850749753
S1-35983006	S2-147147658,S3-148236856,S3-159460128
S1-360173826	S2-227348053,S2-723206455,S3-276137584,S3-689090615
S1-36023299	S2-139134701,S2-671555576,S3-364986220,S3-650574181
S1-360431534	S2-818422733,S3-106354452,S3-232003823,S3-499446981
S1-360712743	S2-582172747,S2-630221771,S3-303230566
S1-360996455	S2-238291901,S2-383211986,S3-691847882
S1-361165771	S2-647817284,S2-667162861,S3-219583316
S1-361461413	S2-299307182,S2-369922279,S3-687591489
S1-361463876	S2-338014892,S2-36862722,S2-770381895,S2-882233455,S2-952369105,S3-106006536
S1-361530458	
S1-361647619	S3-810549569
S1-361759607	S2-496825047,S2-949220290,S3-429067203
S1-362079836	S3-792770249
S1-362174897	S2-126343263,S2-555028725,S3-716311190
S1-362701985	S2-480734818,S3-48311406,S3-528312156,S3-58050296,S3-752326361,S3-944154788
S1-362792368	S3-958568381,S3-988844770
S1-362873696	S2-11440399,S2-336775853,S2-68457567,S3-322245467,S3-411703488
S1-362932671	S2-29850634,S3-289457107
S1-363589917	S2-207125846,S2-404058314,S2-453423052,S3-497888796,S3-729392618
S1-36527923	S2-209933312,S2-433187504,S3-280738230,S3-701774132,S3-711723212,S3-926275026
S1-365605593	S2-315858397,S2-414531488,S2-645065771,S3-37823477,S3-821600835
S1-365641216	S2-461854597,S3-205082381,S3-230440019,S3-509598958,S3-744119940,S3-961659009
S1-365646237	S3-20405732
S1-367425657	S2-818156071,S3-739805680,S3-933312041
S1-367430892	S2-464849400,S2-744217737,S2-788406432,S3-241280104
S1-367699263	
S1-368017048	S2-767522870,S3-360201712,S3-369391770
S1-369773678	S3-741102489
S1-370581089	S2-661783408
S1-370807987	S2-870173901,S3-626341266,S3-726825244,S3-912183411,S3-979996496
S1-371400143	S2-770945474,S3-142217861,S3-157818444,S3-422900292,S3-491212682
S1-371583017	S2-735301870,S3-124182217,S3-636107916,S3-996055745
S1-372425276	S2-523880117,S2-62203766,S3-173964112
S1-372484825	S3-764528250,S3-879478764
S1-372620199	S2-293115702,S2-773126935,S3-104668450,S3-683770375,S3-750527864
S1-373109137	S2-757029411,S3-130898287,S3-878470174
S1-373347448	
S1-373646464	S2-519268193,S2-56407721
S1-373760241	S2-372299667,S2-696833203,S3-226830210,S3-953554153
S1-37406476	S2-403885951,S2-991823857,S3-817780039
S1-374442180	S2-110504855,S2-139539165,S2-841725576,S3-294006520,S3-580704271,S3-965482583
S1-374603055	S2-74964090,S2-970930483,S3-296596276,S3-645674624
S1-374944775	S2-94021020,S3-174326727
S1-375542463	S2-374137293,S2-903416596,S3-722202360,S3-883505756
S1-376051287	S2-774905063,S3-605412729
S1-376147884	S3-168283316,S3-252232284,S3-781727540
S1-376210465	
S1-376431369	S2-413497995,S2-581606294,S2-668136622,S3-702106030
S1-376514301	S3-742877637
S1-377031289	S3-660098493
S1-377186602	S2-440612475,S2-996457755
S1-377828944	S2-292674283,S3-776598239,S3-955256439
S1-378256417	S2-102044665,S2-364598294,S3-471155625,S3-872782528,S3-919819512
S1-378358977	S2-615247466,S3-334843958,S3-969313946
S1-378824252	
S1-378898076	S2-312126807,S2-465089122,S2-989925195,S3-180159828,S3-633462465,S3-662007331,S3-779324975
S1-378939539	S2-565451364,S2-605659938,S3-281440411,S3-908592628
S1-379024417	S3-225042456,S3-391394243,S3-604230032
S1-379380263	S2-682432085,S3-673873991
S1-38056597	S3-283549354,S3-439488104
S1-380589748	S2-420192636,S3-569160152,S3-940027325
S1-381165018	S3-108329052,S3-733627953
S1-381282633	S2-549646601
S1-382145526	
S1-382193105	S3-465413203
S1-382359121	S2-197955364,S2-557710643,S2-797791608,S3-217644500
S1-382508215	S2-239707804,S3-359386815,S3-829030830,S3-841028827
S1-382540390	S2-667937082,S3-229354585,S3-362029742,S3-795131334
S1-382733780	S2-734311540,S2-784812795,S3-298101095,S3-703416863,S3-740013072,S3-928329500
S1-383241878	S2-394217301,S3-41286251,S3-539679422
S1-383522048	S2-283494314,S2-3899069,S3-884576444
S1-383921672	S2-189567618,S3-10028162,S3-491663371
S1-383948348	S2-213010882,S2-252902626,S2-495284460,S2-786842455,S3-696735136,S3-761522994,S3-959126708
S1-384064916	S2-320974512,S2-371160196,S2-575462416,S3-400257379,S3-483773396,S3-737549151,S3-830494654
S1-384208523	S3-992341899
S1-385377302	S2-860787468,S3-809313770
S1-385976880	S2-299768740,S2-639751947,S3-761487402
S1-386729727	S2-165820820
S1-387014542	S2-628343036,S3-524726010,S3-730675874
S1-387423281	S2-441094375
S1-387607038	S2-383277758,S3-114232235,S3-281595805
S1-388175010	S2-512536140
S1-388302667	S2-338189175,S2-465789698,S2-628782781,S2-877158229,S3-193677507
S1-38888542	S2-469465253,S2-620692536,S3-127057454
S1-389411249	S2-359051463,S2-63507249,S2-809206937
S1-389723812	S2-180612273,S2-209513872,S2-588431679,S3-476610073
S1-389865530	
S1-390857641	S2-528564025,S2-792493408,S3-512782822,S3-623068786
S1-391041152	S3-82136670
S1-392002198	S2-182306097,S2-34332768,S2-880034045,S2-887792595,S3-44889689
S1-392021310	S2-673712453,S3-362193555,S3-75514738,S3-917093451
S1-392319911	S2-133929017,S2-277345893,S2-354896315,S3-378242316,S3-890289350
S1-392652205	
S1-392936909	S3-308030238,S3-439076606
S1-393023899	S2-338507726,S2-891407135,S3-424949565,S3-551184199,S3-66007322
S1-393154683	S3-404748857,S3-997274714
S1-393578214	S3-725852461
S1-393666700	S3-41913599,S3-572100426,S3-745800467,S3-819205351,S3-970836033
S1-394070029	S2-343480658,S2-437472479,S2-635189252,S3-18126062,S3-601849496,S3-639712723
S1-394863830	S2-78926945,S3-6040956
S1-395751268	S2-587537432,S2-677159796,S3-276028949,S3-701907202
S1-396449782	S2-468869959,S2-789927891,S3-265573576,S3-434661571,S3-586037042
S1-396631282	S2-613073879,S3-74910410
S1-396656399	S2-258568128,S2-411475141,S2-492056809,S3-529939018
S1-397210860	S2-177251471,S2-221571945,S2-418626522,S3-109868309
S1-39763020	S3-263519653,S3-518548397,S3-656140690
S1-397636516	S2-685921135,S2-976792184,S3-156881921,S3-7954412
S1-397689465	S2-733288116
S1-39945772	S2-269397043,S3-344615295,S3-740684799
S1-400253815	S2-153237471,S3-2298307,S3-507945781
S1-400448026	S2-585168746,S2-724270114,S3-386207920,S3-633143677,S3-960240437
S1-400496229	S2-597236950,S3-41076843
S1-40055313	S2-536330463,S2-791387978,S2-84715868,S3-226856021,S3-634384122,S3-992112704
S1-40061790	S3-253062678
S1-40115842	S2-655251958,S2-883744369,S3-152800338,S3-638690093,S3-718959688,S3-804492861
S1-402029110	S2-143072054,S2-233917292,S3-155696477,S3-649795952
S1-402481883	S2-489914607,S3-155016336,S3-661095448,S3-775339254,S3-811970392
S1-402748072	S2-462481915,S2-827933172
S1-403005744	S2-104576486,S2-230910314,S2-78040196,S3-606339243,S3-883672863
S1-40356309	S2-184663351,S2-968810254,S3-37290448
S1-403955166	S2-558190674,S2-903594677,S3-248419317,S3-445490218
S1-404567151	S2-423325211,S2-844532043,S3-101882215,S3-132557129,S3-432454950,S3-925715199
S1-404691170	S2-232439788,S3-168873809,S3-815709443
S1-4048189	S2-51746847,S3-169378126,S3-629072663
S1-404852989	S2-127713956,S2-429743155,S2-716760864
S1-40495568	S2-407584994,S3-446098804,S3-691858823,S3-82988831,S3-965983831
S1-405032837	S3-103440639,S3-197361083
S1-405275009	S2-297791916,S3-646439361
S1-405319590	S2-212629573,S3-377978929,S3-48575067,S3-640184542,S3-836603427
S1-405407802	
S1-405848761	S2-175654579,S2-934446529,S3-286149366
S1-406513149	S2-40350094,S2-455836139,S2-7658072,S2-952405297,S3-168016343
S1-406591482	S2-244892523,S2-669710633,S2-883157472
S1-406774533	S2-768125130,S3-556915201,S3-9450975
S1-406887369	
S1-408018997	S2-853019908,S3-333713818
S1-40852383	S2-475021310,S2-70659779,S3-700757619
S1-408619550	S2-295432206
S1-408689174	S2-284493591,S2-646991665,S2-709489246,S3-432810484
S1-408726852	S2-168832434,S2-582837100,S3-681421017
S1-409259680	S3-388050884
S1-409359702	S3-308927386
S1-410123169	S2-232898046,S3-262727699,S3-925864907
S1-410308495	S2-352447496,S2-794157438,S3-18304410,S3-599440487,S3-873415434
S1-410817621	S2-290515184,S3-564810484,S3-62316700
S1-411357079	S2-284968892,S2-755606195,S3-636676444,S3-89461398
S1-411675084	S2-389715232,S3-93670414
S1-412507573	S3-378179418,S3-701246127
S1-41271645	S2-280567789,S2-478694080,S2-852126549
S1-413502723	S3-15757558
S1-413511258	S2-254621456,S2-887492622,S2-936491223,S3-215399560,S3-423412642,S3-607937881,S3-966011920
S1-413666587	S2-899758023,S3-139462351,S3-429842794
S1-413937892	S2-663124706,S2-802929311,S2-878813376,S2-963796055,S3-165309247
S1-4143432	
S1-414363132	S3-716376023
S1-415626382	
S1-415710721	S2-496735603,S2-722013784,S2-804568374,S3-253384525
S1-415819464	S2-831187613,S3-390940002,S3-839180061
S1-416021517	S2-134004411,S2-77345142,S3-312881435,S3-980057159
S1-416146636	S2-307131464,S2-890099211,S3-238425024,S3-44734648
S1-416343766	S2-180384831,S2-262155527,S3-372462386,S3-667668849,S3-679380854
S1-416443393	S2-449766724,S3-201299669,S3-456560162,S3-984038663
S1-417038207	S2-17728185,S2-210030094,S2-384702311,S2-505915141,S3-377751216,S3-441368999
S1-417285750	S2-62146987,S3-536531328
S1-417817650	S2-465889727,S3-269635981,S3-728776431
S1-418219350	S2-477736542
S1-418510525	S2-379300869,S3-456414729,S3-484801340,S3-705841003
S1-418845620	S3-524812458,S3-890536066,S3-999435385
S1-420224819	S2-185407646,S2-348940137,S3-44261204,S3-812469663
S1-420260704	S2-187775302,S2-531015403,S2-683558125,S3-283695257,S3-334078456,S3-466729566
S1-421275613	S2-449935779,S2-474993320,S2-571008694,S3-133190267,S3-687808994
S1-421375909	S2-293203262,S2-45425932,S3-393937718,S3-849587523
S1-421561713	
S1-421683289	S2-157756352,S2-207125846,S2-341505297,S2-549891408,S2-558630771,S3-578212828
S1-421897687	S2-830641479,S3-416003935,S3-56114743
S1-422049366	S2-305435733,S3-571595560,S3-992045287
S1-422355292	S2-56109562,S2-71586350,S3-699873512,S3-760266773,S3-841280531,S3-912405611
S1-422371626	S2-801583352,S3-421008068
S1-422679888	S2-328896377,S2-678434558,S3-293786625
S1-423103498	S2-324840514,S2-663373888,S3-414795323,S3-741510769
S1-423169248	S2-17361803,S3-250647024,S3-981889256
S1-424478513	S2-969439951,S3-564830159
S1-424641591	S2-474742769,S2-975112729,S3-467083796,S3-575233942,S3-736078613,S3-744282026,S3-788751677
S1-425173019	S3-505446279
S1-425382853	S2-757575456,S2-958509112,S3-534546666,S3-810616236
S1-425442734	S2-607623977,S2-612850348,S3-715999705
S1-425459792	S2-184579349,S2-601255820,S2-7368268,S3-478233190,S3-736343891,S3-849660875
S1-426327173	S2-656681552,S3-201566327
S1-426540445	S2-160787216,S2-719037803,S3-506073322
S1-426828389	S2-815466396,S3-325666587,S3-607044098,S3-770988716
S1-426972884	S2-217611792,S2-365855447,S3-484844526,S3-656783766
S1-427627298	
S1-427668850	S3-107662868,S3-244382747
S1-428530727	S2-691265103,S3-242288545,S3-294047576,S3-409314100,S3-821718801
S1-428965330	S2-20750171,S2-481602919,S3-588400097
S1-429583375	S2-578084658,S3-374090095,S3-751831868
S1-429770351	S2-306645634,S2-393122166,S3-822287920,S3-831143639,S3-953056404
S1-429933951	S2-408209415,S3-149509184
S1-430510588	S2-693950091,S2-787023331,S3-109813373,S3-304980097
S1-431138786	S2-170208292,S3-268074050,S3-711372713,S3-837616573
S1-43154095	
S1-431700925	S2-230309354,S2-790787324,S3-325142878
S1-431949423	S2-121056043,S2-500661016,S3-293716218
S1-432086283	
S1-432258390	S2-52443645,S3-738959049
S1-432491929	S2-835639169,S3-608561800,S3-686479177
S1-432624023	S2-273705065,S2-948593094,S3-277132941,S3-304910077,S3-406337734
S1-43280401	S2-318793758,S3-438141235,S3-751615414
S1-433003357	S3-515121656,S3-568736114,S3-576442922,S3-626294760
S1-433445018	S2-112671124,S3-244998468,S3-451481742
S1-433637705	S2-132058133
S1-434388023	S2-147151955,S2-625470129,S3-489489991,S3-595226927,S3-798044805
S1-434422621	S2-420232478,S2-695887657,S3-22153941,S3-316065482,S3-709847277,S3-989761838,S3-998521672
S1-4347822	S3-111094828,S3-610300086
S1-435641009	
S1-436306478	S2-841701614,S3-680993863,S3-82213492
S1-436437179	S2-219183316,S2-308536466,S3-328065487,S3-715077649
S1-436496778	
S1-436882426	S2-486557375
S1-437051899	S2-372711498,S2-432023467,S3-509290455,S3-564816811,S3-624341115
S1-437637657	S2-498691875,S3-694367604,S3-70672241
S1-437710201	S2-204429903,S3-283690674
S1-438013421	
S1-438375727	S2-479060290,S2-495768625,S2-860079307,S3-154744410,S3-765009395
S1-438469734	S2-213173611,S2-618250053,S2-980273250
S1-438966909	S2-293633804,S2-354443842,S3-209686361,S3-366317868,S3-900343558
S1-439018089	S2-366476781,S2-838577490,S2-84430340,S3-175615275,S3-891583602
S1-439190046	S2-624818850,S2-656557768,S2-668909580,S3-289086222,S3-33736896,S3-51474238
S1-439424204	S2-633900226,S3-586846627
S1-439448320	
S1-439591230	S2-447789125,S2-644948973,S2-937133577,S3-594124016
S1-439754523	S2-390412298,S2-477564349,S2-683148395,S3-373507615
S1-440121686	
S1-440184283	S2-901299277,S2-947018284,S3-330735708,S3-755586522,S3-859795245,S3-974553445
S1-440461589	S2-702512168,S3-533253193
S1-440692527	S2-224979374
S1-441401056	S2-888190910,S3-712376429,S3-771100865,S3-798111813,S3-928113189
S1-441675087	S2-29318833,S3-391374835,S3-469567752
S1-442126647	S3-717921340
S1-442135420	S2-112759487,S3-705160488,S3-842554079,S3-88327485
S1-442152685	S2-49271218,S2-551155875,S2-798613273,S3-10133979,S3-31413720,S3-783366534
S1-442962998	
S1-443423152	S2-201614579,S3-752159414
S1-44450013	S2-627178121,S2-746884162,S3-770660226,S3-868971522
S1-444752324	S2-289181909,S2-933471443,S3-327376554,S3-61008041
S1-445382984	S2-516521145,S2-685685424,S2-934306534,S3-406644331,S3-607911476,S3-614967969,S3-767020087
S1-445399054	S2-253108604,S2-45258880,S3-444433615
S1-446574306	S2-311067502,S2-467084045,S2-82047787,S3-753536499,S3-897605023
S1-447608079	S3-910638400
S1-448241265	
S1-44863052	S3-236442419,S3-610574435
S1-448783834	S3-820237940,S3-88681783
S1-449321267	S2-245763815,S2-565683094,S2-983665296,S3-278661621,S3-859535462
S1-449453088	S2-316593831,S2-5550691,S2-571778221,S2-642213864,S3-520834084,S3-567821295
S1-449656477	S2-748574067,S3-132544279,S3-171870966,S3-837516478
S1-449736477	S3-203578497,S3-981797385
S1-450275711	
S1-450320532	S2-500291006,S2-817204125
S1-451356439	S2-392544045,S2-868188645,S3-734799160,S3-753975573,S3-944870744
S1-452296998	S2-666595458,S2-686091696,S2-825612275,S2-835952001,S3-577652431,S3-80480378,S3-898349593
S1-452805396	S2-900867934,S3-197133721
S1-452853450	S2-490621699,S2-633006686,S2-726249828,S3-166633233,S3-681125006
S1-452876235	S2-497606378,S2-922947373,S3-766602475
S1-453727743	S2-806094858
S1-453897221	S2-164384547,S3-163979156
S1-453951429	S2-755535877,S3-617912400
S1-454366043	S2-238301807,S3-197344181,S3-305229463,S3-399316276,S3-70804011
S1-454713507	S2-264402899,S2-711665259,S3-505622401,S3-799815788
S1-456286867	S2-962302190,S3-26116696
S1-456408189	S2-293051270,S3-362630879,S3-928845689,S3-930062986
S1-456662070	S2-24726481,S2-826865877,S2-89396592,S3-560871293
S1-457078896	S2-811348101,S2-982701302,S3-262638458,S3-484898227
S1-457253629	S2-744395359,S3-116293459,S3-824821338
S1-457528347	S2-599383410,S2-76493060,S3-605286613,S3-727278948
S1-458083791	S2-391850387,S2-537224110,S2-775634359,S2-860806518,S3-241340483,S3-854483624
S1-45823537	S2-80220478,S3-415813056,S3-967058614
S1-458800850	S2-217881153,S2-241047746,S2-569859514,S2-667273577,S2-736541996,S3-877598574
S1-458895296	S2-249958292,S2-838684322,S2-842312361,S2-97205990,S3-537675512
S1-45985014	S2-919189653,S3-290521700,S3-948247263
S1-459953136	S2-390762708,S2-749949012,S3-741132609,S3-900750379,S3-993655874
S1-460242217	S2-342163294,S2-651512993
S1-460309009	S2-336700474,S2-972219237,S3-54064382,S3-742189761
S1-460570408	S2-148704233,S3-879185610
S1-461326698	S2-219931583,S2-478160997,S3-148090860,S3-577638891
S1-461413460	S2-123116483,S2-350361739,S3-698310569,S3-88786124
S1-462351955	S2-777290565,S3-184666481
S1-462615359	S2-512889260,S2-560667201,S2-809946511,S2-969353759,S3-321078095,S3-846280307
S1-462853641	S2-375762019,S2-60243916
S1-463658573	S2-707123153,S3-62822851
S1-464784191	S2-263855016,S2-58554266
S1-464821276	S2-357964362,S2-409016204,S2-425312658,S2-718710524,S3-587429088
S1-465294484	S2-878859494,S3-122445137
S1-465567298	S2-432215903,S2-446315971,S3-446542439,S3-57113908,S3-780883112
S1-465578739	S2-23969575,S2-51175956,S2-925919227,S3-791972647,S3-867803042
S1-465590336	S2-147767351,S2-201508020,S3-176303384,S3-276123803,S3-766612754
S1-465906456	S3-819912750
S1-466765832	S2-29716190,S3-84068813
S1-467451219	S3-447117066,S3-490528010,S3-904521505
S1-467603123	S2-47665862,S2-497439092,S3-64809520
S1-467778248	S2-230796447,S3-545687817
S1-468384985	S2-623996043,S2-898578756,S2-934971100,S3-24623826,S3-890034561
S1-468528987	S2-363587346,S2-89353670,S3-558795774
S1-468574254	S2-740832281,S3-332735351,S3-340769228
S1-468587841	S3-528829351,S3-552328460
S1-46903195	S2-384786144,S2-872881085,S3-483426716,S3-941835269
S1-469110850	S2-327566580,S2-620766122,S3-381103354,S3-777352270
S1-469827025	S2-11955069,S2-160308190,S2-573744928,S2-766271571,S3-822507271
S1-470065737	
S1-470140179	S2-223796690,S2-889960957,S3-431978302
S1-470982759	S2-627581325,S3-89518375
S1-471132641	S2-405363380,S2-705900992,S2-758792649,S3-256990081,S3-381231328,S3-904468962
S1-471141124	S2-73430676,S3-517854864
S1-471175623	S2-304131282,S2-352428027,S2-440739626,S3-376036774
S1-471531777	S3-450570859,S3-916305416
S1-471544487	S2-499698033,S3-481791314
S1-473485180	S2-703646348,S3-938352729
S1-473683187	S2-547091489,S2-763450341,S3-540461935
S1-47371705	S2-300341241,S2-982211219,S3-123240460
S1-47385924	S2-931975453,S2-939209196,S3-575021
S1-474079345	S3-156135199,S3-902873011
S1-475400585	S3-556259417,S3-92119383
S1-475852685	S2-485062162,S2-524690385,S3-154863528,S3-776330583
S1-476006686	S2-537544767,S2-850148712,S2-853177070,S3-157321891,S3-232823190,S3-403686554
S1-476093293	S2-536359871,S3-962793439
S1-476729941	S2-420318810,S3-658976495
S1-476939901	S2-173213236,S2-242608084,S2-414215761,S3-281882511,S3-746525242
S1-476960066	S3-184261658
S1-47705397	S2-504700688,S2-881527734,S3-600943585,S3-9937849
S1-477101862	S2-404679000,S2-47409732,S2-479408335,S2-601620561,S2-951843450,S3-609419399
S1-477119359	S2-300127561,S3-785540122
S1-477272907	S2-201004709,S3-277933598
S1-478335648	S2-627556061
S1-478362287	S2-861275839,S3-304515227,S3-606280402,S3-983679014
S1-478464382	S2-122231250,S3-493301583
S1-478475378	S2-334403232,S2-7557390,S3-192797318,S3-581864959
S1-478582966	
S1-478801668	S2-181067086,S2-287965852,S2-493827213,S2-624696621,S3-148923346
S1-47882471	S2-329410634,S3-624763009
S1-478844634	S2-613526535,S2-738833436,S3-2655187,S3-760121120
S1-479264105	S2-111181163,S2-153295020
S1-479300329	
S1-479312468	S2-886950638,S3-343564624,S3-399165201,S3-40588857
S1-479354660	S2-418470591,S2-602494299,S3-990177029
S1-479808359	S2-417066121,S3-678711898
S1-479830355	S2-662829547,S2-676001136,S2-879132778,S3-562834080,S3-941759860
S1-479988364	S2-428617725
S1-480223922	S3-677897963,S3-727431881
S1-481276670	S2-921062457,S3-568551515,S3-748711619
S1-481382136	S2-565595683,S3-317559077
S1-481420419	S2-797710875,S3-277544896,S3-556994312,S3-728911262
S1-481499480	S2-892434434,S3-198888008
S1-481869259	S2-302550187,S2-362447234,S2-709602225,S3-823056657
S1-482276311	S3-603905503,S3-948329043
S1-482363253	S2-767135633,S3-243301120,S3-314817658,S3-464195298,S3-65746464,S3-908208582,S3-9776018
S1-482473015	S2-607054537,S2-650923881,S3-39095230,S3-479107299
S1-482621141	S2-890602252,S3-566450810
S1-483857990	S2-370045645,S3-14790752
S1-48403259	S2-369414870,S3-373922607
S1-484708326	S2-300224705,S2-608896371,S2-662205903,S3-38799580,S3-893362124,S3-961624388
S1-485548135	S2-439374272,S2-520678397,S2-766173940,S3-26501809,S3-723230798
S1-485883731	S2-201470626,S2-952492550,S3-950067622,S3-977371555
S1-485995332	S2-129035093,S2-506434152,S2-731405442,S3-483471083,S3-487291197
S1-486002445	S2-314618207,S2-438363738,S2-639941183,S2-964956114,S3-485888841,S3-749910330,S3-912931094,S3-91930394
S1-486057306	S2-137609722,S2-307519120,S3-530219243,S3-629017122,S3-964414751
S1-486190377	S2-379930133,S2-464844498,S3-917274214,S3-92163694
S1-48625479	S2-782368618,S3-132895808,S3-652187277
S1-486527126	S2-104403960,S2-464392430,S2-587945736,S2-806777913
S1-486867376	S2-244324797,S2-383095100,S3-979934303
S1-487019836	S2-110610062,S3-565909273
S1-487238745	S2-686723516,S2-967797726,S3-368376521,S3-419620579,S3-818560738,S3-826273687
S1-487281271	S2-181003873,S2-205186552,S2-841679250,S3-795833003
S1-487479906	S2-609148966,S2-800959646,S3-25326796,S3-998525161
S1-487735995	S2-482379001,S3-138605312,S3-498137942,S3-614810127
S1-488543375	S3-48583355,S3-593853040
S1-489071920	S2-226561316,S3-385298683,S3-58471411
S1-489485881	S2-130903410,S3-472299872,S3-519758071
S1-489563855	S2-546675809,S2-786533482,S3-107784569,S3-829229317
S1-490550710	S2-379929368,S2-785224323,S2-843698728,S3-666108143,S3-960546313
S1-490916338	S3-190619914
S1-4918762	S2-269675468,S2-416595358,S3-236386668
S1-491929472	S2-963177607
S1-492132638	S2-773286023,S3-714873691
S1-492699424	
S1-492930893	S2-435992024,S2-821962744,S3-127241962
S1-493489990	S2-636879107,S3-574166936
S1-493915140	S2-687817957,S2-69548603,S2-714865991,S3-334120665,S3-750582315,S3-755435268,S3-895765444
S1-494021477	S3-132024841,S3-172752710,S3-589010985
S1-49423052	S3-698682851
S1-494541950	S2-375055728,S2-419860428,S3-415260893,S3-599216212,S3-667175453
S1-494637151	S2-409466234,S2-543250384,S2-675464801,S3-441836222,S3-603028118
S1-494759836	S3-773723169,S3-839159908
S1-494879281	S2-547034713,S2-604960443,S3-544755392
S1-495158490	S2-102248942,S2-510540757,S3-605167228,S3-78309751
S1-495305740	S2-893356235,S3-341554558
S1-49558821	S2-187853987,S3-297244661,S3-38868429
S1-495834790	S2-40909747,S3-25921797,S3-825330849
S1-496344377	S2-486196502
S1-497196851	S2-101477388,S3-50745530
S1-497276023	
S1-497314833	S2-313972714,S2-325716350,S2-542682637,S2-755648314,S3-444080124,S3-53178265
S1-497341402	S2-824949229,S2-91485462,S3-173260123,S3-238033204,S3-68092944,S3-960746230
S1-498276302	S2-198039871,S2-839675956,S3-427968582,S3-58081838,S3-614414507
S1-498857162	S2-428861135,S3-115611516,S3-183785862
S1-498937787	S2-299436069,S2-918766216,S3-799788585
S1-499065171	S2-81308229,S3-625968,S3-634019058
S1-499855366	
S1-500178832	S2-511523373,S2-838724627,S3-519340510,S3-595538546,S3-691435728
S1-500785610	S2-66324473,S3-205580308,S3-593119739
S1-500844858	
S1-501192069	S2-895618236,S3-993483803
S1-50124292	
S1-501870388	S3-595115560,S3-69685134
S1-501995842	S2-144554380,S2-366219457,S2-592164803,S2-913136835,S3-443666338,S3-494947480
S1-502476311	S2-495743104
S1-502582749	S2-331642939,S2-589210815,S2-691089241,S3-182523924,S3-240551571
S1-502819348	
S1-502951356	S3-284924711,S3-827973783
S1-503107855	S2-894456280,S3-668313247
S1-503726622	S3-132139322,S3-277174993,S3-307030196,S3-919253189
S1-50397671	S2-262688206,S2-68875511,S3-332635967,S3-384365415
S1-504039876	S2-692182388,S3-215918343
S1-50425505	S2-168137370,S2-264484989,S2-871830923,S2-9617821
S1-504331452	S2-112858372,S2-227417350,S2-714478604,S2-869600001,S3-406757994
S1-504448361	S2-136016876,S2-672844920,S3-315423069,S3-715434423
S1-504915373	
S1-504975156	S2-11100515,S2-180254937,S3-132310350,S3-305598737,S3-337158223,S3-58327831
S1-505331818	S2-190660027,S3-178738225,S3-212631198
S1-505399756	S2-224353865,S3-373569420,S3-599298489
S1-505461326	S2-192635632,S2-955876448
S1-505475964	
S1-505677998	S2-456462661,S3-214436839,S3-890813507
S1-506224240	S2-213670559,S2-364000174,S3-946554148
S1-506410354	
S1-50647263	S2-486232750,S3-511565885,S3-938519874
S1-506746615	S2-954857805,S3-296647945,S3-361932671
S1-506989006	S3-274203430,S3-315227796,S3-516939693,S3-606774905,S3-799995121
S1-507148421	S2-138043295,S2-444271008,S2-96961085,S3-286412768,S3-423721643
S1-507922423	S2-220833983,S2-322621521,S2-580336562,S2-810790077,S2-934808934,S3-615008429,S3-784906945
S1-508005727	S2-242223385,S3-498199707
S1-508149887	S2-603160684,S2-699292350,S2-840291057
S1-508462250	S2-346228668,S2-636409341,S2-795706136,S3-448678413,S3-691058260
S1-509212696	S2-284225538,S2-779295789,S2-898178912,S3-960994535
S1-509301450	S2-103156310,S2-896572480,S3-405251496
S1-509362390	S2-622087557,S2-638937420,S2-895297966,S3-506754633
S1-509535281	S2-179921948,S2-327181222,S2-503552861,S2-71403665,S2-880574147,S3-344709900,S3-600040402,S3-966120076
S1-509740111	S3-669376689,S3-773448585
S1-509825725	S2-13001610
S1-509940948	S2-398233235,S3-391961192
S1-510296298	S3-510558550
S1-510394393	S2-534581734,S3-170317357,S3-42344139,S3-595134643
S1-510696580	S2-285520492,S2-53619034,S2-552868200,S3-224059407,S3-414464483
S1-510910229	S2-555873106
S1-511288785	S2-248915448,S2-84619752,S3-109219497,S3-951833178
S1-511531095	S2-132663009,S2-337874846,S3-775364305
S1-512026719	S2-325180706,S2-717449271,S3-57682212,S3-63845638
S1-512101577	S2-834283261,S3-381187996,S3-672695820
S1-51365475	
S1-51428083	S2-26756651,S3-510335400,S3-9305700
S1-514455625	S3-926446314,S3-95920060
S1-514713560	S2-332850880,S2-698434686,S2-877583472,S3-555267339,S3-787846724
S1-514908538	S2-486792658,S2-541663524,S3-785690890
S1-516588059	S2-117340400,S2-476070639,S3-696520372,S3-704199405
S1-516897404	S2-437152438,S2-520982551,S2-535061876,S2-642728852,S3-44996030
S1-517215907	S2-583842572,S2-628157957,S2-783229110,S3-354975667,S3-357952626
S1-518037571	S2-558560692,S2-841689006,S3-724317392
S1-518461585	S2-20546648,S2-950526797,S3-287739477
S1-518811870	S2-691269966,S3-527394281,S3-885778203
S1-518857366	S3-690706825,S3-759101778
S1-519147988	S2-247839308,S2-369801467,S2-469968567,S3-281064859,S3-795143873
S1-519591817	S2-254277016,S2-424790295,S2-840528380,S2-900573110
S1-520285781	S2-230547762,S3-108430562,S3-799514174
S1-520697068	S2-407494984,S3-50509157,S3-545474998,S3-717257569
S1-520917483	S2-116176721,S2-664148958,S2-939008239,S3-545217836,S3-628230226
S1-521254062	S2-334697527,S2-782471142,S2-806093934,S3-81677858,S3-847181660,S3-988364181
S1-521662861	S2-304685759,S2-613741067
S1-522453190	
S1-522478526	S2-142065531,S2-703771002,S2-73050521
S1-522730253	S2-106786082,S2-588285167,S3-117943230
S1-52313316	S2-511935033,S2-625328255,S3-449949289,S3-615069343
S1-523641461	S2-33746384,S2-445671628,S2-494636322,S2-702946115,S3-401589450,S3-494896379
S1-523999285	S3-193530360,S3-764292105
S1-52436913	S2-976851543,S3-206467805,S3-372863300,S3-629051214
S1-524739153	S2-316880386,S2-657590038,S2-97448326,S3-298474157,S3-304726387,S3-757463402,S3-953476784
S1-524838951	
S1-524888117	S2-353916808,S3-693033857
S1-52514848	S2-360458964,S2-959548294,S3-38372235,S3-636021729,S3-722215203
S1-525370832	S2-461782717,S2-784118903,S3-115495517,S3-144160223,S3-486677804,S3-729325224
S1-525793567	S2-959049552,S3-344924014
S1-526360798	S2-804408295,S2-980539465,S3-77756373,S3-981528429
S1-526536568	S2-616259281,S2-943709574,S3-654550161,S3-745172562
S1-527124503	S2-102791588
S1-52739074	
S1-527507842	S3-999677550
S1-527578795	S2-127378828,S2-753075772,S3-234624029,S3-319505734
S1-527895018	S2-325820134,S3-973409089
S1-528797833	S2-174703910,S2-540311346
S1-528820899	S2-847116454,S2-927805200,S3-533658614,S3-740286911,S3-777115720,S3-84114297
S1-529055721	S2-404347412,S2-580277029,S2-855607733
S1-529280685	S2-723412592,S3-246385569,S3-875649432
S1-529593062	S2-202860868,S2-280355228,S2-637734837,S2-870090299,S3-369810577,S3-675087543
S1-529685324	S2-459421608,S3-213652300,S3-530281416
S1-529929587	S2-280945683,S2-792751444,S3-239779126,S3-825683850
S1-52992974	S2-39909410,S2-799353940,S3-191968837,S3-56323051
S1-530662368	S2-210790054,S2-274394854,S2-337266716,S2-676181625,S2-688182355,S3-465817903
S1-530860804	S2-226167207,S2-944038780,S3-391690234
S1-531173188	S2-658980407,S3-157927939,S3-530677109
S1-531195041	S3-358124255,S3-824452
S1-531223549	S2-262784180,S2-570790678,S2-609461349,S2-823414994
S1-531347465	S2-194390312,S2-200074362,S3-123292466,S3-362938466
S1-53157842	S2-424222179,S2-542700608,S3-325175646
S1-533164068	S2-223693532,S2-873959444
S1-533237796	S2-153259700,S2-876678433,S3-126318239,S3-923254453
S1-533738730	S2-516282903
S1-533796472	S2-117441379,S3-324489568,S3-411174444
S1-533936918	S2-731662359,S2-873717113,S2-962091361,S3-785406929
S1-534183377	
S1-534233986	S2-166319695,S2-543408145,S2-874069779,S3-32970244
S1-534399135	S3-280141820,S3-792687323
S1-534901198	S2-63073307,S2-654206738,S2-945874759,S3-317525910,S3-649352632,S3-655626782,S3-856918020,S3-857267834
S1-534956859	S2-180677815,S2-272255409,S2-655763943,S3-244680592,S3-454259370
S1-535054121	S2-113328539,S2-459396163,S2-993836401,S3-326356764,S3-961269131
S1-535151404	S2-381649344,S2-559921342,S3-656572957
S1-535361877	
S1-535660644	
S1-536846536	
S1-537290712	S2-463460898,S2-528225733,S3-128243847,S3-538272206,S3-703391737,S3-959439780
S1-537295445	S2-185456204,S2-26151543
S1-537395621	S2-760779538,S3-29926571,S3-497947619,S3-599246870
S1-537477431	S2-251699881,S2-283757169,S3-419688323
S1-538286575	S2-307857247,S2-311261332,S2-75114506,S3-769696563
S1-53864827	S2-223158348,S3-371779109,S3-949923992
S1-538665049	S2-539715820,S3-680510477
S1-538733011	
S1-538975879	
S1-539513267	
S1-539880842	S2-284832366,S3-498665422,S3-64334701
S1-539993069	S2-932797437,S3-680747472
S1-540728606	S2-35980358,S2-517026558,S2-680286294,S3-534274450,S3-907610045
S1-54096890	S2-791092720,S3-163048218,S3-197091249
S1-541277963	S3-213941005,S3-321729145,S3-970601292
S1-541318283	S2-872213594
S1-541334198	S2-137246971,S2-227936545,S2-963844769,S3-133728082,S3-165090670,S3-720333495,S3-969461973
S1-541564298	S2-518154132,S2-697741553
S1-54159283	S2-922714604
S1-541636684	S2-558987312,S2-608077591,S3-238908138
S1-541671579	S2-91384801,S2-950519916,S3-59210955,S3-705219991
S1-541728335	S2-53881378
S1-542833139	S3-315601319
S1-543011985	
S1-543434354	S2-324903930,S2-332729524,S2-463750337,S2-988307215,S3-102078157
S1-544355293	S3-400371235,S3-563050791,S3-979225469
S1-546071564	S2-49800044,S3-601713448
S1-54639848	S2-372452556,S3-543783871,S3-694212923,S3-889867316
S1-54688985	S2-242790118,S3-435540993,S3-447121631
S1-547117549	S2-334485670,S2-527089630,S3-437006144,S3-548862440,S3-761695503
S1-547371521	S2-247771981,S2-72134395,S3-348663731,S3-77278261
S1-547452423	S2-472275844,S2-70966265,S2-882148632
S1-547750852	
S1-548053824	S2-621953512,S3-987893978
S1-548163381	
S1-54970591	S2-392899911,S2-558488796,S2-871585253
S1-549796023	S2-515399249,S2-590033229,S3-740711241
S1-550121301	S2-792960333,S3-223336799,S3-357417119,S3-975551086,S3-983650353
S1-550547307	S2-520323329,S3-300569867,S3-359924929,S3-810893565
S1-551001018	S2-252838542,S3-776098422,S3-850943622
S1-551223749	S2-418574039,S3-276392245,S3-703777518
S1-551509911	S2-697950080,S3-445640827,S3-788045504,S3-964520582
S1-551636838	S2-958882646
S1-551657630	
S1-552113119	S2-238915322,S2-692700828,S3-679593224
S1-552309262	S2-132193975,S2-752088483,S3-174985280,S3-602835171,S3-804481827
S1-552354452	S2-390336969,S2-691205604,S2-952125434,S3-232528731,S3-575314505
S1-552572889	S2-770706607,S3-191147157
S1-552633870	S3-67840077
S1-552776375	S2-31339174,S2-545898515,S3-374688739,S3-981382914
S1-552778660	
S1-553530154	S2-836471800,S3-166544382,S3-58609774
S1-553677944	S2-171416407,S2-812259486,S3-746490228
S1-554422555	S2-430489160,S2-75631024,S3-599688303
S1-554447520	
S1-55463141	S2-470524880,S3-690686857,S3-71749425,S3-832512426,S3-869212249
S1-554887386	S2-564380088,S3-332376646,S3-333089158,S3-884588875
S1-554960239	
S1-555423121	S2-63829811,S2-810508727,S3-541578295
S1-555789113	S2-553009028
S1-556155390	S2-798413379,S3-892756348
S1-556369004	S2-166108740,S2-501614624,S2-665997870,S3-935624661
S1-556430637	S2-498384159,S2-907589259
S1-556956301	S2-349287990,S2-425439273,S2-443780616,S2-932200179,S3-238449299
S1-557524481	S2-936250601,S3-479396179,S3-652257717
S1-558007048	
S1-558476159	S2-315610194,S2-64001503,S3-363182465,S3-594179280
S1-558850787	S2-107071773,S2-318024024,S3-18270580,S3-345522299,S3-661567480,S3-683359515
S1-558851766	S3-323392551,S3-710280798
S1-558859574	S2-716046673
S1-55889287	S2-430641590,S3-670879219
S1-559138743	S2-971885258,S3-428665128,S3-804304992
S1-559301033	S2-329293137,S3-396343191,S3-856050658
S1-559930454	S2-547027610,S2-980577482
S1-560129274	S2-151829575,S2-40979861,S2-537727713,S3-548599478,S3-555860611
S1-560280487	S2-3506038,S2-515516765,S2-557849486,S3-699444404
S1-560702700	S2-330022072,S3-309848503,S3-902881467
S1-561467755	S2-790772422,S3-962110368
S1-561571753	S2-571389768,S2-841230240,S3-20026517,S3-401112525,S3-786194684
S1-561769472	S2-24689570,S3-301775250
S1-561789864	S2-185911464,S3-163706235,S3-522420912,S3-794190493,S3-982115034
S1-561982675	S3-226380839,S3-263121708,S3-477268653
S1-562151239	
S1-56228302	S2-33849775,S3-388531973,S3-848799378
S1-562537402	S2-23851151,S2-417523254,S3-455237254
S1-56290812	S3-945509576
S1-563203354	S2-232937858,S2-639328614,S3-16081438,S3-474978002,S3-607104444
S1-563557396	S3-208914650,S3-538802987
S1-563715779	S2-804245416,S2-986518655,S3-931496144
S1-564333817	S2-452431802,S2-512267700,S3-462852367,S3-488950094
S1-564419180	S3-372667165,S3-536182355,S3-852250284
S1-564853418	S2-34582305,S3-133110208,S3-679324316,S3-855478982
S1-565401666	S2-678534726,S3-2146367
S1-565706896	S2-309019967,S3-573397061,S3-755166312
S1-566059567	S2-261400212,S2-428767645,S2-717552259
S1-567015329	S2-1062747,S2-252511312,S3-366724144,S3-785285396
S1-56716937	S2-786745839,S3-753994070
S1-567339025	S2-216900764,S3-291165871,S3-556264115
S1-568887706	S2-563485680,S3-390627684
S1-568965276	S2-490253170,S3-377091393,S3-962214075
S1-569073972	S2-262423639,S2-839008410,S3-25526328,S3-64591142
S1-569134011	S2-175500778,S2-288431303,S2-867392679
S1-569261249	S2-519537722
S1-569292364	S3-508133582
S1-569395961	S2-160130247,S3-186277922,S3-713130006
S1-569403371	S3-689176456,S3-770254929,S3-857365287
S1-569412923	S2-81387615,S3-463591341,S3-995460374
S1-56968996	S2-682667470,S3-685076734
S1-570228761	S2-300440068
S1-570239400	S2-697909036,S3-317971408,S3-402602863,S3-870198931
S1-570411951	S2-262709320
S1-570526312	S2-249595174,S2-321842214,S3-178127640,S3-550061286,S3-553314843,S3-581541696
S1-570866981	S2-151912204,S3-42499730,S3-487739517,S3-853037221
S1-571079242	S2-122635599,S2-883256571,S3-845224450
S1-571221361	S2-212673099,S2-237561214,S2-86592683,S3-551066662,S3-974023665
S1-571475726	S2-260938928,S3-997497814
S1-572674318	S2-235745901,S2-86422545,S2-988123050,S3-382882947
S1-573098476	S2-612376026,S2-873958882,S2-99294513,S3-228261457
S1-573339122	S2-139587208,S2-938245687
S1-573705913	S2-915340314,S3-415636299,S3-513414099,S3-859953894
S1-574175396	S2-104179984,S3-214664157,S3-663552978,S3-820470667,S3-984253040
S1-574194718	S2-310620198,S3-129297797,S3-207880819,S3-66731741,S3-81990596
S1-574313935	S2-247932015,S2-392306223,S2-714667997,S2-724775506,S3-793816338
S1-574833825	S2-47982310,S2-785979063,S2-849336328,S3-167868577,S3-362629733,S3-731756038
S1-575476875	S3-102891161,S3-475764266,S3-686343340,S3-756672092
S1-575820031	S2-277804051,S2-646854233,S2-712238103,S2-911931884,S3-908339451,S3-963813930
S1-575885425	
S1-57602396	S2-482400042,S2-639558029,S3-108173786,S3-458044931,S3-634184732,S3-746417011
S1-576102419	S2-382135137,S3-270010913,S3-419209138
S1-577971884	S2-430835289,S2-6378216,S3-636647761
S1-579065258	
S1-579600108	S2-345318102
S1-579800647	S2-481678065,S2-577407322,S3-486963545
S1-580301160	S2-104983781,S2-459929067,S3-421026540,S3-684132822
S1-582058503	S2-451161055,S3-858896993,S3-879293196
S1-582084910	S2-7038517,S3-281768888,S3-447221461
S1-582136816	S2-248300961,S2-421854521,S2-573717287,S3-31272783,S3-93147424
S1-582151101	S2-886199983,S3-575012709,S3-985860933
S1-583046425	S2-302353246,S3-421265478,S3-492766636
S1-58307279	S2-833412327,S3-337009981,S3-75894615
S1-583286207	
S1-583343780	S2-250651673,S3-467190152,S3-870679804,S3-907636282,S3-981982291
S1-584163881	S2-303409764,S2-609152364,S3-733453820,S3-929565747,S3-946254415
S1-584223005	S2-282478224
S1-584402538	S2-226686633,S2-462938814,S2-533757075,S3-224504759
S1-58459361	S3-801394678
S1-585058019	S2-913059928,S3-62785411,S3-659077450
S1-585079239	S2-561770169,S2-67633883,S3-574449813
S1-585085470	S2-210544585,S3-858007729
S1-585535142	S2-433695034,S3-127002503,S3-46153492,S3-967764370
S1-585888225	S2-156004435,S2-686927061,S3-591014648
S1-586056726	S2-213063115,S2-369053827,S2-761462453,S3-133399151,S3-365179699,S3-447061481,S3-817977074
S1-586974192	S2-185513987,S2-57391451,S3-101444995,S3-815388872,S3-832956444
S1-587047853	S2-991181801,S3-137999769,S3-432003413
S1-58773424	S2-559152386,S3-282583918
S1-588270465	S2-591940527,S2-776608753,S2-9656587,S3-266858336,S3-344206881
S1-588371270	
S1-58892753	S2-602104238,S3-104433822,S3-507540023,S3-73297161
S1-589284935	S2-44349453,S2-558108658,S3-19261618,S3-692785747
S1-589506237	S2-139550940,S3-58595912
S1-589992615	S2-375538340,S2-404345480,S2-44247053,S2-79603737,S3-109522127,S3-406028571,S3-661013347,S3-876426966
S1-590002529	S2-151660239,S2-153141238,S2-390028589,S2-454588561,S3-768757639
S1-590088367	S2-666132621,S2-694169948,S3-512195270,S3-574582045
S1-590198978	S3-199866836,S3-804477499,S3-845626087
S1-590272768	S2-376204786,S2-940670379,S3-167763171,S3-276447565,S3-696835255,S3-94217578
S1-590430656	S3-613730352,S3-725360747
S1-591378155	S2-365315580,S2-402930202,S2-802018674,S3-208873223,S3-384206670,S3-695166686,S3-9205431
S1-591458291	S2-473129182,S3-753138531,S3-81771864
S1-592769147	S2-990416639,S3-452167861
S1-593083987	S2-229061400,S3-337969039,S3-821723923,S3-916034551
S1-593512671	S2-754143427,S3-1271779,S3-941429537
S1-593747781	S2-891880075,S3-48065608,S3-538908484,S3-633186686,S3-790008609
S1-593999035	S2-560952400,S2-996793303
S1-594051037	
S1-594089647	S2-114340268,S3-641607304
S1-594116467	S2-91800234,S3-439131891,S3-971331593
S1-595539842	S2-514438282,S2-602532045,S3-203646470,S3-499782512,S3-617512803,S3-680502926
S1-595931537	S2-242050433,S3-339656946
S1-596163190	
S1-59674028	S2-173678305,S3-756027613
S1-597188860	S3-138802481
S1-59737630	S2-572533740,S3-543573871,S3-888156646
S1-59759783	S2-773666132,S3-233219517,S3-391128240,S3-531239757
S1-59886847	S3-574628806,S3-82969326
S1-599201370	S2-792920808,S3-28590814
S1-599478773	S2-116431346,S2-930930197
S1-599682370	S2-456237430
S1-600702369	S2-11660576,S2-64270974,S2-846811536,S3-304128691,S3-508801484,S3-651156483
S1-600834723	S2-178147378,S2-589174984,S2-776203445,S3-144314902,S3-423580129
S1-601019317	S2-961202263,S3-228992700,S3-596629355
S1-601806468	
S1-601883691	S2-143676738,S3-566878707,S3-753076549,S3-945034081,S3-985012719
S1-601898563	S3-608133135
S1-602005528	S2-407004679,S3-313040087,S3-39489547,S3-408148738,S3-467523035
S1-602251580	S2-166155058,S2-799111566,S3-226617429,S3-470821740
S1-60282993	S2-249912014,S2-795872925,S3-150353638,S3-27935782,S3-584114643
S1-602863358	S2-153284270,S2-671837105
S1-602968915	S2-31951627,S3-464039850
S1-603443248	S3-22217388,S3-848189945
S1-603574022	S2-384756413,S2-494844722,S2-598446797,S3-277775761,S3-734258731,S3-797160510
S1-603600041	S2-453308379
S1-604120437	S2-868668151,S3-785281082,S3-951667909
S1-604178350	S2-123485989,S2-43218614,S3-601606947,S3-638209590
S1-604264798	S2-389476304,S2-615799185,S3-105373813,S3-251435904,S3-552376050,S3-658580647
S1-604425611	S2-91652768,S3-823721640
S1-604544285	S2-911012498,S3-160107838
S1-604940428	
S1-605519132	S2-187987120,S2-545131272,S3-499235635,S3-592133021
S1-605688694	S3-680580064
S1-60836490	S3-115238739,S3-289374007,S3-438049837
S1-608368205	S2-64324531,S2-980732442,S3-535498375,S3-74640521
S1-608410921	S2-130336511,S2-461028307,S3-273888869,S3-872630715
S1-608682254	S2-316007469,S2-579827096,S2-841065663,S3-44329629,S3-487949713
S1-610233249	S2-691743878,S3-1734904
S1-610273600	S2-91567982,S3-840618714
S1-61031119	
S1-610383948	S2-324020280,S2-562792954,S3-537578952
S1-611262301	S2-738100830,S2-953716469,S3-233922829,S3-878822026
S1-611360107	S2-281740334,S2-801225224,S2-979691248,S3-776263896,S3-82954835
S1-611776607	S2-378407113
S1-61201622	S2-400162401,S3-71571199
S1-612234470	S2-725374334,S3-642056004
S1-61317816	S2-618067988,S3-59608101,S3-668467118,S3-729097220
S1-613684012	S2-424985370,S2-496597750
S1-613857732	S2-684266077,S3-154889772,S3-247273390,S3-251248247
S1-61424698	S2-367237100,S2-746830936,S2-871064528,S3-370818932,S3-640760349,S3-700141906
S1-614343662	
S1-614729148	S2-805717556,S3-148274806,S3-270955881,S3-975310769
S1-614913303	S2-454436960,S3-430417597
S1-61533179	S2-33750535,S2-758201413
S1-616613762	
S1-616673135	S3-911429763,S3-911507153
S1-616716764	S3-194571045
S1-617010768	S2-677462527,S3-876189641,S3-984810724
S1-617093067	S2-500272459,S2-964627402,S3-201389874
S1-617846477	
S1-618284602	S2-340879101,S3-35773370,S3-362209275,S3-404809991
S1-618327603	S2-657321837,S2-734212200,S2-863340707,S3-820724714
S1-618662288	S2-14692925,S2-576762560,S3-460164070
S1-619316246	S2-153163440,S2-504383977,S3-534324863
S1-619574601	S2-552545999,S2-714664993,S3-148719983,S3-776863042,S3-9805501
S1-619713581	S2-546743882,S2-681991046,S2-824983405,S3-648874983,S3-963337389
S1-620271559	S2-368416481
S1-620320792	S2-148282478,S2-224629794,S2-473457691,S2-673018471,S3-889680595,S3-986742721
S1-620692491	S2-684693984,S2-723875144,S2-851994820,S2-860094613,S3-156046949
S1-621168418	S2-311670574,S2-341608618,S3-968187323
S1-621381679	S2-561900662,S2-784285481,S3-423254649,S3-614340289,S3-896221038
S1-621850241	S2-171712571,S3-235338385
S1-622456554	
S1-622635382	S2-451473736,S2-736730402,S2-87200954,S3-259167223,S3-570316184,S3-82781694
S1-622653623	S3-686683677
S1-62342690	S2-348356019,S2-499180496,S3-322948696
S1-62353621	S2-695454865,S3-268361494,S3-390772393,S3-542572830
S1-623557721	S2-261647408,S3-184624912,S3-68612509
S1-623596437	S2-354917337,S3-167981263
S1-623618199	S2-678410498,S2-965712462,S3-609877465
S1-623634224	
S1-624473130	S2-9629556,S2-966298486,S3-792506517
S1-624663303	S3-327708132,S3-509208761
S1-62501427	S2-194469832,S2-777354765,S2-794338147,S3-412690139,S3-707876072
S1-625496872	S2-213458796,S2-986379083
S1-625740236	S2-137433271,S2-246141135,S2-719666860,S3-406221258,S3-600085000,S3-938403863
S1-626032942	S2-303086217,S2-496993137,S3-262284390,S3-834615276
S1-626374432	S2-670684415,S3-184339485,S3-302530237
S1-626707695	S2-712068043,S3-652859379,S3-960531900
S1-627632522	S2-501226953,S3-706400213
S1-627733700	S2-490505401,S3-521824517,S3-646235257,S3-802384305
S1-628334940	S2-196015977,S2-388088551,S2-479003126,S2-862953599,S3-236642400
S1-628468739	S2-617049951,S3-49413715,S3-612153692
S1-6285614	S2-321179797,S2-482291071,S3-103556534,S3-133570145,S3-291714801
S1-628861242	S2-13585391,S2-214601840,S2-981173823,S3-565755955
S1-628894059	S2-181528189,S2-511384315,S3-726981473,S3-804617298,S3-957551114
S1-630404914	S2-158601980,S2-163335923,S3-145821200
S1-630452177	S2-387790355,S2-836852412,S2-893712688,S3-829789318
S1-630508300	S2-395954395,S2-892784113,S3-243505160,S3-511675063
S1-630555064	S2-414147672,S2-816079827,S3-289031848,S3-623764048
S1-630680113	S2-845634525,S3-139098158,S3-898193105
S1-631467547	
S1-63179492	S2-245634717,S2-885348747,S3-246901852,S3-388565326,S3-603541039,S3-854420152
S1-632005674	S2-507625194,S2-757736591,S3-293250932
S1-632834399	S2-640012294
S1-633053495	S2-159698939,S2-486471235,S3-148494507,S3-171598919,S3-209868338
S1-633837427	S2-860625762,S3-353225438
S1-63404423	S2-207471054,S2-25207846,S2-851186896,S3-31548784
S1-634153502	
S1-634969811	S2-753662305,S3-860627031,S3-897973086
S1-635742036	S3-526419862,S3-91673504
S1-635795014	S2-135416842,S2-414080464,S3-411320837
S1-635816485	S2-872432154,S2-993827443,S3-754024080
S1-635975119	S2-121409934,S2-608594687,S2-976652336,S3-121675394
S1-635998211	S2-559171920,S2-597385607,S2-64266611,S2-857070055,S3-699699077,S3-807001846
S1-636320376	S2-312042342,S3-288775767,S3-829605606
S1-636331157	S2-539878199,S2-548099986,S2-574291657,S3-135629312,S3-438866928,S3-740859772
S1-636555615	S2-866127943,S3-338790438
S1-637327230	S2-297103044,S2-35447298,S2-58670232,S3-60518311,S3-822346873
S1-637390284	S3-19213441,S3-715339023
S1-637444916	
S1-638187098	S2-326482623,S2-453909082,S3-113016475
S1-638474316	S2-502335281,S3-203128563,S3-218578362
S1-639350497	S2-683678097,S3-407238183
S1-63960120	S2-701996661,S3-20119393,S3-968131864
S1-639787998	S2-233372670,S3-37139244,S3-867537253
S1-640272778	S2-122272802,S2-369127255,S2-598886611,S2-89592702,S3-884711400
S1-640453304	S2-120615704,S2-421745483,S2-501324503,S3-572166852,S3-736100581,S3-879285465
S1-641079954	S2-466090775,S3-240918514,S3-313864187,S3-862905305
S1-641367142	S2-127137603,S2-312182754,S2-8022295,S3-236803806,S3-753742035,S3-833912138,S3-97957016
S1-641380898	S2-106917799,S2-179996161,S2-730629757,S3-171483782,S3-572942572
S1-642375929	S2-168497307,S2-396553685,S3-902860265
S1-642844576	S2-608115751,S3-644565690
S1-643099483	S2-808077734,S2-974899069,S3-442914014,S3-700124395
S1-643231339	S2-767778823,S3-355139687
S1-643764698	S2-454099577,S3-120570825,S3-303508733,S3-8115718
S1-644079441	S3-905954565
S1-644573985	S3-45449107,S3-777767890
S1-645377047	S2-409567262,S2-436753757,S2-782116175,S3-612568655
S1-645666092	S2-557002461,S2-628796989,S3-24390668,S3-46548116,S3-538699351,S3-572819469
S1-645771606	S2-219907659,S2-375122713,S2-790195563,S3-136761409,S3-219860050
S1-645986524	S2-439934289,S3-725567725
S1-646192478	S3-275716129,S3-622505124,S3-718314438,S3-859036126
S1-646256868	S2-786615899,S2-935853183,S3-47023108,S3-730682893,S3-839820529
S1-647180178	S2-120404389,S3-126572742,S3-505372286
S1-647688906	S2-18263451,S2-368790638,S3-297057107,S3-858240133,S3-858712546,S3-863994770
S1-647892051	S2-233240019,S3-266323915
S1-648385603	S2-281799587,S2-648307518,S3-121294985,S3-511280662
S1-648412102	S2-526795333
S1-649258080	S2-297398611,S3-101287140,S3-534647985,S3-643509377,S3-684729392
S1-650161301	S2-156028569,S2-233324453,S2-556229120,S3-391422069,S3-520891221
S1-650218362	S2-494894198,S2-93286257,S3-250858017,S3-537126113,S3-799976552,S3-948899792
S1-651876335	S2-349835231,S2-630848535,S3-238195603,S3-728408214,S3-938950653
S1-652785709	S2-205505639
S1-653190743	S2-531755271,S3-128382027,S3-241000803,S3-246661634
S1-653497106	S2-976705552,S3-162706205
S1-65363569	S2-224429046,S2-476549193,S2-640472604,S2-732232293,S2-864630015,S3-979085217
S1-653739015	S2-127868772,S2-156568291,S2-493857192,S3-187891206,S3-558120526
S1-654019629	S2-331417992,S2-466496863,S2-727191983,S3-733160287
S1-6542140	S2-669657603,S3-520651014,S3-631864907,S3-666995023,S3-719120405
S1-654650544	S2-695944461,S3-797381802,S3-916008512
S1-654784747	S2-658869098,S3-118877582,S3-688763691,S3-962018022
S1-655167558	S2-741244843,S3-259182509,S3-30824275,S3-564633170,S3-616492938
S1-655170044	S2-284339853,S3-304920008
S1-655261503	S2-1543418,S3-114445856
S1-655523764	S2-180966125,S2-784852829
S1-655614151	S2-362640980,S3-413278924,S3-903820054,S3-960218659
S1-655921289	S2-439765166,S2-97031324,S3-445144531
S1-656348923	S2-24905863,S2-45855803,S2-673692434,S3-199978123
S1-6566802	S2-415857416,S2-685677244,S3-303202439,S3-844403556
S1-657192508	S2-554917325,S2-724744221,S3-161037525,S3-34346615,S3-830399421
S1-657773002	S3-267190417
S1-65785019	S2-612086170,S3-783369436
S1-657983991	
S1-658323933	S2-679659110,S2-747631321,S3-857668801
S1-658329288	S2-626660503,S2-887928959,S3-699100474,S3-892874081
S1-658439532	S3-121960487,S3-595136716,S3-703107310
S1-658637246	S2-294139997,S3-208639586,S3-309001300
S1-660565717	S2-31749497
S1-660584172	S2-161232514,S2-301966456,S3-305991139,S3-367897431,S3-876959568
S1-660605286	S2-185201260,S2-217022401,S3-129246881,S3-24174077,S3-796004108,S3-908009556
S1-661012936	S2-247525761,S2-370583923,S3-352419573,S3-367485708
S1-661788871	S2-346128885,S3-416911267
S1-66211288	S2-227863783,S3-1400062,S3-178585218,S3-188395457
S1-662219346	S2-756588167,S2-877754039,S3-253676195,S3-345059321
S1-663379948	S2-118093385,S2-780719374,S2-847894244,S3-56551243,S3-747630407
S1-663606471	S2-781018882,S3-403697936
S1-663911265	S2-356902688,S2-766343656,S3-100983174,S3-503133904,S3-758849036
S1-663974275	S2-192806037,S2-523813351,S3-467954138,S3-821656727,S3-897523805
S1-66412021	S2-630337653,S2-883145747,S3-395297488,S3-910726053
S1-66437829	S2-636148267,S2-694834381,S3-830841235,S3-925139908
S1-664602724	S2-819205211,S2-89910899,S3-678566745
S1-665854585	S2-734507723,S2-818705986,S3-615502069,S3-766993759,S3-799858244
S1-666039134	S2-458039060,S2-749819596,S3-196192108,S3-904552334
S1-666074782	S3-116074598
S1-666468508	S2-440243442,S2-570990357,S2-804351556,S3-388754617,S3-402255876,S3-735601401
S1-666517700	S2-561652365,S2-946576986,S3-630442458,S3-875107857
S1-667383035	S2-207223787,S2-581063000,S2-932399965
S1-667431349	S2-212154522,S2-626058820,S2-764120693,S3-637501177
S1-667655965	
S1-66819665	S2-381224756,S2-489828461,S2-622192421,S3-585930767,S3-881411079
S1-669244721	S2-643990738,S3-867821160,S3-884812274
S1-669265634	S2-354420465,S3-267671267,S3-85457377
S1-670404170	S2-13706870,S3-185750254,S3-227873443,S3-592855307
S1-671195968	S2-86039636,S3-181888350,S3-253582676,S3-454057802,S3-48619006,S3-558324399
S1-671842101	S2-21843237,S3-50495558
S1-672989662	S2-307404542,S3-137338228,S3-651225997
S1-673199360	S2-180922050,S2-220678944,S3-173002966,S3-694001442,S3-812918859
S1-673898991	S2-102956384,S2-226949027,S3-457850062,S3-619587547
S1-673988369	S2-264199504,S2-357676311
S1-674013309	S2-120470820,S3-301940893,S3-325979526,S3-71314757
S1-674140571	S2-480894273
S1-674295689	S2-113833802,S2-682075243,S3-306790962
S1-674322758	
S1-675065513	
S1-676224836	S2-281638519,S3-386255440
S1-676703418	S2-219866621,S2-387242556,S2-500113275,S3-135041858,S3-708729535
S1-676752228	S2-163374250,S2-483979457,S3-10027427,S3-114142280,S3-910362124
S1-677007291	S2-199022999,S2-231615934,S2-561552319,S2-76047885,S3-196542446
S1-677384581	S2-528652923,S2-780441718,S3-720544083,S3-742879055
S1-677387144	S2-106896981,S2-743650476,S3-318892376
S1-67739085	S2-185682863,S2-198225210,S2-629250052,S2-731334762,S3-831947684
S1-677420293	S2-444657089,S3-285421877,S3-442922918
S1-677674799	S3-277312463,S3-326742793
S1-678449369	S2-538367879,S2-824557716,S3-530550492,S3-574687912
S1-678591804	S3-479255826,S3-901801419
S1-678767423	S3-197016387
S1-678842884	S2-10737846,S3-502259443,S3-875029421
S1-679250990	S2-118875806,S2-229671570,S2-976402262,S3-254706151,S3-490022264,S3-987320351
S1-679540535	S2-156759105,S2-171322410,S2-187474519,S3-263705076,S3-824494560
S1-680190265	S2-323571660,S2-427809663,S2-991707800,S3-91332606
S1-681778058	S2-808056880,S2-842501174,S3-76645521
S1-682659111	S2-545064445,S3-361893825,S3-590253134,S3-713063427,S3-83220415,S3-994733929
S1-683148823	S2-554361670
S1-684830810	S2-382117904,S2-770392996,S3-408885511,S3-453859807,S3-610672085,S3-748762818,S3-834245944
S1-68486454	S2-559724554,S2-65120600,S2-813162711,S3-201352154
S1-684902704	S2-587773067,S3-333909475,S3-763923905,S3-852660824
S1-685334976	S2-436132104,S2-852742511,S3-123829652,S3-33596933
S1-685606946	S2-569531637,S2-638206961,S2-8736528,S3-371051723,S3-694527146,S3-984909932
S1-685752566	S3-663141622,S3-737585451
S1-685885512	S2-409956591,S2-725943212,S3-872228589
S1-685951286	S2-16862601,S2-298594681,S2-408483304,S2-73626484,S3-501906118
S1-686134402	S2-295009651,S2-719698080,S3-33580767,S3-345906777,S3-541924242,S3-586102992
S1-686157344	S2-479835582,S2-480018423,S3-268540217
S1-68620628	S2-775138748,S2-939315373,S3-278161482,S3-337224320
S1-686253137	
S1-686507520	S3-330461164,S3-569754584
S1-686563552	S2-562885776,S3-452129209,S3-553215733
S1-687129345	S2-390714029,S2-690479484,S3-988279463
S1-687259077	S2-458334220,S3-936604281
S1-687259149	S2-30623280,S2-471308155,S3-104893723,S3-523480751,S3-771384358
S1-687943600	S2-563721267,S2-947252018,S3-32100687,S3-982050806
S1-688360517	S2-633513671,S3-260522357,S3-401045875
S1-688586347	S2-6660607
S1-689122445	
S1-689281873	S2-679343530,S3-428314480
S1-689417302	S2-221823268,S3-170070035,S3-413669505,S3-554874169,S3-581707794
S1-689517902	S2-185318066,S2-475770451,S2-98312468,S3-370815182,S3-437337823,S3-597235020
S1-689522416	
S1-689955239	S2-161967289,S2-413836441,S3-352591257
S1-690041974	S2-843676305,S2-860985365
S1-690846421	S2-892174572,S2-931738232,S3-83109273
S1-691235012	S2-32198994,S2-548862913,S2-930038096,S3-207685135
S1-691490753	S2-571703346,S3-390621432,S3-945431453
S1-691631206	S2-68886914,S3-277143065
S1-691687428	S2-667443420,S2-850784749,S3-374352354
S1-691868129	S2-133058211,S2-710484976,S2-744341307,S3-664683273
S1-692200252	S3-204242087,S3-51266948,S3-630088369,S3-80913269,S3-955149216
S1-692217865	S2-261556455,S3-142461380,S3-286936104,S3-551013307
S1-692661076	S2-186299069,S2-222211821,S2-926118408,S3-418204799,S3-455875429
S1-693362094	S2-241186919,S2-824007936,S2-844052892
S1-694109072	S2-832912983,S3-648101475
S1-694491776	S3-660992256
S1-69482363	S2-445488476
S1-695200205	S2-336568085,S3-403571710,S3-567794407
S1-697527560	S2-20873406,S2-935403470
S1-697527652	S2-209458190,S3-568729216,S3-664442806,S3-915399280
S1-698079559	S2-201759873,S2-334871005,S2-510581234,S3-237419395
S1-698543202	S2-407696331,S3-125571951,S3-627951274
S1-698733623	S2-267294669,S3-426040871,S3-61785675,S3-720403966
S1-698771693	S2-164949879,S3-783378648,S3-953314058
S1-699093257	S2-547504471,S3-599252707
S1-69929197	S2-979892448,S3-676467912
S1-699689679	S2-753976410,S2-773533148,S3-438229374,S3-800493759
S1-699993660	S2-401273663,S2-704874616,S3-450178610
S1-70003106	S2-607971533,S2-785800036,S3-334654550,S3-706308527,S3-758545860
S1-700350408	S2-727064014,S2-87880928,S3-378590146
S1-700800347	S2-349390784,S3-327771925
S1-70103598	S2-49951212
S1-701060237	S3-470822174,S3-566033058
S1-70128278	S2-799414933,S2-941862175,S3-369172086
S1-701820879	S2-360445054,S2-514137690,S2-905713402,S3-283680752
S1-702216665	S2-328062669,S2-748665123,S3-479880691
S1-703171869	S3-985396395
S1-703352530	S2-124354007,S2-637298312,S3-429650594,S3-436187256,S3-509752829,S3-810755881
S1-70352216	S2-319084425
S1-703618827	S2-415872989,S2-67905039,S2-935065268
S1-703793303	S2-571331479,S2-994614384,S3-19014099,S3-522216885
S1-704498976	S2-174533887,S2-748261290,S3-581569004
S1-704871822	S3-568029007
S1-705027133	S2-235926703,S2-39585429,S2-419568468,S2-52395958
S1-705955669	S2-624845348,S3-65418238
S1-706620482	S2-496361904,S2-854002241,S3-135548901,S3-192623357,S3-247540697
S1-706666967	S3-751894910
S1-70696171	S2-648272955,S3-188318703,S3-731006505,S3-757778198
S1-706990202	S2-388257809,S3-824009122
S1-707328963	S2-187330549,S2-234222501,S2-792344131,S3-463518465,S3-571795590
S1-707460490	S2-494559862,S2-559666210,S3-704806897
S1-707545851	S2-348011279,S2-389384551,S3-387533179,S3-509028146
S1-707711648	
S1-707804794	S2-267884818,S2-350202517,S3-108992821
S1-707909845	S2-774466151,S3-828108436
S1-708753373	S2-446940784,S2-856339185,S3-552023741
S1-709058989	S2-139104323,S2-518780019,S3-349372870
S1-709150341	
S1-709753826	
S1-710294587	S2-759566832,S2-926409066,S3-344824429,S3-463885769,S3-559130477,S3-637356788
S1-71034615	S2-241262162,S3-626953907,S3-877373538
S1-71050296	S2-789700495,S3-909989472
S1-710722596	S2-195102255,S2-619972873,S2-787423441,S2-930708346,S3-114670221,S3-208420789
S1-711121410	S3-51441603
S1-711130401	S2-289624623,S2-297003868,S3-721479289
S1-711504367	S2-428373666,S2-44347629,S2-720448103,S3-374436244,S3-692666141,S3-845972378
S1-711752741	S2-132073469,S3-221338788,S3-879410630
S1-714211201	S2-653327171,S2-930556345,S3-256356076,S3-520727465,S3-651613714
S1-714336849	S2-539785485,S3-125382440,S3-366703544,S3-434040352,S3-436657278
S1-714882368	S3-52150852,S3-600377468
S1-715221004	S2-41571716,S2-423091286,S2-774368343
S1-715953934	S2-557057185,S3-51565771
S1-716111726	
S1-716169093	S2-161339674
S1-716464122	S2-303287703,S2-766359969,S2-828754818,S2-964386844,S3-624718888,S3-922440396
S1-716925673	S3-107265566,S3-324703185
S1-717679543	S2-215087350
S1-718214537	S2-213724886,S3-533380746
S1-718291717	S2-10082457,S2-276750609,S2-535459208,S3-313592299,S3-914785320
S1-718847658	S2-269250543,S2-592736523,S3-928745533
S1-719160719	S3-702815374,S3-878612211
S1-719411357	S3-126599631
S1-719637995	S2-232660433,S3-588871581
S1-719656728	S2-366640514,S3-515221418,S3-666695043,S3-728672949,S3-979793241
S1-720080611	
S1-72029327	S2-249019935,S3-224969656,S3-637493001
S1-720316805	S2-305513256,S3-604670969
S1-720567134	S2-118744268,S2-817715654,S2-868694995,S3-135984449,S3-291981492,S3-903111317
S1-72062035	S2-1105397,S2-135442860,S2-158925511,S2-701340140
S1-720664205	S2-260193085,S2-572282104,S3-546408971,S3-687293673,S3-816263969
S1-722008802	S2-990086470
S1-722482792	S2-142739233,S3-144633847,S3-404300342,S3-443794980,S3-637294601
S1-7229850	S2-182220620,S2-184144135,S2-257304125,S2-555537531,S2-811649110,S3-341563772,S3-763444656
S1-723801198	S2-532396782,S2-957852382,S3-136474237,S3-220593656,S3-787600288
S1-724325366	S3-329819056,S3-448045962,S3-918299893
S1-724383631	S2-338264620,S2-703509597,S2-926232495,S2-949092248,S3-175225868
S1-724447561	S2-501616302,S2-915769300,S3-376076396,S3-518164051
S1-724513263	S2-693432068,S2-890319020,S3-265261588
S1-724878039	S2-82742832
S1-725130345	S2-445518281,S3-802991535
S1-725660590	S2-423808949,S3-394680578,S3-913781061,S3-998090852
S1-725976256	S2-544112496,S3-176735368,S3-241817099
S1-727360650	S2-10819593,S2-370069128,S2-646451716,S2-965517408,S3-2743049,S3-347112124,S3-408044003,S3-489107433,S3-753392802
S1-728151726	S2-304792316
S1-728689290	S2-597717505,S2-684390020,S3-887281125
S1-729114782	S2-345378591,S3-640466995
S1-729703685	S2-232053517
S1-730247172	S2-177436246,S2-412705008,S2-454244080,S2-961049781
S1-730256984	S2-293272708,S2-32472779,S2-509109373,S2-787274964,S3-590923223,S3-859352885
S1-73080474	S2-113310448,S2-311152502,S3-771276331
S1-730917716	S2-120401610,S3-858588507
S1-730938283	S2-274321806,S3-773204885,S3-977843256
S1-731155208	S2-800742524,S2-980958529,S3-297550161
S1-731365885	S2-396278063,S2-593113050,S2-779325544,S3-656351104
S1-731377048	S2-825695401,S3-435399145,S3-675944314
S1-732517099	S2-268963589,S2-955802606
S1-733463339	S2-566804472,S2-993705695
S1-733692025	S2-752702482,S3-597035055
S1-734232840	S2-617345805,S3-588701382
S1-734457561	S2-751192197,S3-150746675,S3-426065810,S3-605357871,S3-93515364
S1-735051105	S2-449419581,S3-457708874
S1-735554139	S2-925264237,S3-147092661
S1-735663231	S2-577511463,S3-684104703
S1-735737843	S2-4638718,S2-662488993,S2-69357040,S2-817526909,S3-402427885,S3-979503545
S1-736025985	S2-999806714,S3-200475071
S1-736248152	S2-312155440,S3-238291140
S1-73630441	S2-314615276,S2-34183517,S2-442348963
S1-736658955	S2-147403269,S2-68952328,S2-689744173
S1-736701584	S2-519900997,S3-113628580,S3-915017220,S3-931641042
S1-737102186	S2-383651244,S2-800382818
S1-737448925	S2-196266478,S2-803372603,S2-822642986,S3-462503572,S3-493619473
S1-737589654	S2-61371461,S3-777371624
S1-737885980	S3-946609492
S1-738565023	S2-370320148,S3-300069409,S3-365337796,S3-685479862,S3-911446115
S1-738734576	S3-103912079,S3-309085539
S1-738783728	S3-219303156
S1-739042766	S2-311692420,S3-449664131,S3-959926263
S1-739784770	
S1-742216161	S2-215062738,S3-945812192
S1-743060292	S2-10982463,S2-370988297,S2-473523054,S3-452743030
S1-743128625	S2-296463880,S2-333815402,S3-967456392
S1-743292631	S3-490923144,S3-759848147
S1-743933396	S2-524861725,S3-246067105
S1-744399722	
S1-744740269	S3-124616717
S1-74514079	S3-303674354
S1-745499061	S2-132237347,S3-783365935
S1-746010045	S2-939010994,S3-621175747
S1-746056218	S2-63650529,S3-291562572
S1-746330860	S2-556956753,S2-563413977,S3-537800565
S1-746638120	S2-675627765,S2-812738948,S2-976792184,S3-121075047,S3-810077128
S1-747111275	S2-234550573,S2-638922059,S3-326608253,S3-738951399
S1-747276488	S2-102804293,S2-621233909,S3-371935432
S1-747285922	S2-125378909,S2-787431043,S3-338784543
S1-747501178	S2-310760091,S2-638433354,S3-678140596
S1-747536217	S3-184740600,S3-844964815
S1-748204124	S2-428078925,S2-493817273,S3-160345603,S3-724117293,S3-939244448
S1-748482943	S2-690845039,S3-809654084,S3-899696172
S1-748602164	S3-28142069
S1-748624974	S2-151433479,S2-328728879,S2-907062254,S3-654308601
S1-748694833	S2-21243347,S2-452877699,S2-933597853,S3-756918651,S3-791786791
S1-749368379	S2-850641622,S3-215497000,S3-805138672
S1-750051807	S2-577882929,S3-266168268
S1-750186933	S2-521542070,S2-692777518,S2-925001283,S2-929093158,S3-201497543
S1-751451784	S2-257214777,S3-369137592,S3-874262942
S1-751629729	S2-404582417,S2-576239013
S1-752103649	S2-590517368,S2-829150126,S3-154570314,S3-180682146,S3-522343335,S3-532999066
S1-752105133	S2-250316100,S3-690793260
S1-752293436	S2-830666056,S3-164345826
S1-752553631	S2-772815132
S1-752567273	
S1-752638095	S3-853202459
S1-752765753	S2-579178534,S3-83707986
S1-753423090	
S1-75366425	S2-468653561,S2-759411420,S3-176124608,S3-549975577
S1-753701694	S2-106020820,S2-928614162,S3-811777703
S1-75447192	S2-131323387,S2-209957919,S2-678571939,S3-552029909
S1-75451105	
S1-754712040	S2-245157034,S2-916745738,S3-740492207
S1-754826540	S2-696914790,S3-611880977
S1-755100551	S2-924092320,S3-12911761,S3-236799470,S3-444474539,S3-501407043
S1-755323321	
S1-756669072	S2-790058191,S3-20719352
S1-757037547	S2-114798321,S2-312035633,S2-532196944,S2-721170113,S3-475127760
S1-757230050	S2-845741989,S2-882119257,S3-653430898
S1-757559065	S2-370365313,S2-662038285,S3-193857231,S3-577450532
S1-758104036	S2-619246179,S2-78208598,S2-950117609,S3-111045259
S1-758297181	S2-238468412,S2-435504048,S2-70296430,S3-825679530,S3-97514090
S1-758412975	S2-496630031,S3-124801372,S3-229500549,S3-475640019,S3-655993667
S1-758418647	S2-206959608,S2-391016923,S3-720379337,S3-720391042
S1-75912402	S2-104732804,S2-170667721,S2-59667979,S2-69355571,S2-884015492,S3-328862083,S3-421791712
S1-75920268	S2-311749563,S2-621041904,S3-548642043,S3-664063272
S1-759372516	S2-828441033,S3-20963437,S3-941632304
S1-759564869	S2-852561180,S3-324342265
S1-759806516	S2-461551379,S3-173762689,S3-463815605,S3-697773152
S1-76001792	S2-205961588,S2-418153476,S2-557607162,S3-869018120,S3-96056786
S1-760110409	
S1-760794314	S2-228069455,S3-41333270,S3-453409080,S3-681830113
S1-761007594	S2-102159320,S2-265204903,S2-54869823,S3-605939756,S3-64691947,S3-868760926
S1-761138955	S2-64556913,S3-57797592
S1-7613624	S2-500484071,S2-739272868,S3-256018789,S3-611529739,S3-636714209,S3-737700925,S3-864039338
S1-76184157	S2-51794057,S2-951267309,S2-961184985,S2-986670350
S1-762190965	S2-140470808,S2-271867553,S3-251324475,S3-379522943,S3-838648799
S1-762622810	S2-53643101,S2-90509075
S1-763021923	S2-104923370,S2-372013737,S3-341464065
S1-763225443	S2-240344212,S2-508713785,S2-956874011,S2-972294562,S3-584343225
S1-763596536	S2-273162192,S2-695380219,S2-919657858,S3-893755765,S3-94808310
S1-764298140	S2-124476361,S2-2230052,S2-315567715,S3-471109101
S1-76463822	S2-184650265,S2-339455014,S3-73934550
S1-765321536	S2-93858659,S3-174339167,S3-729033292,S3-999193217
S1-765614483	S2-97506343,S3-244657431,S3-607701908
S1-765746812	S2-146572324,S2-309031671,S3-338626770,S3-556397001,S3-585513593,S3-732853888
S1-765856311	S2-345079710,S2-663525433,S2-757749176,S2-984423579,S3-490306002
S1-765915675	S2-127987287,S2-536867114,S3-372493955
S1-766908913	S2-134632115,S2-137142334,S2-881809504,S3-563925067
S1-767117200	
S1-767244029	S2-438427079,S2-477062192,S2-893953670
S1-767533647	S2-132798215
S1-767594337	S2-156669405,S2-248084070,S3-71609401
S1-768233996	S2-100391675,S2-400167155,S3-833456072,S3-866707282,S3-949970595
S1-768544585	S2-550377631,S2-766682341,S3-27963861
S1-768582961	S2-383418288,S2-41195574,S2-577553854,S3-158552518,S3-599606761,S3-623217477,S3-742936421
S1-768820447	S2-157864176,S2-931939515,S3-403010600,S3-664592276
S1-768876048	S2-141681344,S3-174270736,S3-537383255,S3-598881410
S1-769019747	S3-415610920
S1-770206352	
S1-77028914	S2-871103548,S3-540969790,S3-957030486
S1-770445918	S2-177018408,S2-841148498,S3-164563869,S3-504753393,S3-754787123
S1-770737924	
S1-771392131	S3-34775440,S3-362911557,S3-89015254
S1-771414916	
S1-771477658	S2-233064044,S2-345300348,S2-431805920,S2-464729868,S3-72011188
S1-771969128	S2-239798786,S2-723965818,S3-449594320,S3-641688137
S1-772177209	S2-59655096,S3-339639906
S1-772243692	S3-230572490,S3-238479809,S3-519742414,S3-77021450
S1-772433095	S2-598433089,S2-626695486,S3-275026186,S3-685853055,S3-708123286,S3-777894949
S1-772605849	S2-781134803,S3-242092976,S3-620877580
S1-772890	S2-242304258,S2-425096551,S3-147583118,S3-765283332
S1-773570791	
S1-773843432	S2-204606409,S2-397946430,S3-117513817,S3-545653931,S3-980278159
S1-774110927	S2-184416837,S2-450617583,S3-155533457
S1-774194970	S2-130980452,S2-302050932,S2-786410600,S3-582466731
S1-774304520	S2-486555278,S2-799133700,S2-814870249,S3-171136524,S3-297035456,S3-400732161,S3-878989901
S1-774887424	S2-891990623,S3-892923595
S1-774921897	S2-219072156,S2-243528665
S1-775707340	S2-412509036,S2-700533507,S2-792147446,S3-197886024,S3-514622879,S3-691146848
S1-775903038	S2-83882920,S3-985457871
S1-776001349	S2-188777243,S2-44163878,S2-501540367,S3-322177312,S3-772248841,S3-874946013
S1-776240254	S2-245665768,S3-279372447
S1-777058715	
S1-777708320	S2-160594723,S2-784918067,S2-947795053,S3-302316458
S1-777935769	S2-638146498,S2-88126754
S1-778073138	S2-621488194,S3-338374255
S1-778095011	S2-826773659,S3-115570530
S1-778944925	S2-633030118,S3-306025423,S3-841980095
S1-779289319	S2-144233514,S2-147267849,S3-270762167,S3-513175662,S3-539326806
S1-779479678	S2-355914870,S3-728221776,S3-798404727
S1-779480748	S2-350952836,S3-185930324,S3-893690983
S1-779873769	S2-433724824,S2-829654296,S2-988844375,S3-278885439,S3-342215333
S1-779952024	S2-23479363,S2-718950676,S2-765013081,S3-789898634
S1-780129296	S2-314660479,S2-934893847,S3-524089872
S1-780404307	S2-185319616,S2-242059797,S2-741277268,S2-945636903,S3-105063315,S3-204630658,S3-28936502,S3-935523984
S1-780428491	
S1-780482085	S3-853904570,S3-996503594
S1-780754274	
S1-781331151	S2-100746796,S2-277608782,S2-959321411,S3-638427668,S3-689971344,S3-896466830
S1-781502403	S2-663105160,S2-697325163,S3-213594008,S3-221008836
S1-782563960	S2-528666244,S3-302404880,S3-450779823,S3-464179545,S3-675803127
S1-783317405	S2-47782257,S2-527810636,S3-792219808
S1-78406639	S2-215748521,S2-232505577,S2-394444706,S3-31401650,S3-979245832
S1-785070736	S2-562636613,S3-464132086
S1-785148853	S3-290681494,S3-469258401,S3-948470916
S1-785293809	S2-390258418,S3-510387476,S3-949536323
S1-785613234	S3-101801511,S3-113492760,S3-237226100,S3-573856842
S1-786148478	S2-621206283,S3-260569853,S3-688804061
S1-786429756	S2-652291706,S3-612263160,S3-773729218
S1-786762916	S2-254127449,S3-671440495,S3-780080067,S3-945331255
S1-786834960	S2-383733505,S3-170796729,S3-242059178,S3-332300544,S3-663198191
S1-787234019	S3-127535768,S3-164550807,S3-224118032
S1-787596518	S2-920131632,S3-247103302,S3-458621530
S1-788494299	S2-757793755,S2-769370640,S3-321630104,S3-349824909,S3-496827840,S3-534805997
S1-789348841	S2-844312389,S3-140146363
S1-789520687	S2-231844401,S2-734670041,S3-848066766,S3-911819246
S1-789916460	
S1-790044196	S3-481444096,S3-872930286,S3-973562477
S1-790270012	S2-431739463,S3-884000666
S1-790284686	S2-562860573,S3-184160424
S1-790288034	S2-553783809,S2-714865381,S2-801658533,S2-821826875,S3-202592425
S1-790487	
S1-791026687	S2-264831946,S2-614122807,S3-490956112,S3-599765596
S1-791238669	S2-891070773,S2-962921265,S3-239545692,S3-902028161
S1-792512073	S2-555578476,S3-737219934
S1-792697225	S3-159311030,S3-467741307
S1-793048636	S2-728191118,S3-985989137
S1-79308181	S2-897883014
S1-793107809	S2-515227502,S2-852957370,S3-915774268
S1-793173609	S2-10843047,S2-371189831,S3-506379864,S3-714270551
S1-793323117	S2-497793569,S2-625798224,S3-926758432
S1-793549748	S2-122850515,S2-616922517,S2-681470249,S2-796582849,S2-900564326,S3-115144571,S3-224318584,S3-589700586
S1-794514637	S2-812474179,S3-385850621
S1-795461948	S2-202137549,S3-565864367,S3-630198272
S1-795860022	S2-167737773,S2-864041841,S3-130956298
S1-795936927	S2-723022431,S2-90539048,S3-154645156
S1-796797473	S2-313200096,S2-587989666,S2-679099494
S1-797601232	S2-15851870,S2-168681741
S1-797625701	S3-726131306
S1-797890042	S2-934839124,S3-149247409,S3-400992951,S3-404031208,S3-935996901
S1-797925383	
S1-798371061	S2-347372225,S3-369689030
S1-798382641	S2-338925594,S2-888490626,S3-311013319,S3-542850094,S3-979984887
S1-798391879	S2-852116315,S2-979532864,S3-546229027
S1-798417864	S2-186073777,S2-316826957,S3-224945978,S3-321578275,S3-564060360
S1-79862757	S2-242883630,S3-557957655,S3-650174763,S3-796108235,S3-870401988
S1-799225839	
S1-799667010	S2-712241936,S2-981278356,S3-665967867,S3-92730568
S1-799836488	S2-301886115,S2-380923706,S3-969383634
S1-800203867	S2-58312937,S2-613998163,S2-84525960
S1-800772	S2-689705616,S3-15149408
S1-800869146	S2-104765794,S2-256043542,S2-63366791,S3-424358437
S1-801278485	S2-386767537,S2-535991821,S3-3065139,S3-550067620,S3-640170805,S3-764847801
S1-801742466	S2-224147180,S3-104418065,S3-295004452
S1-802066128	
S1-802628667	S2-145779880,S2-198145645,S3-438977010,S3-768966395
S1-802639738	S2-482826712,S2-909346959,S3-380262504,S3-786638305,S3-79390791
S1-802754732	S2-318489262,S3-975367077
S1-803078403	S2-144439096,S2-58124379
S1-803260469	S2-121220457,S2-488254199,S2-892197651,S3-358236743,S3-564227584,S3-873831131
S1-80380205	S2-173663181,S3-196924974,S3-50198732
S1-804218098	S2-499263895,S2-877642083,S2-985088174,S3-243888298
S1-804739870	S2-158604841,S2-642824694,S3-842669576,S3-885028043
S1-80550353	
S1-806128402	S2-78120059,S2-870305144,S3-320537103,S3-887824586
S1-80641588	S2-169402390,S2-333117743,S2-763849905
S1-806625484	S2-115706716,S2-318082759,S3-401402011,S3-767493421,S3-949324103
S1-806989939	S2-622733338,S3-34985949
S1-807026088	S2-826617349,S2-900642176,S3-344987504
S1-807067573	S2-324605242,S2-48094022,S2-535828787
S1-808092276	S2-225921192,S3-139599142,S3-784470805,S3-995031599
S1-808410394	S2-472032890,S2-556801499,S2-762880645,S3-691476856
S1-809160617	S2-303616624,S2-548891259,S2-583649306,S2-782317627,S3-393283008,S3-98820580
S1-809359422	S2-210910636,S3-505350820,S3-803308552
S1-809462858	S2-737008132,S3-287073436
S1-810062458	S2-877722706,S2-995038084,S3-214791573,S3-70504063
S1-810252149	S2-195536694,S2-688322790,S3-450791831
S1-810924887	S3-25663992,S3-765258769
S1-811267073	S2-303066368,S2-748823384,S3-186263093,S3-700503802,S3-802384020
S1-811460556	S2-42981439,S2-592670315,S3-591400003
S1-811851690	S2-432567678,S2-445460312,S3-745970579,S3-963377864
S1-811920479	S3-18655181,S3-741870895,S3-816407335,S3-956214070
S1-812939855	S3-225214800
S1-813287261	S2-440405246,S3-208595029,S3-676948109
S1-814281632	S2-650589553,S2-763963854,S3-448446045
S1-814475693	S2-461934619,S2-574038542,S2-821561342,S3-333406188,S3-76597797
S1-814944738	S2-777320794,S3-66137235
S1-814988520	
S1-815173039	
S1-815231243	S2-796295584,S3-480611580
S1-815339176	S2-404956236,S2-770159550,S3-436300922,S3-871491700
S1-815563819	S2-273381935,S3-326050498
S1-815692970	S2-265288275,S3-28597087
S1-815713649	S2-170342262,S2-581215832,S3-218043414,S3-486294341
S1-816056281	S2-480678453,S2-72292398,S3-214309857
S1-816419388	S3-675667167,S3-715469198
S1-816426361	S2-244721279,S2-409880750,S3-810465992
S1-816706026	S2-877482202,S3-2828914,S3-359299460
S1-817059748	S2-273593611,S2-53221611,S2-561054530,S2-7958540,S3-156762256,S3-706511446,S3-840974358,S3-930166183
S1-817931639	S3-648447180
S1-818543567	S2-30870742,S3-47177721,S3-955356275
S1-818701692	S2-720135745,S2-995094420,S3-286057111
S1-819412475	S2-883225568,S3-248465019,S3-491052757
S1-819726021	S2-382386194,S3-700629965
S1-819922941	S2-635185690,S2-851857450,S3-728498744
S1-820069471	
S1-820737891	S2-372522718,S2-493086210,S2-688593675,S3-596476198,S3-95641888
S1-820897779	S2-276845718,S3-731015818
S1-821063603	S2-167079885,S2-570625676,S2-909272217,S3-107193121,S3-270960756,S3-89792074
S1-821755764	S2-242179681,S2-845388356,S3-719056323,S3-837216632
S1-822545301	S2-219570666,S2-913301924,S3-486501891,S3-900960600
S1-823525653	S2-44202874,S3-541129741,S3-720226342,S3-820244811,S3-969525569
S1-823777324	S2-4856157,S3-429501334,S3-486765863,S3-762048057,S3-815903880
S1-823976828	S2-719639171,S3-65342665,S3-82485548,S3-844612807
S1-824040399	
S1-824048342	S2-46395834,S3-545172813,S3-862953811,S3-882571772
S1-824449328	S2-184489192,S2-638832429,S2-877634389,S3-15090963,S3-179925595
S1-825060069	S3-425579977,S3-613070390,S3-919750363
S1-825449610	S3-261185511
S1-82563591	S2-24196266,S2-714485906
S1-826027358	S2-374432974,S2-820698568,S2-943482106,S2-979881389
S1-826417592	S2-564605809,S2-702454590,S2-957922888,S3-703170139,S3-802047855
S1-826676058	
S1-826857235	S2-578846574,S2-699449583,S3-351739939,S3-418346485,S3-818978682,S3-830552713
S1-826898974	S2-244309226,S3-433334691,S3-57029222,S3-64252489,S3-74027883
S1-827485179	S2-53812299,S2-614670940,S3-310009175
S1-827514255	S2-211047480,S3-396763437,S3-40644501,S3-822136284
S1-827965258	S2-939573310,S2-966525620,S3-141594113,S3-48628738
S1-828050933	
S1-828631686	S2-165038994,S2-434089881,S3-596527167,S3-655194703,S3-749398310
S1-828737630	S2-806197786,S3-578512557,S3-787827567
S1-828824753	S2-952498453,S3-312663256
S1-829151155	S2-360302059,S3-292673739,S3-556784997
S1-829160246	S2-103768299,S2-710747980,S2-739250458,S2-772170805,S3-218897913,S3-428397797,S3-520475655
S1-829213549	S2-327324147,S2-414772576,S3-282534614,S3-754238913,S3-795689629,S3-869241016
S1-829456276	S2-385755768,S2-900424122,S2-940612841,S2-957116161,S3-311779715
S1-829712085	S2-176163089
S1-829997253	S2-434500561,S3-441971504
S1-831105487	
S1-831144019	S2-39285951,S3-294231864,S3-574606725,S3-623835287
S1-831359607	S2-205114518,S2-545521502,S2-776051786,S3-529297883,S3-821382007,S3-865890828
S1-831419175	S2-519868619,S2-562422536,S2-970209502
S1-831498966	S2-876321452,S3-690020716
S1-83157836	S2-409793639,S3-576680390,S3-712964489
S1-832123919	S2-117156915,S3-178998793
S1-832458058	
S1-832821324	S2-360287794,S3-569383688,S3-800297277,S3-817389571
S1-83321188	S2-458762098,S2-754863538
S1-833352219	S2-249159696,S2-948973107,S3-427858253,S3-562879886,S3-621206991,S3-968658155
S1-833807889	S2-431255486,S2-967850483,S3-932700585,S3-971249604
S1-833895060	S2-277802719,S2-404676823,S2-750649708,S3-535896468,S3-857127758,S3-896525529
S1-833972930	S2-366231348,S2-79407782,S2-795456407,S2-930933758,S2-980093347,S3-239842262,S3-555362449,S3-556626034,S3-785510649
S1-834619444	S3-134849028,S3-205189929,S3-319196657
S1-834919582	S2-591336397,S3-616477759
S1-835224242	S2-61503120,S2-912921507,S2-970286960,S3-760058464
S1-835414922	S2-706435716,S3-571373451
S1-835726962	S2-22077703,S3-991055041
S1-835781160	S2-13486232,S2-546822422,S3-256830021,S3-731800718,S3-76863284,S3-782242574
S1-836117297	S2-861484497,S3-160538597,S3-453239462,S3-511851829,S3-976277474
S1-836362209	S2-329879625,S2-740535841,S2-879372699,S3-535162486,S3-650252936,S3-66516102,S3-799703862
S1-836754541	S3-151511457,S3-313874788,S3-376732481
S1-836934245	S2-141031963,S2-798931074,S3-479868640
S1-837283446	S2-678792037,S2-76334505,S3-627805608,S3-74097841
S1-837632817	S2-896383968,S2-9711166,S3-326153659,S3-446619537,S3-701162397
S1-838154023	S2-529429838,S2-862775293,S3-607135608
S1-838607799	S2-778485549,S3-312610816
S1-839350606	S2-688195509,S2-716350924,S2-869625216,S3-691657641,S3-892240332
S1-839671407	S2-152210762,S3-354686835
S1-841440118	S2-574532965,S3-691131144,S3-80026701
S1-841785011	S2-122619152,S2-392624295,S2-467873214,S2-475130031,S3-842721183,S3-867824779
S1-841793191	S2-12071350,S2-395545957,S2-493517181,S3-118189874,S3-264541837,S3-421177932,S3-532190278
S1-842162176	S2-106618464,S2-316997502,S2-433411617,S2-551363274,S3-336989943,S3-970699570
S1-842203082	S2-190429264,S2-575690759,S3-426077127,S3-590780783
S1-842221519	S2-699470406,S3-658390292,S3-985025980
S1-842309524	
S1-842555868	S2-124371166,S2-879958933,S2-955266688,S3-481510909
S1-842832100	S2-54719016,S2-957974810,S3-848598029
S1-84312548	S2-458119506,S2-509179448,S3-136725765,S3-29342970,S3-424964392
S1-843934670	S2-288135194,S2-949640954,S3-583342487
S1-844493139	S3-110908299
S1-845064593	S2-351237253,S2-692297580,S2-929309414,S3-320670761
S1-845600347	S3-453695742,S3-696526863
S1-845629831	S2-187576674,S2-977876819,S3-531765513
S1-84565585	S2-451497098,S3-96023619
S1-845657600	S2-729437347
S1-846018214	S2-630771945,S3-520477604,S3-580191972
S1-846316828	S2-822078965,S3-609206571
S1-846926113	S2-318265855,S3-332917792
S1-847361092	S2-198810446,S2-36627842,S2-89404940,S3-468567171,S3-496116573,S3-530563469
S1-847543856	
S1-847867227	S2-207493658,S2-227083806,S2-442131301,S2-553332495,S3-994865743
S1-847980158	S2-265306168,S2-56080852,S2-93787448,S3-197091182
S1-848184817	S2-351855738,S2-808680445,S3-409457315
S1-848781396	S2-370127456,S3-557814181,S3-93292811
S1-848860965	S2-647257200,S2-792932898,S3-592994680
S1-849099991	S2-886374899,S3-468119932,S3-916586712
S1-849827839	S2-460315391,S2-686126703,S3-183670610,S3-374334931,S3-852473970
S1-850133513	S2-438561826,S2-763013267,S2-76387424,S2-797936784,S3-398402237,S3-488548939,S3-522016351,S3-582817292
S1-851278455	S2-269742241,S3-219436029,S3-231666544,S3-917791889
S1-852356700	S2-246269528,S2-637058650,S2-774319356,S3-599035397,S3-702572404,S3-83330045
S1-852874333	S2-890055353,S3-386794876,S3-507291309,S3-551368221
S1-853152536	S2-66135855,S3-735894418,S3-736415855,S3-781942531,S3-791777877
S1-853515754	S2-270402922,S2-717619821,S3-614207427,S3-892568761
S1-85353115	S2-991652243,S3-276475172,S3-762239245,S3-88142238
S1-853987230	S2-247241508,S2-463015864,S3-556833353
S1-854045135	S2-662701902,S2-807971373,S2-984220343,S3-64703326
S1-854408525	S3-869449046
S1-855108361	S2-255974166,S3-642215451,S3-976662803
S1-855548269	S2-530565956,S3-134879829,S3-496104192,S3-678646917,S3-890483759
S1-856268585	S2-680472081,S2-992938078,S3-302285112
S1-856846321	S2-518418463,S3-21972836,S3-312450863,S3-70859920
S1-856918324	S2-109730183,S2-595957475,S2-777938576,S3-552119836,S3-687357675
S1-856979015	S2-237800708,S2-652305288,S2-723785822,S3-619560508
S1-857304930	S2-42140633,S2-555391694,S2-846337604,S3-101107498
S1-857406413	S2-106803351,S2-809294162,S3-891115849
S1-857978027	S2-77200062,S3-144172689,S3-186738947,S3-385201591,S3-77801354
S1-858071696	S2-417959501,S2-515790546
S1-858209066	S2-204881361,S2-362374484,S2-589115109,S2-771376791,S2-771937590,S3-65069854
S1-858371458	S2-589088428,S2-755334624,S3-688309737
S1-859296264	S2-817100436
S1-85946335	S2-902416612,S3-165287090
S1-859748408	S2-102616783,S3-348984083,S3-421146566,S3-707034017
S1-859895820	S2-230507509,S2-242026104,S2-620579656,S2-887573205,S3-718565277
S1-860009445	S3-211418403,S3-830712804,S3-909003149
S1-860195124	S2-222927283,S3-114275714,S3-414184104,S3-415632750,S3-562115628
S1-860627555	S2-776594671
S1-861088159	S3-55422291,S3-919552212,S3-942893735
S1-861894197	S2-4827998,S3-742233237,S3-768327186
S1-862738942	S2-563863526,S3-418599972,S3-454781025
S1-862979169	S2-277562292,S2-874619342,S2-891542544,S3-844606310
S1-863068210	S2-659020374,S2-958187022,S3-108770646,S3-436791367,S3-981382053
S1-863544370	S2-162120078,S2-270971871,S2-540637423
S1-863607664	S3-331516997
S1-863632131	S2-183220795,S3-480950217,S3-983719850
S1-863711761	S2-750784796,S3-442130599,S3-536671217
S1-863864786	S2-359531064,S3-490766192,S3-948193467
S1-864299874	S2-750915847,S3-207092562,S3-556275976,S3-650342355
S1-86434458	S3-538882911,S3-722880270
S1-864663529	S2-300483160,S3-189230086,S3-272856296,S3-753182066
S1-864881422	S2-166785498,S2-33500340,S2-522547872,S2-608586686
S1-865360894	S3-458079266,S3-492018551,S3-49289813,S3-698453982
S1-866119619	S2-235688781,S2-562570003,S3-522343445,S3-863875361,S3-908984079
S1-866338090	S2-883541371,S3-240682363,S3-647889260,S3-970333662
S1-866756611	S2-611496405,S2-613639136
S1-867089961	
S1-867654782	S3-126701483
S1-868211902	S2-504719756,S2-62440792
S1-868673735	S2-280035965,S2-286486265,S2-622653036,S3-734131307,S3-9246347
S1-868693940	S3-72776566
S1-8693133	
S1-869479549	S2-948658226,S2-971451533,S3-731972934
S1-869724422	S2-4232996,S3-258002315,S3-907896432
S1-870262797	S2-209477846,S2-503644170,S2-783242233,S3-350156276,S3-644928876,S3-762541067,S3-881212772,S3-978138482
S1-871411587	
S1-871548502	S2-310351685,S3-547527142,S3-574530385,S3-798406278,S3-865077468,S3-942729679
S1-871589180	S2-278064647
S1-872103418	S2-259250142,S2-998675278,S3-395726059
S1-872129164	S2-356835874,S2-627966955,S2-686785465,S2-86130766,S3-804249534
S1-872395006	S2-677829857,S3-625303810,S3-778069899
S1-873155539	S3-642116907
S1-873182988	S2-20058819,S2-31983721
S1-873257550	S2-771071345,S3-608830758,S3-653610615
S1-873367814	S3-714704844
S1-873719056	S3-415794342
S1-873840201	S2-389684768,S2-438364881,S3-60617655
S1-874208435	S2-19223158,S2-301611000
S1-874853634	S2-585943643,S3-591815022
S1-87505483	S2-315812443,S2-552046394,S2-623476760,S2-718048184,S3-649464323,S3-768240274,S3-7761858
S1-875065629	S2-14267170,S2-345902420,S2-36961747,S3-402663680,S3-633952645
S1-875388212	S2-447541797,S3-272341976,S3-765985136
S1-876721526	S2-239705221,S2-720829043,S3-955012708
S1-876833509	S2-208151192,S3-464076040,S3-505787747,S3-779912197,S3-781598146
S1-876852196	S2-250620988,S2-626922752,S3-358793228
S1-877256959	S2-337785276,S2-533093021,S3-675400746,S3-977837406
S1-87731691	S2-720992399,S3-443872514
S1-877683239	S2-621901974,S2-968454706,S3-226909713,S3-714128519
S1-87792957	S2-226669097,S2-880534022,S3-413940558,S3-788453255
S1-878039286	S2-632493138,S2-86829209
S1-878433340	S2-827530319,S3-168072227,S3-692814842,S3-717623518,S3-726148363
S1-880124588	S2-536809900,S3-40561724
S1-880247669	S2-324080228,S2-523396073,S3-255335990,S3-823060851,S3-946076869
S1-880593337	S2-524078223,S3-879780154
S1-880633622	S3-387640303
S1-881565081	S2-271806538,S2-504785710
S1-882322331	S2-242386591,S3-679932289
S1-882985077	S2-136620539,S2-682145673,S2-849391832,S2-975151372,S3-381155867,S3-847783584
S1-883378373	S2-423616305,S2-46726961,S2-622240219,S2-973870805,S3-371441579
S1-883417923	S2-706555639,S2-787905052,S3-60177527,S3-655891225
S1-883538348	S2-266906476,S3-772859358
S1-883749514	S2-328949966,S2-623934062,S2-803547259,S2-812277024,S3-182621535,S3-363598938,S3-583522735,S3-948719395
S1-883971140	
S1-884014325	S2-591951000,S3-157327392,S3-346379544,S3-49873062,S3-935996909
S1-884262731	S2-146740598,S2-61238145,S2-622032285,S3-166898184
S1-884281118	S2-232591268,S3-274999656
S1-884354532	S3-25159113,S3-270024844,S3-369340388
S1-885181250	S2-905133363,S3-400894272
S1-885416410	S2-131973904,S3-438462168,S3-578554868
S1-886070975	S2-455622231,S3-595976571,S3-7266696
S1-886788506	S2-58455317,S3-380461590
S1-887166374	S2-348144716
S1-887543468	S3-556137607,S3-911623601
S1-887807558	S3-304451672,S3-435752942,S3-587132808,S3-626274977
S1-888450600	S2-677429917,S3-615279772
S1-888927670	S2-786137662,S3-228372007,S3-720844997
S1-889030407	S2-42448804,S2-48445340,S2-841768388,S3-132650778
S1-889086746	S2-544859418,S3-5969497,S3-711773309
S1-889511441	
S1-889895851	S2-292518868,S3-830188143
S1-890244774	S3-433955969
S1-890355530	S2-332010781,S2-565255880,S3-38340112,S3-748149872
S1-890390105	S2-25958152,S2-302713546,S3-519309874,S3-884577830
S1-890544590	S2-308698299,S2-71527996,S2-746241808,S3-254707868,S3-73214997
S1-891470218	S2-265910566,S3-263787440
S1-892094093	S2-319748909,S2-662080730,S2-824474937,S3-745759613,S3-922701698
S1-892131616	S2-528429000,S2-909747334,S3-236940480,S3-511833933
S1-892201390	S2-322405336,S2-921770935,S3-471457355,S3-658772924,S3-99791154
S1-892519182	S3-294657906,S3-594074164,S3-632333652,S3-690816947,S3-948958387
S1-892997335	S2-183017595,S2-445516112,S2-568911849,S2-797151396,S3-523300229,S3-740485081
S1-893215245	
S1-893529199	S2-685736188,S3-31130599,S3-878242142
S1-894234190	S2-711690058,S3-926169881
S1-894558409	S2-35992908,S3-684413246
S1-894831346	
S1-894992647	S2-405278908,S2-457178834,S2-601004005,S2-702918419,S2-761176422,S3-152282960,S3-900166258,S3-932652185
S1-89514499	S2-625227683,S3-917786870
S1-895229187	S2-388384683,S3-159774230,S3-440699532,S3-46953095,S3-937754202
S1-895591199	S2-274979109,S3-793919975
S1-896388751	S3-535031259,S3-825969508,S3-946016154
S1-896491553	S2-531852305,S3-79607231
S1-896655507	S2-830050705,S3-190227356,S3-201843811
S1-896866107	S2-249358866,S2-358740872,S2-777085588,S2-916462731,S3-667342046
S1-897127966	S2-5472272,S2-805789676,S3-513781269,S3-880768734
S1-898527735	S3-550811701
S1-899510388	S2-164832868,S3-14089352
S1-899599402	S2-275543924,S3-382469487,S3-57437038,S3-683990795
S1-90068763	S3-744621250
S1-901036349	
S1-901177610	S2-91821920,S3-194797485
S1-902089992	S2-759032530,S2-993600733,S3-362384814
S1-902261787	S2-122343350,S3-670264517
S1-902628168	S2-375660584,S2-977484225,S3-251245061
S1-902641233	S2-160673827,S2-205473285,S2-380305242,S3-571696532
S1-902692676	S2-668268353,S2-687768886,S3-714706429,S3-806890004
S1-903210378	S2-366999342,S3-521932999
S1-903807874	S2-653796182,S3-561240215,S3-809454180
S1-903856239	S3-694088187
S1-903871448	S2-204430821,S2-645297145,S2-896149884,S3-25076684,S3-346999611,S3-372948438
S1-903997315	
S1-903998365	S2-168713574,S2-593591639
S1-904519099	
S1-904523046	S2-139023884,S2-580756917,S2-75528922,S3-624105877
S1-904710639	
S1-904973716	S2-234324989,S3-296133943,S3-534669312,S3-558238099,S3-873275415
S1-905376784	S3-198597231,S3-311947283
S1-905450481	S2-337809252,S3-393664161,S3-572171262
S1-905779419	S2-724654528,S2-768503978,S3-728454721,S3-732755575
S1-906673298	S2-424217640,S2-53765561,S3-981728418
S1-907327649	S2-746195898,S3-689616908,S3-943419717
S1-907504202	S2-180193098,S2-970967406,S3-708531747
S1-907811115	
S1-908179603	S2-447184615,S3-495204702,S3-62564466
S1-908293723	S2-435578215,S3-549697222
S1-908318569	S3-191138147,S3-681889559,S3-896660563
S1-908516661	S2-865032619,S3-430583489
S1-908984328	S2-162921291,S2-219205505,S2-514160870,S3-148626688,S3-301606287,S3-934914441,S3-940648874
S1-908992829	S2-422958468,S2-579726475,S3-890850371
S1-909982144	S3-101838528,S3-332466229,S3-535285911,S3-704739928,S3-8940328
S1-910001336	S2-13922370,S2-471654158,S2-745059840,S2-846497544,S3-225831057,S3-674106540
S1-910575035	S2-183541777,S2-520123242,S2-679933262,S2-828180098,S2-932902354,S3-229083739,S3-299417972,S3-444826017,S3-645440705
S1-91088375	
S1-911061497	S2-732212853,S3-206893354,S3-469046465,S3-554235374
S1-911582079	S2-386975047,S2-464011982,S2-521236245,S3-689455361,S3-949835378
S1-911972156	S2-134356459,S3-266033212
S1-912104807	S2-145059268,S2-833059885,S3-561416904,S3-738684099
S1-912495115	S2-71070296,S3-764477720
S1-913260611	S2-793729084,S3-541527578,S3-819846201
S1-913304074	S2-786160808,S3-725798660
S1-91344397	S2-122579270,S2-236101639,S3-48073090,S3-857339075
S1-913464096	S2-819387680,S3-223391424,S3-753304246
S1-913695517	S2-415352349,S3-70663165
S1-91390164	S2-545050755,S2-74002177,S3-831310902
S1-914470113	S3-351428602,S3-519434928
S1-914690555	S2-21983511,S3-372760292,S3-884233244,S3-903271443
S1-914830699	S2-292018051,S2-611641929,S3-238021735
S1-91483299	S2-437345445,S3-450677694,S3-466674052,S3-941070880,S3-945107885
S1-915152066	S2-958122419,S3-397175128,S3-522322810
S1-915523385	S2-903606508,S3-236009998
S1-915916787	S2-694666853,S3-369035366,S3-418284170,S3-776273650,S3-869716589
S1-915920091	S2-242603168,S2-256604708,S2-782765277,S3-7547477
S1-916729232	S2-502181657,S2-761651132,S3-400570618,S3-622570358
S1-916740832	S3-274492575
S1-917559810	
S1-917816255	S2-287510502,S2-644292988,S3-107828930,S3-176858768,S3-646833653
S1-918033394	
S1-918371970	S2-195942929,S2-366291668,S2-379092626,S3-670198259
S1-918454988	S2-574265739,S3-240781500,S3-665010567
S1-91912638	S2-906147810,S3-135843067
S1-919606527	S2-260303533,S2-628570828,S3-317416616
S1-919832321	
S1-920393057	S2-112701085,S2-681725632,S2-987066625,S3-637499309,S3-888296925
S1-920590124	S2-302331531,S2-861799105,S3-377101212,S3-824683272
S1-921370332	S2-160788495,S3-202546372,S3-270873516,S3-441294231
S1-922174174	S2-434818844,S2-66563494,S3-276232667,S3-923487951
S1-92255286	S3-598540238,S3-6009427,S3-860526170
S1-922636226	S2-569507754
S1-924071935	S2-720721399,S3-380976934
S1-924224995	S2-289186285,S3-103941452,S3-112375006,S3-13638945,S3-197848265,S3-866285457
S1-924279721	S2-768257026,S2-852619187
S1-924345557	S3-773699048,S3-968232694
S1-924474838	
S1-924774047	S2-488229231,S2-599415543,S2-787010282
S1-925832551	S2-44710657,S2-895432381,S3-349971406,S3-74865840,S3-898197652,S3-994804210
S1-926393380	S2-989155406,S3-364547249
S1-926700210	S2-211612895,S2-792358599,S3-24969390
S1-926713469	S2-320761644,S2-892270599,S3-319633351,S3-71473373,S3-868867235
S1-92693235	S2-342614041,S3-509250813,S3-91364038
S1-927002340	S3-241866786
S1-927513379	S2-409220525,S2-883848764,S3-63972769
S1-927720367	S2-246900706,S3-713689705,S3-723456828,S3-988294193
S1-927962498	S2-181331412,S3-388475477
S1-928019411	S2-212915102,S2-342423772,S3-787403251
S1-928352592	S2-102701181,S3-192667609,S3-458582854,S3-713068403
S1-929062704	S2-153295020,S2-193982756,S2-571882905,S2-93223778,S3-505121864
S1-929183452	S2-975907077,S3-441685693
S1-929502509	S2-924826492,S3-395556689,S3-823954936
S1-929834478	S2-661805266,S3-532760131
S1-929887768	S3-217360399,S3-771736575,S3-815226732
S1-930044630	S2-248880257,S3-698174221,S3-721328152
S1-930231697	S2-515836459,S3-347086826
S1-930440746	S2-304373948,S2-418627535,S2-852854132,S3-264141678,S3-885427730
S1-930670339	S3-202457803,S3-740947156,S3-758226597
S1-930956398	
S1-931196426	S2-77670459,S2-900845975
S1-931537777	S3-862550862
S1-932538347	S2-478635341,S2-949348082,S2-983410520,S3-221797522,S3-518696455,S3-875311713
S1-932749734	S2-61148791,S2-637894137,S3-284075769,S3-361493268,S3-879220827
S1-933183696	S2-392850326,S2-525202792,S3-201420624,S3-32615805,S3-864637186
S1-933645363	S2-800584343
S1-934048527	S2-345187046,S2-714500911,S3-397375125,S3-577595062,S3-82300531,S3-850732883
S1-93417815	S3-356590131
S1-934282325	S2-327365980,S3-179375524,S3-239461464,S3-398349306
S1-934486689	S2-158971069,S2-747774682,S2-915686639,S2-984540430,S2-995299202,S3-197586924,S3-872659855
S1-934837822	S2-979663951,S3-183476631,S3-66842745,S3-675972442
S1-936662933	S2-325795657,S2-822711749,S3-119211847,S3-339733807,S3-752891642
S1-93723973	S2-297690703,S3-109216906,S3-872480901
S1-938061895	S3-380758957
S1-93969421	S2-29727034,S2-416395953,S2-466310868,S2-667343420,S3-357917610
S1-939745043	S3-825554762
S1-940483992	S2-175590407,S2-297794302,S2-418698504,S2-729522840,S3-702572011
S1-941278103	S2-363649411,S2-93866004,S2-974634183,S3-519593244
S1-941279420	S3-234337857,S3-798734712
S1-942273766	S2-780265727
S1-942687838	S2-360075536,S2-393249062,S2-524192657,S2-84876306,S3-453814538,S3-483578841
S1-942889479	S2-791624268,S2-816721632
S1-943263775	S2-486788437,S3-589239014,S3-83781852
S1-94352300	S2-629148185,S2-910755878,S3-239968066,S3-473978898
S1-944079880	S2-127678495,S2-860952726,S3-690233235,S3-888860333
S1-944162520	S2-973240701,S3-104122839,S3-309268963,S3-36343349
S1-944214378	S2-165443808,S2-20756159,S2-630818845,S2-657092520,S3-160090941,S3-510567938
S1-944248781	S2-129904538,S3-122755274,S3-591315709,S3-674310273,S3-687403336,S3-84597594
S1-944298573	S2-903714833,S3-662162700,S3-802407378,S3-854569930
S1-945779323	S2-306184045,S2-396688361,S2-80542262,S3-295158014,S3-699497754
S1-945896019	S2-906092725
S1-946058887	S2-148245151
S1-946436956	S2-606902495,S2-817396132,S3-599374034
S1-947138881	S2-237501546,S2-268450340,S2-315932934,S2-796111861,S3-683211792,S3-931778532
S1-947212710	S2-165556255,S2-33746738,S3-495706297,S3-516965502
S1-948015348	S2-68682632,S3-176533714,S3-41274554
S1-948267182	S2-294121606
S1-948319273	S2-768705660,S2-883446253,S3-544787640,S3-556893871,S3-588712408
S1-948690692	S2-353130676,S2-975040448,S2-989385872,S3-137254750,S3-644170931
S1-948880379	S2-247548503,S2-542558597,S2-955096528,S3-144126805
S1-949031012	S2-552307007,S2-921747245,S2-986591803,S3-818807492,S3-822268287,S3-937517684
S1-949144756	S2-291865461,S2-990550346,S3-812958815
S1-9496648	S2-183709274,S2-194090706,S2-329695563,S3-178863607
S1-9499271	S2-728173486,S2-955265833,S3-437383956,S3-764359113
S1-950557420	S2-784147580,S3-302182367,S3-435427398
S1-950709938	S2-682967836,S3-649278507,S3-84100872
S1-952312672	S2-417570542,S2-646358841,S3-375738437
S1-952471425	S2-567066436,S2-826760641,S3-127980303,S3-757099951
S1-952584774	S2-140021749,S2-437596704,S2-754068508,S3-122216342,S3-666266755
S1-952623817	S2-266673342,S2-592686513,S3-355530526
S1-952750392	S2-530546383,S3-488037889,S3-622416748
S1-953055796	S2-151095305,S3-882250992
S1-953115903	S2-154758305,S2-495034778,S2-690740908,S3-576014105,S3-692930091
S1-953160458	S2-878276205,S2-900854917,S3-376716685,S3-673909809
S1-953229574	S2-874992751,S3-10976436,S3-141353064,S3-332558177
S1-953526899	S2-286735989,S2-350654336,S2-519788421,S2-747265421,S3-930721866
S1-953698178	S2-172368313,S3-876266263
S1-954197394	S3-572414146
S1-954282510	S2-130789084,S2-330805582,S3-521157617,S3-690713893,S3-959933574
S1-954692127	S2-940492225,S2-963437310,S3-11147222,S3-928058935,S3-99193853
S1-955405821	S3-502858688
S1-955422220	S2-443413277,S2-605742961,S2-814177871,S3-111248920,S3-21627533,S3-510068722
S1-95562267	S2-459125372,S3-278012128,S3-903335140
S1-955982559	S2-594861288,S2-831173626,S2-867773531,S3-727397013,S3-935762742
S1-956183102	S2-218721142,S3-273897429
S1-956807536	S2-944062281,S3-365524491
S1-956912624	S3-833339507
S1-957941031	S2-337909758,S2-489195718,S2-742992368,S3-211154540,S3-520696811
S1-958291474	S2-595605619,S2-895657464,S3-125014576,S3-4979146
S1-958423956	S2-130900569,S2-57190129,S2-686160831,S2-958144303,S3-362194915
S1-959070908	S2-607648807,S3-160107459
S1-959114908	
S1-959350772	S2-869527896,S2-966217874
S1-959841620	S2-308341917,S2-99112621,S3-176192332,S3-518745234
S1-959941490	S2-614354460,S2-903802802,S3-293571725,S3-613341196
S1-960013137	
S1-960057499	S2-406563388,S3-70840461
S1-960090428	S2-95336125,S3-416894747,S3-514793972,S3-590494290,S3-710481739,S3-750049469
S1-960103230	S3-609817668,S3-766449303
S1-96079286	S2-65445575,S3-764977666
S1-961434826	
S1-962242742	S2-682238764,S2-943601769,S2-949253578,S3-294058989,S3-384316033
S1-962317692	S2-983936558,S2-984672705,S3-567241306
S1-962858726	S2-912772696,S3-569372901,S3-634390720,S3-93614921
S1-963134157	S2-24056490,S2-698098778,S3-263196072,S3-702047709,S3-793826279
S1-963625854	S2-229017655,S3-189065655,S3-400383201
S1-965124404	S2-728226107,S3-578965787,S3-621434600
S1-965231707	S2-190678879,S2-667405412,S3-256610117,S3-895604518
S1-965403316	S2-981222227,S3-251869604
S1-965675234	S2-858265639,S3-411488576,S3-923624372
S1-966156294	S2-412919226,S2-517317291,S2-839750592,S3-63189779
S1-966436828	S2-628524742,S3-175903439,S3-571972812,S3-779796814
S1-96657309	S2-294411975,S2-58935118,S2-922025950,S3-113893629,S3-371472376
S1-966622718	S2-515251273,S3-556151501
S1-966633453	S2-180312952,S3-213883526,S3-339079347,S3-479057492,S3-990465395
S1-966666832	S3-963327531
S1-966716304	S2-379121172,S2-487139659,S3-254080458,S3-720392172
S1-966875711	S2-526973670,S2-532151340,S3-380978176,S3-907372216
S1-968063063	S3-417439189,S3-709023280
S1-969014517	S2-68426584,S3-246423664,S3-755276183,S3-913719743
S1-969127154	
S1-969505569	S2-661849602,S3-828112165,S3-962374730
S1-969531940	S2-465858058,S2-852622380,S2-867318084,S3-973332663
S1-969570941	S2-367683670,S2-795759168,S3-128961121,S3-363467530
S1-970249415	S2-201539447,S2-416012712,S3-395323704,S3-412594888,S3-506428523,S3-957096214
S1-971316211	S2-421579039,S2-990668898,S3-390563467,S3-872011714
S1-971738929	S2-235686871,S2-982803358,S3-91921884
S1-971855058	S2-266674956,S2-560096710,S3-627561376
S1-973664339	S2-492428267,S2-996836467,S3-833392146
S1-973729688	S2-170591470,S2-176748631
S1-973895824	S2-729929903,S2-894601569,S3-389259011,S3-405719011,S3-577534526,S3-592008191
S1-974789136	S2-934458380,S3-77302653,S3-828570383,S3-917964383
S1-97480966	S3-13864102,S3-15375468
S1-97493017	
S1-975291976	S2-170061913,S2-379903024,S3-513193343,S3-91314773
S1-975818240	S2-513186350,S2-968438114,S3-161125143,S3-839301024
S1-976481743	S2-735994083,S3-202874732,S3-363268236,S3-657318911,S3-668279334
S1-976521465	S2-126577267,S2-639454482,S2-675604681,S3-120590463,S3-270070772,S3-585377669
S1-977387802	S2-453844783,S3-663591860,S3-836213103
S1-977472512	S2-308028187,S2-473015129,S2-958611293,S3-531048255
S1-977485079	S2-407982476,S3-48538534,S3-557666584,S3-9219021
S1-977547052	S3-528646559,S3-742091951
S1-978927690	S2-288074844,S2-392244906,S2-679025862,S2-896731737,S3-402180854,S3-545962000,S3-847400927,S3-955330277
S1-979110211	S2-409068299,S2-852964651,S3-544179339,S3-907018942
S1-979121565	S2-950589172,S3-135397073,S3-612859415
S1-979972535	S2-306156573,S2-431992529,S2-563045717,S2-584850267,S2-777859189,S3-178341303,S3-523768207
S1-980151589	S2-209832751,S3-747828951
S1-980181631	S2-579150001
S1-980430745	S2-274246290,S2-50248816,S2-530109750,S3-7248288,S3-837567690
S1-980715794	S2-138409108,S2-824601524,S2-847455004,S3-903243793
S1-982659467	S2-313709262,S3-638538655
S1-983517685	S2-975218128,S3-193978043,S3-206428211
S1-984151511	S2-363119399,S2-878035811,S3-49521875,S3-732639156
S1-984334227	S2-954878499
S1-984644108	S2-166662311,S3-299481934,S3-663865413,S3-812799298
S1-985571308	S2-821384489,S3-39539585,S3-978109005
S1-985647673	S2-148893012,S2-629879965,S3-211400861,S3-356517657,S3-525016457,S3-844884420
S1-985835182	S2-341509369,S3-421040440,S3-552637744
S1-986669870	S2-480672999,S2-726966483,S3-933668196
S1-986963416	S3-292293787,S3-512538249,S3-702308544,S3-742517446
S1-987350033	S2-344471295,S2-827698854,S3-226614932,S3-810044069
S1-987504936	
S1-987781977	S2-430637914,S2-499800725,S2-624817728,S2-626929665,S3-836951677
S1-987949575	S2-615025513,S3-834937201
S1-987955457	S2-300142195,S3-904991708
S1-988018672	S2-211582523,S2-330590810,S3-818731391
S1-988323357	S2-694958490,S3-361589652
S1-98835800	S2-547157155,S2-660368284
S1-988407926	S2-502031516
S1-988508312	S2-940613178,S3-509098138
S1-991683922	S2-159670832,S2-170054977,S2-643916895
S1-991938486	S2-924735326,S3-348747379,S3-566844208
S1-992375511	S2-302055590,S2-629104884,S3-225337916,S3-226399651
S1-992538093	S2-241643735,S2-383115169,S2-467447273,S2-709098295,S2-987130079,S3-311179784
S1-993114302	S2-120380034,S2-810776331,S3-114666913,S3-519820872,S3-535843615
S1-99318528	S2-742967184,S3-713996203
S1-993485944	S2-382960175,S2-743928501,S3-298535563
S1-993546624	
S1-993637114	S2-231942361,S3-770787678
S1-993699642	S2-1113619,S2-448920270,S2-489317804,S2-610910391,S2-734125752,S3-187480261
S1-993834689	S2-218613949,S3-460135755,S3-52378973
S1-994179402	S2-128766561,S2-384300871,S2-560430085,S3-252749978
S1-995650011	S2-723598714,S3-127357302
S1-9960959	S2-160247946,S2-431156434,S3-306775968,S3-925655804
S1-996724514	S2-168230527,S3-231383052,S3-584718148,S3-728383244
S1-996736211	S2-539929057,S2-596349443,S2-727424489,S3-754726317,S3-841542601
S1-997230723	S2-14697946,S2-435320924,S2-489473096,S3-1645462,S3-934579337
S1-997410591	S2-246540812,S2-87345102,S3-979015337
S1-997576573	S2-835362223,S3-244698333
S1-997722774	S2-152589804,S2-263989298,S2-664252587,S3-549869741,S3-969057285
S1-998858422	S2-71259520,S3-635720961
S1-999886855	
S1-999954968	
